path,clicks,impressions,ctr,position
"/stores/shine-beauty-supply-marbach-san-antonio-da9a0305",2,2560,0.08,5.1
"/insights/opening-your-own-shop-in-texas",0,981,0.00,14.0
"/salons/the-orlando-salon-houston-89e6ef37",2,905,0.22,7.0
"/salons/hair-galleria-houston-12a8d560",0,700,0.00,9.8
"/salons/marisela-beauty-salon-houston-b7f5839e",0,624,0.00,8.9
"/salons/cutloose-houston-2482bad1",1,573,0.17,7.7
"/salons/salon-rose-houston-5ee613f1",0,526,0.00,7.1
"/stores/sams-beauty-supply-dallas-b3953e73",0,511,0.00,2.3
"/salons/david-alexander-image-studio-houston-c4eaf769",4,489,0.82,6.1
"/salons/katchdslooks-beauty-houston-c581d1e7",0,472,0.00,8.0
"/salons/k-beauty-salon-houston-2d7269cf",17,451,3.77,5.2
"/stores/supreme-hair-and-beauty-arlington-dallas-972a1245",0,427,0.00,9.0
"/salons/salon-de-belleza-mary-houston-43f780c7",0,425,0.00,6.2
"/stores/jenny-beauty-supply-westheimer-6-houston-77094-a7634b26",3,422,0.71,8.2
"/schools/aveda-arts-sciences-institute-houston-shenandoah-1294bc4e",0,403,0.00,34.9
"/stores/ulta-beauty-houston-77094-1e995268",0,401,0.00,9.9
"/salons/natural-hair-of-katy-houston-e1f5dbbc",4,399,1.00,5.9
"/salons/visible-changes-inside-memorial-city-houston-d9153d95",0,398,0.00,9.0
"/salons/22-hair-salon-houston-bfa8d24e",1,387,0.26,5.1
"/salons/the-factory-salon-the-heights-houston-2595deda",0,377,0.00,7.7
"/salons/hello-sugar-river-oaks-brazilian-wax-sugar-salon-houston-1e710284",0,371,0.00,9.3
"/salons/queen-s-beauty-salon-spa-houston-f3faf96b",0,367,0.00,7.9
"/stores/beauty-empire-houston-77099-ec7bfcd4",0,367,0.00,26.6
"/stores/beauty-depot-nail-supply-houston-77099-25d35306",0,366,0.00,8.9
"/salons/the-duchess-braids-and-beauty-salon-houston-acd67b70",0,354,0.00,8.8
"/salons/a-n-h-salon-houston-657ba0a3",5,353,1.42,4.3
"/stores/h-beauty-supply-houston-77095-a113da63",0,352,0.00,5.3
"/stores/beauty-empire-houston-77095-5d8eaaab",1,345,0.29,25.6
"/stores/beauty-empire-super-center-2-houston-77070-7739f7c3",2,336,0.60,6.2
"/stores/beauty-empire-super-center-3-houston-77084-c31bcb07",0,334,0.00,8.2
"/stores/supreme-hair-and-beauty-dallas-8a6607ca",1,332,0.30,8.7
"/salons/hart-studios-houston-3c392d32",0,323,0.00,7.9
"/stores/ebony-super-store-dallas-07cb785f",1,322,0.31,7.4
"/salons/cost-cutters-houston-ce8242a6",0,315,0.00,11.7
"/stores/hair-galleria-houston-77075-33079cc9",0,314,0.00,8.5
"/stores/sky-nail-supply-in-houston-acrylic-dipping-monomer-nail-art-accessories-houston-77014-001bcefa",2,310,0.65,6.3
"/salons/looks-salon-houston-cc8d98bf",0,309,0.00,12.6
"/stores/infinite-hair-beauty-houston-77084-21069415",0,309,0.00,8.2
"/stores/beauty-empire-houston-77099-1f74221d",0,305,0.00,29.7
"/schools/aveda-arts-sciences-institute-houston-conroe-d069cc98",0,298,0.00,37.6
"/salons/evolve-salon-houston-c36056ca",0,293,0.00,6.2
"/salons/marigold-salon-houston-ebbb950a",0,292,0.00,6.1
"/salons/saint-rose-houston-643207c4",1,290,0.34,8.7
"/shop/aliana-barbershop-sugar-land-77e23edc",1,290,0.34,9.1
"/salons/salon-1-hair-spa-houston-a84d3eff",0,288,0.00,4.2
"/salons/zeeba-salon-houston-7f7061b8",2,284,0.70,4.3
"/stores/beauty-empire-houston-77099-f95fab0d",0,284,0.00,38.5
"/stores/scissors-scotch-houston-77009-50bf0a2f",2,282,0.71,18.1
"/salons/braids-of-katy-houston-59ce62f0",1,279,0.36,3.4
"/salons/maha-s-threading-salon-1-jones-rd-houston-b65388b6",1,278,0.36,4.8
"/salons/glow-up-hair-studio-houston-e132b39e",0,276,0.00,4.8
"/salons/gio-hair-salon-houston-bc8d5997",3,274,1.09,6.1
"/salons/studio-a-salon-houston-80a13e8e",0,272,0.00,9.6
"/stores/big-joy-wigs-beauty-austin-e4616408",0,272,0.00,5.7
"/stores/miss-a-houston-77070-ac80ba8d",0,272,0.00,9.6
"/salons/hair-by-kenny-houston-35a45576",2,271,0.74,5.8
"/stores/cc-beauty-supply-1-houston-77044-4c1106b2",0,268,0.00,7.4
"/salons/iconic-nail-bar-head-spa-houston-87d72a2c",0,266,0.00,9.0
"/stores/nails-plus-nail-supply-dallas-richardson-plano-ce867ba1",0,265,0.00,2.8
"/stores/qtt-beauty-supply-houston-77062-a5af6c81",2,263,0.76,5.0
"/stores/foxx-beauty-supply-houston-77093-c3ce33c9",0,262,0.00,5.1
"/stores/sarath-s-barbershop-houston-77018-602d90b2",0,258,0.00,9.2
"/salons/ani-s-hair-salon-houston-27567d05",1,254,0.39,12.2
"/schools/all-about-beauty-academy-llc-plano-69491560",0,254,0.00,7.9
"/stores/the-vault-beauty-san-antonio-8797c2e4",1,253,0.40,6.0
"/schools/the-salon-professional-academy-whitehouse-66a6f922",0,253,0.00,9.3
"/salons/la-femme-beauty-lounge-houston-6a3409fb",1,248,0.40,6.1
"/salons/beautique-day-spa-and-salon-tanglewood-houston-81c08870",0,248,0.00,3.1
"/salons/collective-hair-co-houston-a88636db",0,246,0.00,7.7
"/salons/tune-up-the-manly-salon-jersey-village-houston-59dd397d",0,243,0.00,14.7
"/salons/trademark-salon-hair-extension-salon-houston-948c9c87",0,242,0.00,7.8
"/schools/fort-bend-tech-education-center-sugar-land-a1e3fc9a",0,241,0.00,15.7
"/salons/lam-hair-design-houston-100f4015",0,240,0.00,7.0
"/salons/salon-k-wi-houston-43b10ece",1,239,0.42,5.4
"/salons/yobe-salon-houston-3f765ad1",0,237,0.00,8.5
"/stores/jolla-bella-beauty-supply-houston-77081-38e22430",0,237,0.00,6.4
"/salons/m-dominican-beauty-salon-houston-b9fe662e",1,235,0.43,8.2
"/schools/heb-barber-academy-fort-worth-6ffb6238",0,233,0.00,7.0
"/schools/aveda-arts-sciences-institute-houston-katy-9c0a2057",0,231,0.00,43.4
"/stores/beauty-empire-houston-77090-f080691f",2,230,0.87,32.2
"/stores/a-e-beauty-supply-houston-77099-ac1ea230",1,228,0.44,8.9
"/stores/beauty-supplies-by-lucy-houston-77099-0496fb3e",0,227,0.00,6.3
"/salons/elle-salon-houston-f509652d",0,224,0.00,34.5
"/salons/style-city-beauty-bar-houston-d05165ef",0,224,0.00,8.9
"/stores/royal-beauty-supply-houston-77075-2eacc34c",0,224,0.00,9.4
"/salons/g-studio-hair-nail-salon-houston-82dd16bc",0,222,0.00,8.3
"/salons/chicks-hair-salon-and-barber-houston-4a5f674a",0,221,0.00,6.9
"/stores/religion-nail-supply-houston-77088-d880f571",0,219,0.00,5.1
"/salons/lt-hair-care-houston-e77f2a8f",0,218,0.00,4.2
"/salons/lux-beauty-houston-e9445e61",0,216,0.00,12.4
"/salons/the-lindsey-salon-houston-7fdbd299",0,216,0.00,8.7
"/stores/jolla-bella-beauty-supply-houston-77088-8764cb4a",0,214,0.00,7.2
"/stores/k-beauty-supply-houston-77099-a73292f8",0,213,0.00,11.3
"/stores/infinite-hair-and-beauty-houston-77085-47aae222",0,211,0.00,7.3
"/salons/salon-of-india-irving-f4105169",1,210,0.48,6.2
"/salons/salon-park-katy-houston-85138188",0,210,0.00,10.9
"/schools/v-a-beauty-academy-llc-sherman-30ab0d17",25,208,12.02,3.6
"/texas-barber-practical-exam-kit-list",8,206,3.88,6.4
"/stores/beauty-love-houston-77093-ba0b3faf",0,206,0.00,14.7
"/stores/elite-barber-parlour-houston-77098-4068b5a4",0,206,0.00,8.1
"/salons/salons-by-jc-meyerland-houston-ba794210",0,205,0.00,8.0
"/stores/mega-beauty-supply-houston-77096-95d33db4",0,205,0.00,7.2
"/schools/eyes-on-me-advanced-barber-college-watauga-078ddd40",6,204,2.94,3.5
"/salons/studio-nine-salon-suites-houston-55fdac8d",2,204,0.98,7.2
"/salons/ashley-hair-salons-houston-3b179fa2",1,204,0.49,5.1
"/salons/4fcf24ff-4329-4cc1-a2d2-703fb452fbb9",0,204,0.00,9.7
"/salons/blondetourage-salon-houston-67852a4c",0,204,0.00,8.3
"/stores/q-fashion-beauty-supply-houston-77093-4f32b6b1",0,204,0.00,6.5
"/salons/princess-beauty-salon-houston-9d2f1ab4",0,203,0.00,8.6
"/schools/collectiv-academy-fort-worth-fea8890d",0,202,0.00,10.1
"/stores/uptown-beauty-12-houston-77099-230c2ee0",0,201,0.00,12.1
"/salons/celebrity-spa-salon-college-station-ffc57afc",0,200,0.00,6.9
"/salons/glamour-curl-salon-spa-houston-21c7725c",0,200,0.00,7.6
"/salons/j-k-salon-and-hair-design-houston-a9da59e7",0,198,0.00,6.6
"/stores/the-beauty-cave-houston-77057-19e0a04a",0,198,0.00,6.3
"/stores/solid-gold-beauty-houston-77049-73d3ebd0",2,197,1.02,6.0
"/salons/beauty-hair-studio-by-kim-houston-d49f5379",0,195,0.00,7.6
"/salons/hair-and-beauty-by-nikki-l-houston-be217fbc",0,195,0.00,10.5
"/schools/riva-institute-of-cosmetology-llc-weslaco-0497a759",0,195,0.00,8.4
"/salons/keny-beauty-salon-llc-houston-95520a74",0,194,0.00,2.8
"/stores/beauty-vault-beauty-supply-houston-77069-d6da1a87",0,194,0.00,6.2
"/salons/modern-salon-houston-95e4d889",2,193,1.04,9.2
"/schools/arlington-beauty-college-arlington-71c8eec1",1,193,0.52,15.0
"/stores/coco-bella-hair-beauty-n-5-houston-77094-4087d54f",1,192,0.52,6.6
"/salons/salon-per-se-houston-7b8cebc4",0,192,0.00,9.8
"/salons/paris-hair-houston-8c85fc07",1,191,0.52,5.8
"/stores/jolla-bella-beauty-supply-houston-77048-dbd2ad94",1,191,0.52,8.7
"/stores/ulta-beauty-houston-77062-3e5ab311",0,190,0.00,9.8
"/salons/satori-salon-houston-e46777d3",0,189,0.00,8.0
"/stores/beauty-galaxy-houston-77090-0c17045c",0,189,0.00,5.7
"/shop/cool-heads-barbershop-fort-worth-alliance-fort-worth-83eb4e2b",0,187,0.00,7.4
"/stores/cc-beauty-supply-houston-77057-f172302c",0,187,0.00,7.1
"/schools/aveda-arts-sciences-institute-austin-austin-1f687500",0,186,0.00,10.7
"/salons/perfection-beauty-hair-studio-llc-houston-4a88d25b",0,185,0.00,8.8
"/salons/stylo-s-hair-salon-houston-c2d2e6a3",0,185,0.00,6.1
"/salons/bliss-nail-bar-college-station-college-station-8c9578fe",0,184,0.00,8.8
"/salons/immerse-studio-houston-7c146a6e",0,184,0.00,7.3
"/stores/ulta-beauty-houston-77058-f9c3e64e",0,183,0.00,9.3
"/stores/ej-beauty-supply-7-houston-77092-f9dd323c",0,182,0.00,7.9
"/salons/moroccan-beauty-center-houston-b04092c9",0,181,0.00,8.3
"/salons/supercuts-houston-a0c498fe",0,181,0.00,7.6
"/salons/v-salon-spa-houston-4c11d304",0,181,0.00,5.0
"/salons/beleza-hair-studio-houston-a5b7cb4e",0,180,0.00,8.8
"/salons/marie-and-esther-beauty-salon-houston-a7fc5c9d",1,176,0.57,5.9
"/salons/eliana-s-salon-houston-2416eee9",0,176,0.00,10.3
"/salons/maharanis-beauty-salon-houston-e3c2c16a",0,176,0.00,5.1
"/salons/salon-park-dairy-ashford-houston-fbdba833",0,176,0.00,7.7
"/salons/inas-threading-and-beauty-houston-41e2772d",0,175,0.00,4.3
"/salons/kelly-s-house-of-colour-houston-194eb99b",0,173,0.00,8.9
"/salons/madison-reed-hair-color-bar-rice-village-houston-d789d731",0,171,0.00,11.9
"/salons/beautiful-life-hair-salon-houston-7cb7ce40",0,170,0.00,6.8
"/salons/d-dominican-beauty-salon-houston-db944721",0,170,0.00,9.1
"/salons/ely-s-beauty-salon-houston-6f754b51",0,169,0.00,10.1
"/salons/riot-salon-houston-0517a36a",0,169,0.00,8.6
"/stores/she-s-happy-hair-houston-77054-4e2a6394",0,169,0.00,14.4
"/stores/hello-beauty-houston-77094-aaca3aee",2,167,1.20,3.0
"/schools/ogle-school-beauty-and-cosmetology-houston-stafford-katy-5cd766c1",0,167,0.00,9.0
"/salons/eva-beauty-salon-houston-56c22c47",0,166,0.00,8.4
"/salons/glamour-beauty-salon-houston-8db31d74",0,166,0.00,10.2
"/salons/la-belle-vie-nail-spa-houston-4fcf24ff",0,166,0.00,9.6
"/salons/salon-per-se-heights-houston-409f0a57",0,166,0.00,9.8
"/salons/vella-bella-salon-park-nail-spa-houston-f8ace405",0,166,0.00,10.1
"/salons/la-beaute-nails-spa-houston-7f3db5ca",0,165,0.00,8.5
"/salons/supercuts-houston-2afcd016",0,165,0.00,13.7
"/stores/beauty-empire-5-houston-77093-c9948370",0,165,0.00,11.5
"/salons/margaritas-hair-salon-houston-a6f9fcf3",0,164,0.00,5.8
"/salons/modern-salon-houston-9f040960",0,163,0.00,8.6
"/salons/bich-nga-hair-design-houston-7a35fec1",0,162,0.00,4.9
"/stores/sally-beauty-houston-77032-46941965",0,162,0.00,9.8
"/salons/makeover-beauty-salon-barber-shop-houston-065bf8d1",2,161,1.24,8.1
"/stores/hair-beauty-supply-houston-77086-0311d65a",1,161,0.62,34.4
"/salons/kary-s-hair-salon-houston-d423746d",0,161,0.00,7.0
"/schools/milan-institute-of-cosmetology-denton-63613bcd",0,161,0.00,9.8
"/stores/supreme-beauty-supply-houston-77093-0ec7a619",0,161,0.00,10.4
"/schools/south-plains-college-levelland-a9accca2",3,160,1.88,8.7
"/salons/ln-beauty-express-sugar-land-da18aa61",0,160,0.00,6.6
"/schools/milan-institute-of-cosmetology-plano-dfc02942",0,160,0.00,10.2
"/stores/princess-beauty-supply-houston-77081-3aacb1fd",0,160,0.00,8.4
"/salons/bel-hair-salon-houston-504b0e36",0,159,0.00,10.3
"/stores/uptown-beauty-and-beyond-houston-77075-7c5d336f",2,158,1.27,12.5
"/schools/ogle-school-beauty-and-cosmetology-north-houston-willowbrook-houston-fe676980",1,158,0.63,9.6
"/stores/aesop-montrose-houston-77006-4d9ab626",1,158,0.63,5.1
"/salons/tony-s-salon-houston-daced922",0,158,0.00,7.0
"/schools/avenue-five-institute-austin-724cee6e",0,157,0.00,13.2
"/salons/therapy-hair-studio-houston-0d0f4d22",0,156,0.00,12.2
"/salons/signature-brows-beauty-studio-houston-67a3fba3",0,154,0.00,9.9
"/schools/enstyle-beauty-academy-houston-05f8df2c",0,154,0.00,4.9
"/schools/williams-barber-college-fort-worth-9254819c",0,154,0.00,8.9
"/salons/alejandra-s-beauty-houston-bb8f005f",1,153,0.65,7.4
"/salons/hair-by-javier-houston-8f6cbb03",0,153,0.00,6.5
"/salons/natural-resources-salon-houston-1b0d362b",0,153,0.00,4.3
"/salons/prism-salon-houston-f52629e6",0,152,0.00,7.1
"/salons/nancy-s-hair-nails-houston-9ab53d16",0,151,0.00,8.8
"/salons/beauty-sal-n-lily-houston-68363e8b",0,150,0.00,8.0
"/salons/cindy-s-beauty-salon-houston-37afa640",0,150,0.00,9.2
"/salons/360-pro-beauty-houston-ea88c63b",2,149,1.34,8.6
"/salons/salon-vivid-houston-bdf04e88",0,149,0.00,8.0
"/schools/mei-barber-school-brownsville-2c88e548",0,149,0.00,7.0
"/stores/beauty-empire-16-houston-77099-ec14c304",0,149,0.00,13.8
"/salons/carbon-salon-llc-conroe-44677270",0,148,0.00,6.4
"/salons/elegance-hair-salon-arabic-barber-shop-houston-bcfa0baa",0,148,0.00,5.2
"/salons/luxy-hair-salon-houston-b6d52f48",0,148,0.00,5.8
"/schools/jackson-barber-college-houston-5de20baa",0,148,0.00,7.7
"/salons/7-qi-ao-salon-houston-60a83e32",1,147,0.68,7.9
"/salons/beauty-express-houston-b3ead092",0,147,0.00,7.4
"/salons/salon-victoria-makeup-and-hair-lounge-houston-754612bb",0,147,0.00,10.1
"/stores/buw-human-hair-factory-store-houston-east-houston-77029-b98fb97f",0,147,0.00,12.0
"/stores/beauty-empire-number-22-houston-77073-0d489948",1,146,0.68,4.5
"/salons/genova-nail-spa-sugar-land-sugar-land-9ce0da13",0,146,0.00,9.3
"/schools/career-schools-of-texas-dallas-3e1e292a",0,146,0.00,8.2
"/salons/drybar-uptown-park-houston-caeef57c",0,145,0.00,12.3
"/salons/em-lash-studio-houston-8751faf7",0,145,0.00,11.1
"/salons/lotus-threading-houston-f18aa6da",0,145,0.00,6.3
"/stores/q-beauty-supply-houston-77098-e5588b1a",0,145,0.00,8.8
"/salons/q-salon-1-houston-eabc6b6e",0,144,0.00,4.8
"/schools/capelli-beauty-and-barber-college-el-paso-80cbdd3b",0,144,0.00,10.6
"/stores/beauty-empire-premium-outlet-beauty-supply-store-houston-77099-49b88781",0,144,0.00,13.6
"/stores/wig-world-beauty-supply-houston-77093-f9b19a7f",0,144,0.00,8.4
"/salons/kajal-beauty-salon-spa-houston-21db08f5",0,143,0.00,5.9
"/salons/newlooks-salon-sugar-land-e62630e2",0,143,0.00,7.7
"/salons/the-color-bar-river-oaks-houston-6e0f5090",0,142,0.00,10.7
"/stores/j-s-beauty-supply-houston-77091-429ef177",0,142,0.00,7.8
"/salons/new-estilo-hair-studio-houston-21745041",0,141,0.00,7.3
"/salons/kosmo-salon-corpus-christi-3b451e0a",0,140,0.00,8.2
"/schools/the-pulse-academy-llc-pittsburg-7b841a18",0,140,0.00,5.1
"/stores/hair-depot-beauty-supply-beaumont-ba5ccd2e",0,139,0.00,4.0
"/salons/salon-village-houston-2b2027ed",1,138,0.72,6.7
"/salons/ct-hair-by-candy-houston-2393ca49",0,138,0.00,7.6
"/schools/next-top-barber-academy-laredo-3801a80e",0,138,0.00,8.4
"/salons/blow-out-salon-and-spa-houston-c01e1c07",0,136,0.00,6.7
"/salons/the-upper-hand-salon-river-oaks-houston-cb7c4e47",0,136,0.00,13.5
"/schools/the-salon-professional-academy-georgetown-9ccc3926",0,136,0.00,9.0
"/stores/sally-beauty-houston-77094-9551c9fe",0,136,0.00,10.5
"/stores/uptown-beauty-and-beyond-houston-77099-1b16fe65",0,135,0.00,15.1
"/stores/beauty-empire-o-c-houston-77095-459a7676",1,134,0.75,7.8
"/salons/144-salon-sugar-land-8e0b2586",0,134,0.00,6.9
"/salons/frequency-salon-houston-a981ebed",0,134,0.00,9.4
"/salons/salon-bugatti-the-woodlands-839ba181",0,134,0.00,7.7
"/schools/lubbock-hair-academy-lubbock-14750caf",0,134,0.00,8.8
"/schools/william-edge-institute-new-braunfels-a0916eeb",0,134,0.00,8.7
"/stores/beauty-kit-solutions-houston-77099-0baffacf",0,134,0.00,9.4
"/salons/j-n-hair-salon-houston-befae62a",1,133,0.75,7.6
"/shop/fades-by-cam-barbershop-conroe-e9cda399",1,133,0.75,7.1
"/salons/4-u-hair-salon-houston-37a761f1",0,133,0.00,7.5
"/salons/bella-ga-a-hydration-head-spa-houston-a7d96d07",0,133,0.00,18.3
"/stores/quarter-to-ten-austin-b63d0cb5",0,133,0.00,8.1
"/stores/ulta-beauty-houston-77057-777a750a",0,133,0.00,11.1
"/salons/o-r-dominican-hairstylist-houston-219e7310",0,132,0.00,6.2
"/salons/rejuvenate-hair-studio-houston-723daddb",0,132,0.00,8.0
"/schools/versatile-barber-beauty-academy-huntsville-67d22780",0,132,0.00,9.5
"/stores/007-beauty-supply-houston-77093-3f5f8c2f",0,132,0.00,4.0
"/stores/beauty-island-houston-77090-01040987",2,131,1.53,3.7
"/salons/sameeta-s-spa-salon-houston-13b6c969",0,131,0.00,3.6
"/salons/touch-of-essence-beauty-supply-houston-a35f03e7",0,131,0.00,6.9
"/salons/ty-salon-houston-3287821d",0,131,0.00,8.2
"/stores/supreme-hair-and-beauty-mesquite-dallas-76b3c07a",0,131,0.00,8.6
"/salons/posh-salon-friendswood-houston-f3cfbae4",0,130,0.00,7.1
"/salons/sok-salon-on-kirby-houston-2be6d0c7",0,130,0.00,8.9
"/salons/ulta-beauty-baytown-5dd39ac8",0,130,0.00,8.2
"/schools/chi-lonestar-college-houston-e0c516aa",0,130,0.00,8.3
"/schools/epcc-cosmetology-program-salon-el-paso-5f26d2d3",5,129,3.88,9.0
"/salons/ml2-hair-design-in-dunhuang-houston-ada9740c",0,129,0.00,9.0
"/stores/ebony-beauty-mart-austin-abe3e242",0,129,0.00,7.5
"/salons/the-beauty-bar-houston-4716a0c1",1,128,0.78,9.2
"/salons/up-close-beauty-max-llc-houston-5002d284",0,128,0.00,5.2
"/stores/ulta-beauty-houston-77098-6da7bb57",0,128,0.00,9.7
"/salons/diva-s-salon-spa-houston-4119c608",1,127,0.79,8.4
"/salons/nina-hair-salon-houston-f9245ee2",1,127,0.79,8.2
"/salons/ruby-s-salon-spa-west-bellfort-houston-f5092a10",1,127,0.79,7.6
"/salons/carmen-s-beauty-salon-houston-2f01159c",0,127,0.00,8.8
"/salons/shine-salon-houston-houston-7638ed34",0,127,0.00,16.7
"/schools/boss-nail-academy-richardson-6f71e68a",0,127,0.00,5.4
"/salons/cost-cutters-houston-6c0f80ed",0,126,0.00,10.5
"/salons/jj-s-hair-salon-houston-1ff582df",0,126,0.00,7.7
"/stores/hairgalleria-beauty-northside-houston-77090-4127c80e",0,126,0.00,11.5
"/salons/the-q-salon-houston-6e8524b6",1,125,0.80,9.1
"/stores/alamo-barber-beauty-supply-san-antonio-189040b9",1,125,0.80,9.1
"/shop/saphire-fadez-houston-77061-8d203aad",0,125,0.00,6.6
"/salons/cove51-salon-mckinney-ab121363",1,124,0.81,6.6
"/schools/ogle-school-beauty-and-cosmetology-san-antonio-san-antonio-a75d49ef",0,124,0.00,10.9
"/salons/arianna-hair-boutique-katy-texas-houston-ae83c96c",0,123,0.00,10.4
"/salons/cost-cutters-houston-173d5e90",0,123,0.00,10.3
"/salons/deseo-beauty-lounge-color-fort-worth-71d0b048",0,123,0.00,7.6
"/salons/elevate-hair-salon-katy-houston-e390a100",0,123,0.00,8.5
"/salons/marbella-salon-houston-2e5b136c",0,123,0.00,10.5
"/schools/l-l-beauty-institute-llc-abilene-8d832db1",0,123,0.00,7.5
"/stores/610-beauty-supply-houston-77093-ce4b3920",0,123,0.00,8.4
"/stores/salice-barber-supply-houston-77099-58286a02",5,122,4.10,6.7
"/salons/beautique-day-spa-salon-houston-d6cc5cb7",0,122,0.00,12.6
"/salons/cindy-s-hair-saloon-el-paso-27b771e4",0,122,0.00,6.3
"/salons/jq-beauty-salon-houston-f0a07275",0,122,0.00,6.1
"/stores/usa-beauty-outlet-ii-san-antonio-8f79af59",0,122,0.00,5.2
"/salons/beauty-s-palace-hair-salon-houston-69089a04",0,121,0.00,8.5
"/salons/secret-salon-316-houston-48a55886",0,121,0.00,8.8
"/stores/paul-mitchell-the-school-clear-lake-houston-77058-2f837210",0,121,0.00,13.7
"/salons/salon-express-i-houston-b1a03042",2,120,1.67,12.1
"/salons/hue-salon-houston-b2d37a70",0,120,0.00,9.0
"/schools/pathway-vocational-academy-lumberton-lumberton-db2b7878",0,120,0.00,8.5
"/salons/macal-s-hair-studio-houston-faa28836",1,119,0.84,3.3
"/salons/anahi-hair-salon-houston-4b929afb",0,119,0.00,8.8
"/salons/art-beauty-salon-houston-f9a1289d",0,119,0.00,3.7
"/salons/beauty-wendy-s-hair-salon-baber-shop-houston-9b9cfb85",0,119,0.00,9.3
"/salons/craft-salon-houston-154a0192",0,119,0.00,9.5
"/salons/linear-salon-houston-f662e91c",0,119,0.00,6.4
"/schools/caviar-academy-of-cosmetology-lubbock-d803123a",0,119,0.00,7.5
"/schools/dfw-skin-institute-dallas-5a83479d",0,119,0.00,9.2
"/stores/cosmo-prof-houston-77032-41efc834",1,118,0.85,8.1
"/barbers/david-s-barber-shop-tx-7e3722ce",0,118,0.00,9.5
"/salons/meena-s-salon-houston-a36f472d",0,118,0.00,6.7
"/barbers/space-fades-barbershop-tx-14b511cb",0,117,0.00,7.5
"/insights/booth-rent-vs-commission",0,117,0.00,12.3
"/salons/organics-salon-pflugerville-33f56053",0,117,0.00,9.2
"/salons/fashion-hair-96-houston-ce60a190",0,116,0.00,7.9
"/salons/nanu-beauty-salon-houston-625cc588",0,116,0.00,5.0
"/salons/d-vicente-beauty-salon-houston-f4f9911d",1,115,0.87,8.2
"/stores/ej-beauty-supply-9-houston-77094-4728cb5c",1,115,0.87,6.0
"/stores/twin-s-3-beauty-supply-houston-77095-6b5384f4",1,115,0.87,7.6
"/salons/angel-s-salon-y-spa-houston-8794e2f7",0,115,0.00,9.1
"/salons/lk-beauty-salon-houston-a959725c",0,115,0.00,9.1
"/salons/white-a-salon-houston-0a613f3d",0,114,0.00,9.4
"/salons/bliss-beauty-bar-the-best-head-spa-and-facial-in-houston-houston-212b2326",1,113,0.88,17.9
"/salons/beauty-choice-salon-houston-5ca8c6fd",0,113,0.00,12.4
"/salons/gilded-hair-nails-salon-houston-90e8bb63",0,113,0.00,5.7
"/salons/josephine-s-day-spa-salon-eldridge-houston-fddaddd2",0,113,0.00,9.5
"/insights/texas-esthetician-nail-technician-exam-guide",2,112,1.79,23.6
"/salons/galaxy-beauty-salon-spa-houston-41ea7ab4",1,112,0.89,8.5
"/salons/dk-hair-salon-houston-2574db65",0,112,0.00,7.7
"/salons/riya-s-salon-houston-073a0a0a",0,112,0.00,4.8
"/schools/onyx-nail-institute-llc-donna-791ebe02",0,112,0.00,3.1
"/salons/domilizz-african-braids-houston-e969a815",1,111,0.90,6.6
"/salons/sleek-beauty-studio-mckinney-26575323",1,111,0.90,6.9
"/stores/usa-beauty-garland-75d0638a",1,111,0.90,9.4
"/salons/maria-s-hair-salon-houston-08d36103",0,111,0.00,9.0
"/salons/salon-boutique-houston-30d34f23",0,111,0.00,7.8
"/salons/tranquility-salon-day-spa-houston-9bfc80ef",0,111,0.00,15.0
"/salons/de-cache-beauty-salon-houston-a96f79a7",0,110,0.00,9.8
"/salons/natalie-michelle-salon-houston-94ab8c67",0,110,0.00,8.1
"/salons/salon-eros-houston-f8856de4",0,110,0.00,10.4
"/stores/gold-beauty-super-store-dallas-110009ef",0,110,0.00,9.1
"/stores/hey-beautiful-nail-supplies-houston-77063-3ec3ad5b",0,110,0.00,7.5
"/salons/i-brow-beauty-bar-houston-16a35e35",1,109,0.92,7.6
"/stores/hip-beauty-supply-houston-77082-e35cf4b7",1,109,0.92,7.2
"/stores/uptown-beauty-supply-1-houston-77090-24cdd6a5",1,109,0.92,15.0
"/salons/beauty-beyond-studio-houston-1441734a",0,109,0.00,11.4
"/salons/blue-mambo-houston-419f67b9",0,109,0.00,7.2
"/salons/curls-by-ellen-curly-hair-specialist-katy-tx-houston-4858db5f",0,109,0.00,4.6
"/salons/lucia-s-hair-salon-houston-0908a2df",0,109,0.00,9.5
"/salons/toni-guy-hair-salon-houston-b9bba78c",0,109,0.00,15.4
"/salons/uptown-hair-salon-blow-dry-bar-vintage-park-houston-92ea7305",0,109,0.00,11.7
"/stores/fort-worth-barber-supply-houston-77003-05e2399f",0,109,0.00,9.8
"/salons/house-of-color-houston-9f9e79d1",0,108,0.00,18.6
"/schools/acres-homes-barber-college-houston-45b5fb33",0,108,0.00,7.6
"/salons/1st-hair-by-lena-call-to-book-appointments-walk-ins-are-also-welcome-garland-2a355a01",0,107,0.00,5.2
"/salons/aisha-s-salon-spa-houston-faa13590",0,107,0.00,8.5
"/salons/elsa-s-beauty-salon-houston-7f76ce2b",0,107,0.00,7.6
"/salons/golden-scissors-houston-2653a570",0,107,0.00,9.4
"/salons/new-looks-salon-houston-f072ca6a",0,107,0.00,6.8
"/salons/the-silkout-bar-houston-fa25a21d",0,107,0.00,8.2
"/schools/mei-academy-of-cosmetology-brownsville-b55f7b6c",0,107,0.00,7.1
"/stores/beauty-supply-houston-77098-2179eadf",0,107,0.00,13.0
"/stores/beautyempire-supercenter-humble-fcaeecf1",0,107,0.00,5.5
"/salons/susan-s-salon-spa-houston-0df38785",1,106,0.94,8.2
"/salons/ali-s-beauty-barber-salon-houston-50f7a03a",0,106,0.00,9.0
"/salons/grace-glam-hair-braiding-houston-17556bed",0,106,0.00,4.9
"/salons/karla-s-beauty-salon-houston-bdb99ab4",0,106,0.00,8.0
"/salons/r-valentino-hair-salon-houston-413b5e10",0,106,0.00,8.1
"/salons/the-palace-beauty-salon-houston-30c6b613",0,106,0.00,9.2
"/stores/cc-beauty-supply-2-houston-77044-18439e92",0,106,0.00,10.3
"/barbers/kbg-barbershop-tx-1671bf19",1,105,0.95,6.8
"/salons/cleopatra-s-salon-de-belleza-houston-e0a3d37f",1,105,0.95,6.5
"/salons/d-d-hair-salon-houston-ea47ad33",1,105,0.95,11.5
"/insights/texas-barber-cosmetology-license-requirements",0,105,0.00,23.1
"/salons/the-indigo-hair-studio-houston-0075fa20",0,105,0.00,10.4
"/salons/the-standard-hair-company-spring-ba9607ff",0,105,0.00,6.8
"/schools/coastal-bend-college-pleasanton-pleasanton-f4ccf06c",0,105,0.00,9.9
"/stores/fine-beauty-supply-pearland-tx-houston-77075-673f65e8",1,104,0.96,8.5
"/salons/beyond-fringe-a-salon-powered-by-goldwell-conroe-0eaed5a9",0,104,0.00,4.8
"/salons/d-l-beauty-salon-houston-ff9d1c7b",0,104,0.00,5.0
"/salons/hair-by-donna-houston-ff15daa8",0,104,0.00,9.2
"/schools/sloan-beauty-school-llc-mission-5dfe338a",0,104,0.00,8.0
"/schools/rm-barber-cosmetology-school-llc-lockhart-138ed7be",8,103,7.77,4.4
"/texas-cosmetology-practical-exam-kit-list",4,103,3.88,7.2
"/shop/quality-reflection-studio-denton-c1607ecd",1,103,0.97,6.5
"/salons/global-salon-houston-03e3f94e",0,103,0.00,6.2
"/salons/new-look-hair-beauty-salon-houston-e75328d7",0,103,0.00,8.9
"/barber-booth-rent-houston",1,102,0.98,13.1
"/barbers/royce-barbershop-tx-1c25bc1e",1,102,0.98,8.3
"/salons/hair-etc-by-bobo-houston-17f9a818",0,102,0.00,2.9
"/salons/salon-express-houston-38cda873",0,102,0.00,10.0
"/salons/sky-hair-salon-houston-e5e71132",0,102,0.00,9.7
"/salons/vidal-s-hair-salon-houston-8dd8e3e6",0,102,0.00,8.7
"/schools/mod-and-black-academy-llc-odessa-85c01c07",0,102,0.00,6.5
"/stores/beauty-supply-houston-77023-2df25208",0,102,0.00,15.9
"/stores/uptown-beauty-supply-7-houston-77065-b3d71a40",0,102,0.00,6.7
"/salons/d-h-w-experience-houston-8b2cb4bc",0,101,0.00,8.9
"/salons/yani-s-hair-salon-barber-houston-e3ae60b6",0,101,0.00,6.7
"/stores/a1-beauty-supply-houston-77085-89e03679",0,101,0.00,9.0
"/salons/bombay-salon-and-spa-irving-a33c1a2d",1,100,1.00,6.6
"/salons/my-hair-design-houston-05634774",1,100,1.00,5.7
"/barbers/benja-barber-shop-tx-bac61cf6",0,100,0.00,8.3
"/salons/aisha-s-salon-spa-houston-5b4b97a5",0,100,0.00,7.9
"/salons/ella-and-oak-salon-houston-62d7fda4",0,100,0.00,8.6
"/salons/vintage-park-salon-houston-c4d4c959",0,100,0.00,12.8
"/stores/white-fox-beauty-supply-houston-77047-2ea06fd1",0,100,0.00,9.2
"/salons/salons-by-jc-webster-luxury-hair-beauty-wellness-salon-suites-in-webster-tx-houston-35b63acb",1,99,1.01,8.8
"/salons/bella-imagen-houston-406d5a09",0,99,0.00,7.1
"/salons/carlos-rodriguez-hair-salon-houston-91889f2c",0,99,0.00,7.2
"/salons/nixon-hair-salon-houston-df9da0df",0,99,0.00,8.1
"/salons/salon-avenue-league-city-530a8ab6",0,99,0.00,5.4
"/salons/tune-up-the-manly-salon-baytown-137e87e5",0,99,0.00,7.3
"/schools/nuvani-institute-del-rio-del-rio-2653ee2d",0,99,0.00,9.2
"/schools/the-strand-institute-of-beauty-esthetics-corpus-christi-d82ac6c7",0,99,0.00,7.9
"/stores/supreme-beauty-supply-houston-77093-11d1015f",0,99,0.00,11.3
"/salons/babydolls-beauty-salon-houston-973b5ff7",0,98,0.00,7.2
"/salons/divine-beauty-bar-salon-houston-786c9d21",0,98,0.00,10.0
"/salons/louis-hair-salon-houston-e83962a5",0,98,0.00,5.4
"/salons/touch-of-heaven-beauty-spa-houston-c371e5c6",0,98,0.00,8.2
"/schools/hair-expressions-barber-school-llc-corpus-christi-24ee5aec",0,98,0.00,10.3
"/schools/one-le-chic-beauty-academy-houston-acc0d683",0,98,0.00,8.5
"/stores/hair-world-beauty-supply-league-city-a2760798",1,97,1.03,5.6
"/salons/allure-beauty-salon-houston-38790e7f",0,97,0.00,9.3
"/salons/jc-beauty-salon-co-houston-8a079418",0,97,0.00,7.3
"/salons/mely-s-hair-salon-and-barbershop-houston-dad62062",0,97,0.00,7.2
"/salons/party-girl-beauty-bar-houston-294dfa0e",0,97,0.00,6.8
"/salons/revive-salon-and-spa-houston-e0e3c697",0,97,0.00,18.7
"/salons/supercuts-houston-13857430",0,97,0.00,10.1
"/stores/pearland-beauty-houston-77047-24d5ae2f",0,97,0.00,6.3
"/stores/beauty-empire-30-humble-bcc3455d",3,96,3.13,5.5
"/salons/lizbetee-african-hairbraiding-and-beauty-house-houston-houston-27138628",1,96,1.04,3.6
"/salons/andrea-beauty-salon-houston-e1dda349",0,96,0.00,7.2
"/salons/princess-nail-lash-spa-mckinney-mckinney-4e7c22e5",0,96,0.00,8.8
"/salons/simply-irresistible-hair-salon-houston-9a1e55ad",0,96,0.00,3.3
"/salons/today-s-styles-hair-salon-houston-5f898238",0,96,0.00,7.2
"/schools/abesfades-barber-academy-mount-pleasant-949be3c2",0,96,0.00,6.3
"/stores/ulta-beauty-houston-77007-650ef3d0",0,96,0.00,12.4
"/barbers/cj-da-barber-dallas-75227-1b327cd1",1,95,1.05,6.7
"/schools/beauty-models-school-arlington-e75668c8",1,95,1.05,5.8
"/salons/bnails-amarillo-voted-best-nail-salon-amarillo-tx-amarillo-ef793ce4",0,95,0.00,9.3
"/salons/m-s-salon-houston-53bc6a1d",0,95,0.00,7.9
"/salons/mai-hair-design-houston-cf84b0f1",0,95,0.00,6.7
"/salons/the-royal-beauty-salon-houston-2139f68a",0,95,0.00,9.2
"/schools/clio-professionals-beauty-school-houston-acab1d9b",0,95,0.00,4.4
"/schools/you-me-beauty-school-carrollton-a4e0c183",0,95,0.00,8.9
"/stores/atlanta-barber-beauty-supply-houston-77096-d68754fa",0,95,0.00,10.7
"/stores/ella-beauty-supply-houston-77090-f28c61c4",0,95,0.00,4.5
"/stores/my-supply-guy-houston-77088-6232057d",0,95,0.00,8.3
"/stores/uptown-beauty-supply-9-houston-77070-91503526",0,95,0.00,11.5
"/salons/studio-hair-2000-1-houston-9a374cee",1,94,1.06,10.2
"/schools/texas-fadez-barber-college-duncanville-c5c07247",1,94,1.06,8.6
"/salons/cost-cutters-houston-abfcdda6",0,94,0.00,9.1
"/salons/hairbysheleen-l-l-c-black-hair-salon-in-houston-houston-90bcdca5",0,94,0.00,7.0
"/salons/k-renee-salon-spas-and-studios-houston-6f56c6c9",0,94,0.00,8.0
"/salons/mia-bella-studios-houston-5a90a4b1",0,94,0.00,8.9
"/salons/milk-honey-river-oaks-houston-6b14aa52",0,94,0.00,17.4
"/salons/supercuts-houston-e29abadb",0,94,0.00,12.8
"/schools/bonjour-beauty-university-mesquite-14c5ad6e",0,94,0.00,6.4
"/schools/colour-beauty-school-houston-bd9ab3b1",0,94,0.00,8.1
"/salons/salon-123-houston-4b536140",1,93,1.08,8.2
"/stores/ulta-beauty-houston-77059-38305a5c",1,93,1.08,8.6
"/salons/lina-s-beauty-salon-houston-12927ea6",0,93,0.00,7.0
"/salons/mina-s-hair-studio-houston-0049f00c",0,93,0.00,9.1
"/salons/rose-s-salon-houston-e464ff4b",0,93,0.00,8.0
"/stores/divine-beauty-market-houston-77069-fbc1d054",0,93,0.00,8.4
"/stores/coco-bella-hair-beauty-n-1-missouri-city-f99033e1",1,92,1.09,6.3
"/salons/bijou-s-braiding-houston-a6221249",0,92,0.00,7.2
"/salons/nelly-s-beauty-salon-houston-18f6028a",0,92,0.00,8.3
"/salons/royal-hair-center-houston-9bb11932",0,92,0.00,7.2
"/schools/lash-boss-university-austin-3216ca01",0,92,0.00,7.7
"/schools/legacy-beauty-academy-tomball-ee2c9843",0,92,0.00,9.3
"/schools/united-beauty-college-carrollton-a7782570",0,92,0.00,9.5
"/",1,91,1.10,15.3
"/stores/a-f-beauty-supply-houston-77090-d839721a",1,91,1.10,6.5
"/barbers/kevcutta-barbershop-tx-878096d6",0,91,0.00,9.3
"/salons/b-nail-bar-sherman-fd9e5620",0,91,0.00,6.9
"/salons/e-j-hair-salon-houston-bc0466aa",0,91,0.00,9.1
"/salons/expert-hair-salon-houston-78294ecf",0,91,0.00,11.6
"/salons/janeth-s-beauty-nail-salon-houston-7b5e5b1f",0,91,0.00,8.2
"/salons/sv-beauty-salon-suites-houston-9c4dcd56",0,91,0.00,7.6
"/salons/v-v-salon-houston-2fdb0930",0,91,0.00,9.1
"/schools/ivy-beauty-institute-frisco-9e224db4",0,91,0.00,9.3
"/shop/walker-s-barbershop-tyler-45c643a3",0,91,0.00,7.2
"/salons/3930-ego-salon-houston-cf4285e7",0,90,0.00,7.5
"/salons/elegant-salon-spa-houston-6c24e7d2",0,90,0.00,9.8
"/salons/encanto-beauty-studio-houston-6619f565",0,90,0.00,8.9
"/salons/graciela-s-beauty-salon-houston-f8f06500",0,90,0.00,5.1
"/salons/long-s-hair-studio-houston-f159667e",0,90,0.00,16.7
"/salons/platinum-nail-bar-mckinney-mckinney-31c3b362",0,90,0.00,6.3
"/schools/bloom-beauty-academy-llc-weatherford-37b6f39b",0,90,0.00,8.5
"/stores/1-nails-supply-45-south-houston-77089-bffa3c4a",0,90,0.00,6.4
"/salons/amazing-hair-studio-llc-houston-55729744",1,89,1.12,7.3
"/salons/genesis-family-beauty-salon-houston-5a395795",0,89,0.00,6.6
"/salons/lot-8-salon-houston-c4d5fb98",0,89,0.00,5.7
"/salons/miracle-hair-houston-9e33cc38",0,89,0.00,8.1
"/salons/mofan-salon-houston-5acda4f2",0,89,0.00,7.2
"/schools/clarendon-college-amarillo-center-amarillo-4e5fbc81",0,89,0.00,8.8
"/stores/aggieland-barber-beauty-supply-houston-77098-2b0a43e9",0,89,0.00,9.6
"/stores/impulse-beauty-supply-houston-77099-68d58931",0,89,0.00,9.5
"/schools/vogue-college-of-cosmetology-mcallen-32e755fd",1,88,1.14,11.6
"/salons/patty-olivera-hair-salon-spa-houston-6c8d3117",0,88,0.00,4.8
"/salons/polo-s-hair-salon-spa-houston-7fc06d64",0,88,0.00,7.8
"/stores/estheri-s-beauty-supply-houston-77034-181a6924",0,88,0.00,6.8
"/salons/ari-s-beauty-salon-houston-a31b5d3d",0,87,0.00,9.0
"/salons/crespo-rey-hair-salon-houston-ed5b7300",0,87,0.00,8.2
"/salons/experience-hair-salon-houston-7a10f4ee",0,87,0.00,16.8
"/salons/lm-nails-studio-spa-houston-200c1eec",0,87,0.00,5.3
"/salons/the-look-salon-houston-houston-3b1cb8d7",0,87,0.00,11.0
"/salons/vida-beauty-studio-houston-4b7dce8a",0,87,0.00,14.4
"/schools/behind-the-chair-institute-houston-db5f1c0f",0,87,0.00,8.2
"/schools/epic-barber-college-houston-77ef6ce8",0,87,0.00,8.6
"/schools/ranger-college-of-cosmetology-early-173a5830",0,87,0.00,8.1
"/schools/jays-barber-styling-llc-college-mckinney-9b96eec1",3,86,3.49,4.9
"/salons/iris-beauty-salon-houston-cedfd496",1,86,1.16,10.7
"/stores/kings-beauty-supply-mart-austin-cc693444",1,86,1.16,4.4
"/salons/901-salon-boutique-houston-912ae85f",0,86,0.00,5.6
"/salons/aba-salons-houston-5be413fc",0,86,0.00,5.2
"/salons/cost-cutters-houston-eddc4915",0,86,0.00,9.1
"/salons/kalumo-salon-pasadena-a84616ed",0,86,0.00,5.7
"/salons/la-belleza-hair-salon-houston-473ee26b",0,86,0.00,11.2
"/stores/sally-beauty-houston-77059-52678cbf",0,86,0.00,11.3
"/stores/the-lash-supply-almeda-genoa-tx-houston-77089-bc3f802e",0,86,0.00,8.1
"/stores/vip-wigs-houston-77073-ed01f7fd",0,86,0.00,6.6
"/salons/amber-salon-and-spa-houston-594c7e9e",1,85,1.18,5.3
"/salons/hair-salon-irma-x-c-houston-572ad3de",1,85,1.18,8.7
"/salons/j-a-m-beauty-bar-houston-a01da7ef",1,85,1.18,9.1
"/schools/deluxe-barber-college-austin-6098eece",1,85,1.18,8.2
"/schools/the-premium-barber-academy-irving-84520bd2",1,85,1.18,8.0
"/salons/adora-houston-8a9476d5",0,85,0.00,6.3
"/salons/deity-style-studios-houston-00391850",0,85,0.00,7.2
"/salons/karen-s-beauty-style-houston-a070439e",0,85,0.00,8.5
"/salons/rock-n-headz-locs-and-more-houston-3a6afbe6",0,85,0.00,3.9
"/salons/shag-salon-austin-08d2e1e0",0,85,0.00,8.0
"/salons/visible-changes-inside-willowbrook-mall-houston-e1edc25f",0,85,0.00,15.4
"/stores/290-barber-supply-houston-77099-49501b5c",0,85,0.00,8.9
"/salons/alex-hair-houston-houston-d507c835",0,84,0.00,10.0
"/salons/coma-salon-houston-e33d4f5c",0,84,0.00,9.5
"/salons/cosa-bella-salon-houston-d0b8fc42",0,84,0.00,7.0
"/salons/erika-s-hair-salon-houston-4ae74469",0,84,0.00,8.9
"/salons/kathy-s-beauty-salon-houston-0d41ce5e",0,84,0.00,6.9
"/salons/my-salon-suite-houston-3ec66a91",0,84,0.00,21.2
"/schools/milan-institute-of-cosmetology-el-paso-e7d40fa8",0,84,0.00,10.6
"/schools/most-high-barber-college-san-antonio-8d0e54e7",0,84,0.00,7.3
"/schools/ucas-univ-of-cosmetology-arts-sciences-brownsville-11a99f14",0,84,0.00,11.5
"/stores/luxe-s-beauty-supply-houston-77099-ae3eba79",0,84,0.00,13.7
"/texas/houston/insights/market-analysis/the-argyle-league",0,84,0.00,9.1
"/salons/irma-s-cuts-houston-798b8de6",4,83,4.82,8.5
"/salons/emilia-s-beauty-salon-houston-d3a256c4",1,83,1.20,8.7
"/salons/sal-n-de-belleza-sol-houston-b778d0d6",1,83,1.20,7.8
"/salons/supercuts-houston-17652d82",1,83,1.20,10.3
"/salons/hair-by-tina-houston-e4a0f35c",0,83,0.00,8.2
"/salons/lily-beauty-salon-houston-761a24a9",0,83,0.00,8.4
"/salons/milano-nail-spa-galleria-houston-d8352f27",0,83,0.00,9.5
"/salons/parlour-in-the-woods-the-woodlands-a60be93e",0,83,0.00,7.5
"/salons/sophie-s-a-salon-houston-633fbed8",0,83,0.00,10.0
"/salons/sora-braiding-houston-ecf26d4d",0,83,0.00,6.5
"/stores/beauty-shop-bellaire-houston-77096-a1c1209d",0,83,0.00,18.3
"/stores/brazilian-beauty-supply-houston-77079-db60f95b",0,83,0.00,3.8
"/stores/cj-beauty-wigs-hair-sherman-817e47b2",0,83,0.00,5.9
"/barbers/blessed-by-jesus-barbershop-dallas-75080-8c565915",0,82,0.00,7.5
"/salons/alondra-s-beauty-salon-houston-29e8c184",0,82,0.00,8.4
"/salons/dolls-n-guys-hair-salon-sugar-land-c00e1e08",0,82,0.00,8.1
"/salons/e-hair-salon-houston-e0eb5026",0,82,0.00,6.6
"/salons/embody-salon-houston-eb91d5b0",0,82,0.00,9.4
"/salons/erika-s-hair-studio-houston-de1223f4",0,82,0.00,8.5
"/salons/nena-s-beauty-salon-houston-fa0fb960",0,82,0.00,9.8
"/salons/neo-dubois-hair-salon-houston-31554e13",0,82,0.00,7.9
"/salons/revive-salon-and-spa-in-oak-forest-houston-4be2f37d",0,82,0.00,12.6
"/salons/salon-vive-houston-29462f44",0,82,0.00,12.6
"/salons/supercuts-houston-a63ab983",0,82,0.00,14.5
"/stores/che-s-barbers-houston-77007-4e325837",0,82,0.00,6.9
"/stores/mua-supply-houston-77070-f4493bc0",0,82,0.00,6.1
"/stores/samantha-kay-s-beauty-supply-fort-worth-0f5b71f1",0,82,0.00,6.0
"/salons/dazzles-hair-studio-houston-6c7b96b8",1,81,1.23,5.7
"/salons/hair-by-four-salon-houston-af817968",1,81,1.23,10.0
"/stores/beauty-empire-houston-77084-414f183e",1,81,1.23,6.1
"/stores/supreme-beauty-houston-77047-6b1f6e98",1,81,1.23,17.3
"/salons/elida-s-hair-nails-houston-14b77927",0,81,0.00,6.7
"/salons/flowe-studio-hair-extensions-balayage-houston-fd16e19e",0,81,0.00,7.2
"/salons/helen-hair-nail-salon-houston-abf8da02",0,81,0.00,8.8
"/salons/kaizen-hair-studio-houston-9fd4e119",0,81,0.00,8.0
"/salons/salon-manali-houston-f07c099e",0,81,0.00,8.1
"/salons/salontrose-htx-houston-8080434d",0,81,0.00,8.0
"/schools/b-l-cosmetology-school-houston-9bc19b08",0,81,0.00,9.1
"/schools/baytown-beauty-barber-college-baytown-35f36faa",0,81,0.00,9.9
"/stores/beauty-empire-plus-on-59-houston-77074-12e26241",0,81,0.00,6.8
"/salons/juanita-s-isa-iris-hair-salon-1-houston-2ae58a53",1,80,1.25,7.4
"/salons/aracely-s-salon-houston-b7938916",0,80,0.00,6.3
"/salons/arena-salon-ii-houston-bf1b81e9",0,80,0.00,7.7
"/salons/divino-s-hair-salon-houston-42e9d787",0,80,0.00,8.3
"/salons/eric-perez-salon-houston-dd1d1b9a",0,80,0.00,8.6
"/salons/glamour-beauty-hair-nails-houston-946fe51d",0,80,0.00,16.2
"/salons/my-salon-suite-houston-af4e1dd3",0,80,0.00,8.5
"/salons/urban-hair-creation-s-beauty-salon-houston-9e459ef8",0,80,0.00,6.5
"/shop/903cutz-barbershop-tyler-aeca7f07",0,80,0.00,9.5
"/shop/boardroom-salon-for-men-katy-katy-cd260898",0,80,0.00,9.6
"/stores/beauty-empire-plus-on-westheimer-houston-77077-6bf32b9b",0,80,0.00,6.9
"/stores/muse-beauty-supply-houston-77081-f27cb39e",0,80,0.00,8.1
"/stores/uptown-beauty-supply-11-houston-77088-6257be9e",0,80,0.00,16.0
"/schools/lamar-state-college-port-arthur-port-arthur-54b91944",2,79,2.53,8.9
"/salons/claudia-hair-salon-houston-f942c03a",1,79,1.27,9.1
"/salons/pro-hair-lounge-houston-2b8052b7",1,79,1.27,11.6
"/salons/coco-beauty-salon-houston-257e435d",0,79,0.00,7.1
"/salons/hello-beautiful-signature-salon-by-elisa-missouri-city-0dc4736e",0,79,0.00,6.6
"/salons/mane-and-tailored-salon-houston-0090e59e",0,79,0.00,5.7
"/salons/simply-beauty-hairsalon-houston-9b2ce545",0,79,0.00,8.3
"/salons/supercuts-houston-1f9f43ed",0,79,0.00,8.2
"/stores/c-r-fashion-beauty-supply-houston-77085-a780472c",0,79,0.00,6.9
"/stores/lemmon-beauty-supply-and-wigs-dallas-49baf3e4",0,79,0.00,4.7
"/salons/maribel-s-great-cuts-houston-def7185f",1,78,1.28,5.4
"/barbers/hollywood-cuts-tx-263096a8",0,78,0.00,9.0
"/salons/a-vibe-called-hair-houston-walk-in-hair-salon-offering-extensions-silk-press-houston-4c68f578",0,78,0.00,4.8
"/salons/adrian-s-hair-design-houston-4b1f1b44",0,78,0.00,12.3
"/salons/andy-hair-salon-houston-69e98ff7",0,78,0.00,6.7
"/salons/sn-beauty-salon-houston-d50de296",0,78,0.00,4.8
"/salons/styles-by-torres-level-it-up-hair-studio-houston-89c6ad88",0,78,0.00,6.8
"/salons/veronica-s-salon-houston-7da44ad2",0,78,0.00,8.9
"/salons/volume-salon-houston-f5df1a15",0,78,0.00,5.4
"/schools/sol-barber-styling-academy-dallas-570e1037",0,78,0.00,7.9
"/stores/beauty-empire-21-houston-77075-015f76ab",0,78,0.00,9.8
"/salons/salon-picasso-studios-houston-ef6aa36d",2,77,2.60,5.9
"/stores/crown-craft-beauty-supply-houston-77070-9496c587",2,77,2.60,11.8
"/salons/mirha-threading-salon-houston-d83fd67f",1,77,1.30,6.1
"/salons/d-t-beauty-salon-houston-4af981cc",0,77,0.00,6.9
"/salons/irene-s-hair-salon-houston-d5bf57f4",0,77,0.00,7.8
"/salons/new-city-blonde-salon-austin-56b33769",0,77,0.00,6.9
"/salons/tru-salon-dallas-aa81b9a4",0,77,0.00,7.1
"/salons/v-salon-houston-d6e549ec",0,77,0.00,8.6
"/schools/brighton-barber-institute-fort-worth-9639dabb",0,77,0.00,8.1
"/schools/glam-beauty-academy-llc-midland-29c93f78",0,77,0.00,11.6
"/schools/mike-s-barber-school-llc-edinburg-87a24662",0,77,0.00,8.6
"/schools/s-j-barber-beauty-academy-seagoville-6b61cf49",0,77,0.00,6.9
"/schools/ys-academy-cosmetology-spa-llc-mcallen-29c56023",0,77,0.00,9.7
"/salons/anna-hair-salon-sugar-land-50aa6cfd",1,76,1.32,4.9
"/schools/bgm-science-of-beauty-and-business-llc-garland-ec8589bb",1,76,1.32,7.7
"/salons/hair-by-cindy-houston-afe84dfc",0,76,0.00,7.0
"/salons/hair-salon-lupita-houston-11c86279",0,76,0.00,5.9
"/salons/les-scissors-sugar-land-f0d5a9cf",0,76,0.00,6.9
"/salons/shine-beauty-salon-houston-d5738f55",0,76,0.00,13.2
"/salons/the-parlour-salon-houston-18bd7836",0,76,0.00,12.7
"/schools/5-star-barber-academy-seagoville-7e7a5047",0,76,0.00,6.4
"/schools/dooney-s-barber-beauty-academy-dallas-c7bbd7c7",0,76,0.00,9.1
"/stores/beauty-empire-houston-77021-2f764620",0,76,0.00,24.5
"/stores/bossette-hair-houston-77057-bdd1ec57",0,76,0.00,3.4
"/stores/elegant-beauty-supply-houston-77083-712dd319",0,76,0.00,19.2
"/stores/m-m-beauty-outlet-houston-77075-a113615a",0,76,0.00,14.0
"/stores/y2-beauty-mart-houston-77053-1a11477a",0,76,0.00,4.1
"/salons/look-360-hair-studio-houston-79a52da3",1,75,1.33,10.2
"/stores/cc-beauty-supply-2-humble-c45bf1cf",1,75,1.33,6.3
"/salons/b-o-s-s-barber-beauty-headquarters-4-houston-71bd28f9",0,75,0.00,5.6
"/salons/latinos-hair-salon-houston-83fe2818",0,75,0.00,7.6
"/salons/mt-salon-houston-059a1a14",0,75,0.00,7.7
"/salons/reflech-beaute-beauty-salon-houston-aa0405ee",0,75,0.00,6.9
"/salons/rumoured-salon-frisco-fc2d1537",0,75,0.00,5.9
"/salons/studio-trends-salon-houston-52124b4b",0,75,0.00,8.7
"/schools/abilene-barber-academy-abilene-5115e199",0,75,0.00,7.7
"/schools/cultural-technical-institute-llc-cti-el-paso-4acde421",0,75,0.00,9.6
"/schools/west-texas-barber-academy-lubbock-9e105114",0,75,0.00,8.4
"/stores/blessed-beauty-supply-african-clothing-houston-77083-5f0972ed",0,75,0.00,7.5
"/schools/torito-liza-beauty-academy-houston-996ca42e",4,74,5.41,4.5
"/salons/carmen-s-beauty-salon-houston-3c15c338",1,74,1.35,12.9
"/stores/beauty-queen-hair-beauty-supply-houston-77090-7ff2442c",1,74,1.35,5.7
"/barbers/2blendz-barbershop-deer-park-tx-21362bcd",0,74,0.00,9.6
"/salons/15-studio-beauty-houston-d4a524ac",0,74,0.00,10.0
"/salons/aizah-s-salon-and-spa-houston-58062830",0,74,0.00,7.3
"/salons/express-hair-salon-houston-5b36aaac",0,74,0.00,17.1
"/salons/hair-solutions-houston-46fb5025",0,74,0.00,14.8
"/salons/rima-salon-houston-2ab8cb9f",0,74,0.00,8.4
"/salons/royal-hair-salon-houston-83400f60",0,74,0.00,7.0
"/salons/sabeenz-salon-sugar-land-96692a0f",0,74,0.00,4.8
"/salons/true-perfection-salon-houston-ede76d6c",0,74,0.00,7.3
"/salons/yun-s-hair-houston-cb2719cf",0,74,0.00,4.8
"/schools/paul-mitchell-the-school-clear-lake-webster-6b97ba1d",0,74,0.00,9.9
"/stores/jessica-beauty-supply-mckinney-fbb8c43c",0,74,0.00,8.7
"/salons/adi-s-beauty-salon-houston-57fc35ba",1,73,1.37,5.5
"/salons/simply-divine-hair-houston-24f68445",1,73,1.37,6.4
"/salons/urbana-beauty-barbershop-houston-4940a067",1,73,1.37,7.4
"/barbers/the-xperience-barber-lounge-mesquite-75149-861da4d2",0,73,0.00,7.4
"/salons/ah-siek-beauty-bar-houston-0f7e3224",0,73,0.00,6.6
"/salons/maha-s-threading-salon-2-tidwel-rd-houston-6253a81b",0,73,0.00,8.6
"/salons/ml2-hair-design-kim-son-plaza-houston-a4fa4a96",0,73,0.00,12.5
"/salons/shirley-beauty-sal-n-houston-164480a6",0,73,0.00,7.8
"/salons/tfo-salon-houston-4c0fe6c3",0,73,0.00,8.3
"/stores/beauty-depot-nail-supply-katy-cbcd1f85",0,73,0.00,10.7
"/stores/jc-beauty-supply-fort-worth-1791c6a8",0,73,0.00,5.5
"/stores/rda-pro-mart-houston-77062-1e34f3f6",0,73,0.00,12.4
"/stores/twin-s-2-beauty-supply-houston-77084-a795b4c9",0,73,0.00,9.7
"/schools/upscale-barber-academy-waxahachie-0d0892cd",4,72,5.56,8.5
"/salons/seamless-head-spa-houston-d4a45182",1,72,1.39,4.0
"/schools/l-makeup-institute-southlake-b957131c",1,72,1.39,15.6
"/salons/ashley-mitchell-salon-and-spa-houston-89e022c9",0,72,0.00,8.9
"/salons/beauty-empire-21-houston-8febe7ef",0,72,0.00,7.9
"/salons/good-hair-houston-cbbc1ac6",0,72,0.00,7.4
"/salons/luxe-salon-spa-houston-732a2954",0,72,0.00,13.7
"/salons/salons-d-allon-suites-houston-aa574cc1",0,72,0.00,7.0
"/stores/ala-beauty-corp-salon-equipment-warehouse-dallas-63cab43b",0,72,0.00,6.3
"/stores/saloncentric-houston-77094-d3aa5fec",0,72,0.00,7.6
"/schools/oz-barber-and-piercing-academy-dallas-5bd68eba",2,71,2.82,7.8
"/salons/sandy-s-hair-salon-houston-6476327a",1,71,1.41,6.8
"/stores/beautician-mix-austin-5fac17f8",1,71,1.41,7.4
"/salons/bellas-artes-beauty-salon-houston-3d756aa8",0,71,0.00,8.7
"/salons/bonita-threading-salon-houston-bc620614",0,71,0.00,3.2
"/salons/deluxe-hair-studio-and-barbershop-houston-1a6ab564",0,71,0.00,7.0
"/salons/posh-beauty-and-barber-hair-salon-houston-b924d588",0,71,0.00,7.2
"/salons/salons-by-jc-park-lakes-houston-d0460095",0,71,0.00,7.9
"/salons/savoir-hair-braiding-houston-d140f8a0",0,71,0.00,7.1
"/salons/supercuts-houston-757d6f63",0,71,0.00,9.6
"/salons/the-king-hair-salon-houston-87edfe0d",0,71,0.00,9.3
"/schools/249-beauty-college-houston-73e93b5e",0,71,0.00,8.7
"/schools/bella-beauty-college-waco-campus-waco-cabf527f",0,71,0.00,9.6
"/schools/mystros-barber-academy-missouri-city-0ac97d4f",0,71,0.00,8.6
"/schools/sloan-beauty-academy-addison-27740f6c",0,71,0.00,7.0
"/shop/legacy-barbers-of-the-woodlands-the-woodlands-3ca9a24e",0,71,0.00,6.4
"/stores/joys-beauty-supply-houston-77090-7b6a16ef",0,71,0.00,6.3
"/stores/sally-beauty-houston-77062-b6233253",0,71,0.00,9.1
"/stores/ultra-beauty-supply-houston-77099-d602a7c2",0,71,0.00,8.4
"/salons/salon-mirage-and-med-spa-tyler-6e824205",1,70,1.43,6.3
"/barbers/blue-collar-gentlemens-parlor-pearland-77581-f0281926",0,70,0.00,8.7
"/salons/aisha-s-salon-spa-houston-2903786b",0,70,0.00,10.1
"/salons/ali-s-hair-salon-houston-1aece8b1",0,70,0.00,7.4
"/salons/estrella-beauty-shop-houston-0b1878f4",0,70,0.00,8.1
"/salons/glitter-beauty-salon-boutique-houston-fff77bac",0,70,0.00,6.8
"/salons/ktx-hair-salon-houston-9f81821a",0,70,0.00,8.1
"/salons/milagro-s-beauty-salon-houston-5158f9df",0,70,0.00,9.2
"/salons/posh-nails-baytown-baytown-89d6cebd",0,70,0.00,7.2
"/salons/studio-lux-hair-and-scalp-treatment-salon-houston-5aa60089",0,70,0.00,8.0
"/schools/texas-college-of-cosmetology-san-angelo-96c96d17",0,70,0.00,10.9
"/shop/bless-up-barbershop-tyler-53fbea53",0,70,0.00,9.7
"/shop/juma-barberbershop-san-antonio-230cf780",0,70,0.00,7.2
"/stores/bath-body-works-houston-77058-69307a98",0,70,0.00,8.4
"/stores/king-s-beauty-houston-77078-105823c6",0,70,0.00,7.1
"/stores/lolibay-beauty-supply-houston-77098-2eca5cd0",0,70,0.00,7.9
"/stores/super-beauty-fort-worth-8b35db86",0,70,0.00,5.4
"/stores/supreme-beauty-houston-77098-77ba61f8",0,70,0.00,14.0
"/stores/urban-beauty-austin-a659d51f",0,70,0.00,6.4
"/salons/la-perla-dominican-salon-houston-ba4659a3",2,69,2.90,5.9
"/salons/harlow-beauty-and-hair-salon-austin-46039046",1,69,1.45,8.6
"/salons/monica-s-hair-make-up-houston-d0916224",1,69,1.45,7.7
"/shop/urban-flow-barber-shop-beaumont-f13ffabe",1,69,1.45,4.7
"/salons/beauty-vibes-houston-17954c64",0,69,0.00,8.6
"/salons/ceron-hair-studio-kirby-grove-houston-b89da02d",0,69,0.00,12.3
"/salons/cost-cutters-houston-e77a6489",0,69,0.00,8.2
"/salons/delux-hair-studio-houston-6dc95304",0,69,0.00,10.2
"/salons/labelle-beauty-salon-houston-5900337d",0,69,0.00,7.7
"/salons/metime-nail-bar-missouri-city-1d4bae59",0,69,0.00,8.0
"/salons/tu-y-yo-at-ofelia-s-salon-houston-ec7dec80",0,69,0.00,7.9
"/schools/hollywood-beauty-school-garland-28069773",0,69,0.00,6.8
"/stores/b-o-s-s-barber-beauty-headquarters-1-houston-77032-a6d52d4b",0,69,0.00,11.0
"/texas/houston/insights/market-analysis/32-degreez-barber-shop-and-beauty",0,69,0.00,4.5
"/salons/esperanza-s-hair-salon-houston-8961e82f",2,68,2.94,5.2
"/salons/1-hair-salon-houston-bba347e4",1,68,1.47,8.5
"/schools/ann-gee-s-barber-academy-midland-ada3813a",1,68,1.47,7.9
"/schools/eyes-on-me-advanced-barber-school-kerrvi-kerrville-9ae12879",1,68,1.47,8.5
"/schools/mission-beauty-institute-mission-cfe71369",1,68,1.47,7.6
"/schools/rio-men-barber-school-mcallen-609946d8",1,68,1.47,3.3
"/stores/northwest-beauty-supply-houston-77059-0799476a",1,68,1.47,4.6
"/salons/artistry-beauty-salon-houston-05a66f64",0,68,0.00,8.4
"/salons/fuzion-hair-salon-houston-9f98cb90",0,68,0.00,8.6
"/salons/great-hair-plus-houston-6608776f",0,68,0.00,2.4
"/salons/hair-revolution-houston-7574826b",0,68,0.00,9.3
"/salons/home-of-beauty-xiv-houston-cf2b5d06",0,68,0.00,9.7
"/salons/horacio-s-beauty-salon-houston-304aab67",0,68,0.00,6.6
"/salons/jonez-barbershop-hair-studio-houston-3200409e",0,68,0.00,5.4
"/salons/kenia-beauty-salon-houston-49de5245",0,68,0.00,5.1
"/salons/l-l-beauty-salon-sugar-land-888395a1",0,68,0.00,8.7
"/salons/la-rosa-hair-studio-houston-47b7ff3e",0,68,0.00,7.6
"/salons/sedora-salons-houston-22141f41",0,68,0.00,6.6
"/shop/chops-barber-lounge-pearland-51dca965",0,68,0.00,9.3
"/stores/sally-beauty-houston-77058-9a733e89",0,68,0.00,9.9
"/stores/the-barber-plug-supply-co-houston-77086-f5e8d091",0,68,0.00,13.9
"/salons/hauck-s-hair-haven-houston-88816412",2,67,2.99,4.3
"/schools/xtreme-beauty-academy-llc-houston-e6c541b0",1,67,1.49,6.1
"/salons/beauty-designers-studio-houston-6efa7330",0,67,0.00,14.0
"/salons/bombshell-hair-shop-houston-6e6442b5",0,67,0.00,6.0
"/salons/desert-rose-salon-houston-1f36bd28",0,67,0.00,5.9
"/salons/london-heights-hair-nail-salon-houston-7952b009",0,67,0.00,6.4
"/salons/lucy-s-beauty-salon-houston-85d12bb4",0,67,0.00,13.4
"/salons/milano-nail-spa-memorial-houston-fae2c967",0,67,0.00,11.9
"/salons/nu-me-hair-studio-irving-043fe204",0,67,0.00,5.6
"/salons/qua-salon-houston-a105dae2",0,67,0.00,9.1
"/salons/quick-clips-hair-salon-houston-8b5ab1cc",0,67,0.00,7.2
"/salons/tst-cuts-humble-e99604b9",0,67,0.00,6.5
"/salons/valeria-s-salon-houston-54085657",0,67,0.00,10.6
"/schools/xotic-barber-academy-austin-03acdbde",0,67,0.00,8.3
"/stores/faded-universe-barber-lounge-houston-77059-2ac156f8",0,67,0.00,7.6
"/stores/glam-beauty-supply-laredo-9da8147f",0,67,0.00,5.0
"/stores/uptown-beauty-supply-10-houston-77090-8e0c07e5",0,67,0.00,22.0
"/salons/elvira-s-beauty-sal-n-barbershop-houston-3888537b",2,66,3.03,7.0
"/salons/camerino-salon-houston-4e65d7b1",1,66,1.52,5.2
"/stores/an-s-nail-supply-houston-77089-a6311346",1,66,1.52,4.2
"/stores/uptown-beauty-supply-6-houston-77082-b4795558",1,66,1.52,14.4
"/salons/202-beauty-lounge-waco-b1f65f8a",0,66,0.00,6.0
"/salons/kelly-hair-salon-houston-c5cef800",0,66,0.00,9.0
"/salons/muse-studio-houston-31d8d896",0,66,0.00,12.0
"/salons/nikki-s-beauty-salon-houston-f47a59c8",0,66,0.00,12.6
"/salons/the-mane-allure-houston-a28dc8e7",0,66,0.00,8.5
"/schools/the-facial-wellness-society-sugar-land-fbc32fba",0,66,0.00,13.8
"/shop/gents-vii-barbershop-sherman-7509ce1b",0,66,0.00,6.7
"/stores/get-it-beauty-supply-houston-77073-24fd4b48",0,66,0.00,9.3
"/stores/langley-beauty-supply-houston-77093-3b2bf6e6",0,66,0.00,6.8
"/shop/sirsam-barbershop-houston-77085-7b279cd8",3,65,4.62,2.3
"/schools/odessa-college-odessa-83edec6d",2,65,3.08,13.9
"/salons/la-tino-hair-houston-8fc90824",1,65,1.54,6.3
"/schools/elle-beauty-academy-llc-lakeland-52868c0d",1,65,1.54,9.1
"/stores/uptown-beauty-supply-15-houston-77095-e51b0840",1,65,1.54,6.7
"/barbers/vip-barber-shop-studio-houston-77092-84d765a3",0,65,0.00,16.1
"/salons/arte-y-estilos-barber-shop-beauty-salon-houston-3a104fcc",0,65,0.00,6.8
"/salons/artisan-loft-salon-houston-b9b49cd9",0,65,0.00,7.7
"/salons/atelier-art-of-cut-houston-8ceba2e8",0,65,0.00,9.4
"/salons/bella-s-beauty-salon-houston-b985c90a",0,65,0.00,9.0
"/salons/diliana-s-hair-salon-houston-b269c7cd",0,65,0.00,6.4
"/salons/fox-hair-nails-houston-41dd50ce",0,65,0.00,5.9
"/salons/l-artist-hair-salon-garland-fb117404",0,65,0.00,7.0
"/salons/letty-s-hair-design-houston-3c361714",0,65,0.00,5.6
"/salons/mary-s-beauty-hair-salon-irving-2013f611",0,65,0.00,7.6
"/salons/reyna-s-beauty-salon-houston-0ba66a06",0,65,0.00,8.6
"/salons/visible-changes-inside-the-woodlands-mall-the-woodlands-7594c2c2",0,65,0.00,13.4
"/schools/beauty-kulture-academy-desoto-32ec2340",0,65,0.00,8.5
"/schools/immaculate-cut-barber-institute-fort-worth-tx-fort-worth-536d663c",0,65,0.00,9.7
"/schools/nuvani-institute-uvalde-uvalde-30c8aa31",0,65,0.00,9.5
"/schools/texas-beauty-college-haltom-city-d6f9e55a",0,65,0.00,5.5
"/shop/titan-barbershop-suites-conroe-d3ae6aa8",0,65,0.00,6.9
"/barbers/sly-the-barber-tx-d6c786d8",0,64,0.00,4.8
"/barbers/the-king-barber-shop-tx-d2e7020a",0,64,0.00,8.1
"/salons/alba-s-hair-salon-houston-a300d550",0,64,0.00,6.4
"/salons/antoine-hair-salon-houston-e89a68e2",0,64,0.00,8.1
"/salons/beautique-town-country-houston-f22bbb25",0,64,0.00,8.8
"/salons/dulce-s-beauty-salon-houston-8d649078",0,64,0.00,6.6
"/salons/esther-s-hair-salon-houston-d79471da",0,64,0.00,9.3
"/salons/flawless-beauty-co-houston-8c04a5ca",0,64,0.00,23.3
"/salons/front-cover-hair-studios-houston-875e3e2d",0,64,0.00,8.8
"/salons/laura-s-beauty-salon-houston-68029a8f",0,64,0.00,7.5
"/salons/m-m-beauty-outlet-houston-4f5936b1",0,64,0.00,9.0
"/salons/salon-d-dallas-962044b6",0,64,0.00,13.6
"/salons/signature-hair-salon-vintage-park-houston-3957e1a9",0,64,0.00,5.6
"/schools/cut-shave-barber-college-san-antonio-12c422c5",0,64,0.00,10.1
"/schools/expert-barber-beauty-academy-mc-kinney-953481e8",0,64,0.00,10.1
"/schools/milan-institute-houston-houston-2b129599",0,64,0.00,9.0
"/stores/lu-s-barber-shop-haircut-shave-clear-lake-houston-77059-f021beeb",0,64,0.00,8.7
"/stores/popshelf-houston-77094-431843bf",0,64,0.00,8.4
"/stores/texas-nail-supply-garland-tx-plano-86b575d3",0,64,0.00,3.8
"/salons/chee-master-hair-braiding-houston-746bb6b7",2,63,3.17,6.2
"/stores/beauty-pop-houston-77095-05bff1bf",2,63,3.17,14.4
"/salons/adara-hair-nail-salon-san-antonio-901b8bf3",1,63,1.59,7.8
"/salons/maria-s-beauty-lounge-houston-12b31e46",1,63,1.59,6.7
"/salons/salon-de-belleza-garcia-houston-50067637",1,63,1.59,5.8
"/salons/veronica-s-hair-salon-houston-940cbce9",1,63,1.59,7.2
"/schools/lush-esthetics-institute-llc-lytle-1b8d8af0",1,63,1.59,9.2
"/salons/aguilar-beauty-products-pflugerville-4362c6bb",0,63,0.00,3.4
"/salons/eden-salon-suites-houston-800b765f",0,63,0.00,10.9
"/salons/fantasty-cut-nails-houston-78b1ecb8",0,63,0.00,5.7
"/salons/glo-beauty-lab-houston-12bf95cc",0,63,0.00,13.5
"/salons/melilzy-beauty-salon-houston-e9611fc2",0,63,0.00,5.5
"/salons/sh-salon-clear-lake-location-houston-a5b79efb",0,63,0.00,13.2
"/salons/vi-salon-houston-a2845d31",0,63,0.00,13.7
"/schools/empire-hair-institute-clute-107d9ff6",0,63,0.00,6.4
"/schools/glam-beauty-academy-llc-odessa-2450a32b",0,63,0.00,17.4
"/schools/meraki-institute-of-beauty-and-wellness-pharr-f7962ebc",0,63,0.00,6.3
"/schools/royalty-lash-academy-llc-arlington-3f0bf8d0",0,63,0.00,6.9
"/schools/white-elm-wellness-institute-college-station-59b011d4",0,63,0.00,9.0
"/shop/colt-the-barber-waco-7b501b9c",0,63,0.00,5.0
"/stores/buw-human-hair-factory-store-houston-west-houston-77083-cad218ac",0,63,0.00,9.8
"/stores/legendary-clipperz-barbershop-houston-77073-d64e8d25",0,63,0.00,11.0
"/stores/mahogany-beauty-supply-salon-houston-77096-0fb5db9b",0,63,0.00,9.2
"/stores/ultra-beauty-supply-houston-77087-68f20017",0,63,0.00,9.2
"/salons/dora-s-beauty-salon-houston-ce6aac46",1,62,1.61,7.3
"/salons/kim-s-hair-and-nail-studio-houston-18440557",1,62,1.61,9.9
"/barbers/fade-gallery-dallas-75244-dc7c46fa",0,62,0.00,17.1
"/salons/be-you-tiful-creations-beauty-salon-spa-el-paso-6fcdb0de",0,62,0.00,8.5
"/salons/emily-s-hair-salon-houston-fc59162c",0,62,0.00,8.1
"/schools/empire-beauty-academy-of-paris-texas-paris-bdeafbdd",0,62,0.00,9.9
"/schools/fademasterz-barber-academy-temple-e97b2e4e",0,62,0.00,9.1
"/stores/beauty-empire-houston-77083-6fbf1be9",0,62,0.00,35.4
"/schools/vernon-college-wichita-falls-fe75e1f3",3,61,4.92,7.8
"/schools/texas-institute-of-nails-esthetics-tyler-9df15f49",2,61,3.28,13.0
"/salons/pro-stylist-houston-5df95f89",1,61,1.64,8.3
"/salons/q-harris-salon-houston-3222413a",1,61,1.64,9.1
"/salons/slayyyed-beauty-lounge-houston-272c87ea",1,61,1.64,7.5
"/salons/vero-s-hair-studio-houston-2e674eb7",1,61,1.64,9.2
"/schools/college-of-the-mainland-texas-city-dbf2c952",1,61,1.64,7.0
"/stores/q-fashion-beauty-supply-i-houston-77063-024b71b0",1,61,1.64,7.0
"/salons/chi-lumi-re-houston-be892451",0,61,0.00,5.3
"/salons/christine-s-salon-houston-616f673d",0,61,0.00,6.9
"/salons/fabi-s-beauty-and-nails-salon-houston-6b98af52",0,61,0.00,10.9
"/salons/hasan-beauty-club-laredo-84b36881",0,61,0.00,3.4
"/salons/headspace-salon-austin-4f4a0036",0,61,0.00,5.2
"/salons/liza-s-beauty-salon-torito-s-barber-houston-1cc8e85a",0,61,0.00,7.7
"/salons/sunny-salon-baytown-937c5046",0,61,0.00,4.9
"/salons/the-factory-salon-fairfield-cypress-90c67643",0,61,0.00,7.1
"/salons/the-rage-salon-tyler-c1f0f72e",0,61,0.00,7.4
"/salons/the-upper-hand-salon-memorial-houston-473ed993",0,61,0.00,9.8
"/salons/twins-beauty-salon-houston-5e840404",0,61,0.00,5.9
"/salons/voss-salon-dallas-2f975abf",0,61,0.00,8.4
"/schools/brazen-beauty-academy-san-antonio-77ba9960",0,61,0.00,7.5
"/schools/man-barbershop-academy-mcallen-f09d575f",0,61,0.00,4.6
"/shop/bricktown-barbershop-amarillo-959c7fbd",0,61,0.00,10.4
"/stores/bath-body-works-houston-77019-86c1a059",0,61,0.00,6.7
"/stores/beauty-empire-27-houston-77096-db90afac",0,61,0.00,8.6
"/stores/ks-beauty-supply-houston-77095-e4ebd30e",0,61,0.00,8.0
"/schools/ogle-school-hair-skin-nails-houston-b6bcf873",2,60,3.33,10.3
"/salons/blendz-by-jenn-houston-30068d63",1,60,1.67,7.0
"/salons/elham-hair-salon-houston-8c731729",1,60,1.67,5.7
"/schools/lee-college-cosmetology-baytown-eae680a6",1,60,1.67,10.2
"/schools/trendz-barber-academy-lubbock-ee4d320b",1,60,1.67,8.9
"/barbers/barber-nando-tx-fd2ff966",0,60,0.00,7.6
"/salons/aarti-beauty-salon-houston-cb38d3d6",0,60,0.00,6.1
"/salons/alondra-s-hair-salon-houston-3c48fe7f",0,60,0.00,7.4
"/salons/chungdam-hair-salon-head-spa-dallas-4a94eb30",0,60,0.00,8.8
"/salons/emmanuel-s-beauty-salon-houston-fe8c7efc",0,60,0.00,9.5
"/salons/front-room-hair-studio-houston-3bdd2052",0,60,0.00,9.8
"/salons/perfect-cut-salon-houston-65995c72",0,60,0.00,5.3
"/salons/salon-180-houston-b4f4ed4c",0,60,0.00,8.3
"/salons/she-turns-heads-salon-conroe-1278edb5",0,60,0.00,7.1
"/schools/paul-mitchell-the-barber-school-san-antonio-0726213e",0,60,0.00,11.6
"/stores/omgthebarber-5-star-houston-77090-bd20695c",0,60,0.00,3.7
"/stores/sally-beauty-houston-77094-6ab418b1",0,60,0.00,12.2
"/stores/the-barber-collection-katy-houston-77094-d9fc2442",0,60,0.00,7.2
"/barbers/the-friends-barber-shop-tx-e7dc4a9a",1,59,1.69,7.9
"/salons/clio-vip-beauty-salon-houston-604f2a01",0,59,0.00,6.3
"/salons/dovera-beauty-head-spa-g-i-u-d-ng-sinh-houston-af72b3de",0,59,0.00,9.9
"/salons/edit-salon-sugar-land-907a9dce",0,59,0.00,7.9
"/salons/elizabeth-s-hair-salon-barber-shop-houston-dc8a89e6",0,59,0.00,6.4
"/salons/hair-by-david-houston-bcfaed82",0,59,0.00,8.8
"/salons/hair-by-nikki-houston-f755f7b5",0,59,0.00,9.3
"/salons/jenni-s-hair-salon-houston-5e5fbe28",0,59,0.00,8.7
"/salons/km-hair-studio-houston-d7876087",0,59,0.00,13.4
"/salons/magic-hair-nails-houston-dca62722",0,59,0.00,6.1
"/salons/nena-s-hair-studio-houston-2b3ada55",0,59,0.00,8.0
"/salons/salon-555-san-antonio-4b47300c",0,59,0.00,6.6
"/salons/the-hair-studio-houston-2558df55",0,59,0.00,10.7
"/schools/sleeping-beauty-lash-institute-salon-llc-austin-7d8fbd7e",0,59,0.00,9.2
"/schools/texasfadez-barber-college-oakcliff-dallas-1d5fb3e3",0,59,0.00,9.6
"/schools/vogue-college-san-antonio-san-antonio-70a0aaa1",0,59,0.00,11.3
"/stores/mdi-salon-equipment-houston-77085-384bd10a",0,59,0.00,7.5
"/texas/houston/insights/market-analysis/made-men-barber-hair-salon-design-cuts",0,59,0.00,1.2
"/salons/its-a-hair-studio-houston-24db3361",6,58,10.34,8.1
"/salons/shirley-hair-studio-houston-cb3b7448",1,58,1.72,5.6
"/barbers/kuts-society-tx-2efb732d",0,58,0.00,4.8
"/barbers/kuttin-edge-barbershop-salon-pearland-77584-7e78e839",0,58,0.00,9.8
"/barbers/next-level-kutz-tx-461d5e0d",0,58,0.00,8.2
"/salons/carmen-beauty-salon-houston-0ee1aa79",0,58,0.00,12.7
"/salons/pyramid-hair-studio-houston-6500d757",0,58,0.00,7.8
"/salons/salons-by-jc-houston-north-champions-willowbrook-houston-66fb21b3",0,58,0.00,11.2
"/salons/sos-salon-unisex-houston-ff122f13",0,58,0.00,10.5
"/salons/the-salon-elev8-houston-679bc7ca",0,58,0.00,6.9
"/schools/dallas-barber-and-stylist-college-arlington-d0d9994f",0,58,0.00,9.4
"/shop/supreme-cuts-barbershop-austin-32a84446",0,58,0.00,7.9
"/stores/beauty-empire-houston-77090-e6e060bf",0,58,0.00,26.1
"/stores/sally-beauty-houston-77080-765e237b",0,58,0.00,13.3
"/salons/beauty-beyond-salon-and-barbershop-houston-c6d2d5eb",1,57,1.75,6.8
"/salons/kim-s-beauty-salons-8-men-boys-haircut-jones-rd-fm-1960-houston-cc0a8746",1,57,1.75,4.6
"/schools/heights-beauty-college-pasadena-288e0eec",1,57,1.75,6.9
"/schools/wade-gordon-hairdressing-academy-amarillo-3978a308",1,57,1.75,9.7
"/barbers/anteiku-jovany-castro-at-ablendz-dallas-75215-46d8d73e",0,57,0.00,4.9
"/salons/beauty-island-houston-9810437f",0,57,0.00,8.7
"/salons/gloria-s-beauty-salon-houston-3f4c346d",0,57,0.00,8.7
"/salons/hair-by-angel-salon-houston-e0c707c1",0,57,0.00,9.4
"/salons/l-shear-hair-salon-spa-houston-2d4a48e1",0,57,0.00,9.0
"/salons/latino-s-beauty-salon-houston-f228d786",0,57,0.00,8.3
"/salons/maggy-s-hair-salon-houston-7eb0b692",0,57,0.00,13.7
"/salons/master-cuts-n-styles-houston-d5b117aa",0,57,0.00,10.0
"/salons/salon-accente-pasadena-ef32b80d",0,57,0.00,8.1
"/schools/360-degrees-beauty-academy-1-inc-houston-d4ea7c83",0,57,0.00,12.8
"/schools/the-beauty-point-academy-san-antonio-e6860309",0,57,0.00,8.5
"/stores/bless-beauty-supply-gb-houston-77099-b630b176",0,57,0.00,7.8
"/stores/bluemercury-houston-77027-cdb7a709",0,57,0.00,17.9
"/stores/jenny-beauty-supply-super-center-dallas-a0285c90",0,57,0.00,9.1
"/stores/kiwi-beauty-supply-dallas-07400c3b",0,57,0.00,8.6
"/salons/q-z-hair-studio-houston-9a30fe40",1,56,1.79,5.8
"/salons/the-beauty-bar-by-amy-and-joe-laredo-ecb8c8c5",1,56,1.79,8.6
"/salons/vd-vegas-beauty-salon-houston-3c22fb6f",1,56,1.79,3.9
"/schools/graham-s-barber-college-dallas-8ed1aa54",1,56,1.79,8.2
"/schools/houston-training-schools-inc-houston-eef29938",1,56,1.79,15.9
"/schools/midland-college-midland-b5ddae77",1,56,1.79,10.2
"/barbers/cole-shears-barbershop-tx-e64691b7",0,56,0.00,7.3
"/barbers/olee-the-barber-olee-s-jacinto-city-tx-39f2e2ac",0,56,0.00,14.4
"/salons/clique-houston-a9707564",0,56,0.00,11.7
"/salons/hair-and-nails-by-keyla-houston-bbff4f19",0,56,0.00,5.3
"/salons/hair-nails-by-hoang-son-houston-442bb115",0,56,0.00,4.6
"/salons/olivia-hair-salon-houston-10f51415",0,56,0.00,5.5
"/salons/opulence-beauty-spot-houston-de7e8ea2",0,56,0.00,7.5
"/salons/red-stella-salon-austin-a522c06e",0,56,0.00,10.4
"/salons/reyna-s-braiding-houston-c69c6331",0,56,0.00,10.1
"/salons/salons-on-the-lake-houston-10360a89",0,56,0.00,8.0
"/salons/serenity-salon-suites-houston-91f85d71",0,56,0.00,9.9
"/salons/sport-clips-haircuts-of-clear-lake-marketplace-houston-7372d4ce",0,56,0.00,10.4
"/salons/sulmy-nails-studio-houston-246c7715",0,56,0.00,6.7
"/schools/a-m-barber-academy-fort-worth-fort-worth-4a4f3911",0,56,0.00,10.1
"/shop/el-mambo-barbershop-garland-cd23dc60",0,56,0.00,8.8
"/stores/beauty-town-baytown-605b68bb",0,56,0.00,8.4
"/stores/bloom-my-beauty-houston-77083-d45ec136",0,56,0.00,9.5
"/stores/rda-pro-mart-houston-77059-ebb989f1",0,56,0.00,12.2
"/stores/sasha-beaute-boutique-houston-77080-e4e87772",0,56,0.00,8.3
"/stores/uptown-beauty-supply-5-houston-77083-acec7833",0,56,0.00,6.3
"/salons/dj-hair-salon-houston-2c217030",4,55,7.27,6.4
"/salons/blessing-hand-hair-braiding-houston-a7e8eb4e",3,55,5.45,7.3
"/salons/yazmin-s-hair-salon-houston-fe398595",1,55,1.82,13.6
"/barbers/k-h-royalty-barber-tx-d819c6ee",0,55,0.00,8.5
"/salons/aly-s-beauty-salon-houston-2f72922d",0,55,0.00,9.7
"/salons/bloom-hair-bar-fort-worth-7c33c64d",0,55,0.00,7.9
"/salons/gd-beauty-dilyara-houston-dfa0ebc5",0,55,0.00,9.6
"/salons/glam-365-hair-salon-houston-9cb8f895",0,55,0.00,8.5
"/salons/ideal-salon-mckinney-685f14fd",0,55,0.00,6.8
"/salons/smart-cuts-hair-salon-houston-de8b201d",0,55,0.00,10.8
"/salons/sparkles-nail-lounge-head-spa-waco-ccbb1de9",0,55,0.00,6.1
"/shop/dream-chasers-barber-beauty-studio-humble-ba715140",0,55,0.00,8.0
"/stores/clipperboy-hd-houston-77085-5bd97a01",0,55,0.00,28.8
"/salons/ayza-threading-salon-houston-28335f2b",1,54,1.85,5.1
"/salons/mendoza-beauty-salon-houston-a10f4041",1,54,1.85,5.7
"/salons/mila-bee-studios-houston-50a536b6",1,54,1.85,8.3
"/salons/zulema-s-beauty-salon-houston-1eb33e68",1,54,1.85,5.3
"/stores/hair-mart-beauty-supply-dallas-b55ba04f",1,54,1.85,5.9
"/stores/salon-city-dallas-d7a9ed24",1,54,1.85,3.1
"/barbers/rj-barber-shop-tx-373cf97b",0,54,0.00,9.2
"/salons/anointed-hands-hair-salon-houston-ea91940d",0,54,0.00,8.0
"/salons/beauty-bar-by-tee-houston-f15c22a0",0,54,0.00,9.4
"/salons/behold-the-beauty-houston-c16beb38",0,54,0.00,9.8
"/salons/d-p-hair-salon-houston-db4cfee7",0,54,0.00,25.9
"/salons/estetica-super-kuts-houston-0e91251d",0,54,0.00,7.1
"/salons/hair-garden-salon-houston-2224ca4d",0,54,0.00,8.6
"/salons/hair-salon-by-moises-houston-f840af9f",0,54,0.00,7.2
"/salons/jacqueline-s-day-spa-salon-houston-9de1ac21",0,54,0.00,11.2
"/salons/namaste-brows-plano-plano-a5e97999",0,54,0.00,9.6
"/salons/new-york-unisex-beauty-salon-houston-d259d2cf",0,54,0.00,7.4
"/salons/ro-s-natural-hair-studio-llc-houston-c521c876",0,54,0.00,9.3
"/salons/suite-life-salon-suites-houston-bb6853c2",0,54,0.00,9.2
"/salons/the-hair-retreat-houston-cd721478",0,54,0.00,10.7
"/salons/tim-jon-salon-plano-9bce9082",0,54,0.00,6.9
"/schools/houston-barber-school-houston-846273a2",0,54,0.00,8.7
"/schools/lashing-out-ink-academy-llc-harker-heights-ff01c3b2",0,54,0.00,9.2
"/schools/v-s-vogue-beauty-academy-grand-prairie-cdac4880",0,54,0.00,9.0
"/stores/ej-beauty-supply-houston-77090-c65c0db9",0,54,0.00,7.9
"/stores/elite-barber-company-houston-77058-2a446c31",0,54,0.00,17.9
"/stores/jenny-beauty-supply-lewisville-mckinney-841a7ab7",0,54,0.00,8.9
"/stores/liz-s-beauty-supply-braiding-wigs-african-hair-products-houston-77069-ff2b79dd",0,54,0.00,6.5
"/stores/usa-beauty-supply-fort-worth-8a1a68b2",0,54,0.00,9.6
"/salons/carmen-s-beauty-salon-houston-f8e1dfcc",1,53,1.89,9.7
"/salons/ciao-salon-houston-ab9f3c6b",1,53,1.89,9.1
"/salons/instyle-beauty-salon-suites-houston-b3885796",1,53,1.89,9.3
"/barbers/the-boys-club-tx-f36d3e94",0,53,0.00,9.4
"/barbers/tough-luck-barber-tx-01442e74",0,53,0.00,10.8
"/insights/booth-rental-contract-requirements-texas",0,53,0.00,9.3
"/salons/alpine-rose-salon-league-city-c27fd2e0",0,53,0.00,7.1
"/salons/color-us-salon-cypress-25be1386",0,53,0.00,8.4
"/salons/darla-s-hair-studio-houston-1514837d",0,53,0.00,5.9
"/salons/emely-s-family-haircut-houston-e4825900",0,53,0.00,6.7
"/salons/fs-cut-color-mckinney-fantastic-sams-hair-salon-mckinney-ad438f50",0,53,0.00,8.1
"/salons/glam-house-hair-salon-houston-94495de9",0,53,0.00,7.5
"/salons/hair-designs-by-antoinette-llc-houston-e1a20133",0,53,0.00,9.0
"/salons/image-studios-salon-suites-houston-memorial-tx-houston-20cb12b3",0,53,0.00,11.1
"/salons/vellisimo-hair-studio-spa-formerly-vellisimo-salon-spa-houston-35d54a2f",0,53,0.00,8.3
"/salons/von-anthony-salon-frisco-ea465ba6",0,53,0.00,8.5
"/schools/academy-of-aesthetics-and-laser-flower-mound-69d97a36",0,53,0.00,8.2
"/schools/allure-academy-llc-henderson-87a6c60b",0,53,0.00,9.8
"/schools/paul-mitchell-the-school-san-antonio-san-antonio-b469e84d",0,53,0.00,14.3
"/schools/the-hair-academy-odessa-125925d3",0,53,0.00,5.9
"/schools/tre-s-barber-institute-austin-3f5af657",0,53,0.00,9.8
"/stores/american-beauty-supply-houston-77083-9efe4cd5",0,53,0.00,7.6
"/stores/gold-7-beauty-supply-plano-566f6a13",0,53,0.00,8.2
"/salons/hair-essentials-weave-bar-houston-855af8c6",3,52,5.77,3.2
"/salons/juanitas-isa-iris-hair-salon-2-houston-75ad5358",3,52,5.77,6.4
"/stores/supreme-beauty-houston-77048-267087d3",2,52,3.85,16.5
"/barbers/frankblends-tx-13f4172a",1,52,1.92,9.1
"/salons/ebenezer-beauty-salon-african-hair-braiding-tyler-64c46162",1,52,1.92,2.9
"/salons/salon-meyerland-natural-and-relaxed-black-hair-in-houston-houston-c9189bcc",1,52,1.92,10.2
"/barbers/fellas-barbershop-houston-77073-c7005c69",0,52,0.00,11.0
"/salons/electric-avenue-salon-houston-3ddeecc3",0,52,0.00,6.1
"/salons/elite-hair-studio-houston-a446f2e2",0,52,0.00,35.6
"/salons/fringe-salon-and-color-bar-houston-3569edbe",0,52,0.00,9.6
"/salons/kwayah-african-braiding-hair-salon-houston-8dde04b2",0,52,0.00,7.8
"/salons/lalla-pedi-spa-pasadena-9bc71706",0,52,0.00,7.3
"/salons/lynnie-beauty-salon-houston-8ce1d706",0,52,0.00,6.9
"/salons/magic-salon-spa-pflugerville-7ef4d6de",0,52,0.00,7.7
"/salons/monica-s-beauty-salon-houston-7072a60a",0,52,0.00,7.5
"/salons/my-beauty-salon-houston-272b58cc",0,52,0.00,8.9
"/salons/raimon-s-salon-de-beaute-houston-db5b608d",0,52,0.00,10.4
"/salons/salon-in-the-heights-houston-8fbf753c",0,52,0.00,19.9
"/salons/soco-blow-dry-bar-college-station-9a96eafb",0,52,0.00,7.4
"/salons/technic-league-city-028c24a8",0,52,0.00,7.4
"/schools/dallas-barber-and-stylist-college-dallas-79a22e6d",0,52,0.00,9.0
"/schools/diamond-beauty-academy-llc-garland-8085fd80",0,52,0.00,9.7
"/schools/impact-barber-academy-south-texas-llc-corpus-christi-f9695c35",0,52,0.00,6.7
"/shop/same-as-always-barbershop-beaumont-8049f63a",0,52,0.00,8.0
"/stores/bay-area-barber-shop-texan-salon-houston-77059-4b895faa",0,52,0.00,6.6
"/stores/beautician-mix-beauty-supply-pflugerville-26e04713",0,52,0.00,5.8
"/stores/beauty-world-waco-8ea157be",0,52,0.00,10.6
"/stores/jones-road-beauty-austin-e4601447",0,52,0.00,7.8
"/stores/lan-beaut-supplies-irving-48c4dde4",0,52,0.00,3.0
"/stores/saloncentric-houston-77059-2f0f7a08",0,52,0.00,9.6
"/salons/trygos-salon-de-belleza-houston-6bd1285e",4,51,7.84,4.5
"/stores/regale-barber-supply-houston-77099-1263bfd7",2,51,3.92,4.4
"/salons/desi-the-diva-houston-863f1804",1,51,1.96,8.6
"/barbers/above-the-rest-barber-and-beauty-tx-57343224",0,51,0.00,10.8
"/salons/aisha-s-salon-spa-houston-4ef889ce",0,51,0.00,11.2
"/salons/american-beauty-hair-salon-houston-e0f49f9e",0,51,0.00,4.6
"/salons/beauty-inn-salon-spa-houston-7854c7c1",0,51,0.00,9.7
"/salons/damron-company-salon-austin-0f36641d",0,51,0.00,5.6
"/salons/desert-rose-beauty-co-houston-e1816b0e",0,51,0.00,8.5
"/salons/gigi-s-hair-salon-houston-2c26f58d",0,51,0.00,6.7
"/salons/gracious-braids-houston-ee6a48e3",0,51,0.00,7.0
"/salons/la-bella-salon-beauty-lounge-waco-0bf40e86",0,51,0.00,10.4
"/salons/latinos-hair-nail-salon-houston-3f7fe14d",0,51,0.00,7.9
"/salons/lifestyles-hair-salon-houston-4c911a2b",0,51,0.00,5.7
"/salons/magic-beauty-salon-houston-b2e48792",0,51,0.00,6.6
"/salons/mirror-mirror-salon-the-grove-austin-3bb18dec",0,51,0.00,6.4
"/salons/rubina-s-salon-and-spa-houston-33b1aa27",0,51,0.00,7.3
"/salons/salon-germains-spa-houston-4bcdc7c0",0,51,0.00,10.5
"/salons/sean-anthony-salons-houston-74d5e431",0,51,0.00,9.1
"/salons/vibrant-color-cuts-houston-826b4d03",0,51,0.00,6.7
"/salons/vn-beauty-salon-houston-e058f14b",0,51,0.00,8.4
"/schools/ibeauty-academy-llc-longview-3388f23f",0,51,0.00,5.4
"/schools/weatherford-college-wise-county-bridgeport-94347fd9",0,51,0.00,9.5
"/shop/quema-cuts-with-ely-baber-beauty-supply-austin-2812415f",0,51,0.00,6.5
"/stores/bella-v-nail-supply-fort-worth-57b548e2",0,51,0.00,5.6
"/stores/bless-beauty-houston-77091-6087a4a4",0,51,0.00,7.9
"/stores/lucky-nail-supply-san-antonio-34aaf40b",0,51,0.00,8.3
"/stores/mesa-top-beauty-supply-houston-77028-1484f443",0,51,0.00,6.3
"/stores/texas-beauty-supply-san-antonio-25bd5b26",0,51,0.00,7.9
"/stores/ulta-beauty-houston-77024-9eab2723",0,51,0.00,11.3
"/stores/wigs-beauty-pflugerville-7bdd46fd",0,51,0.00,6.9
"/salons/enstyle-lash-energy-corridor-houston-houston-13ff048e",1,50,2.00,8.6
"/schools/state-barber-cosmetology-school-fort-worth-b51cf924",1,50,2.00,16.3
"/schools/the-lbl-beauty-academy-irving-2526f2a8",1,50,2.00,11.0
"/stores/beauty-elements-beauty-supply-store-waco-fd563ad5",1,50,2.00,8.6
"/barbers/beast-wit-da-clippers-tx-c1705a52",0,50,0.00,7.3
"/barbers/caballeros-hair-shop-tx-7ab2dc23",0,50,0.00,10.1
"/barbers/xclusives-studio-houston-77092-b10b0e7b",0,50,0.00,24.0
"/houston/insights/market-analysis/king-s-cut-",0,50,0.00,4.3
"/salons/365-mini-salon-russian-manicure-nail-studio-nail-salons-near-me-houston-tx-houston-b78866ae",0,50,0.00,9.5
"/salons/bella-luxo-hair-houston-f8967437",0,50,0.00,6.2
"/salons/earthly-artistry-houston-eea67d16",0,50,0.00,7.5
"/salons/gail-s-hair-salon-houston-803bc4f4",0,50,0.00,9.1
"/salons/salon-at-ridgewood-village-waco-61bfb86f",0,50,0.00,8.2
"/salons/salons-by-jc-west-university-houston-ca1f85f7",0,50,0.00,9.0
"/salons/the-hair-lab-houston-f7f78a23",0,50,0.00,7.6
"/salons/tisha-s-hair-braiding-houston-b1ec7393",0,50,0.00,5.6
"/salons/total-hair-care-houston-ec936e18",0,50,0.00,11.3
"/schools/dallas-blends-barber-academy-garland-dallas-60c8b0f6",0,50,0.00,12.3
"/schools/ogle-school-beauty-and-cosmetology-north-houston-willowbrook-cypress-6f61a5a6",0,50,0.00,10.0
"/schools/victoria-cosmetology-academy-houston-f9c8d6c8",0,50,0.00,6.3
"/stores/jessica-beauty-supply-frisco-f2b4f258",0,50,0.00,7.8
"/barbers/alex-the-barber-el-patio-barbershop-tx-a09da285",1,49,2.04,8.5
"/salons/salon-isi-houston-0bad89fb",1,49,2.04,5.3
"/schools/bladesmith-barber-college-denton-b39daba1",1,49,2.04,9.2
"/schools/trale-beauty-academy-lewisville-d82cc884",1,49,2.04,13.6
"/salons/a-s-hair-salon-houston-ded9d96c",0,49,0.00,7.5
"/salons/aurea-salon-katy-e98cdfc1",0,49,0.00,8.8
"/salons/blissful-beauty-htx-houston-9770275c",0,49,0.00,10.0
"/salons/blo-blow-dry-bar-memorial-city-houston-20c17c96",0,49,0.00,20.3
"/salons/dolce-salon-austin-8af18570",0,49,0.00,8.1
"/salons/eleven-studio-co-houston-2d65c7bc",0,49,0.00,9.2
"/salons/florida-beauty-salon-houston-e8d8a5ce",0,49,0.00,4.7
"/salons/gigi-salon-houston-15411479",0,49,0.00,8.9
"/salons/house-of-beauty-by-sandra-lozano-el-paso-f8b4f441",0,49,0.00,7.6
"/salons/htx-beauty-lab-lash-supply-houston-64ac829e",0,49,0.00,3.1
"/salons/lizbeth-beauty-salon-houston-9f14744f",0,49,0.00,3.6
"/salons/mich-adela-s-beauty-salon-houston-676df328",0,49,0.00,8.0
"/salons/oh-my-hair-salon-co-el-paso-206704cf",0,49,0.00,6.5
"/salons/rosita-s-hair-salon-spa-houston-70b7ef03",0,49,0.00,9.8
"/salons/salon-lofts-houston-8c115267",0,49,0.00,13.9
"/salons/wendy-martin-salon-houston-3993b33d",0,49,0.00,8.7
"/schools/el-pipo-barber-college-el-paso-a9ef3227",0,49,0.00,9.8
"/schools/golden-touch-academy-lancaster-e48ed53c",0,49,0.00,7.3
"/shop/sport-clips-haircuts-of-sherman-sherman-921f27ef",0,49,0.00,9.6
"/shop/the-rosewood-barbershop-austin-0d0e3b97",0,49,0.00,9.9
"/stores/beauty-mart-2-waco-b2d0f975",0,49,0.00,6.3
"/stores/salon-service-group-inc-houston-77062-f6b88ca7",0,49,0.00,18.5
"/stores/saloncentric-houston-77058-e4788dcc",0,49,0.00,12.9
"/salons/global-spa-salon-suites-houston-660cedb6",2,48,4.17,7.7
"/salons/sweet-rosi-beauty-salon-houston-2c493c2d",2,48,4.17,4.6
"/salons/a-d-hair-salon-houston-a41ab529",1,48,2.08,5.9
"/salons/areli-s-beauty-salon-barber-houston-dfef19bf",1,48,2.08,5.3
"/schools/academy-of-hair-design-jasper-194e2082",1,48,2.08,10.5
"/schools/panola-college-carthage-45f93424",1,48,2.08,7.7
"/stores/the-fresh-presidents-barbershop-llc-houston-77070-ce0ebd05",1,48,2.08,7.1
"/barbers/kreations-barber-lounge-tx-57630724",0,48,0.00,8.8
"/barbers/the-neighborhood-barber-houston-77002-134d0b1f",0,48,0.00,5.0
"/salons/aria-nail-lounge-tyler-23b5247c",0,48,0.00,5.4
"/salons/hollywood-hair-nail-houston-d96e9569",0,48,0.00,7.0
"/salons/house-of-beauty-fort-worth-fort-worth-76ded589",0,48,0.00,9.0
"/salons/kaya-salons-plano-6e90bfb5",0,48,0.00,6.1
"/salons/la-dama-hair-salon-houston-16e2192d",0,48,0.00,9.3
"/salons/nancy-beauty-salon-cisneros-barbershop-houston-0beb06ad",0,48,0.00,5.4
"/salons/phenix-salon-suites-memorial-city-houston-23872e48",0,48,0.00,9.2
"/salons/precision-hair-braiding-katy-llc-houston-70828e8b",0,48,0.00,11.0
"/salons/shea-eliz-hair-salon-houston-2ca22e34",0,48,0.00,7.8
"/salons/wacksworks-barber-salon-suites-houston-7906076d",0,48,0.00,5.9
"/schools/bella-beauty-college-corpus-campus-corpus-christi-bcbb6b69",0,48,0.00,10.6
"/schools/laredo-chi-academy-beauty-school-laredo-b4577dea",0,48,0.00,10.7
"/schools/top-secret-beauty-spa-academy-llc-houston-e624f2c9",0,48,0.00,24.1
"/shop/texas-barber-service-austin-eed69890",0,48,0.00,10.1
"/stores/ebony-beauty-mart-san-antonio-4d86f599",0,48,0.00,8.7
"/stores/idealbarbersupply-houston-77098-0b3cc44e",0,48,0.00,6.5
"/salons/eliza-s-sal-n-houston-86583e1a",1,47,2.13,6.8
"/salons/lady-ayri-natural-hair-care-llc-houston-fcf57f92",1,47,2.13,6.1
"/salons/ruth-s-beauty-salon-houston-8d9c5f3a",1,47,2.13,5.7
"/salons/the-hair-resort-houston-42f9daa8",1,47,2.13,8.0
"/stores/anan-beauty-supply-houston-77087-53949017",1,47,2.13,8.4
"/barbers/authentic-cutz-barber-shop-houston-tx-e3e0b9cc",0,47,0.00,13.8
"/barbers/hair-by-miriam-beauty-artist-tx-9ab57d96",0,47,0.00,9.3
"/cosmetologists/bianca-miller-cosmetologist-houston-07fd5786",0,47,0.00,5.6
"/salons/eclipse-beauty-salon-houston-997cba82",0,47,0.00,5.7
"/salons/glamour-salon-suites-houston-30637c5f",0,47,0.00,6.9
"/salons/hai-s-hair-care-houston-cf07e924",0,47,0.00,9.2
"/salons/hilda-s-beauty-salon-houston-425fe7de",0,47,0.00,8.7
"/salons/julian-s-beauty-salon-houston-0de334a2",0,47,0.00,7.2
"/salons/la-reyna-salon-houston-5a1d147b",0,47,0.00,4.9
"/salons/luxe-beauty-barre-wellness-aesthetics-weight-loss-houston-3718945e",0,47,0.00,7.4
"/salons/monarch-beauty-studio-houston-8fb9f852",0,47,0.00,10.2
"/salons/moxie-hair-salon-and-spa-san-antonio-0a6fe584",0,47,0.00,9.7
"/salons/ns-hair-salon-spa-irving-6e91479f",0,47,0.00,6.0
"/salons/ori-s-beauty-salon-houston-0fe64997",0,47,0.00,7.0
"/salons/ozuna-s-beauty-salon-houston-77cf4700",0,47,0.00,4.8
"/salons/salon-hermes-houston-16e8490d",0,47,0.00,17.7
"/salons/smooth-lines-salon-spa-san-antonio-b29340b7",0,47,0.00,11.1
"/salons/the-galleria-hair-salon-houston-4590a403",0,47,0.00,26.1
"/salons/the-hows-of-color-houston-05cbc487",0,47,0.00,10.7
"/salons/the-songbird-society-dallas-5a40b446",0,47,0.00,7.3
"/salons/toni-s-house-of-beauty-houston-ae22f2cc",0,47,0.00,8.6
"/schools/bella-cosmetology-and-barber-college-greenville-ad511996",0,47,0.00,10.3
"/schools/houston-city-college-alief-bissonne-houston-7c95b031",0,47,0.00,9.9
"/shop/cafecito-barber-houston-77003-898b26fc",0,47,0.00,6.6
"/shop/wyatt-s-barbershop-austin-21a36d75",0,47,0.00,10.3
"/stores/a-e-beauty-supply-pearland-c25f1a5c",0,47,0.00,10.1
"/stores/lucky-nail-supply-austin-debbd457",0,47,0.00,10.1
"/stores/maggies-beauty-supply-houston-77084-a4d2a142",0,47,0.00,11.0
"/schools/mclennan-community-college-waco-11d20c34",2,46,4.35,7.2
"/barbers/crew-cutz-barbershop-jonathan-gutierrez-tx-fdfb1578",0,46,0.00,8.0
"/barbers/roibert-punta-cana-barbershop-tx-dc8a7341",0,46,0.00,8.5
"/salons/blanca-s-beauty-salon-houston-fdcd4843",0,46,0.00,8.0
"/salons/browline-studio-pflugerville-db1201aa",0,46,0.00,4.8
"/salons/curl-boss-houston-4e0d9823",0,46,0.00,9.3
"/salons/diva-doll-hair-studio-houston-f7c41660",0,46,0.00,9.2
"/salons/e-l-beauty-studio-llc-houston-0ca18edf",0,46,0.00,6.7
"/salons/e-luxe-nail-spa-league-city-4c3653cc",0,46,0.00,9.3
"/salons/edward-s-hair-studio-houston-9176cfe6",0,46,0.00,15.0
"/salons/jenny-s-beauty-salon-houston-e8b4b896",0,46,0.00,9.4
"/salons/lucy-s-hair-studio-houston-2c44c0ab",0,46,0.00,6.5
"/salons/lupe-s-beauty-salon-houston-76355619",0,46,0.00,8.3
"/salons/nu-identity-hair-studio-houston-9203c11d",0,46,0.00,9.0
"/salons/raquel-s-hair-salon-houston-bcafedff",0,46,0.00,6.8
"/salons/salon-lofts-houston-06f9d64e",0,46,0.00,11.5
"/salons/salon-vibe-austin-45ccff44",0,46,0.00,9.7
"/salons/spring-branch-family-salon-houston-2f17cb1d",0,46,0.00,5.4
"/schools/align-beauty-school-garland-17dd049b",0,46,0.00,8.5
"/schools/behx-beauty-academy-nacogdoches-dd808fab",0,46,0.00,8.4
"/schools/manuel-theresa-s-school-of-hair-design-bryan-6f73e2d5",0,46,0.00,12.6
"/schools/trendsetters-barber-and-beauty-college-san-antonio-69054628",0,46,0.00,9.7
"/shop/el-padrino-barbershop-houston-77070-d9e89026",0,46,0.00,9.6
"/shop/rich-s-barbershop-conroe-01dccebf",0,46,0.00,8.0
"/stores/beauty-supply-store-houston-77098-37ba464b",0,46,0.00,11.1
"/stores/hair-city-beauty-supply-san-antonio-c208a073",0,46,0.00,5.6
"/stores/hip-beauty-supply-sugar-land-2654c2b1",0,46,0.00,3.4
"/stores/queens-beauty-supply-dallas-e1db7b7a",0,46,0.00,9.0
"/stores/sally-beauty-houston-77042-f9d7cbef",0,46,0.00,10.6
"/stores/sally-beauty-houston-77070-a252134d",0,46,0.00,10.4
"/stores/sally-beauty-houston-77071-947c6803",0,46,0.00,11.2
"/stores/sally-beauty-houston-77087-f5f80fff",0,46,0.00,17.3
"/salons/uni-houston-03e84a72",1,45,2.22,11.5
"/salons/unique-beauty-lounge-sherman-6b58bf8b",1,45,2.22,4.9
"/schools/dapper-g-barber-college-san-antonio-e9c997f8",1,45,2.22,12.0
"/schools/m-y-barber-school-cleveland-7830a674",1,45,2.22,4.7
"/schools/the-men-barber-school-rr-round-rock-b24ad201",1,45,2.22,6.6
"/shop/the-barber-factory-barbershop-killeen-400965a0",1,45,2.22,9.4
"/salons/artistik-edge-hair-studio-dallas-3a45849b",0,45,0.00,10.6
"/salons/bella-mia-salon-conroe-28d8b9c4",0,45,0.00,9.0
"/salons/beutiful-loveurhair-houston-767a470f",0,45,0.00,9.4
"/salons/katherine-family-hair-care-houston-4c0dcf27",0,45,0.00,6.2
"/salons/la-lumi-re-houston-2ccb853f",0,45,0.00,5.8
"/salons/luscious-beauty-bar-houston-985f1b2d",0,45,0.00,7.7
"/salons/nur-beauty-salon-houston-fb2ac376",0,45,0.00,6.4
"/salons/phenix-salon-suites-of-katy-houston-6b681661",0,45,0.00,13.6
"/salons/phenix-salon-suites-river-oaks-houston-85ed95a4",0,45,0.00,14.4
"/salons/the-alfaro-barber-salon-hispano-houston-566a13f9",0,45,0.00,5.2
"/salons/the-modern-stylists-houston-04295462",0,45,0.00,9.8
"/salons/the-way-of-life-holistic-hair-haven-houston-08619e7e",0,45,0.00,7.5
"/salons/tony-n-friends-salon-houston-489b4eca",0,45,0.00,3.0
"/salons/u-salon-houston-houston-8fba9955",0,45,0.00,10.6
"/salons/whitefox-styling-amarillo-102743d3",0,45,0.00,9.0
"/schools/bronx-barber-college-el-paso-2c959063",0,45,0.00,8.3
"/schools/dallas-career-academy-llc-dallas-af969de6",0,45,0.00,9.5
"/schools/jays-technical-institute-inc-port-arthur-67a15fd6",0,45,0.00,9.4
"/schools/kalon-beauty-institute-dallas-4bb94a29",0,45,0.00,4.1
"/shop/a-shaving-grace-pearland-ae2f47c2",0,45,0.00,10.1
"/shop/eze-cuts-barbershop-tyler-b0f5be29",0,45,0.00,8.2
"/shop/hair-fashion-salon-houston-77054-379bf30e",0,45,0.00,5.8
"/shop/mcguire-s-barbershop-austin-24083e3a",0,45,0.00,7.3
"/stores/beauty-pop-san-antonio-e75f251c",0,45,0.00,6.2
"/stores/glam-life-beauty-bar-houston-77070-38e80ab3",0,45,0.00,10.6
"/stores/sassy-beauty-supply-the-colony-plano-63af7967",0,45,0.00,3.7
"/salons/neas-market-salon-houston-3765a198",2,44,4.55,4.3
"/salons/hair-salon-d-bertha-houston-5fd194fb",1,44,2.27,5.8
"/schools/878-barber-school-san-antonio-03406646",1,44,2.27,8.3
"/barbers/luis-d-dominguez-barbershop-tx-b4dc7ca5",0,44,0.00,8.3
"/salons/aisha-s-salon-spa-houston-d9e618d9",0,44,0.00,9.9
"/salons/bbeautiful-natural-hair-care-silk-press-houston-8403fdbc",0,44,0.00,8.9
"/salons/beauty-by-umar-houston-aab7ce6b",0,44,0.00,8.5
"/salons/color-me-chic-salon-cypress-30a7b110",0,44,0.00,7.4
"/salons/everything-chic-salon-houston-869d067a",0,44,0.00,6.9
"/salons/glamorous-salon-houston-c1af4caf",0,44,0.00,9.2
"/salons/glenda-s-hair-salon-houston-50cd63c7",0,44,0.00,4.2
"/salons/hair-craft-collective-houston-a01e399d",0,44,0.00,6.3
"/salons/hanna-salon-houston-1a6768a3",0,44,0.00,6.1
"/salons/jonas-aveda-dallas-91c52fd9",0,44,0.00,7.1
"/salons/lorena-s-beauty-salon-houston-564f396c",0,44,0.00,7.3
"/salons/magic-looks-houston-a4e1bd1b",0,44,0.00,6.8
"/salons/p-v-salon-houston-5f6fd143",0,44,0.00,5.2
"/salons/rose-unisex-salon-and-barbershop-baytown-5e743e9e",0,44,0.00,7.2
"/salons/salon-vela-austin-47aa1baa",0,44,0.00,7.9
"/salons/saul-hair-studio-houston-4fc9b1a8",0,44,0.00,5.5
"/salons/sharkey-s-cuts-for-kids-waco-9b65d51c",0,44,0.00,9.6
"/salons/texas-teazed-hair-salon-league-city-0af6c732",0,44,0.00,7.1
"/salons/the-woodlands-hair-elite-the-woodlands-e9fb9851",0,44,0.00,7.6
"/salons/uptown-shears-hair-salon-houston-9d15a8b8",0,44,0.00,7.7
"/schools/dallas-skin-institute-inc-amarillo-f34b7d99",0,44,0.00,14.5
"/schools/hill-college-johnson-county-campus-cleburne-b16e0eb7",0,44,0.00,8.4
"/schools/houston-school-of-esthetics-and-massage-katy-5644b704",0,44,0.00,10.2
"/schools/latin-america-beauty-school-bellaire-74f734b2",0,44,0.00,7.9
"/schools/lone-star-college-kingwood-kingwood-2d6835d4",0,44,0.00,8.9
"/schools/maverick-barber-school-san-antonio-fe913026",0,44,0.00,8.3
"/schools/san-jacinto-college-north-campus-houston-c61a8ee1",0,44,0.00,10.0
"/shop/dynasty-barbershop-spring-5ce272c4",0,44,0.00,9.3
"/shop/mike-s-barber-shop-corpus-christi-73b088a9",0,44,0.00,7.9
"/shop/v-s-barbershop-katy-reserve-katy-3f5b027d",0,44,0.00,9.1
"/stores/beauty-spot-houston-77091-c536be75",0,44,0.00,3.8
"/stores/blush-beauty-supplies-houston-77020-ed7b91d4",0,44,0.00,28.8
"/stores/chuchu-barber-shop-9544-houston-77063-2b316640",0,44,0.00,5.0
"/stores/eden-s-beauty-shop-houston-77094-bcdf38fa",0,44,0.00,8.0
"/stores/ikon-beauty-supply-houston-77070-12911761",0,44,0.00,5.1
"/stores/texas-beauty-health-at-the-galleria-mall-houston-houston-77056-6f55ce4d",0,44,0.00,8.8
"/stores/uptown-beauty-supply-99-houston-77095-2cff8311",0,44,0.00,12.7
"/salons/avalon-hair-designs-san-antonio-7424e19f",1,43,2.33,7.0
"/salons/inspirations-by-tara-salon-spa-houston-c444e6e1",1,43,2.33,11.1
"/salons/studio-10-hair-design-houston-23c74766",1,43,2.33,12.1
"/stores/ej-beauty-supply-8-houston-77094-33f90e24",1,43,2.33,8.1
"/stores/jenny-beauty-supply-fort-worth-5042786c",1,43,2.33,9.9
"/salons/aesthetic-makeup-hair-houston-5fd2cb49",0,43,0.00,6.9
"/salons/aisha-s-salon-spa-houston-ba67fcbb",0,43,0.00,10.7
"/salons/britney-hair-studio-cypress-23f8391b",0,43,0.00,8.3
"/salons/cg-s-hair-studio-houston-ce46a60e",0,43,0.00,10.3
"/salons/image-salon-studios-at-houston-houston-1ca94c33",0,43,0.00,13.4
"/salons/just-peachy-nails-lashes-sherman-7b27ae17",0,43,0.00,6.1
"/salons/kosmetik-hair-studio-houston-30f830ae",0,43,0.00,15.7
"/salons/le-bijou-nails-and-spa-10-off-new-customers-houston-1ddb1d1e",0,43,0.00,6.2
"/salons/lv-hair-sal-n-el-paso-0aa33382",0,43,0.00,7.3
"/salons/mika-beauty-studio-by-pure-noir-llc-austin-1a91a023",0,43,0.00,6.1
"/salons/my-salon-suite-houston-c1168f88",0,43,0.00,11.9
"/salons/nightbird-salon-barber-co-houston-392c7972",0,43,0.00,6.7
"/salons/nikky-salon-houston-3e97c164",0,43,0.00,6.9
"/salons/paris-hair-salon-houston-934f2448",0,43,0.00,8.0
"/salons/refleja-tu-belleza-con-liz-en-beauty-salon-houston-95c96945",0,43,0.00,6.9
"/salons/sculpting-beauties-wellness-beautique-houston-95c6c752",0,43,0.00,20.6
"/salons/the-wild-hair-el-paso-c1dd335d",0,43,0.00,7.3
"/salons/trendz-by-tammy-hair-salon-houston-14366612",0,43,0.00,8.6
"/salons/yessica-s-beauty-salon-houston-4d2986b3",0,43,0.00,7.1
"/schools/fade-em-all-barber-college-san-antonio-439bd3a1",0,43,0.00,7.2
"/schools/hands-on-approach-school-of-massage-and-spa-corpus-christi-e4a6a074",0,43,0.00,9.7
"/schools/mireya-s-beauty-institution-harlingen-3ee9a65c",0,43,0.00,5.8
"/schools/ogle-school-beauty-and-cosmetology-fort-worth-fort-worth-da2f807a",0,43,0.00,9.1
"/schools/riverside-barber-beauty-institute-fort-worth-fd58d81c",0,43,0.00,8.3
"/shop/barber-shop-at-the-adolphus-dallas-a6a05d57",0,43,0.00,8.0
"/shop/founders-barber-shop-fort-worth-c504e46c",0,43,0.00,8.8
"/stores/armstrong-mccall-professional-beauty-supply-houston-77096-0bc933ba",0,43,0.00,9.6
"/stores/beauty-sensation-5-houston-77081-0e3d6d5a",0,43,0.00,4.5
"/stores/s-q-beauty-supply-houston-77079-d9962c08",0,43,0.00,8.9
"/stores/sally-beauty-houston-77094-c440315e",0,43,0.00,14.2
"/stores/she-s-happy-hair-houston-77073-b530626a",0,43,0.00,9.4
"/salons/j-m-hair-salon-houston-7895ac8b",1,42,2.38,7.5
"/salons/yasmin-threading-salon-houston-a22efac2",1,42,2.38,5.4
"/schools/aveda-arts-sciences-institute-dallas-dallas-e6be9d41",1,42,2.38,10.6
"/schools/dallas-blends-barber-academy-duncanville-dallas-1d31c230",1,42,2.38,8.4
"/schools/deleon-barber-and-beauty-academy-llc-bastrop-6dd4a426",1,42,2.38,7.7
"/barbers/neymar-s-barber-shop-tx-d763ed1b",0,42,0.00,9.6
"/salons/atelier-salon-corpus-christi-44f1a016",0,42,0.00,7.3
"/salons/cost-cutters-houston-3a3833d3",0,42,0.00,9.8
"/salons/hair-today-houston-1cf63647",0,42,0.00,5.0
"/salons/house-of-royalt-beauty-bar-boutique-san-antonio-f04694cb",0,42,0.00,4.0
"/salons/karinana-s-beauty-shop-houston-dcb9eda8",0,42,0.00,10.9
"/salons/lauren-hair-salon-houston-540bd67b",0,42,0.00,4.3
"/salons/lonesome-blonde-cypress-e88990e0",0,42,0.00,6.6
"/salons/monopoly-unisex-salon-houston-9a112cec",0,42,0.00,6.6
"/salons/primp-and-blow-west-university-houston-6fe92a03",0,42,0.00,12.0
"/salons/rd-beaute-studio-rhonyadidthat-houston-fda09132",0,42,0.00,13.5
"/salons/rose-hair-salon-houston-3c8e6d35",0,42,0.00,8.9
"/salons/san-luis-hair-salon-houston-1bbfe424",0,42,0.00,5.5
"/salons/the-shade-haus-houston-fba1f53b",0,42,0.00,10.2
"/salons/whistle-sway-salon-voted-best-salon-in-fort-worth-magazine-fort-worth-ef5f945a",0,42,0.00,6.9
"/salons/yadi-beauty-salon-houston-f1ea7550",0,42,0.00,6.2
"/schools/bellezza-cantu-skincare-institute-grand-prairie-3dac7832",0,42,0.00,8.9
"/schools/dallas-beauty-and-barber-academy-dallas-36885788",0,42,0.00,12.0
"/schools/flavous-beauty-academy-llc-mckinney-9c026126",0,42,0.00,9.1
"/schools/km-beauty-and-barber-institute-garland-6f18e1a0",0,42,0.00,11.0
"/schools/milan-institute-of-cosmetology-san-antonio-south-san-antonio-7077379a",0,42,0.00,10.8
"/schools/montana-barber-institute-el-paso-1b893688",0,42,0.00,7.4
"/schools/ogle-school-beauty-and-cosmetology-central-dallas-dallas-fdf9a9b4",0,42,0.00,10.0
"/stores/blades-barber-and-beauty-salon-houston-77061-3479f66b",0,42,0.00,18.5
"/stores/coco-bella-hair-beauty-n-5-sugar-land-f7d8d7a2",0,42,0.00,7.3
"/stores/ej-beauty-supply-9-katy-34b74c27",0,42,0.00,4.2
"/stores/exquisite-beauty-supply-houston-77083-c98c4868",0,42,0.00,9.0
"/stores/fine-beauty-supply-pearland-tx-pearland-6a66ea5a",0,42,0.00,5.4
"/stores/jenny-beauty-supply-irving-since-1992-dallas-8cbb0712",0,42,0.00,12.9
"/stores/pearland-beauty-pearland-08c0799a",0,42,0.00,9.2
"/stores/pro-nail-supply-san-antonio-0741e253",0,42,0.00,6.9
"/stores/sola-beauty-supplies-houston-77062-3cf10196",0,42,0.00,3.5
"/stores/von-w-hair-products-houston-77077-5be5b2d2",0,42,0.00,6.3
"/barbers/guccithebarber-tx-26d054fd",2,41,4.88,7.4
"/schools/north-central-texas-college-gainesville-4043c09d",2,41,4.88,7.6
"/salons/yosis-dominican-hair-salon-houston-7820c42b",1,41,2.44,8.2
"/schools/360-barber-college-sulphur-springs-0dce1349",1,41,2.44,4.2
"/schools/the-salon-professional-academy-lewisville-e10a39ea",1,41,2.44,10.1
"/barbers/anthony-the-barber-houston-77008-9a639029",0,41,0.00,9.2
"/barbers/big-kats-barbershop-elvis-houston-77002-b73600a5",0,41,0.00,9.8
"/barbers/most-famous-cutz-dallas-75212-0b414a0e",0,41,0.00,10.3
"/barbers/rickyfade-the-fade-room-dallas-75215-97e7c708",0,41,0.00,10.0
"/salons/beaut-by-k-houston-20dd6c32",0,41,0.00,13.6
"/salons/blonde-expert-studio-lash-hair-salon-bunker-hill-houston-27438f1d",0,41,0.00,6.3
"/salons/delis-beauty-salon-houston-755fa418",0,41,0.00,10.4
"/salons/hair-xperts-salon-san-antonio-69a9413c",0,41,0.00,9.8
"/salons/judy-s-beauty-salon-and-barber-shop-houston-f95aeee9",0,41,0.00,8.5
"/salons/keva-salon-houston-18e3ff12",0,41,0.00,6.1
"/salons/khroma-hair-studio-houston-64228756",0,41,0.00,6.4
"/salons/laura-s-beauty-salon-houston-481260ba",0,41,0.00,7.6
"/salons/lush-hair-folk-salon-houston-e882b52e",0,41,0.00,6.5
"/salons/maison-de-glam-beauty-studio-houston-dff36d97",0,41,0.00,8.5
"/salons/mint-well-salon-head-spa-houston-6d9b4c5a",0,41,0.00,8.0
"/salons/ml-hair-braiding-llc-mckinney-899a08fd",0,41,0.00,3.5
"/salons/pfinesse-salon-spa-pflugerville-f6da85f0",0,41,0.00,9.4
"/salons/salon-social-houston-bef80940",0,41,0.00,16.6
"/salons/spoiled-rotten-beauty-bar-houston-ab3dbf48",0,41,0.00,9.3
"/salons/the-stargazer-salon-fort-worth-d7845873",0,41,0.00,9.5
"/schools/elegance-barber-styling-academy-dallas-03148639",0,41,0.00,8.7
"/schools/face-it-beauty-school-llc-pearland-1bbeb2eb",0,41,0.00,7.1
"/schools/invictus-career-college-dallas-4f9f1c34",0,41,0.00,7.7
"/schools/mannequin-beauty-school-llc-spring-fcafe134",0,41,0.00,9.7
"/shop/tims-barber-shop-tyler-653146ac",0,41,0.00,6.7
"/shop/tovi-barbershop-plano-8adf2e60",0,41,0.00,8.1
"/stores/a-f-beauty-supply-hair-braiding-houston-77082-b6f15910",0,41,0.00,9.6
"/stores/armstrong-mccall-professional-beauty-supply-houston-77077-be93799f",0,41,0.00,12.4
"/stores/beauty-one-beauty-supply-san-antonio-575c185b",0,41,0.00,4.5
"/stores/discount-unlimited-beauty-supply-houston-77099-7939c568",0,41,0.00,41.1
"/stores/kyungs-beauty-supply-store-houston-77070-92b96ac1",0,41,0.00,4.4
"/stores/the-hair-zone-beauty-supply-mckinney-1f9dfe69",0,41,0.00,8.9
"/stores/wall-to-wall-beauty-supply-san-antonio-cb3a0710",0,41,0.00,7.7
"/stores/beauty-galaxy-houston-77093-16e8fc15",2,40,5.00,5.8
"/salons/bande-s-braids-houston-34cc345c",1,40,2.50,7.3
"/salons/haute-hair-salon-by-anaite-houston-7fba414f",1,40,2.50,6.6
"/salons/kingdom-retreat-salon-and-more-houston-d944bf9d",1,40,2.50,8.3
"/salons/mary-carmen-s-hair-studio-brownsville-2eae329c",1,40,2.50,5.2
"/schools/frank-phillips-college-perryton-campus-perryton-089ebe63",1,40,2.50,7.5
"/schools/grayson-county-college-denison-9ce0709a",1,40,2.50,8.7
"/stores/keys-beauty-houston-77073-7cff13bd",1,40,2.50,8.6
"/barbers/all-star-fades-by-preston-dallas-75244-1e038dbd",0,40,0.00,30.0
"/barbers/hotspot-barbershop-tx-a1ae6485",0,40,0.00,8.5
"/barbers/new-style-barbershop-richardson-75081-f4649f91",0,40,0.00,8.7
"/salons/abril-s-hair-salon-houston-6aee7162",0,40,0.00,6.8
"/salons/aia-beauty-studio-frisco-c5b1ba73",0,40,0.00,8.0
"/salons/altered-images-color-salon-day-spa-pearland-ae6211ef",0,40,0.00,7.2
"/salons/april-s-hair-salon-houston-8959db4d",0,40,0.00,8.3
"/salons/bleach-salon-houston-33c60abc",0,40,0.00,9.4
"/salons/brashae-s-beauty-supply-houston-ae709388",0,40,0.00,9.0
"/salons/candice-maude-fort-worth-d889093a",0,40,0.00,6.7
"/salons/ceron-hair-studio-memorial-green-houston-cb30c074",0,40,0.00,11.6
"/salons/clean-hair-salon-studios-corpus-christi-27944a2c",0,40,0.00,16.5
"/salons/divine-salon-houston-eadf8df7",0,40,0.00,7.3
"/salons/era-salon-dallas-dbd0d602",0,40,0.00,7.0
"/salons/hair-iz-hair-salon-barber-by-ericka-houston-752f2b92",0,40,0.00,8.2
"/salons/jade-hair-salon-houston-7649421a",0,40,0.00,4.8
"/salons/katty-hair-salon-houston-ce51f1e0",0,40,0.00,7.6
"/salons/m-a-hair-salon-houston-7b76a8d5",0,40,0.00,6.5
"/salons/michael-saldana-salon-greenway-houston-19d6bb39",0,40,0.00,8.7
"/salons/que-bella-hair-nails-houston-ab9fe7c9",0,40,0.00,9.5
"/salons/saint-nola-beauty-houston-caac253b",0,40,0.00,5.2
"/salons/snooty-girl-hair-and-lash-studio-houston-af527da2",0,40,0.00,6.8
"/schools/elite-beauty-academy-houston-5ae69f58",0,40,0.00,9.2
"/schools/meraki-institute-llc-willis-04cd0fc7",0,40,0.00,10.1
"/schools/ogle-school-hair-skin-nails-denton-e061d074",0,40,0.00,10.6
"/schools/professional-skin-care-academy-llc-waxahachie-7bc5e2eb",0,40,0.00,10.9
"/schools/the-men-barber-school-austin-3516d64f",0,40,0.00,6.0
"/schools/yahweh-beauty-academy-killeen-998377f8",0,40,0.00,16.5
"/shop/the-base-barber-studio-cypress-059622f7",0,40,0.00,8.6
"/stores/nautikas-barber-shop-houston-77093-b2bae0b1",0,40,0.00,8.6
"/stores/oprah-beauty-supply-dallas-a516a775",0,40,0.00,5.9
"/stores/star-beauty-supply-pflugerville-0883ed35",0,40,0.00,8.9
"/texas/houston/insights/market-analysis/wild-boars-barbershop",0,40,0.00,10.3
"/schools/coastal-bend-college-beeville-e8538fb9",2,39,5.13,7.4
"/stores/fany-barber-houston-77089-193c635a",1,39,2.56,8.2
"/barbers/4him-barbershop-tx-a015c922",0,39,0.00,7.3
"/barbers/neno-stylo-barbershop-houston-77063-83fbc3ea",0,39,0.00,7.9
"/salon-suites-for-rent-houston",0,39,0.00,34.1
"/salons/abi-s-hairs-salon-spa-barber-shop-houston-0116c796",0,39,0.00,5.6
"/salons/alan-murphy-salon-houston-1ade0c98",0,39,0.00,9.9
"/salons/b-b-s-barber-and-beauty-salon-houston-69b95b77",0,39,0.00,9.6
"/salons/beautiful-grace-salon-houston-499deded",0,39,0.00,10.5
"/salons/cosmic-hair-society-houston-4e96869e",0,39,0.00,10.5
"/salons/julissa-beauty-salon-houston-d87397c2",0,39,0.00,7.2
"/salons/liz-hair-salon-houston-0e83c94f",0,39,0.00,5.1
"/salons/melissa-s-beauty-salon-houston-fb74c772",0,39,0.00,8.6
"/salons/naturally-rooted-natural-hair-salon-houston-fcac9f25",0,39,0.00,8.3
"/salons/naty-salon-spa-houston-5be2641e",0,39,0.00,7.1
"/salons/nebula-noir-salon-houston-d20d410c",0,39,0.00,7.3
"/salons/new-concept-beauty-salon-a-paul-mitchell-salon-brownsville-db08c315",0,39,0.00,9.4
"/salons/planet-braids-houston-684b62b5",0,39,0.00,11.3
"/salons/susie-s-corner-hair-salon-houston-9e4f4ec3",0,39,0.00,9.2
"/salons/tha-hair-goddess-houston-f38105da",0,39,0.00,7.3
"/salons/the-pretti-parlor-houston-ddc82d41",0,39,0.00,6.7
"/salons/westend-hair-company-el-paso-6bde0ad2",0,39,0.00,7.7
"/schools/dallas-barber-stylist-college-dallas-b1be74f4",0,39,0.00,7.8
"/schools/gulf-coast-barber-college-league-city-36526f46",0,39,0.00,8.9
"/schools/progress-beauty-college-houston-c3abe52d",0,39,0.00,5.9
"/shop/rstar-barbershop-men-s-haircut-austin-austin-2194ae33",0,39,0.00,7.0
"/stores/angel-s-beauty-supply-dallas-a7f2c8d1",0,39,0.00,4.1
"/stores/complete-beauty-bar-houston-77054-7a7ae749",0,39,0.00,12.0
"/stores/m-salon-beauty-supply-houston-77071-40346177",0,39,0.00,9.3
"/stores/round-rock-beauty-supply-store-2-austin-adaa84dd",0,39,0.00,9.2
"/barbers/david-stylz-da-barber-irving-75062-38e64971",3,38,7.89,3.7
"/salons/paloma-s-beauty-salon-houston-006704f9",1,38,2.63,13.2
"/salons/sergio-s-hair-styles-houston-ec1d8e9b",1,38,2.63,8.2
"/barbers/alexis-the-barber-tx-1fe6c932",0,38,0.00,8.1
"/barbers/booksy-tx-744849c9",0,38,0.00,10.7
"/barbers/clutch-city-cutz-tx-c8e3e4ad",0,38,0.00,10.5
"/barbers/lower-greenville-barbershop-tx-c78815f5",0,38,0.00,11.6
"/insights/texas-barber-school-length-vs-apprenticeship",0,38,0.00,16.7
"/salons/belleza-eyebrows-sherman-c3632edd",0,38,0.00,5.3
"/salons/chevere-beauty-studio-houston-f94e31d9",0,38,0.00,5.4
"/salons/dee-signature-hair-studio-houston-85fc9c6b",0,38,0.00,5.0
"/salons/eternal-beauty-salon-spa-houston-745fd313",0,38,0.00,10.7
"/salons/gypsy-rose-salon-pflugerville-c97c1d64",0,38,0.00,9.9
"/salons/hair-rhythm-japan-plano-3e06bada",0,38,0.00,6.9
"/salons/hue-hair-lounge-katy-8917d7bf",0,38,0.00,7.8
"/salons/jn-beauty-salon-houston-14c6f4ce",0,38,0.00,8.9
"/salons/lifespa-houston-3614e878",0,38,0.00,11.7
"/salons/nancy-s-beauty-salon-houston-242beb1c",0,38,0.00,8.0
"/salons/norba-s-hair-salon-houston-a0a1e6b8",0,38,0.00,16.9
"/salons/perfect-cuts-by-tracy-houston-df433d3f",0,38,0.00,4.2
"/salons/pure-posh-salon-at-stone-oak-san-antonio-ec1e9372",0,38,0.00,11.6
"/salons/sandy-s-beauty-salon-houston-2d75c938",0,38,0.00,7.4
"/salons/the-cutting-edge-salon-waco-waco-c9d0ffc2",0,38,0.00,9.7
"/salons/unique-headquarters-hair-salon-houston-3b9bceb9",0,38,0.00,7.7
"/salons/uplift-hair-nail-lash-spa-katy-tx-katy-0e5f1011",0,38,0.00,8.8
"/salons/w-s-hair-factory-salon-houston-a0a28a91",0,38,0.00,8.3
"/schools/community-barber-school-conroe-8544eca4",0,38,0.00,8.4
"/schools/el-paso-community-college-el-paso-b999f13c",0,38,0.00,9.7
"/schools/premier-barber-school-houston-houston-bbec540a",0,38,0.00,9.1
"/schools/salon-boutique-academy-addison-65c6cced",0,38,0.00,13.3
"/schools/trinity-valley-community-college-terrell-7bddba1e",0,38,0.00,7.7
"/shop/areedo-barbershop-san-antonio-64147968",0,38,0.00,7.7
"/shop/haircuts-at-whitney-s-college-station-0ac7a010",0,38,0.00,9.9
"/stores/fine-beauty-supply-barker-cypress-houston-77094-42fcb77c",0,38,0.00,17.0
"/stores/happy-beauty-co-10847-dallas-def1e64f",0,38,0.00,6.9
"/salons/arukas-hair-plano-plano-8b252111",1,37,2.70,8.1
"/salons/pressed-roots-houston-1805a75f",1,37,2.70,12.0
"/salons/viva-styles-hair-salon-houston-64aeb29c",1,37,2.70,15.8
"/schools/89-beauty-school-cypress-39b2b899",1,37,2.70,8.9
"/schools/its-academy-of-beauty-el-paso-el-paso-8566431f",1,37,2.70,15.9
"/schools/opal-naomi-cosmetology-academy-llc-cedar-hill-53d945fb",1,37,2.70,6.1
"/salons/2000-cuts-salon-houston-0de4c0b3",0,37,0.00,6.2
"/salons/bella-krown-beauty-salon-houston-43f722b2",0,37,0.00,7.6
"/salons/bellaqua-hair-salon-day-spa-houston-48949271",0,37,0.00,8.5
"/salons/belle-beauty-hub-houston-04b41446",0,37,0.00,7.6
"/salons/chicas-salon-de-belleza-houston-500ede56",0,37,0.00,4.7
"/salons/cindy-hair-salon-houston-7c4197f9",0,37,0.00,7.9
"/salons/d-t-beauty-salon-houston-d12ec015",0,37,0.00,8.1
"/salons/duo-salon-dallas-835156e6",0,37,0.00,9.0
"/salons/fantastic-haircuts-houston-2d276ea1",0,37,0.00,7.9
"/salons/french-door-salon-spa-college-station-c774aac2",0,37,0.00,9.5
"/salons/hey-guapa-nail-studio-houston-77e86e9d",0,37,0.00,5.8
"/salons/la-bonita-beauty-salon-houston-ae6497a2",0,37,0.00,8.5
"/salons/luz-ma-hair-salon-and-barber-shop-houston-6b2e4da2",0,37,0.00,5.2
"/salons/s-hair-studio-houston-fe3db5ca",0,37,0.00,7.5
"/salons/shine-on-heights-houston-fadbb7ef",0,37,0.00,22.9
"/salons/studio9-hair-artistry-llc-houston-6bb36e69",0,37,0.00,11.0
"/salons/the-luxe-experience-24hr-braid-salon-houston-92b5775e",0,37,0.00,7.8
"/salons/walk-of-fame-salon-el-paso-8cf5915e",0,37,0.00,6.7
"/schools/bella-beauty-college-airport-campus-austin-6f2f2170",0,37,0.00,9.9
"/schools/boss-nail-academy-wylie-2a3683d0",0,37,0.00,7.9
"/schools/lester-s-beauty-academy-llc-elgin-1dc9f833",0,37,0.00,7.0
"/schools/mca-skin-care-academy-llc-amarillo-74d701f1",0,37,0.00,9.8
"/schools/the-beauty-pro-university-arlington-964b4311",0,37,0.00,9.5
"/schools/tint-school-of-makeup-cosmetology-plano-260a4e10",0,37,0.00,8.5
"/schools/viva-de-beauty-professional-academy-llc-arlington-377c3ec8",0,37,0.00,12.2
"/shop/haircuts-by-lateesch-upscale-men-s-grooming-specialist-the-woodlands-36602187",0,37,0.00,4.6
"/shop/lit-barbershop-el-paso-0cd6938c",0,37,0.00,9.1
"/shop/mai-s-barber-shop-houston-77095-d3d677a3",0,37,0.00,5.9
"/shop/men-s-only-haircuts-gem-lake-road-amarillo-daad5b83",0,37,0.00,9.1
"/shop/q-salon-barber-cypress-7573c236",0,37,0.00,12.2
"/stores/beauty-and-beast-houston-77096-30f127f9",0,37,0.00,7.0
"/stores/beauty-queen-hair-beauty-supply-houston-7409253c",0,37,0.00,7.0
"/stores/belleza-beauty-houston-77075-c6848073",0,37,0.00,6.1
"/stores/sally-beauty-houston-77089-af23696d",0,37,0.00,12.7
"/stores/uptown-beauty-supply-2-houston-77099-08896f74",0,37,0.00,11.2
"/salons/the-hair-magician-austin-fe4a8ea1",2,36,5.56,4.7
"/salons/foxtail-hair-salon-pearland-ec3c8fa0",1,36,2.78,7.1
"/salons/maise-salon-suites-fort-worth-4e155364",1,36,2.78,7.4
"/barbers/-irving-75038-44b960c0",0,36,0.00,5.9
"/salons/a-d-beauty-salon-houston-ff11539d",0,36,0.00,8.1
"/salons/amazing-beauty-bar-houston-f8cbf626",0,36,0.00,7.1
"/salons/b-e-hair-salon-estilista-y-barbero-cubanos-houston-9f4328e1",0,36,0.00,6.0
"/salons/balayage-salon-spa-corpus-christi-2a2b7a40",0,36,0.00,7.1
"/salons/bee-beautiful-salon-spa-houston-3a6c94f2",0,36,0.00,19.8
"/salons/beyond-beaute-wellness-spa-houston-5e3623e5",0,36,0.00,21.4
"/salons/bliss-hair-artistry-houston-712e5df2",0,36,0.00,4.2
"/salons/complete-beauty-bar-houston-c9c62b53",0,36,0.00,10.5
"/salons/d-arely-s-hair-salon-barber-shop-houston-a5baa8a9",0,36,0.00,8.8
"/salons/elvia-s-beauty-salon-houston-0489a201",0,36,0.00,8.8
"/salons/flawless-hair-houston-4b043165",0,36,0.00,16.2
"/salons/hair-creations-houston-582e017f",0,36,0.00,8.4
"/salons/house-of-blonde-fort-worth-b487ce0c",0,36,0.00,5.8
"/salons/jelen-s-beauty-salon-houston-961adb40",0,36,0.00,6.2
"/salons/kafui-hair-braiding-houston-c7aac961",0,36,0.00,7.3
"/salons/ll-hair-studio-an-aveda-concept-salon-houston-7bbbbb87",0,36,0.00,13.1
"/salons/mb-hair-salon-houston-53cb7a08",0,36,0.00,9.2
"/salons/pure-beauty-salon-corpus-christi-4f15ab40",0,36,0.00,9.6
"/salons/qkueen-nola-braids-locs-houston-bea12137",0,36,0.00,2.8
"/salons/the-beauty-buzz-hair-salon-houston-e2197967",0,36,0.00,13.1
"/salons/trendy-hair-studio-houston-80fd89b4",0,36,0.00,8.7
"/salons/v-x-beauty-salon-houston-0729cda1",0,36,0.00,8.0
"/salons/wasan-beauty-houston-28ec172a",0,36,0.00,7.2
"/schools/image-academy-cos-esthetician-barber-llc-houston-9eec65dd",0,36,0.00,10.8
"/schools/immaculate-cut-barber-institute-fort-worth-tx-fort-worth-078ca2d9",0,36,0.00,7.7
"/schools/master-barbers-institute-dallas-3a55ad06",0,36,0.00,11.1
"/schools/mid-cities-barber-college-grand-prairie-bccefadd",0,36,0.00,8.9
"/schools/southeast-texas-career-institute-silsbee-c05a23fe",0,36,0.00,8.8
"/shop/prohibition-barber-shop-hair-cuts-beards-from-experienced-barbers-pasadena-f3a946d7",0,36,0.00,1.5
"/stores/coco-bella-hair-beauty-n-2-pearland-9bdcde02",0,36,0.00,5.7
"/stores/house-of-clippers-barber-shop-houston-77085-1b1e57bc",0,36,0.00,31.8
"/stores/optimum-beauty-supply-fort-worth-ff30e581",0,36,0.00,5.8
"/stores/sally-beauty-houston-77096-3ecef53a",0,36,0.00,12.9
"/stores/sky-beauty-supply-houston-77091-160686da",0,36,0.00,7.9
"/salons/aurora-s-beauty-salon-houston-3cf8ded4",1,35,2.86,6.6
"/salons/magaly-beauty-salon-houston-36faf873",1,35,2.86,5.7
"/salons/sos-imagen-beauty-barbershop-houston-fbb98069",1,35,2.86,7.4
"/salons/ziba-hair-salon-austin-b06916af",1,35,2.86,7.2
"/schools/adia-beauty-llc-grand-prairie-d5867a20",1,35,2.86,8.3
"/schools/clarendon-college-pampa-center-pampa-5d42827f",1,35,2.86,8.5
"/schools/fort-bend-barber-college-rosenberg-bf633f52",1,35,2.86,8.2
"/barbers/badom-barbershop-tx-9641234d",0,35,0.00,10.0
"/barbers/jorge-barber-shop-tx-d89536ae",0,35,0.00,8.9
"/barbers/me-o-fadez-irving-75060-4b7372a3",0,35,0.00,9.7
"/barbers/wicked-cutz-paragon-parlor-tx-296777f8",0,35,0.00,8.1
"/salons/alex-burton-salons-sugar-land-a7a863bd",0,35,0.00,9.0
"/salons/bella-terra-spa-wellness-pasadena-d99bc61d",0,35,0.00,8.6
"/salons/boardwalk-salon-spa-college-station-b77827ba",0,35,0.00,7.3
"/salons/bridget-beauty-salon-houston-bb4ab3a9",0,35,0.00,6.9
"/salons/chad-m-hair-lounge-and-co2-spa-lovers-ln-dallas-2305100b",0,35,0.00,9.3
"/salons/cobalt-blue-salon-austin-4699489e",0,35,0.00,7.9
"/salons/divine-hair-n-spa-houston-1d99669c",0,35,0.00,6.0
"/salons/duquesa-beauty-salon-houston-2426298e",0,35,0.00,4.8
"/salons/flash-beauty-salon-houston-91c6eb02",0,35,0.00,7.9
"/salons/friends-beauty-salon-garland-db12782d",0,35,0.00,6.3
"/salons/hair-by-isabel-jimenez-texas-houston-bbc12f1c",0,35,0.00,6.4
"/salons/higher-level-skin-beauty-el-paso-a6821210",0,35,0.00,7.6
"/salons/karla-styles-beauty-bar-houston-253cc3ae",0,35,0.00,9.5
"/salons/modish-salon-professional-llc-san-antonio-ef0820f1",0,35,0.00,6.6
"/salons/oralia-s-beauty-salon-houston-bdbf2f6e",0,35,0.00,5.6
"/salons/perla-s-beauty-salon-houston-d420bae3",0,35,0.00,8.3
"/salons/planet-sol-salon-corpus-christi-c8d490bd",0,35,0.00,13.4
"/salons/shear-glow-beauty-studio-houston-2ba29001",0,35,0.00,7.8
"/salons/stone-creek-salon-and-suites-houston-d7cf778e",0,35,0.00,6.9
"/salons/supercuts-houston-fcea3049",0,35,0.00,13.9
"/salons/the-hair-care-company-houston-c2dc271f",0,35,0.00,18.2
"/salons/village-cuts-hair-salon-the-woodlands-485357bf",0,35,0.00,7.1
"/schools/amenti-beauty-academy-llc-odessa-c672209d",0,35,0.00,10.8
"/schools/faded-culture-academy-san-antonio-402022f6",0,35,0.00,9.1
"/schools/kalibur-barber-college-fort-worth-8702e6b3",0,35,0.00,8.7
"/schools/lamar-state-college-port-arthur-beaumont-6e0856e8",0,35,0.00,15.3
"/schools/navarro-college-cosmetology-waxahachie-8f665739",0,35,0.00,9.4
"/shop/up-and-up-barbershop-plano-plano-59eaedd0",0,35,0.00,10.1
"/stores/ep-beauty-supply-el-paso-b95d2ac2",0,35,0.00,8.5
"/stores/fine-beauty-supply-katy-tx-katy-3e754d35",0,35,0.00,8.5
"/stores/i-beauty-nail-supply-houston-77095-09f7193f",0,35,0.00,6.9
"/stores/sally-beauty-houston-77091-76ef3226",0,35,0.00,12.4
"/stores/somidoge-beauty-supply-houston-77094-4c24c0f4",0,35,0.00,4.9
"/stores/touch-of-essence-beauty-supply-houston-77049-f4f96a49",0,35,0.00,16.5
"/salons/acennett-s-beauty-salon-houston-007ea489",2,34,5.88,3.8
"/schools/paul-mitchell-the-school-austin-austin-5390a711",2,34,5.88,13.1
"/schools/lagrone-academy-denton-4a44da63",1,34,2.94,8.7
"/schools/next-level-barber-institute-llc-bay-city-0511dd0a",1,34,2.94,8.6
"/schools/trimsetters-barber-academy-inc-greenville-debff1d8",1,34,2.94,5.7
"/stores/mary-s-payless-beauty-supply-houston-77092-bd585431",1,34,2.94,6.1
"/corpus-christi/78411",0,34,0.00,17.1
"/salons/209-salon-and-extensions-studio-mckinney-1536a401",0,34,0.00,8.5
"/salons/african-queen-hair-braiding-beaumont-59e9f139",0,34,0.00,7.6
"/salons/aga-co-salon-by-aracely-s-houston-0b7998f6",0,34,0.00,10.7
"/salons/array-of-artistry-houston-d6f6d6f2",0,34,0.00,9.3
"/salons/atrium-studio-salon-houston-d4ffced9",0,34,0.00,8.4
"/salons/bg-hair-artist-beauty-studio-houston-6a369ece",0,34,0.00,9.3
"/salons/clippers-salon-houston-f94a6629",0,34,0.00,7.0
"/salons/dezaray-hair-salon-houston-50c37fb2",0,34,0.00,3.1
"/salons/ericka-s-beauty-salon-houston-02fb242d",0,34,0.00,8.7
"/salons/fairlady-salon-pflugerville-72f8249c",0,34,0.00,7.2
"/salons/flawless-image-houston-362268d4",0,34,0.00,8.8
"/salons/hair-by-kc-houston-3e4c5af9",0,34,0.00,8.0
"/salons/jovie-salon-mckinney-354ba774",0,34,0.00,8.6
"/salons/kashmir-salon-amarillo-e8ff7db4",0,34,0.00,6.8
"/salons/michael-saldana-salon-houston-f19e7619",0,34,0.00,9.5
"/salons/modesty-beauty-salon-houston-c9689bd4",0,34,0.00,9.3
"/salons/muse-the-salon-dallas-294abc4b",0,34,0.00,8.4
"/salons/procuts-brownsville-8a30c1ab",0,34,0.00,7.3
"/salons/ragaeh-beauty-salon-el-paso-b7c75f94",0,34,0.00,8.4
"/salons/sensational-hair-san-antonio-e476246b",0,34,0.00,4.6
"/salons/sophisticuts-beauty-salon-spa-nails-massage-facial-body-contour-deep-cleaning-houston-b410bb7c",0,34,0.00,4.6
"/salons/tovar-s-hair-salon-houston-6caeb949",0,34,0.00,13.0
"/salons/v-i-p-estilo-houston-85994d72",0,34,0.00,7.1
"/salons/visible-changes-inside-galleria-1-houston-58244211",0,34,0.00,9.6
"/schools/beauty-of-all-races-academy-llc-desoto-885f7ab2",0,34,0.00,7.5
"/schools/d-luz-beauty-academy-esthetician-school-houston-katy-1c72d392",0,34,0.00,7.3
"/schools/ogle-school-hair-skin-nails-dallas-9bc7044c",0,34,0.00,14.5
"/schools/rgv-cosmetology-school-san-benito-c0b210da",0,34,0.00,9.7
"/schools/wichita-falls-barber-academy-wichita-falls-229243df",0,34,0.00,9.7
"/shop/elevate-barber-shop-beaumont-beaumont-317beeb2",0,34,0.00,7.8
"/shop/malon-dominican-barber-houston-77079-88c40108",0,34,0.00,8.2
"/shop/tellers-barbershop-pflugerville-a85b6614",0,34,0.00,8.8
"/stores/aritaum-houston-77080-0070da08",0,34,0.00,9.3
"/stores/armstrong-mccall-professional-beauty-supply-houston-77098-8c146303",0,34,0.00,20.8
"/stores/forever-nail-supply-el-paso-80e4ea91",0,34,0.00,7.3
"/stores/kutz-barbershop-houston-77073-9ac631e7",0,34,0.00,7.9
"/salons/hair-by-michael-farris-san-antonio-9ed0a986",2,33,6.06,5.8
"/events/houston-barber-expo-2026-houston-ca47e806",1,33,3.03,10.9
"/salons/2458-dulce-beauty-salon-houston-c1a3f348",1,33,3.03,6.0
"/salons/braids-n-dreadlocks-llc-houston-5e94c4a2",1,33,3.03,5.4
"/salons/essential-beauty-supply-baytown-ae40d498",1,33,3.03,7.8
"/salons/latinas-hair-salon-houston-65ab1a4e",1,33,3.03,8.2
"/schools/avenue-five-institute-austin-5d1ea5c0",1,33,3.03,20.6
"/schools/up-next-barber-college-huntsville-e546dd5e",1,33,3.03,7.0
"/shop/aces-eights-barber-shop-midland-63cc112b",1,33,3.03,8.5
"/stores/luxy-beauty-alliance-houston-77061-6b3316f1",1,33,3.03,7.1
"/barbers/mikayla-s-m-m-cutz-mesquite-75149-3d3c6c88",0,33,0.00,6.8
"/barbers/remarkable-fade-by-sergio-mata-tx-4412af07",0,33,0.00,7.3
"/houston/insights/market-analysis/man-cave-cutz",0,33,0.00,8.6
"/salons/alchemy-salon-houston-inc-houston-b72862f0",0,33,0.00,14.2
"/salons/beauty-style-hair-salon-houston-c9221c1e",0,33,0.00,6.7
"/salons/great-clips-houston-fab30d71",0,33,0.00,9.5
"/salons/hair-by-tony-iv-houston-b54335be",0,33,0.00,6.5
"/salons/hair-by-vincent-houston-d5d5adb0",0,33,0.00,9.4
"/salons/hello-beauty-salon-san-antonio-ea970475",0,33,0.00,7.3
"/salons/jackie-beauty-salon-houston-51c02472",0,33,0.00,8.0
"/salons/le-prof-houston-a6839d09",0,33,0.00,6.8
"/salons/lilly-beauty-salon-houston-cb588008",0,33,0.00,6.8
"/salons/lola-s-hair-sal-n-el-paso-da1b1d2a",0,33,0.00,8.1
"/salons/madison-reed-hair-color-bar-woodlands-the-woodlands-319436e5",0,33,0.00,12.9
"/salons/n-y-houston-658cdf44",0,33,0.00,4.5
"/salons/nu-image-salon-houston-f2be2616",0,33,0.00,7.8
"/salons/republic-hair-co-dallas-19dfd5ae",0,33,0.00,8.0
"/salons/reserved-salon-league-city-6f2be7dc",0,33,0.00,6.8
"/salons/salon-versa-amarillo-6a52a752",0,33,0.00,8.3
"/salons/stylo-s-beauty-and-hair-salon-houston-f0c3a6ee",0,33,0.00,8.0
"/salons/the-beauty-ave-houston-de4c5192",0,33,0.00,8.4
"/salons/the-blonde-loft-houston-efffe837",0,33,0.00,19.8
"/salons/the-trends-hair-beauty-dressing-houston-e6eb71f5",0,33,0.00,12.2
"/schools/barber-institute-of-texas-lewisville-lewisville-d88278ba",0,33,0.00,9.7
"/schools/chop-it-up-barbershop-college-san-antonio-73502138",0,33,0.00,8.8
"/schools/deluxe-barber-college-san-antonio-30196e06",0,33,0.00,14.2
"/schools/frank-phillips-jr-college-borger-7d62d2ed",0,33,0.00,9.2
"/schools/groveton-high-school-groveton-5d20990a",0,33,0.00,7.0
"/schools/i-t-s-academy-of-beauty-irving-irving-27c46529",0,33,0.00,7.8
"/schools/m-j-academy-llc-dallas-f813edde",0,33,0.00,9.4
"/schools/mesa-barber-school-inc-houston-9a9d6934",0,33,0.00,9.2
"/schools/the-shimaa-academy-arlington-51ac3c50",0,33,0.00,7.6
"/shop/enriched-barber-studio-corpus-christi-63c77fc8",0,33,0.00,8.5
"/shop/libertad-classic-barbershop-laredo-49770846",0,33,0.00,8.5
"/shop/machos-barbershop-katy-ba1765e7",0,33,0.00,12.1
"/shop/three-of-a-kind-barbershop-dallas-a6808437",0,33,0.00,6.0
"/stores/new-style-beauty-supply-braiding-houston-77090-9ddfdb99",0,33,0.00,10.3
"/stores/sassy-beauty-supply-beaumont-454d7ecf",0,33,0.00,6.4
"/schools/high-class-barber-academy-llc-ingleside-ca0735e8",5,32,15.63,5.1
"/salons/brows-beauty-bar-baytown-a2dbe144",2,32,6.25,4.8
"/stores/shop-wise-beauty-supply-houston-77096-2cbd953b",2,32,6.25,27.5
"/salons/beautyloungehtx-houston-22fdadf0",1,32,3.13,5.7
"/salons/yazmin-s-hair-salon-barbershop-mckinney-b7cc5553",1,32,3.13,6.9
"/schools/neecee-s-barber-college-abilene-5e004f40",1,32,3.13,12.8
"/schools/tri-state-cosmetology-institute-el-paso-56fb8181",1,32,3.13,14.8
"/stores/rockboyz-barber-and-beauty-shop-houston-77048-cf01b954",1,32,3.13,6.8
"/barbers/flaco-fadez-houston-77091-13fb7f13",0,32,0.00,8.4
"/barbers/kingz-of-cutz-dallas-75210-924f041d",0,32,0.00,10.5
"/houston",0,32,0.00,13.4
"/houston/insights/market-analysis/htx-cuts-barbershop",0,32,0.00,8.9
"/insights/booth-rent-taxes-and-llc-texas",0,32,0.00,9.7
"/salons/blessed-hands-beauty-salon-houston-7768a0b0",0,32,0.00,3.4
"/salons/cost-cutters-houston-866d4c7f",0,32,0.00,10.3
"/salons/effortless-beauty-touch-houston-b11e28f4",0,32,0.00,8.3
"/salons/first-class-beauty-mobile-hair-design-airbrush-makeup-houston-15a77409",0,32,0.00,10.5
"/salons/gerardo-s-hair-designs-houston-7be184f6",0,32,0.00,6.3
"/salons/glamour-house-studios-hair-makeup-houston-578e7410",0,32,0.00,10.1
"/salons/hm-salon-houston-8fa2b0d4",0,32,0.00,10.5
"/salons/humble-beauty-salon-houston-05d8907b",0,32,0.00,12.8
"/salons/illy-hair-plano-b799e594",0,32,0.00,4.9
"/salons/lk-style-studio-llc-katy-72b7aabe",0,32,0.00,4.9
"/salons/luxe-nail-bar-missouri-city-49dbbde5",0,32,0.00,9.1
"/salons/markham-salons-el-paso-ef7f44c1",0,32,0.00,8.3
"/salons/miriam-j-beauty-salon-houston-8a8bcc10",0,32,0.00,7.6
"/salons/nicole-salon-houston-38c58eb4",0,32,0.00,9.2
"/salons/northline-beauty-salon-houston-56e8757e",0,32,0.00,5.5
"/salons/royalty-beauty-studio-houston-89f42f01",0,32,0.00,7.7
"/salons/salon-x-change-near-the-domain-atx-austin-1b3a34b1",0,32,0.00,7.8
"/salons/salons-by-jc-westchase-houston-1faef8b2",0,32,0.00,9.4
"/salons/shine-in-the-heights-houston-b15df5da",0,32,0.00,17.2
"/salons/style-by-kim-houston-3b1936d9",0,32,0.00,14.8
"/salons/supercuts-houston-a6fa528c",0,32,0.00,12.2
"/salons/swoon-salon-austin-a41c8301",0,32,0.00,5.8
"/salons/vince-s-salon-garland-399f81d0",0,32,0.00,6.3
"/schools/barbers-trade-school-inc-beaumont-97b9527f",0,32,0.00,10.1
"/schools/dallas-skin-institute-inc-austin-e8ca4f76",0,32,0.00,10.9
"/schools/duvalls-school-of-cosmetology-bedford-8f8ca382",0,32,0.00,8.3
"/schools/katy-esthetician-academy-katy-dac8ab44",0,32,0.00,8.2
"/schools/premier-barber-school-houston-87b709a3",0,32,0.00,11.2
"/schools/the-salon-professional-academy-of-san-an-san-antonio-e7f20d5d",0,32,0.00,10.6
"/shop/east-quarter-barber-downtown-dallas-texas-dallas-e795a6fb",0,32,0.00,4.2
"/shop/el-patio-barbershop-houston-8ee1109b",0,32,0.00,6.1
"/shop/good-sir-barbershop-25-express-cuts-no-wait-time-garland-0e0d5c0e",0,32,0.00,2.0
"/shop/kut-kreators-barber-shop-houston-77021-ce9075f5",0,32,0.00,6.0
"/shop/lu-s-barber-shop-haircut-shave-league-city-league-city-4e4d3e3e",0,32,0.00,7.8
"/shop/outcast-men-s-hair-by-aubree-pflugerville-c3abbc82",0,32,0.00,8.5
"/shop/spring-valley-barbershop-houston-77080-8b11781f",0,32,0.00,11.5
"/stores/sally-beauty-houston-77070-046e7941",0,32,0.00,9.8
"/stores/the-beauty-supply-plus-houston-77044-a84dfeaa",0,32,0.00,6.2
"/shop/top-tier-cuts-barbershop-mcallen-72208430",4,31,12.90,6.6
"/salons/bella-s-hair-salon-spa-houston-5581cc96",1,31,3.23,9.6
"/salons/hali-s-hair-salon-frisco-833db5aa",1,31,3.23,6.3
"/salons/the-crescent-salon-san-antonio-a856626d",1,31,3.23,6.5
"/schools/baldwin-beauty-schools-austin-2c37d6e7",1,31,3.23,12.0
"/barbers/blessed-by-chino-tx-d61e1e51",0,31,0.00,7.4
"/barbers/chyno-s-barbering-creations-dallas-75238-3ccb1959",0,31,0.00,8.6
"/barbers/fine-lines-barber-dallas-75202-3e1f67fa",0,31,0.00,11.3
"/barbers/rush-hour-fades-tx-66f2226b",0,31,0.00,6.3
"/barbers/solid-cuts-barbershop-brandon-b-tx-a31fb33e",0,31,0.00,4.7
"/salons/avenue-salon-beauty-spa-plano-a9301982",0,31,0.00,9.6
"/salons/cecy-beauty-salon-houston-3732d4aa",0,31,0.00,13.0
"/salons/evolution-aire-salons-houston-5ecd4623",0,31,0.00,7.5
"/salons/glamour-cuts-league-city-7e971765",0,31,0.00,2.8
"/salons/hair-nail-studio-kim-angie-houston-947ad1f2",0,31,0.00,8.5
"/salons/multicultural-unisex-salon-houston-677ee614",0,31,0.00,6.7
"/salons/oneeighty-beauty-salon-houston-940b27cb",0,31,0.00,5.8
"/salons/sayyada-darvish-hair-houston-3975d1ad",0,31,0.00,5.9
"/salons/skin-bliss-the-laser-spa-clinic-aesthetics-institute-san-antonio-45b2aead",0,31,0.00,12.1
"/salons/sola-salons-houston-05440510",0,31,0.00,8.8
"/salons/sola-salons-houston-e623fa4b",0,31,0.00,7.3
"/salons/tangerine-salon-frisco-d77063e3",0,31,0.00,9.6
"/salons/venus-mei-lash-el-paso-b27be583",0,31,0.00,5.1
"/schools/all-about-beauty-academy-dallas-0547fc33",0,31,0.00,9.2
"/schools/allstar-beauty-college-houston-2742e833",0,31,0.00,6.5
"/schools/aveda-arts-sciences-institute-san-antonio-san-antonio-11cb99a9",0,31,0.00,11.8
"/schools/caprock-school-of-cosmetology-slaton-2b2ec70f",0,31,0.00,9.1
"/schools/ebony-essence-school-of-hair-design-caldwell-eff482ae",0,31,0.00,8.1
"/schools/gulf-coast-barber-college-texas-city-620d631d",0,31,0.00,10.7
"/schools/manuel-theresa-s-school-of-hair-design-brenham-82cfdf66",0,31,0.00,14.2
"/schools/milan-institute-houston-54167a2d",0,31,0.00,10.6
"/schools/remington-college-houston-campus-league-city-bb38c770",0,31,0.00,10.5
"/schools/top-of-the-line-barber-school-south-side-san-antonio-5eba8160",0,31,0.00,8.3
"/schools/ucas-university-of-cosmetology-arts-sciences-san-antonio-5efdff7a",0,31,0.00,10.1
"/shop/clutch-city-barbershop-league-city-2f3a3619",0,31,0.00,8.6
"/shop/fadezbyjames-barbershop-houston-77083-a8d0447a",0,31,0.00,5.0
"/shop/fraga-barbershop-pflugerville-b34ba4e6",0,31,0.00,10.6
"/shop/ocotillo-midland-8e9180f5",0,31,0.00,11.0
"/shop/scissorhands-barbershop-league-city-92faa67c",0,31,0.00,6.2
"/stores/armstrong-mccall-professional-beauty-supply-houston-77096-a0201249",0,31,0.00,12.7
"/stores/beauty-zone-conroe-fd5dd2a7",0,31,0.00,7.5
"/schools/wichita-falls-career-education-center-wichita-falls-43dfb425",2,30,6.67,8.4
"/salons/jm-hair-beauty-lounge-houston-d88af5c1",1,30,3.33,4.1
"/salons/neff-s-majestic-college-station-da46fbce",1,30,3.33,8.4
"/schools/immaculate-cut-barber-institute-laredo-616c05c2",1,30,3.33,9.0
"/amarillo",0,30,0.00,9.7
"/barbers/cuban-barber-shop-tx-1317c475",0,30,0.00,7.5
"/barbers/supreme-cutz-tx-8e5a3e07",0,30,0.00,7.4
"/barbers/top-shelf-barber-studio-gabriel-tx-6bd56dcd",0,30,0.00,9.3
"/barbers/top-shelf-barber-studio-tx-7306b0e1",0,30,0.00,8.6
"/salons/a-tu-estilo-houston-45c30e52",0,30,0.00,7.0
"/salons/annita-s-hair-cut-salon-houston-af950c77",0,30,0.00,13.2
"/salons/aurelia-nail-lounge-mckinney-42b153d8",0,30,0.00,7.3
"/salons/bellus-salon-houston-c8167ffa",0,30,0.00,9.3
"/salons/brothers-beauty-salon-houston-34485ce0",0,30,0.00,10.3
"/salons/cory-s-salon-conroe-6ac7fbde",0,30,0.00,3.7
"/salons/dc-beauty-salon-houston-28647bcc",0,30,0.00,6.9
"/salons/eccentric-a-hair-salon-inc-houston-38d957dd",0,30,0.00,6.5
"/salons/faith-hair-salon-houston-65087e8c",0,30,0.00,5.8
"/salons/gigis-hair-salon-barber-shop-houston-8f6bcef9",0,30,0.00,9.7
"/salons/haute-head-salon-htx-houston-78acd2d8",0,30,0.00,17.5
"/salons/hazel-s-hair-studio-houston-63c46704",0,30,0.00,9.1
"/salons/house-of-style-houston-8a21649c",0,30,0.00,21.9
"/salons/images-hair-studio-houston-30aaf442",0,30,0.00,6.8
"/salons/indigo-child-dallas-80db1c2f",0,30,0.00,7.4
"/salons/judy-beauty-sal-n-houston-222a0809",0,30,0.00,7.4
"/salons/kelatic-hair-lounge-houston-b5c1bb4c",0,30,0.00,10.6
"/salons/lavish-looks-salon-spa-houston-1a229364",0,30,0.00,7.8
"/salons/lumiere-nail-studios-salon-park-houston-7170c04e",0,30,0.00,14.4
"/salons/made-to-slay-salon-league-city-7ac7bed3",0,30,0.00,6.4
"/salons/minh-hair-salon-garland-1fd1b119",0,30,0.00,7.0
"/salons/patrician-houston-ae9108e9",0,30,0.00,6.8
"/salons/river-oaks-salon-houston-d7e438c3",0,30,0.00,25.5
"/salons/scissors-sound-hair-salon-austin-5fe8c1d4",0,30,0.00,8.7
"/salons/sport-clips-haircuts-of-shops-at-soncy-amarillo-a784de5c",0,30,0.00,9.9
"/salons/supercuts-houston-7004bcb9",0,30,0.00,19.4
"/salons/tease-me-hair-salon-pearland-cb1a08a3",0,30,0.00,9.7
"/salons/zeeba-salon-suites-fort-worth-b0a9ad64",0,30,0.00,7.2
"/schools/champions-barber-beauty-academy-waco-8e47cb99",0,30,0.00,8.0
"/schools/exclusive-barber-academy-sugar-land-bc9bd23c",0,30,0.00,8.7
"/schools/mogo-salon-academy-of-montgomery-conroe-96b84e40",0,30,0.00,9.1
"/schools/nuvani-institute-austin-austin-0d0e511f",0,30,0.00,10.1
"/schools/nuvani-institute-austin-austin-e6564d4d",0,30,0.00,9.2
"/schools/phat-s-institute-of-beauty-llc-tyler-9432deb0",0,30,0.00,6.5
"/schools/trinity-valley-community-college-athens-9c00871e",0,30,0.00,7.6
"/schools/xclusiv-makeup-and-beauty-academy-mcallen-0ecb55d4",0,30,0.00,6.5
"/shop/big-hitters-barbershop-conroe-5e787549",0,30,0.00,9.4
"/shop/boomerang-cuts-houston-77060-55c3cd0e",0,30,0.00,2.9
"/shop/hammer-nails-grooming-shop-for-guys-frisco-frisco-f3ae05f2",0,30,0.00,12.7
"/shop/old-fashioned-barber-lounge-humble-d6660f1a",0,30,0.00,7.6
"/shop/strong-fades-barber-shop-spring-9befd664",0,30,0.00,9.3
"/stores/armstrong-mccall-houston-77070-5712e942",0,30,0.00,11.4
"/stores/cutthroat-barbers-houston-barbershop-haircut-for-men-houston-77098-cf8fa458",0,30,0.00,12.6
"/stores/h-beauty-supply-katy-pasadena-86c6b5a4",0,30,0.00,13.2
"/stores/helen3-beauty-supply-garland-dallas-31f2f63a",0,30,0.00,4.2
"/stores/leander-beauty-supply-austin-91f65044",0,30,0.00,8.0
"/stores/popshelf-houston-77059-b4685dc2",0,30,0.00,15.8
"/stores/princess-beauty-supply-houston-36f5cd7a",0,30,0.00,14.8
"/stores/querageous-barber-school-houston-77070-dad74823",0,30,0.00,7.7
"/stores/south-tex-beauty-supply-inc-laredo-71aab4dd",0,30,0.00,6.2
"/stores/star-beauty-supplies-dallas-3cc84e97",0,30,0.00,7.3
"/stores/walgreens-houston-77011-cc191b60",0,30,0.00,10.1
"/texas/houston/insights/market-analysis/alexander-broderick-barbershop",0,30,0.00,6.4
"/texas/houston/insights/market-analysis/true-lux-barber-co-",0,30,0.00,4.9
"/cosmetologists/thedwayneimage-cosmetologist-houston-49f41567",1,29,3.45,7.5
"/salons/beehives-hair-co-conroe-e663acff",1,29,3.45,8.3
"/salons/lj-hair-studio-houston-f74054e8",1,29,3.45,4.3
"/schools/collin-county-community-college-district-plano-b5b8470b",1,29,3.45,7.9
"/schools/d-lash-architect-elite-academy-llc-sunnyvale-8008efbf",1,29,3.45,8.1
"/schools/signature-beauty-school-arlington-8a4897cf",1,29,3.45,14.1
"/barbers/2-blendz-barber-shop-tx-f3331356",0,29,0.00,8.7
"/barbers/beamercutz-tx-3cfef342",0,29,0.00,4.7
"/barbers/by-the-blade-barbershop-tx-78b9b8ef",0,29,0.00,8.3
"/barbers/hn-504-hair-cuts-tx-80b45045",0,29,0.00,7.5
"/barbers/the-vibe-barber-studio-tx-6238b140",0,29,0.00,8.2
"/barbers/the-xperience-barber-studio-houston-77025-874f741f",0,29,0.00,58.6
"/salons/adore-salon-spa-pearland-2376ef5f",0,29,0.00,5.4
"/salons/all-eyes-on-me-the-salon-baytown-33cd87e9",0,29,0.00,7.8
"/salons/beyoutiful-beauty-barr-and-suites-houston-b0aaf1fe",0,29,0.00,7.6
"/salons/bonafide-beauty-salon-houston-3181a933",0,29,0.00,6.0
"/salons/bui-hair-studio-katy-38766aa0",0,29,0.00,7.9
"/salons/colorbox-salon-amarillo-866627a1",0,29,0.00,8.1
"/salons/goldie-s-beauty-salon-houston-b5bfae5d",0,29,0.00,8.4
"/salons/hair-by-daniel-just-the-business-name-katy-2c04358d",0,29,0.00,4.3
"/salons/head-waves-hair-and-spa-pearland-9bfb263b",0,29,0.00,8.3
"/salons/latino-hair-salon-barber-a-houston-a2bf4e4b",0,29,0.00,7.1
"/salons/level-up-fade-house-barber-shop-houston-a15aa2d0",0,29,0.00,7.6
"/salons/mia-s-beauty-styles-salon-houston-775113ca",0,29,0.00,7.5
"/salons/mona-d-coiffeur-houston-c04e769e",0,29,0.00,7.3
"/salons/mx-centro-vip-hair-salon-houston-22f7d097",0,29,0.00,5.3
"/salons/natural-look-braiding-houston-e72246aa",0,29,0.00,7.2
"/salons/seventwenty-collective-san-antonio-0be78b7c",0,29,0.00,9.0
"/salons/silverlake-beauty-salon-pearland-a091baf5",0,29,0.00,9.9
"/salons/simple-beauty-houston-4f5de868",0,29,0.00,8.8
"/salons/skye-salon-spa-beaumont-94347623",0,29,0.00,9.3
"/salons/sola-salons-houston-b67fb18d",0,29,0.00,7.9
"/salons/tx-hair-fashions-houston-6e92ec0b",0,29,0.00,3.7
"/salons/ziba-s-beauty-salon-frisco-4a780c44",0,29,0.00,6.0
"/schools/bbolm-college-of-cosmetology-killeen-f0bce6a2",0,29,0.00,7.9
"/schools/bella-bonded-llc-amarillo-bd0ac1b7",0,29,0.00,8.4
"/schools/del-mar-college-corpus-christi-658dcb27",0,29,0.00,9.2
"/schools/i-t-s-academy-of-beauty-wichita-falls-98befbf8",0,29,0.00,8.9
"/schools/international-institute-of-aesthetic-art-allen-11e18300",0,29,0.00,16.4
"/schools/m-j-beauty-academy-escuela-de-cosmetologia-dallas-garland-9cf2dd8b",0,29,0.00,2.9
"/schools/nuvani-institute-eagle-pass-eagle-pass-ac91a22d",0,29,0.00,8.2
"/schools/richerson-s-master-barber-academy-fort-worth-b2738972",0,29,0.00,9.5
"/schools/school-enstyle-beauty-academy-houston-6144f146",0,29,0.00,8.0
"/schools/wade-gordon-hairdressing-academy-lubbock-664234c8",0,29,0.00,12.5
"/shop/j-m-barbershop-arlington-53468cec",0,29,0.00,7.6
"/shop/north-fade-barber-shop-dallas-dallas-1fde9f4c",0,29,0.00,10.7
"/stores/fort-worth-barber-supply-amarillo-amarillo-7faf96ac",0,29,0.00,6.4
"/stores/king-s-beauty-supply-san-antonio-f0a68ca1",0,29,0.00,8.1
"/stores/rda-promart-fort-worth-3ac16457",0,29,0.00,8.3
"/stores/salon-service-group-austin-6f052f55",0,29,0.00,19.7
"/stores/twins-beauty-supply-houston-77088-7a2ec26e",0,29,0.00,7.4
"/texas/houston/insights/market-analysis/bau-s-barber-shop",0,29,0.00,9.0
"/schools/luxury-aesthetics-llc-san-antonio-e9962626",1,28,3.57,5.6
"/schools/uptown-institute-llc-katy-d000584a",1,28,3.57,19.2
"/barbers/choppedkingz-barbershop-tx-a7ed2213",0,28,0.00,7.1
"/barbers/chris-cutz-houston-77035-fae9970e",0,28,0.00,13.3
"/barbers/kam-kutz-tx-3ac362ef",0,28,0.00,7.9
"/barbers/menor-dominican-barbershop-houston-77063-8006f5f8",0,28,0.00,6.8
"/barbers/stxnna-studios-tx-9acfe873",0,28,0.00,5.2
"/barbers/taz-cutz-irving-75062-a3156a03",0,28,0.00,5.1
"/salons/360-glam-babe-hair-co-cypress-77c9cf4f",0,28,0.00,6.8
"/salons/af72b3de-2322-4c9b-9cd4-190703b1334f",0,28,0.00,9.6
"/salons/anahis-houston-cc39bbe5",0,28,0.00,20.0
"/salons/beautiful-hair-salon-houston-11d70966",0,28,0.00,9.7
"/salons/best-beauty-salon-houston-6c2bdf84",0,28,0.00,8.1
"/salons/cheers-hair-studio-brownsville-ae13bcae",0,28,0.00,6.3
"/salons/drybar-amarillo-amarillo-6d08b922",0,28,0.00,11.7
"/salons/hairbylew-houston-1269ebbe",0,28,0.00,9.3
"/salons/hypnotik-salon-college-station-3f10af29",0,28,0.00,8.4
"/salons/j-l-art-organic-salon-katy-7a41a5a2",0,28,0.00,8.5
"/salons/kerlinne-braids-and-nails-houston-9f9c254b",0,28,0.00,8.5
"/salons/kharisma-hair-studio-houston-9e5360d5",0,28,0.00,16.2
"/salons/knk-salon-cuts-for-kids-and-more-sugar-land-b8e573e9",0,28,0.00,8.3
"/salons/luxe-rogue-houston-7a474515",0,28,0.00,5.1
"/salons/manetame-by-jay-brazilian-blowout-balayage-hair-salon-houston-3ac2be3b",0,28,0.00,5.5
"/salons/meche-beauty-and-boutique-corpus-christi-d52c2605",0,28,0.00,4.4
"/salons/meek-z-hair-salon-houston-e7f97051",0,28,0.00,7.5
"/salons/novak-hair-studios-fort-worth-c698c507",0,28,0.00,9.8
"/salons/phenix-salon-suites-mckinney-hub-121-mckinney-79232122",0,28,0.00,8.6
"/salons/plume-salon-austin-4f9c31ae",0,28,0.00,8.2
"/salons/radiant-beauty-salon-1-in-color-solutions-and-curly-hair-in-cypress-houston-0a8d7f92",0,28,0.00,8.4
"/salons/ritual-salon-austin-7c3fdf96",0,28,0.00,7.4
"/salons/the-hair-fix-llc-el-paso-8918b726",0,28,0.00,3.8
"/salons/the-purple-chair-salon-spa-fort-worth-eec782c0",0,28,0.00,8.3
"/salons/venus-beauty-salon-houston-e7f1aaab",0,28,0.00,7.4
"/salons/vip-nail-bar-sherman-f202b706",0,28,0.00,8.1
"/schools/all-around-barber-school-hutto-8c3a25c6",0,28,0.00,9.2
"/schools/boss-nail-academy-san-antonio-2b2f7dc3",0,28,0.00,6.6
"/schools/elete-college-of-barbering-llc-mcallen-aead7e20",0,28,0.00,7.8
"/schools/empower-health-aesthetic-institute-garland-c922bb26",0,28,0.00,8.7
"/schools/franklin-barber-institute-houston-db620a75",0,28,0.00,8.4
"/schools/game-changers-barber-academy-san-antonio-2cc4c9ee",0,28,0.00,9.4
"/schools/instituto-de-belleza-y-arte-barbering-mcallen-db7d1fcf",0,28,0.00,10.0
"/schools/j-n-beauty-college-fort-worth-0cc23271",0,28,0.00,7.0
"/schools/papito-blessedhands-barber-academy-fort-worth-74c59db7",0,28,0.00,6.2
"/schools/princeton-isd-cate-center-frisco-2311201c",0,28,0.00,9.1
"/schools/seguin-beauty-school-seguin-41605160",0,28,0.00,12.2
"/schools/the-lash-room-academy-alice-1fb323c1",0,28,0.00,7.5
"/schools/ucas-univ-of-cosmetology-arts-sciences-harlingen-8fbf3f77",0,28,0.00,11.5
"/shop/all-star-fadez-college-station-52417389",0,28,0.00,9.3
"/shop/change-barbershop-sienna-sugar-land-5f0951f9",0,28,0.00,8.5
"/shop/crew-barbershop-west-campus-austin-e66e82f5",0,28,0.00,10.0
"/shop/d-anyelo-barbershop-conroe-conroe-0850d236",0,28,0.00,8.5
"/shop/first-class-barber-studio-corpus-christi-02f3bc8f",0,28,0.00,10.5
"/shop/handsome-house-barber-shop-brownsville-03af2a3f",0,28,0.00,3.6
"/shop/luxor-salon-barber-co-el-paso-8e999384",0,28,0.00,6.8
"/shop/texas-bladez-barbershop-dallas-a215313b",0,28,0.00,7.5
"/shop/ud-barber-shop-katy-3f3a7d50",0,28,0.00,7.7
"/shop/we-different-barber-shop-killeen-99762910",0,28,0.00,8.6
"/stores/k2-beauty-supply-houston-77095-c24b9da8",0,28,0.00,8.0
"/schools/acc-academy-of-cosmetology-lubbock-a97d9823",2,27,7.41,7.9
"/salons/the-jagged-edge-salon-pflugerville-8f463c71",1,27,3.70,7.3
"/salons/vasti-beauty-salon-and-barbershop-houston-0c759d93",1,27,3.70,4.8
"/salons/windfern-s-beauty-salon-by-tammy-houston-42f7bd7e",1,27,3.70,4.3
"/barbers/celebrity-barbers-barbershop-tj-the-barber-houston-77054-045f6c29",0,27,0.00,8.6
"/barbers/elias-barber-tx-252ca20d",0,27,0.00,7.6
"/barbers/haircuts-by-daniel-tx-f8cc8dc2",0,27,0.00,7.1
"/barbers/jv-barbershop-tx-824a7e7c",0,27,0.00,12.8
"/barbers/pradeep-cuts-irving-75038-7d3fe779",0,27,0.00,8.5
"/barbers/sidney-headspace-barbershop-houston-77092-b4f04add",0,27,0.00,9.0
"/events",0,27,0.00,34.1
"/salons/ae-beauty-studios-houston-9ed4ffa8",0,27,0.00,7.4
"/salons/bella-lupita-beauty-salon-houston-b5fe7005",0,27,0.00,5.7
"/salons/bella-ross-beauty-salon-houston-f0629d74",0,27,0.00,5.1
"/salons/bethy-s-beauty-salon-houston-f6226740",0,27,0.00,16.6
"/salons/blackbird-salon-the-woodlands-42dc346d",0,27,0.00,8.0
"/salons/brazillian-salon-lux-houston-45c28261",0,27,0.00,5.1
"/salons/di-hair-sal-n-houston-1bddaa1a",0,27,0.00,20.6
"/salons/ellia-coiffure-houston-bdbd7a6e",0,27,0.00,8.6
"/salons/erne-s-beauty-salon-houston-16a7f028",0,27,0.00,8.1
"/salons/hair-loft-houston-24a5b545",0,27,0.00,9.1
"/salons/kaleido-hair-houston-db981efb",0,27,0.00,7.4
"/salons/la-hair-studio-garland-de73df68",0,27,0.00,4.4
"/salons/le-bliss-hair-beauty-salon-brownsville-085b9ec9",0,27,0.00,7.9
"/salons/loctician-kustombyqueen-houston-dd13c0b7",0,27,0.00,7.4
"/salons/milkbath-hair-scalp-spa-houston-a98b8e88",0,27,0.00,10.2
"/salons/my-sista-s-closet-salon-houston-9f4b8c84",0,27,0.00,7.4
"/salons/penelope-beauty-salon-houston-7080c166",0,27,0.00,14.8
"/salons/perfektion-hair-houston-52ec7594",0,27,0.00,8.4
"/salons/racheally-beauty-salon-houston-58d09446",0,27,0.00,9.1
"/salons/revivance-hair-salon-houston-c6f9a8ce",0,27,0.00,7.3
"/salons/salon-lofts-houston-84c04d3b",0,27,0.00,8.1
"/salons/scissors-palace-el-paso-42159eef",0,27,0.00,7.9
"/salons/spoiled-studio-salon-houston-964a0a6f",0,27,0.00,7.3
"/salons/sport-clips-haircuts-of-beaumont-beaumont-5489e6b3",0,27,0.00,10.4
"/salons/studio-hair-extensions-houston-f280bd1f",0,27,0.00,8.3
"/salons/the-nail-bar-corpus-christi-3606e63b",0,27,0.00,7.7
"/salons/the-ultimate-house-of-style-salon-corpus-christi-255ed94c",0,27,0.00,13.2
"/salons/veyra-nail-studio-houston-94f4aa1a",0,27,0.00,3.9
"/salons/vigus-beauty-college-station-cf06cf7f",0,27,0.00,5.5
"/salons/zee-hair-braiding-beauty-supply-austin-27284ccc",0,27,0.00,9.2
"/schools/baldwin-beauty-schools-austin-296d98d3",0,27,0.00,19.8
"/schools/graduate-america-college-garland-7d53e341",0,27,0.00,9.7
"/schools/illumination-barber-school-llc-houston-6a028272",0,27,0.00,4.6
"/schools/nova-career-institute-el-paso-f25447e3",0,27,0.00,8.4
"/schools/ogle-school-beauty-and-cosmetology-fort-worth-irving-15bd77dc",0,27,0.00,9.4
"/schools/paul-mitchell-the-school-austin-pflugerville-50c5b1d2",0,27,0.00,12.9
"/schools/shimaa-academy-houston-houston-ed267c26",0,27,0.00,6.7
"/schools/texas-barber-university-porter-e243b0d1",0,27,0.00,14.8
"/schools/united-beauty-college-irving-8b05ce6d",0,27,0.00,10.0
"/schools/vanders-cosmetology-school-llc-san-antonio-b9e8b476",0,27,0.00,4.9
"/shop/cool-heads-barbershop-dallas-mocking-bird-station-dallas-ebf73808",0,27,0.00,6.7
"/shop/dd-s-barbershop-frisco-77ec4ef4",0,27,0.00,8.2
"/shop/executive-barbershop-amarillo-f65f337a",0,27,0.00,14.3
"/shop/gallo-fino-barber-lounge-north-laredo-e8156ab6",0,27,0.00,7.7
"/shop/j-s-barbershop-houston-77096-e7620e42",0,27,0.00,4.6
"/shop/rottie-s-barber-studio-tyler-3f6bbbe5",0,27,0.00,5.6
"/shop/sport-clips-haircuts-of-conroe-conroe-9bb5629a",0,27,0.00,9.5
"/stores/beauty-plus-austin-fcf548d3",0,27,0.00,6.9
"/stores/heavenlee-hair-beauty-supply-houston-77042-006394d3",0,27,0.00,10.9
"/stores/smokin-mirrors-barbershop-houston-77098-071e4183",0,27,0.00,9.2
"/cosmetologists/the-silkpress-lounge-stylist-houston-230f2d8e",1,26,3.85,6.6
"/salons/house-of-haircology-texture-llc-houston-7b43273c",1,26,3.85,5.1
"/salons/the-trap-style-n-grace-braiding-barber-locs-more-boutique-houston-b7508ebb",1,26,3.85,7.6
"/shop/g-fadez-barber-shop-plano-253c05a6",1,26,3.85,8.7
"/stores/k-c-beauty-mart-college-station-3d7a842a",1,26,3.85,4.3
"/barbers/cooper-s-kutt-tattoo-aura-tx-21b83e60",0,26,0.00,3.2
"/barbers/olee-the-barber-channelview-tx-c9c8a63d",0,26,0.00,7.7
"/barbers/smashing-the-city-houston-77074-ef4399f4",0,26,0.00,10.9
"/salons/ama-lash-bar-amarillo-f7a3e9f0",0,26,0.00,7.6
"/salons/beloved-by-denisse-houston-17a54bfb",0,26,0.00,5.8
"/salons/conie-beauty-salon-houston-6d7d4d03",0,26,0.00,7.3
"/salons/cristy-beyoutiful-hair-salon-barber-shop-houston-86d06436",0,26,0.00,6.5
"/salons/eshallence-hair-design-houston-f2700ff1",0,26,0.00,8.5
"/salons/fancy-salon-sugar-land-e5aa98dd",0,26,0.00,8.0
"/salons/hair-by-sunny-houston-af284d72",0,26,0.00,9.7
"/salons/layers-hair-salon-houston-5ebdbf97",0,26,0.00,10.0
"/salons/le-chic-hair-design-houston-3d7694d9",0,26,0.00,12.8
"/salons/lorena-s-beauty-salon-houston-946023a6",0,26,0.00,8.1
"/salons/m-monterrey-hair-salon-mary-ramirez-pasadena-2cf0d770",0,26,0.00,6.1
"/salons/memorial-hair-salon-houston-fa2a90d1",0,26,0.00,11.0
"/salons/nature-s-glow-salon-spa-irving-8b1431f2",0,26,0.00,6.3
"/salons/new-hair-today-houston-160d4736",0,26,0.00,6.3
"/salons/organic-headspa-salon-plano-36158f1c",0,26,0.00,8.4
"/salons/phoebe-grey-salon-irving-648a4846",0,26,0.00,6.1
"/salons/sharkey-s-cuts-for-kids-conroe-tx-conroe-22472295",0,26,0.00,8.4
"/salons/sonrisa-beauty-salon-houston-77f00b53",0,26,0.00,12.6
"/salons/styles-by-sel-houston-24116303",0,26,0.00,5.5
"/salons/stylin-with-linda-houston-b38ca5b7",0,26,0.00,5.7
"/salons/stylingbar-houston-5fa84d1d",0,26,0.00,11.5
"/salons/susy-s-beauty-salon-1-brownsville-af9fa3c1",0,26,0.00,5.8
"/salons/vasthis-hair-salon-houston-93976ef9",0,26,0.00,5.4
"/schools/allstar-beauty-college-diaz-houston-da095833",0,26,0.00,9.6
"/schools/aveda-institute-san-antonio-san-antonio-4bc38f59",0,26,0.00,16.6
"/schools/boss-beauty-makeup-academy-san-antonio-b1b49567",0,26,0.00,14.5
"/schools/charles-sue-s-school-of-hair-design-college-station-62aecb90",0,26,0.00,9.2
"/schools/clarendon-college-childress-center-childress-8b5b9358",0,26,0.00,8.6
"/schools/impact-barber-academy-austin-austin-cf9feb28",0,26,0.00,12.1
"/schools/milan-institute-of-cosmetology-san-antonio-south-san-antonio-a234b7eb",0,26,0.00,9.8
"/schools/pearlands-innovative-school-of-beauty-pearland-eecf2da1",0,26,0.00,10.8
"/schools/permian-basin-barber-college-pbbc-odessa-c32aab6b",0,26,0.00,9.7
"/shop/good-vibes-barbershop-dallas-dallas-59afbe45",0,26,0.00,4.3
"/shop/martin-s-gentlemen-salon-houston-77056-911cd8ad",0,26,0.00,8.0
"/shop/the-original-fanatics-pearland-7d310f91",0,26,0.00,9.5
"/shop/the-station-men-s-hair-studio-cypress-9e1f626a",0,26,0.00,8.7
"/stores/barber-champions-houston-houston-77064-f183bb8d",0,26,0.00,30.5
"/stores/ej-beauty-supply3-houston-77085-4007600e",0,26,0.00,7.2
"/stores/ngt-beauty-supply-showroom-houston-77070-ed113927",0,26,0.00,6.5
"/stores/oc-barber-salon-supply-tyler-f299aa64",0,26,0.00,6.3
"/stores/yho-store-nail-supply-san-antonio-cc5293c3",0,26,0.00,5.7
"/salons/hair-by-rosie-at-the-hair-lab-houston-b549ea07",3,25,12.00,5.6
"/salons/angels-haus-of-beaute-houston-7bfdbc9a",2,25,8.00,8.8
"/salons/carolina-s-beauty-salon-houston-39b347c3",2,25,8.00,9.9
"/salons/dasha-beauty-studio-houston-3bf96477",1,25,4.00,9.2
"/stores/beauty-empire-21-pearland-b1132127",1,25,4.00,8.6
"/stores/cba-barber-supply-repair-houston-77093-a2d0ba5b",1,25,4.00,30.3
"/barbers/barber-shop-bee-tx-87f129f1",0,25,0.00,10.7
"/barbers/cuts-by-gee-knockout-cuts-mesquite-75149-4928a729",0,25,0.00,4.8
"/barbers/dcfadezz-tx-dd0e7d0e",0,25,0.00,7.8
"/barbers/el-chino-barber-irving-75062-302e92ff",0,25,0.00,7.5
"/barbers/gorilla-z-barbershop-tx-f3665c35",0,25,0.00,9.7
"/barbers/htx-evolution-barber-shop-tx-384a8553",0,25,0.00,8.4
"/barbers/jd-cuts-tx-45a930a9",0,25,0.00,10.3
"/barbers/jmajorcutz-dallas-75226-a2a83f11",0,25,0.00,14.0
"/barbers/leefadezs-tx-8182b251",0,25,0.00,8.6
"/barbers/luxury-lounge-dallas-75214-e8a3f0d2",0,25,0.00,22.4
"/barbers/nelson-shark-barbershop-tx-52194ead",0,25,0.00,9.5
"/barbers/the-barber-doll-sarah-tx-c799e6e3",0,25,0.00,8.2
"/barbers/the-vip-barber-shop-houston-77036-9afa4d53",0,25,0.00,13.8
"/salons/alicia-beauty-salon-houston-3606c0a7",0,25,0.00,11.6
"/salons/ana-s-house-beauty-salon-houston-3b6a39b4",0,25,0.00,7.4
"/salons/andrea-s-hair-salon-houston-3dab5007",0,25,0.00,4.2
"/salons/b-beautiful-u-hair-bar-houston-0fc35c4c",0,25,0.00,6.5
"/salons/bam-blowouts-and-makeup-plano-legacy-west-plano-1f4bfe9a",0,25,0.00,8.3
"/salons/bunker-hill-lash-hair-houston-f93d26b9",0,25,0.00,9.0
"/salons/chapter-s-salon-houston-5c1ae83e",0,25,0.00,5.5
"/salons/clover-hair-salon-houston-dbed79b4",0,25,0.00,10.4
"/salons/d-lux-salon-suites-houston-c371ab89",0,25,0.00,10.6
"/salons/estilo-salon-spa-houston-b6eea490",0,25,0.00,7.2
"/salons/exquisite-beauty-salon-houston-f610d7ce",0,25,0.00,11.0
"/salons/g-a-beauty-salon-and-barber-houston-87e4045f",0,25,0.00,19.8
"/salons/goldenhand-braids-salon-houston-f72c107d",0,25,0.00,5.7
"/salons/hairtalk-with-an-epic-design-and-beauty-bar-houston-49468fc8",0,25,0.00,4.8
"/salons/hello-gorgeous-hair-lounge-frisco-b5631c38",0,25,0.00,5.0
"/salons/hello-sugar-college-station-brazilian-wax-sugar-salon-college-station-fe5b2bc1",0,25,0.00,10.3
"/salons/house-of-cuts-curls-amarillo-a8899423",0,25,0.00,4.7
"/salons/jazzie-hair-studio-hair-trichologist-houston-1c122403",0,25,0.00,6.3
"/salons/jean-philippe-dallas-9a6eeead",0,25,0.00,8.7
"/salons/luxor-salon-houston-85096e06",0,25,0.00,9.8
"/salons/nubia-s-league-city-562237b5",0,25,0.00,8.5
"/salons/perfect-brows-threading-tinting-eyelashes-body-waxing-korean-lash-lift-lash-tint-brow-lamination-facials-studio-pflugerville-b45df29c",0,25,0.00,12.3
"/salons/phenix-salon-suites-heights-houston-15bea0dc",0,25,0.00,18.7
"/salons/risher-hair-salon-la-vita-bella-salon-tyler-d14e007d",0,25,0.00,7.2
"/salons/s-s-brow-and-lash-bar-houston-06ce0453",0,25,0.00,12.7
"/salons/salon-at-the-post-oak-hotel-houston-2d606c5b",0,25,0.00,16.8
"/salons/salon-express-and-threading-irving-5f9dfae8",0,25,0.00,9.0
"/salons/salon-lofts-houston-15bf659d",0,25,0.00,20.6
"/salons/spinurchair-houston-8dccf83a",0,25,0.00,6.0
"/salons/strands-salon-sugar-land-d6030674",0,25,0.00,3.5
"/salons/sublime-collective-amarillo-46147a47",0,25,0.00,7.5
"/salons/supercuts-houston-7bdf1a7d",0,25,0.00,12.6
"/salons/taboo-beauty-lounge-houston-14e15559",0,25,0.00,6.5
"/salons/the-loft-beaumont-09e732ee",0,25,0.00,7.4
"/salons/vilma-s-beauty-salon-houston-82fd3545",0,25,0.00,8.3
"/salons/wendy-s-hair-salon-barber-shop-houston-935211e4",0,25,0.00,7.0
"/schools/a-plus-beauty-academy-llc-garland-405d8a19",0,25,0.00,11.0
"/schools/advanced-skin-care-academy-llc-houston-122f5228",0,25,0.00,28.1
"/schools/boss-lady-beauty-academy-waco-185d1558",0,25,0.00,19.0
"/schools/compassion-beauty-school-llc-houston-d7fb162f",0,25,0.00,4.4
"/schools/couture-beauty-academy-houston-97bf2db6",0,25,0.00,8.2
"/schools/dallas-skin-institute-dallas-7879e81c",0,25,0.00,9.7
"/schools/first-class-barber-college-eustace-5e8fd973",0,25,0.00,8.7
"/schools/new-image-institute-of-cosmetology-llc-san-juan-d6945568",0,25,0.00,9.0
"/schools/ogle-school-hair-skin-nails-stafford-5188a0c6",0,25,0.00,12.0
"/schools/prime-time-technical-institute-canutillo-0cb79970",0,25,0.00,6.2
"/schools/riverside-barber-beauty-institute-fort-worth-b9212002",0,25,0.00,7.5
"/shop/alamo-barbershop-san-antonio-186a3762",0,25,0.00,2.6
"/shop/brickhouse-barbershop-2-san-antonio-aef0fc93",0,25,0.00,7.5
"/shop/clean-kuts-college-station-07501e97",0,25,0.00,6.9
"/shop/jerry-s-barber-shop-lubbock-7524f53d",0,25,0.00,10.7
"/shop/mvc-barbershop-sugar-land-e9b78532",0,25,0.00,10.3
"/shop/sly-fox-gentleman-s-lounge-barbershop-austin-12058295",0,25,0.00,8.6
"/shop/the-gentry-executive-cuts-and-shaves-heights-houston-77010-838f129b",0,25,0.00,8.0
"/shop/tune-up-the-manly-salon-waco-waco-ec741458",0,25,0.00,8.6
"/stores/armstrong-mccall-houston-77098-2711066d",0,25,0.00,14.9
"/stores/b-b-beauty-supply-dallas-f76d2139",0,25,0.00,6.8
"/stores/easy-day-beauty-supply-houston-77049-46db95ff",0,25,0.00,6.9
"/stores/mama-s-beauty-supply-houston-77092-b2df0dd7",0,25,0.00,7.1
"/stores/sally-beauty-houston-77054-ac078576",0,25,0.00,12.4
"/stores/sally-beauty-houston-77095-e31be447",0,25,0.00,11.7
"/texas/houston/insights/market-analysis/divizion-barber-co-",0,25,0.00,9.9
"/salons/inhairited-touch-salon-houston-084756c2",2,24,8.33,14.0
"/salons/cindysbeautyroom-studio-houston-64433877",1,24,4.17,5.5
"/salons/phenix-salon-suites-west-university-houston-b6758c79",1,24,4.17,17.8
"/salons/pigtails-crewcuts-haircuts-for-kids-tyler-tx-tyler-123f5582",1,24,4.17,7.7
"/salons/top-hair-salon-houston-704122fc",1,24,4.17,7.8
"/schools/southwest-barber-institute-el-paso-869ad858",1,24,4.17,9.3
"/barbers/the-refined-razor-barbershop-tx-1ea987f6",0,24,0.00,7.6
"/salons/alexa-s-beauty-supply-salon-amarillo-7be18460",0,24,0.00,8.9
"/salons/beautiful-hair-mckinney-mckinney-af75c9e5",0,24,0.00,7.8
"/salons/beauty-basic-houston-f2a339a5",0,24,0.00,9.2
"/salons/bella-beauty-salon-mckinney-c523d623",0,24,0.00,17.4
"/salons/bella-rinova-salon-houston-a1cc5616",0,24,0.00,15.8
"/salons/citycuts-by-ofelia-houston-3290267e",0,24,0.00,8.1
"/salons/color-my-world-beauty-salon-laredo-5aae0fc8",0,24,0.00,8.5
"/salons/d-d-s-hair-shack-brownsville-c867ac14",0,24,0.00,5.1
"/salons/finas-beauty-bar-houston-98f83d1c",0,24,0.00,5.1
"/salons/folawns-medical-spa-and-salon-san-antonio-7685d5c7",0,24,0.00,8.5
"/salons/haircut-lounge-amarillo-9e9a00f6",0,24,0.00,8.5
"/salons/humphrey-s-salon-irving-4b173efe",0,24,0.00,8.9
"/salons/josephine-s-day-spa-salon-rice-village-houston-1415b477",0,24,0.00,11.8
"/salons/kimarastyles-houston-98b2ae36",0,24,0.00,7.9
"/salons/lemon-tree-hair-salon-dallas-central-forest-dallas-32790c73",0,24,0.00,9.8
"/salons/luminous-skin-tech-corpus-christi-corpus-christi-de90dbeb",0,24,0.00,8.7
"/salons/madison-reed-hair-color-bar-plano-plano-233b2ec7",0,24,0.00,11.9
"/salons/meraki-salon-boutique-baytown-6214455a",0,24,0.00,8.3
"/salons/new-image-spa-beauty-salon-brownsville-93ae997b",0,24,0.00,7.0
"/salons/nikki-lay-atelier-frisco-b91de0e9",0,24,0.00,7.5
"/salons/ozimari-beauty-salon-houston-19d8f503",0,24,0.00,6.0
"/salons/pacheco-beauty-salon-barber-shop-houston-534d58b0",0,24,0.00,6.0
"/salons/pretty-braids-houston-3a7cf8a0",0,24,0.00,7.3
"/salons/rose-s-hair-salon-houston-8ecf1604",0,24,0.00,7.6
"/salons/salon-atlas-fort-worth-59f49411",0,24,0.00,8.4
"/salons/silverio-hair-salon-houston-f40252cd",0,24,0.00,7.3
"/salons/styles-by-soraya-houston-0c837693",0,24,0.00,7.7
"/salons/t-michelle-hair-salon-houston-a7b21411",0,24,0.00,3.9
"/salons/the-color-studio-san-antonio-527842ee",0,24,0.00,11.9
"/salons/the-halo-spa-sugar-land-a78553e2",0,24,0.00,7.1
"/salons/urban-betty-salon-soco-austin-709d65e9",0,24,0.00,4.4
"/salons/yadira-s-barber-and-beauty-salon-pasadena-a5ce2613",0,24,0.00,5.0
"/schools/bella-beauty-college-ben-white-campus-austin-12db93d9",0,24,0.00,9.8
"/schools/champion-beauty-college-inc-houston-4469d312",0,24,0.00,7.6
"/schools/dacs-academy-austin-803e6f05",0,24,0.00,5.5
"/schools/esti-project-inc-san-antonio-b4a2e749",0,24,0.00,4.1
"/schools/houston-training-school-houston-01f72c2e",0,24,0.00,14.3
"/schools/kilgore-college-longview-longview-494e6d84",0,24,0.00,12.9
"/schools/vxo-beauty-academy-plano-df91396a",0,24,0.00,10.3
"/schools/williams-barber-college-fort-worth-67ec17ef",0,24,0.00,10.2
"/shop/avalon-barber-shop-houston-77098-6bebe79f",0,24,0.00,9.2
"/shop/braxton-s-barber-shop-sherman-5f189ed4",0,24,0.00,3.7
"/shop/collab-barbershop-houston-13193f01",0,24,0.00,10.1
"/shop/gratitude-barber-studio-katy-5157c78e",0,24,0.00,8.9
"/shop/oath-barber-company-fort-worth-0ad0775a",0,24,0.00,5.5
"/shop/studio09-barbershop-houston-77099-08aca3e9",0,24,0.00,8.7
"/stores/armstrong-mccall-houston-77058-ad33a24c",0,24,0.00,10.5
"/stores/beauty-warehouse-wj-houston-77089-016682a6",0,24,0.00,4.3
"/stores/hit-beauty-supply-houston-77063-9c01fb73",0,24,0.00,13.2
"/stores/k-1-beauty-houston-77099-bdd167ab",0,24,0.00,6.8
"/stores/s-beauty-supply-houston-77085-43144923",0,24,0.00,8.9
"/stores/uptown-beauty-supply-8-houston-77086-3eaf6145",0,24,0.00,6.0
"/texas/houston/insights/market-analysis/boardroom-salon-for-men-washington-heights",0,24,0.00,10.1
"/schools/elliot-reed-beauty-institute-dallas-01e7a3c3",3,23,13.04,4.7
"/barbers/houston-barber-life-zwall-salon-by-jc-suite-401-tx-8e84b341",1,23,4.35,8.3
"/cosmetologists/candi-stylist-houston-190afc31",1,23,4.35,8.8
"/salons/blush-beaumont-19690fbb",1,23,4.35,6.8
"/salons/denia-s-salon-houston-d92a8cba",1,23,4.35,8.4
"/schools/modern-barber-beauty-institute-college-station-6a686e6b",1,23,4.35,20.8
"/schools/shear-genius-barber-school-houston-7af0d84c",1,23,4.35,4.2
"/stores/glow-empire-houston-77085-936e93e2",1,23,4.35,3.8
"/barbers/aurelio-the-barber-carrollton-75006-f0c04c04",0,23,0.00,4.7
"/barbers/cisneros-barbershop-houston-77017-7f4eae3d",0,23,0.00,5.3
"/barbers/dtx-barbers-shop-tx-ba665c0e",0,23,0.00,7.3
"/barbers/flash-da-barber-dallas-75233-3571c78f",0,23,0.00,5.0
"/barbers/joelblenz-tx-5d7767a5",0,23,0.00,3.5
"/barbers/kikin-style-houston-77063-e3008217",0,23,0.00,5.0
"/barbers/l-j-barber-shop-houston-77026-6f71e3b8",0,23,0.00,9.3
"/barbers/mugentcutz-barbershop-llc-tx-13a32163",0,23,0.00,5.3
"/barbers/omar-hightower-tx-e208db13",0,23,0.00,9.2
"/barbers/phazes-barber-beauty-shop-cuts-by-dan-tx-3a584e62",0,23,0.00,7.7
"/barbers/the-vip-lounge-tx-2e296894",0,23,0.00,9.5
"/salons/beauty-salon-bella-houston-acdda5a6",0,23,0.00,6.2
"/salons/beauty-salon-yaris-houston-55ac3fa1",0,23,0.00,12.9
"/salons/blake-charles-salon-san-francisco-47867f5d",0,23,0.00,8.1
"/salons/champions-beauty-salon-houston-9887c3d3",0,23,0.00,8.3
"/salons/divas-dominican-hair-salon-el-paso-d31b0c2f",0,23,0.00,8.3
"/salons/el-lago-studio-houston-67b6f084",0,23,0.00,5.5
"/salons/first-impression-salon-spa-san-antonio-2e5731a3",0,23,0.00,13.5
"/salons/fringe-salon-el-paso-485d5fd2",0,23,0.00,2.5
"/salons/gawsy-hair-salon-and-spa-houston-1dfb7817",0,23,0.00,6.6
"/salons/glamour-hair-studios-houston-0235468b",0,23,0.00,7.4
"/salons/hair-revival-studio-dallas-451e49e1",0,23,0.00,10.9
"/salons/inova-hair-salon-barbershop-houston-3bc82772",0,23,0.00,4.4
"/salons/jovie-salon-frisco-d6dc2e13",0,23,0.00,8.2
"/salons/k-hair-irving-cfd5e70a",0,23,0.00,9.5
"/salons/laura-s-fashion-hair-braiding-humble-bedb6961",0,23,0.00,8.9
"/salons/m-hair-salon-houston-9ffae353",0,23,0.00,9.3
"/salons/magicuts-irving-856b5973",0,23,0.00,5.5
"/salons/marty-s-hair-art-beauty-salon-laredo-afd84169",0,23,0.00,6.8
"/salons/medusa-hair-alchemist-houston-c461bad4",0,23,0.00,7.8
"/salons/phenix-salon-suites-midtown-houston-569b28fa",0,23,0.00,8.7
"/salons/posh-studio-suites-houston-1d1df74e",0,23,0.00,10.9
"/salons/salons-by-jc-corpus-christi-corpus-christi-c7d11128",0,23,0.00,9.1
"/salons/senaida-s-hair-salon-houston-bd853482",0,23,0.00,7.2
"/salons/siri-s-barber-beauty-aesthetic-sal-n-houston-52569d9d",0,23,0.00,8.5
"/salons/styles-by-adriene-houston-d7514f9a",0,23,0.00,12.2
"/salons/sweet-sassy-of-pearland-houston-f25df22e",0,23,0.00,12.6
"/salons/the-color-collective-houston-a0d4a19c",0,23,0.00,20.6
"/salons/thuy-hair-salon-katy-af0ce1ec",0,23,0.00,6.0
"/salons/top-beauty-nails-hair-salon-houston-dfa2a60c",0,23,0.00,7.3
"/salons/vics-volume-houston-3ebc93c3",0,23,0.00,5.0
"/salons/wohm-co-houston-f9fb0ec6",0,23,0.00,5.7
"/schools/adia-beauty-college-dallas-04fdd48f",0,23,0.00,7.3
"/schools/cosmetology-out-of-state-school-irving-89b620d9",0,23,0.00,20.9
"/schools/evvaylois-academy-school-of-beauty-brenham-2d87842a",0,23,0.00,7.2
"/schools/excellence-cosmetology-school-llc-roma-9719838b",0,23,0.00,6.0
"/schools/fort-bend-barber-college-sugar-land-f3e1c2aa",0,23,0.00,9.4
"/schools/institute-of-cosmetology-houston-03cf9af9",0,23,0.00,25.7
"/schools/maria-s-barber-school-round-rock-f0dae078",0,23,0.00,3.7
"/schools/paul-mitchell-the-school-houston-houston-ba42c1c3",0,23,0.00,12.2
"/schools/remington-college-north-houston-campus-houston-3a649b30",0,23,0.00,15.3
"/schools/south-texas-vocational-technical-institute-of-san-antonio-tx-san-antonio-b97667e5",0,23,0.00,14.7
"/schools/texas-ds-beauty-school-prosper-f8fdac9d",0,23,0.00,5.2
"/shop/dfw-barbers-llc-fort-worth-6116425f",0,23,0.00,14.0
"/shop/elite-barbershop-brownsville-ebfe5803",0,23,0.00,5.8
"/shop/lisa-s-barber-shop-the-woodlands-e0e76301",0,23,0.00,8.9
"/shop/merlin-s-beard-barbershop-frisco-a79bc2e4",0,23,0.00,6.4
"/stores/alum-rock-barber-and-beauty-supply-inc-san-jose-b47872d6",0,23,0.00,4.0
"/stores/salon-service-group-princess-professional-spring-992d4c4f",0,23,0.00,6.5
"/stores/the-snooty-boutique-houston-77057-fe248b0c",0,23,0.00,12.5
"/texas/houston/insights/market-analysis/boardroom-salon-for-men-galleria",0,23,0.00,8.0
"/texas/houston/insights/market-analysis/the-gentry-executive-cuts-and-shaves-river-oaks",0,23,0.00,4.6
"/tools/texas-cosmetology-exam-practice-deck",0,23,0.00,13.0
"/salons/aaron-s-beauty-salon-houston-5efd7950",1,22,4.55,9.2
"/salons/big-apple-salons-sherman-bf7092e3",1,22,4.55,8.0
"/salons/lavish-pflugerville-a42c725e",1,22,4.55,10.7
"/salons/peace-of-mind-hair-studio-brownsville-6c83a012",1,22,4.55,5.5
"/barbers/4d-cuts-tx-da213d87",0,22,0.00,9.4
"/barbers/antdabarber-dallas-75226-1e9700fc",0,22,0.00,16.6
"/barbers/d-fade-99-tx-9453f313",0,22,0.00,4.0
"/barbers/derde-cutz-tx-6d5656ae",0,22,0.00,8.7
"/barbers/don-dada-cutz-houston-77057-9ebab002",0,22,0.00,6.7
"/barbers/evolvecut-barber-studio-houston-77057-aac8b7c6",0,22,0.00,7.9
"/barbers/la-cutz-tx-87174230",0,22,0.00,10.1
"/barbers/mariodabarber-tx-a139ad15",0,22,0.00,10.3
"/barbers/reek-ellum-styling-suite-dallas-75226-1ae28683",0,22,0.00,50.7
"/barbers/the-cuban-s-barbershop-tx-1dec4aef",0,22,0.00,6.9
"/barbers/ultimate-barbershop-tx-ae3b3cd6",0,22,0.00,9.1
"/cosmetologists/rusala-curtis-cosmetologist-houston-ce5ccbe3",0,22,0.00,5.0
"/kids-haircuts-houston",0,22,0.00,16.3
"/salons/aida-s-beauty-salon-houston-e7b28511",0,22,0.00,6.9
"/salons/alfredo-james-hair-design-san-antonio-325586f9",0,22,0.00,9.1
"/salons/bombshell-s-hair-brow-studio-garland-e3743a6b",0,22,0.00,7.9
"/salons/bossa-beauty-studio-houston-1f57b622",0,22,0.00,8.6
"/salons/brazilian-wax-hair-extension-beauty-studio-houston-dd533e33",0,22,0.00,7.7
"/salons/curl-up-dye-salon-studio-51-tyler-98579a72",0,22,0.00,8.9
"/salons/double-take-salon-houston-4d123ce2",0,22,0.00,9.0
"/salons/dreamhouse-salon-fort-worth-467273ca",0,22,0.00,7.9
"/salons/glow-up-houston-houston-4b4f0b78",0,22,0.00,11.1
"/salons/hair-by-mina-katy-cad8b60a",0,22,0.00,9.5
"/salons/kalon-hair-studio-college-station-078e2963",0,22,0.00,28.9
"/salons/lavender-lane-hair-studio-houston-b7aec40c",0,22,0.00,6.2
"/salons/mary-s-hair-salon-houston-6d97e7a6",0,22,0.00,5.8
"/salons/mayra-alejandra-the-salon-experience-laredo-be2b792e",0,22,0.00,6.2
"/salons/mirra-mirra-beauty-bar-houston-2b102c01",0,22,0.00,6.5
"/salons/n-hair-salon-sugar-land-796f4ab3",0,22,0.00,6.2
"/salons/pani-style-hair-salon-katy-texas-blondes-balayage-extensions-katy-9a36e25a",0,22,0.00,8.5
"/salons/perfections-co-hair-salon-houston-b57df7e6",0,22,0.00,16.4
"/salons/salon-envy-san-antonio-san-antonio-1e320208",0,22,0.00,7.4
"/salons/sarita-s-beauty-salon-houston-2aedd6ba",0,22,0.00,7.0
"/salons/serenity-salon-spa-el-paso-b29892a8",0,22,0.00,5.5
"/salons/shik-beauty-bar-houston-4edaec7a",0,22,0.00,6.6
"/salons/sista-girlz-hair-therapy-houston-428e4bd0",0,22,0.00,7.0
"/salons/sofie-hair-salon-dallas-896b30e4",0,22,0.00,9.2
"/salons/studio-priv-sugar-land-93fa5410",0,22,0.00,6.3
"/salons/sugaring-nyc-sugar-land-texas-sugar-land-0fe9d925",0,22,0.00,10.8
"/salons/the-bees-knees-hair-studio-fort-worth-5892061c",0,22,0.00,8.8
"/salons/the-comma-corpus-christi-2001a09d",0,22,0.00,9.0
"/salons/wellness-spa-katy-holistic-massage-spa-katy-d3b8fa9a",0,22,0.00,26.9
"/salons/yazmin-s-hair-salon-2-houston-b137cc3b",0,22,0.00,8.5
"/schools/academy-of-barbers-iinstitute-ept-el-paso-4ea7730d",0,22,0.00,23.4
"/schools/central-texas-beauty-college-2-round-rock-5d5ac9c2",0,22,0.00,13.4
"/schools/collectiv-academy-dallas-e5859157",0,22,0.00,14.0
"/schools/east-texas-barber-beauty-school-barbershop-hair-salon-fort-worth-dd87e7bc",0,22,0.00,8.0
"/schools/franklin-institute-2-houston-6b7a2580",0,22,0.00,13.0
"/schools/gnu-beauty-institute-houston-817b274f",0,22,0.00,12.5
"/schools/seguin-high-school-seguin-0fd20544",0,22,0.00,9.7
"/schools/total-escape-lavishing-lashes-academy-duncanville-3c8ba71f",0,22,0.00,6.0
"/schools/ucas-university-of-cosmetology-arts-sciences-brownsville-aebbb4a2",0,22,0.00,7.9
"/schools/vogue-college-of-cosmetology-san-antonio-e5dbb7b0",0,22,0.00,18.5
"/shop/brownie-s-dallas-f22f1aa9",0,22,0.00,8.7
"/shop/fresh-cuts-hair-salon-arab-barber-houston-77085-e2f4c8f1",0,22,0.00,7.0
"/shop/kingdom-barber-studio-college-station-a3b4140c",0,22,0.00,7.1
"/shop/m-fadez-irving-3512d741",0,22,0.00,8.8
"/shop/mel-s-barbershop-college-station-f1012e13",0,22,0.00,8.1
"/shop/puerto-rican-haircuts-barber-shop-eagle-pass-2e1ebfaf",0,22,0.00,4.6
"/shop/reddog-barbershop-league-city-f0cf5e5b",0,22,0.00,5.0
"/shop/saps-co-barbershop-el-paso-007f2bf6",0,22,0.00,6.5
"/shop/summit-barber-club-sugar-land-0e366f59",0,22,0.00,9.6
"/shop/texas-fadez-2-killeen-06a659e6",0,22,0.00,7.9
"/shop/the-garage-barbershop-houston-77094-3daf3dba",0,22,0.00,5.7
"/stores/brashae-s-beauty-supply-houston-77099-06e3f412",0,22,0.00,33.4
"/stores/fine-beauty-supply-katy-tx-houston-77094-0f33a4d2",0,22,0.00,7.3
"/stores/lash-glow-humble-434a2738",0,22,0.00,9.8
"/stores/saloncentric-houston-houston-77081-bbd1eb43",0,22,0.00,13.8
"/stores/savit-beauty-supply-conroe-517b745d",0,22,0.00,10.2
"/stores/shear-genius-barber-beauty-school-all-hair-cuts-10-houston-77094-cd3b1938",0,22,0.00,9.1
"/schools/ecl-beauty-school-llc-houston-7a3cb9b9",3,21,14.29,3.8
"/salons/much-and-more-houston-361853f7",2,21,9.52,4.1
"/schools/central-texas-barber-college-killeen-34046f83",2,21,9.52,15.0
"/schools/marqblendz-barber-academy-co-plano-069f1311",2,21,9.52,6.1
"/barbers/michelle-s-barber-studio-pasadena-77506-da23967c",1,21,4.76,8.9
"/barbers/unique-kutz-grooming-lounge-tx-3703c4fa",1,21,4.76,7.6
"/schools/devida-lash-academy-mcallen-df71b02c",1,21,4.76,4.4
"/shop/pitts-barbershop-san-antonio-1d4f4f00",1,21,4.76,9.0
"/barbers/adexcutz-tx-dbbf0bed",0,21,0.00,5.7
"/barbers/alex-barber-houston-77022-9cee3504",0,21,0.00,8.5
"/barbers/bubba-the-barber-tx-7512b0ae",0,21,0.00,10.0
"/barbers/jes-s-cutz-houston-77023-d534f6a7",0,21,0.00,11.3
"/barbers/maynorblendem-tx-5fd3308c",0,21,0.00,4.5
"/salons/anehly-s-beauty-salon-houston-22c5bc86",0,21,0.00,16.6
"/salons/arty-hair-salon-san-francisco-dc947d06",0,21,0.00,9.5
"/salons/beauty-statement-houston-c984c3a6",0,21,0.00,7.3
"/salons/belle-co-hair-salon-el-paso-19664d0c",0,21,0.00,7.5
"/salons/crown-me-studio-houston-526557ce",0,21,0.00,9.0
"/salons/darquin-s-beauty-salon-houston-4a016516",0,21,0.00,18.5
"/salons/fatima-hair-braiding-beauty-bar-houston-150e163b",0,21,0.00,6.5
"/salons/great-clips-houston-1f1c867f",0,21,0.00,11.1
"/salons/hair-society-salon-houston-5c3c8033",0,21,0.00,15.0
"/salons/headquarters-men-s-salon-tyler-be503301",0,21,0.00,8.8
"/salons/houston-loctician-princess-styles-locs-houston-95e6949c",0,21,0.00,5.7
"/salons/janelle-alexis-salon-houston-d83b7641",0,21,0.00,8.1
"/salons/little-champs-haircuts-league-city-5c2cff0e",0,21,0.00,9.9
"/salons/love-is-n-the-hair-sugar-land-1b737250",0,21,0.00,3.7
"/salons/lux-salon-san-antonio-2e35ba9d",0,21,0.00,5.7
"/salons/luxe-aveda-concept-salon-corpus-christi-9998f9e9",0,21,0.00,12.1
"/salons/mabeth-dominican-beauty-salon-llc-houston-8bee0c56",0,21,0.00,7.1
"/salons/maria-s-salon-perfumer-a-y-cosm-ticos-houston-2552a87f",0,21,0.00,9.2
"/salons/matrix-hair-salon-houston-57ee275b",0,21,0.00,12.1
"/salons/melfri-s-dominican-beauty-salon-humble-d1aed6ac",0,21,0.00,8.4
"/salons/my-suite-studio-houston-4e529cc4",0,21,0.00,12.0
"/salons/panther-city-salon-fort-worth-4f78d999",0,21,0.00,7.1
"/salons/pierre-s-hair-studio-houston-8fc9d0b7",0,21,0.00,9.1
"/salons/pretty-in-pink-salon-tyler-9665b7bb",0,21,0.00,8.2
"/salons/salon-dexterity-fort-worth-5030b90b",0,21,0.00,6.1
"/salons/salon-one-21-fort-worth-b064e65c",0,21,0.00,11.6
"/salons/sassy-layers-hair-salon-league-city-1dfd08ae",0,21,0.00,7.6
"/salons/supercuts-houston-5a53efbf",0,21,0.00,10.5
"/schools/dynasty-barber-school-spring-39eaf48a",0,21,0.00,4.9
"/schools/east-texas-lash-institute-tyler-1376c142",0,21,0.00,10.2
"/schools/houston-barber-school-houston-661e5180",0,21,0.00,8.4
"/schools/its-academy-of-beauty-fort-worth-fort-worth-aa5b5a91",0,21,0.00,18.5
"/schools/r-e-cosmetology-school-ltd-baytown-2f22967e",0,21,0.00,19.3
"/schools/the-903-school-of-barbering-pllc-sherman-84f47873",0,21,0.00,9.3
"/schools/wharton-junior-college-wharton-25079106",0,21,0.00,8.9
"/shop/786-barber-studio-league-city-7e921f75",0,21,0.00,4.2
"/shop/ad-barbershop-katy-2121de6f",0,21,0.00,7.2
"/shop/five-star-elite-fades-barber-shop-houston-77044-511c1011",0,21,0.00,7.5
"/shop/lather-fade-barbershop-spring-texas-houston-77090-a381331f",0,21,0.00,8.6
"/shop/legendz-grooming-lounge-downtown-waco-b3083a90",0,21,0.00,9.1
"/shop/monarch-barbershop-austin-6b3b1abe",0,21,0.00,10.6
"/stores/abrams-hair-beauty-supply-dallas-9408e8e3",0,21,0.00,5.7
"/stores/beards-bourbon-houston-77073-701fda19",0,21,0.00,42.6
"/stores/beauty-beyond-beauty-supply-garland-cca38c33",0,21,0.00,9.0
"/stores/foxx-beauty-supply-pasadena-5049da9d",0,21,0.00,4.9
"/stores/onestop-beauty-supply-frisco-f363b4be",0,21,0.00,6.5
"/stores/sharee-s-beauty-supply-dallas-44fb9930",0,21,0.00,5.6
"/salons/gloss-belle-pro-nail-studio-houston-fb3cf63d",1,20,5.00,8.2
"/salons/vicky-s-hair-salon-houston-3b0206ee",1,20,5.00,6.0
"/schools/blessed-hands-barber-cosmetology-college-corpus-christi-7d30cd79",1,20,5.00,13.6
"/schools/melluzi-academy-pflugerville-d104be2d",1,20,5.00,10.1
"/schools/san-jacinto-college-pasadena-f9792dda",1,20,5.00,10.1
"/shop/18-8-fine-men-s-salons-the-woodlands-the-woodlands-1fcdf143",1,20,5.00,10.6
"/barbers/belico-fades-barbershop-richardson-75081-e269b326",0,20,0.00,12.7
"/barbers/charly-houston-77036-7a0b6df3",0,20,0.00,9.6
"/barbers/exotic-chopz-duncanville-75137-458f6238",0,20,0.00,3.0
"/barbers/greg-tha-barber-tx-f7716098",0,20,0.00,5.8
"/barbers/j-i-dominican-barbershop-tx-8cacf2c5",0,20,0.00,7.8
"/barbers/top-styles-barber-shop-houston-77086-fc2afc33",0,20,0.00,8.1
"/frisco",0,20,0.00,23.7
"/salons/altar-kutz-beauty-barbershop-llc-houston-6d319cc7",0,20,0.00,6.3
"/salons/bdd-hair-salon-baytown-d4ba2bdf",0,20,0.00,9.1
"/salons/beauty-and-the-blade-waco-57cd4be4",0,20,0.00,8.3
"/salons/beauty-sensation-5-houston-8543e06a",0,20,0.00,6.6
"/salons/beauty-switch-hair-salon-houston-97816eb3",0,20,0.00,8.2
"/salons/bella-hair-salon-houston-a32d1f64",0,20,0.00,7.2
"/salons/brian-of-london-hair-design-the-woodlands-dbf3ad06",0,20,0.00,8.0
"/salons/diva-empire-salon-studio-houston-4076b02d",0,20,0.00,6.2
"/salons/elite-nailz-and-spa-baytown-77d0cc00",0,20,0.00,6.6
"/salons/fifty7-avenue-hair-cosmetics-studios-houston-5e210440",0,20,0.00,15.2
"/salons/flamez-hair-studio-houston-cbba5397",0,20,0.00,9.7
"/salons/flora-s-salon-houston-443c6177",0,20,0.00,7.9
"/salons/gita-beauty-salon-missouri-city-b2be2a2f",0,20,0.00,6.3
"/salons/hair-by-capri-pasadena-da8625bb",0,20,0.00,4.8
"/salons/hair-desire-salon-houston-64af8e4e",0,20,0.00,8.2
"/salons/head-to-toe-beauty-conroe-73e90a86",0,20,0.00,7.8
"/salons/island-breeze-house-of-hair-formerly-michelle-s-salon-corpus-christi-52f2808e",0,20,0.00,8.2
"/salons/jocy-s-hair-styles-houston-c2545ab5",0,20,0.00,8.4
"/salons/k-sugarland-salon-sugar-land-75ca1aa4",0,20,0.00,3.6
"/salons/lady-a-s-braids-weaves-studio-llc-houston-356abbfd",0,20,0.00,10.4
"/salons/latino-m-g-hair-salon-houston-19aa4875",0,20,0.00,4.8
"/salons/live-oak-salon-katy-0c560579",0,20,0.00,8.7
"/salons/matique-salon-plano-de356c42",0,20,0.00,8.3
"/salons/mere-salon-dallas-6ec5e9b4",0,20,0.00,9.2
"/salons/montoya-s-cutz-houston-5d97fbd2",0,20,0.00,6.5
"/salons/normas-hair-depot-houston-9c0a8ad8",0,20,0.00,2.9
"/salons/photo-ready-salon-houston-d6e7d12a",0,20,0.00,8.2
"/salons/precision-salon-el-paso-15219f36",0,20,0.00,5.0
"/salons/pru-s-hair-salon-houston-e42345fb",0,20,0.00,8.3
"/salons/reflexions-beauty-and-wellness-studio-waco-49688efb",0,20,0.00,8.0
"/salons/sh-signature-studio-houston-dbf36abf",0,20,0.00,18.6
"/salons/spargo-hair-salon-el-paso-5c9129a6",0,20,0.00,5.5
"/salons/styles-by-kayla-houston-04d5237f",0,20,0.00,6.2
"/salons/swish-salon-frisco-d4a7a158",0,20,0.00,8.0
"/salons/the-art-of-face-houston-83395fae",0,20,0.00,8.9
"/salons/the-kb-glam-houston-7a31923a",0,20,0.00,8.3
"/salons/visage-salon-day-spa-houston-c02d988a",0,20,0.00,7.8
"/salons/visible-changes-inside-first-colony-mall-sugar-land-bba61011",0,20,0.00,14.7
"/salons/willie-coote-salon-dallas-1bebb099",0,20,0.00,8.8
"/schools/amarillo-permanent-cosmetics-institute-amarillo-10a518db",0,20,0.00,15.6
"/schools/becoming-better-training-academy-hempstead-54b38482",0,20,0.00,7.0
"/schools/clarendon-college-clarendon-45ae5683",0,20,0.00,7.5
"/schools/houston-gateway-academy-inc-houston-7ac87b7a",0,20,0.00,9.9
"/schools/modern-beauty-institute-of-cosmetology-weslaco-e9998103",0,20,0.00,4.5
"/schools/mtb-barber-academy-fort-worth-fbd87a8f",0,20,0.00,7.5
"/schools/trinity-valley-community-col-palestine-29109cd6",0,20,0.00,9.3
"/schools/vogue-college-of-cosmetology-lubbock-714518ae",0,20,0.00,8.2
"/shop/alexander-broderick-barbershop-houston-77019-a306037d",0,20,0.00,9.3
"/shop/all-pro-s-barbershop-houston-77062-fdb9d534",0,20,0.00,8.8
"/shop/barberia-gt-houston-77096-abf0d947",0,20,0.00,4.3
"/shop/boardroom-salon-for-men-the-woodlands-the-woodlands-6803c278",0,20,0.00,8.8
"/shop/cutz-brews-barbershop-sherman-0ed1a85b",0,20,0.00,5.4
"/shop/five-star-barber-dallas-35f86295",0,20,0.00,10.2
"/shop/fly-guy-kutz-waco-2af6ed10",0,20,0.00,3.2
"/shop/geiser-barbering-austin-4330b601",0,20,0.00,7.5
"/shop/gucci-fades-barber-studio-laredo-7da7c750",0,20,0.00,4.7
"/shop/pyramids-barber-shop-sugar-land-220b8970",0,20,0.00,8.2
"/shop/refined-by-april-houston-77062-82cbc622",0,20,0.00,10.4
"/shop/shaving-bar-on-lamar-and-barber-shop-dallas-da17b019",0,20,0.00,8.5
"/shop/shears-blade-executive-barberia-austin-8685ebb7",0,20,0.00,8.8
"/shop/the-boys-club-barber-shop-pearland-58eba316",0,20,0.00,8.3
"/shop/tony-s-barber-shop-tyler-683d4961",0,20,0.00,10.0
"/stores/beauty-shop-heights-houston-77008-5b82c8f6",0,20,0.00,6.2
"/stores/big-t-beauty-supply-dallas-19ece912",0,20,0.00,7.7
"/stores/evo-cosmetics-houston-77002-752e15ed",0,20,0.00,11.8
"/stores/kemet-social-beauty-supply-llc-fort-worth-edb4512b",0,20,0.00,6.2
"/stores/max-beauty-supply-dallas-a5fc9f2f",0,20,0.00,9.2
"/stores/odaa-beauty-supply-frisco-0e87724e",0,20,0.00,3.6
"/stores/salon-service-group-houston-77081-a807a817",0,20,0.00,11.2
"/stores/serenity-beauty-shop-houston-77022-1b01616b",0,20,0.00,13.3
"/stores/uptown-beauty-supply-16-houston-77049-eecbd6be",0,20,0.00,7.4
"/stores/uptown-beauty-supply-8-humble-071336c4",0,20,0.00,7.8
"/barbers/peters-dominicana-barber-shop-tx-e9881022",2,19,10.53,13.5
"/barbers/clutch-fades-jesse-houston-77057-5e138792",1,19,5.26,9.3
"/salons/febe-beauty-salon-houston-ce43bbe5",1,19,5.26,5.9
"/salons/happy-cut-beauty-salon-houston-dd7f3ae5",1,19,5.26,4.0
"/salons/impressions-hair-salon-beaumont-ed2e1c06",1,19,5.26,5.9
"/schools/bessemer-beauty-college-houston-bec08bbf",1,19,5.26,6.8
"/schools/bill-r-johnson-career-tech-ed-center-crowley-7e6e6a64",1,19,5.26,9.8
"/schools/dallas-blends-barber-academy-dallas-dfceff0f",1,19,5.26,13.7
"/schools/headlines-barber-college-odessa-7c501f42",1,19,5.26,9.1
"/austin",0,19,0.00,72.2
"/barbers/asedafade-everytime-tx-1d07bae7",0,19,0.00,8.6
"/barbers/bellaz-bladez-tx-469104f4",0,19,0.00,7.6
"/barbers/bosscutz-barbershop-houston-77071-e2856ee8",0,19,0.00,9.2
"/barbers/evol-kuts-tx-6cbde542",0,19,0.00,5.8
"/barbers/faded-barbershop-duncanville-75116-6ff42c69",0,19,0.00,13.3
"/barbers/jairotxcuts-vigil-s-barbershop-grand-prairie-75050-b5e0f8da",0,19,0.00,7.3
"/barbers/kam-the-barber-irving-75062-e26d73ea",0,19,0.00,6.1
"/barbers/luisthebarber-tx-b65f420a",0,19,0.00,7.7
"/barbers/razar-sharp-tx-8986bc24",0,19,0.00,16.6
"/barbers/the-kut-factory-houston-77020-19c3e24d",0,19,0.00,13.5
"/salons/a-salon-spa-houston-f53240f1",0,19,0.00,9.1
"/salons/avenue-salon-katy-12f83eb2",0,19,0.00,7.1
"/salons/beauty-and-beyond-skin-care-center-houston-5d72c8ae",0,19,0.00,13.7
"/salons/beauty-b4-after-fort-worth-e559952b",0,19,0.00,7.3
"/salons/bellisimas-hair-and-nail-salon-garland-51d83057",0,19,0.00,6.1
"/salons/bigger-better-hair-salon-dallas-06d94866",0,19,0.00,8.3
"/salons/bliss-nails-and-lounge-nail-salon-missouri-city-tx-missouri-city-a8b34d9e",0,19,0.00,3.8
"/salons/blue-beauty-salon-barber-shop-houston-402dd156",0,19,0.00,4.5
"/salons/chocolate-salon-braid-missouri-city-fe073bf8",0,19,0.00,7.1
"/salons/erika-s-hair-salon-houston-c7a7e536",0,19,0.00,11.3
"/salons/euphoria-hair-studio-sugar-land-2b5bdeca",0,19,0.00,8.9
"/salons/flair-55-hair-salon-san-antonio-570537d3",0,19,0.00,7.9
"/salons/garbo-a-salon-and-spa-northcross-austin-855d5435",0,19,0.00,14.1
"/salons/glam-and-glow-by-quin-llc-houston-16cb8c11",0,19,0.00,8.8
"/salons/hair-beauty-houston-51dcb8cd",0,19,0.00,12.8
"/salons/hair-by-melody-beaumont-8f196f54",0,19,0.00,7.9
"/salons/hairbykera-upperhairchelon-spa-houston-b4c53172",0,19,0.00,12.5
"/salons/her-mane-studio-houston-e6f798d6",0,19,0.00,7.9
"/salons/itzy-beauty-salon-barber-houston-0cbfb48a",0,19,0.00,6.5
"/salons/la-rosh-adel-beauty-katy-0259d8ca",0,19,0.00,6.9
"/salons/lakewood-hair-design-houston-6a44f937",0,19,0.00,12.7
"/salons/lesly-s-beautyque-houston-404ddf93",0,19,0.00,5.4
"/salons/m-w-exclusive-hair-salon-houston-02a3f8f9",0,19,0.00,9.6
"/salons/madison-reed-hair-color-bar-preston-royal-dallas-835ea253",0,19,0.00,10.9
"/salons/mae-dayzz-studio-tyler-c6fc900d",0,19,0.00,6.5
"/salons/puresana-salon-fort-worth-dff91add",0,19,0.00,7.7
"/salons/salon-asylum-woodway-tx-waco-9ca289d0",0,19,0.00,5.9
"/salons/sport-clips-haircuts-of-pasadena-fairmont-pkwy-pasadena-7ee8b933",0,19,0.00,9.5
"/salons/stonewater-salon-mckinney-ed8b20d3",0,19,0.00,6.6
"/salons/super-styles-2-houston-09e67684",0,19,0.00,4.3
"/salons/sz-hair-beauty-salon-houston-c16b296c",0,19,0.00,6.1
"/salons/the-beauty-loft-houston-83569f46",0,19,0.00,9.7
"/salons/the-beauty-lounge-the-woodlands-7265ad15",0,19,0.00,8.0
"/salons/the-editorial-a-houston-hair-salon-houston-0166b283",0,19,0.00,9.6
"/salons/the-sugaring-bar-and-boutique-amarillo-a2c2f7cf",0,19,0.00,13.4
"/salons/vibrant-beauties-hair-braiding-salon-houston-4c6a4140",0,19,0.00,5.2
"/salons/virtuous-hair-salon-pearland-0e1aeeb5",0,19,0.00,6.7
"/salons/zkbeauty-hair-salon-spa-houston-tx-houston-fafffee7",0,19,0.00,7.8
"/schools/bellagio-academy-lewisville-f1081a11",0,19,0.00,7.9
"/schools/contucci-llc-baytown-0e83dd65",0,19,0.00,8.3
"/schools/darly-new-face-academy-dallas-4f3f1743",0,19,0.00,7.7
"/schools/drop-dead-gorgeous-academy-beaumont-4719b6d7",0,19,0.00,7.7
"/schools/erma-s-beauty-school-llc-cedar-creek-7d2ddd20",0,19,0.00,6.4
"/schools/finetta-beauty-and-barber-academy-llc-hearne-387606ea",0,19,0.00,8.2
"/schools/garland-beauty-school-garland-2fdd417b",0,19,0.00,7.7
"/schools/glow-theory-academy-belton-8a2ceb68",0,19,0.00,7.8
"/schools/i-lash-by-lauren-llc-tyler-8fa612ba",0,19,0.00,8.8
"/schools/inspire-institute-of-barbering-cosmetology-plano-d916ae1e",0,19,0.00,8.5
"/schools/paul-mitchell-the-school-dallas-carrollton-a3ee2979",0,19,0.00,10.6
"/schools/pipo-academy-of-hair-design-el-paso-c0571266",0,19,0.00,8.1
"/schools/salon-spa-institute-brownsville-f35e0a4a",0,19,0.00,25.4
"/schools/the-lash-institute-weatherford-23e4feff",0,19,0.00,4.4
"/schools/trend-barber-college-inc-houston-cde47331",0,19,0.00,9.1
"/schools/visit-sugar-land-sugar-land-c261ec20",0,19,0.00,10.9
"/shop/ab-fadez-pflugerville-b9165cc0",0,19,0.00,7.6
"/shop/berlon-cuts-houston-77078-16d48d0d",0,19,0.00,6.8
"/shop/boardroom-salon-for-men-washington-heights-houston-77007-6123e30e",0,19,0.00,12.3
"/shop/cash-rd-barbershop-houston-77070-5a07620e",0,19,0.00,8.0
"/shop/fade-factory-barbershop-houston-77087-a16a1265",0,19,0.00,6.7
"/shop/ideal-fades-2-0-austin-7643dcfa",0,19,0.00,8.5
"/shop/image-lores-salon-corp-houston-77069-798579b1",0,19,0.00,4.9
"/shop/klassic-kutz-salons-houston-77054-24b01b57",0,19,0.00,4.5
"/shop/mc-haircuts-pflugerville-a583df63",0,19,0.00,7.5
"/shop/medallion-barbers-since-1969-dallas-c4ea56a2",0,19,0.00,5.8
"/shop/mirage-barber-shop-plano-fa2fb188",0,19,0.00,8.9
"/shop/mr-dunn-s-barber-shop-houston-77053-88117b79",0,19,0.00,5.4
"/shop/sport-clips-haircuts-of-mckinney-market-street-center-mckinney-2b5fb24d",0,19,0.00,8.3
"/shop/tophatter-s-barbershop-san-antonio-0fad119e",0,19,0.00,7.4
"/stores/bath-body-works-houston-77094-0c946b71",0,19,0.00,9.7
"/stores/hair-n-beauty-supply-dallas-6770c0ac",0,19,0.00,8.2
"/stores/hair-n-bulk-beauty-supply-ne-hub-san-antonio-6648a2c1",0,19,0.00,4.6
"/stores/smash-beauty-supply-katy-cd02fbf3",0,19,0.00,6.9
"/stores/tlc-barber-supply-houston-77075-5a60bfac",0,19,0.00,12.7
"/texas/houston/insights/market-analysis/bonafide-haircut-bar",0,19,0.00,6.5
"/texas/houston/insights/market-analysis/smokin-mirrors-barbershop",0,19,0.00,9.9
"/schools/prospect-barber-institute-llc-mesquite-b7d7a1d2",2,18,11.11,6.7
"/barbers/fr3d-barber-tx-dfd15f3d",1,18,5.56,3.2
"/salons/brazos-bombshell-salon-waco-ced89fa2",1,18,5.56,3.4
"/salons/hair-masters-mcpherson-laredo-f2bf8286",1,18,5.56,9.4
"/salons/helenhair-houston-8b0a305a",1,18,5.56,7.6
"/salons/the-secret-society-salon-suites-houston-0cd5eaa5",1,18,5.56,11.9
"/schools/advanced-beauty-college-austin-68ce6f0e",1,18,5.56,6.1
"/schools/nu-beauty-school-plano-a8fb30be",1,18,5.56,5.8
"/schools/zion-s-braiding-school-garland-802f31db",1,18,5.56,2.7
"/barbers/amir-barber-irving-75062-b36a5532",0,18,0.00,8.9
"/barbers/beardedblendz-tx-eec95dad",0,18,0.00,6.9
"/barbers/chacho-chopz-tx-cecdecc8",0,18,0.00,14.8
"/barbers/choppa-da-don-barber-houston-5d96c615",0,18,0.00,10.8
"/barbers/icykutz-irving-75061-62dbb4d3",0,18,0.00,6.1
"/barbers/omar-cuts-tx-abcb5842",0,18,0.00,6.7
"/barbers/prontocutz-tx-2c969e90",0,18,0.00,9.7
"/barbers/the-cavern-barbershop-tx-e9223e38",0,18,0.00,14.4
"/barbers/vell-cuts-tx-8c52156f",0,18,0.00,7.3
"/barbers/wheatfalls-cuts-tx-075a7f62",0,18,0.00,20.4
"/barbers/ys-barbershop-tx-5ac843da",0,18,0.00,6.7
"/salons/2-each-it-s-own-salon-houston-8fcbbd13",0,18,0.00,6.6
"/salons/aggelos-hair-salon-cypress-d8d6ce71",0,18,0.00,7.3
"/salons/amy-s-hair-art-garland-d8d205eb",0,18,0.00,6.2
"/salons/antonia-s-hair-salon-houston-2dcd7b5c",0,18,0.00,7.5
"/salons/beauty-dome-houston-fffcd255",0,18,0.00,6.8
"/salons/beauty-studio-by-mafer-houston-30cddc9a",0,18,0.00,7.2
"/salons/blo-blow-dry-bar-las-colinas-irving-3ace3818",0,18,0.00,8.9
"/salons/bloom-and-bliss-beauty-katy-0ce2df9c",0,18,0.00,5.4
"/salons/cambios-de-imagen-mia-houston-0820ce44",0,18,0.00,8.4
"/salons/cecy-s-hair-salon-humble-bfbc22e3",0,18,0.00,6.2
"/salons/christabella-hair-braiding-salon-houston-1b51b262",0,18,0.00,10.2
"/salons/citrine-nail-bar-baytown-78a329ad",0,18,0.00,7.1
"/salons/cost-cutters-houston-f72adf76",0,18,0.00,8.9
"/salons/d-valen-beauty-salon-spa-houston-ac37ab8e",0,18,0.00,7.0
"/salons/el-vate-hair-parlour-dallas-3b2296d1",0,18,0.00,13.2
"/salons/great-cuts-styles-hair-salon-houston-147de37c",0,18,0.00,4.8
"/salons/hair-couture-beauty-ink-lounge-san-antonio-94dff504",0,18,0.00,11.6
"/salons/hair-weaving-braiding-full-service-salon-just-4-us-houston-04a9c57c",0,18,0.00,9.9
"/salons/hello-sugar-sugarland-brazilian-wax-sugar-salon-sugar-land-f6bc7db2",0,18,0.00,14.1
"/salons/hfg-houston-3d7a83b2",0,18,0.00,8.0
"/salons/intuitions-hair-studio-houston-3ccf8e12",0,18,0.00,5.4
"/salons/krasa-houston-houston-8ff725d3",0,18,0.00,9.4
"/salons/madison-reed-hair-color-bar-sugar-land-sugar-land-7100ba80",0,18,0.00,14.5
"/salons/nova-hair-salon-sugar-land-d291e2d5",0,18,0.00,8.4
"/salons/rare-luxe-sanctuary-houston-a8120655",0,18,0.00,7.3
"/salons/revival-beauty-studio-baytown-7ab9e8dd",0,18,0.00,8.4
"/salons/salon-studio-by-advanced-beauty-services-houston-40a278ce",0,18,0.00,19.4
"/salons/smooshine-austin-fcb63014",0,18,0.00,10.1
"/salons/star-lash-brow-pearland-pearland-80c6252b",0,18,0.00,9.0
"/salons/style-s-by-shamila-baytown-aaa93398",0,18,0.00,6.6
"/salons/style-salon-tyler-762dd519",0,18,0.00,7.1
"/salons/the-806-halo-beauty-salon-amarillo-19f1c08e",0,18,0.00,8.9
"/salons/the-glow-up-salon-houston-b65a0ea9",0,18,0.00,5.9
"/salons/the-hair-studio-frisco-frisco-867b71b3",0,18,0.00,12.1
"/salons/touch-of-heaven-hair-artistry-humble-c320f54e",0,18,0.00,8.6
"/salons/valentina-s-beauty-salon-and-barbershop-houston-dcd2dc8e",0,18,0.00,5.6
"/salons/yesenia-s-beauty-salon-houston-10a9a91c",0,18,0.00,7.8
"/schools/dale-jackson-career-center-lewisville-06c781b8",0,18,0.00,5.4
"/schools/diamonds-cosmetology-college-sherman-6c9bef55",0,18,0.00,8.9
"/schools/exclusiv-barber-beauty-academy-llc-tyler-4e4a31f6",0,18,0.00,8.4
"/schools/laila-s-beauty-studio-college-station-83786288",0,18,0.00,9.1
"/schools/learn-lash-repeat-training-academy-dallas-f401010e",0,18,0.00,7.3
"/schools/miller-career-and-technology-center-katy-7fc6d2c6",0,18,0.00,10.2
"/schools/texarkana-college-texarkana-cc1d7251",0,18,0.00,18.2
"/schools/texas-lash-academy-llc-eagle-pass-9fdd8a20",0,18,0.00,9.3
"/schools/trucco-beauty-institute-el-paso-ae5196de",0,18,0.00,10.1
"/schools/vogue-international-academy-port-arthur-4011e5ed",0,18,0.00,7.8
"/shop/101-barber-company-college-station-0b2b09e5",0,18,0.00,7.7
"/shop/8e3798f7-836f-4759-8fbe-784c6b1b1148",0,18,0.00,7.3
"/shop/barbers-on-the-lake-pearland-8bbb5391",0,18,0.00,8.1
"/shop/chichos-barber-shop-1-houston-77087-967629f1",0,18,0.00,7.3
"/shop/desi-barber-sugar-land-6c04940e",0,18,0.00,8.4
"/shop/elevated-barber-studio-atx-austin-5e3bbf78",0,18,0.00,2.3
"/shop/minty-barber-mckinney-location-haircuts-beard-trims-hot-towel-straight-razor-shaves-fine-men-s-barbershop-salon-mckinney-3a466184",0,18,0.00,8.6
"/shop/next-lvl-barber-shop-corpus-christi-52751ed7",0,18,0.00,2.8
"/shop/off-the-top-houston-77062-fbb44a28",0,18,0.00,8.1
"/shop/pros-barbershop-fades-and-shaves-mcallen-2f2aa830",0,18,0.00,7.6
"/shop/the-barber-and-beauty-spot-conroe-e31d7fdc",0,18,0.00,9.1
"/shop/victory-barber-lounge-plano-9fe585e5",0,18,0.00,10.6
"/stores/afro-beauty-braids-austin-f89ff65a",0,18,0.00,9.1
"/stores/all-in-one-beauty-supply-frisco-d1e4006f",0,18,0.00,7.4
"/stores/armstrong-mc-call-houston-77032-d4369cff",0,18,0.00,14.8
"/stores/armstrong-mccall-beauty-supply-houston-77098-ad069590",0,18,0.00,8.4
"/stores/beauty-essence-waco-fc4d32d3",0,18,0.00,6.5
"/stores/beautyempire-supercenter-houston-77044-2cc08fac",0,18,0.00,14.7
"/stores/cindy-s-nail-hair-supplies-amarillo-acaec421",0,18,0.00,5.9
"/stores/gimme-beauty-irving-81c27d05",0,18,0.00,5.7
"/stores/lorral-beauty-supply-houston-77095-7ae1d2ee",0,18,0.00,9.2
"/stores/princess-professional-salon-and-spa-services-austin-f9d99531",0,18,0.00,6.3
"/stores/sally-beauty-houston-77013-fcb1d649",0,18,0.00,10.0
"/stores/sally-beauty-houston-77019-afbc84b6",0,18,0.00,14.1
"/stores/sally-beauty-houston-77080-4dffbd0d",0,18,0.00,12.9
"/stores/sally-beauty-houston-77083-bff38621",0,18,0.00,17.6
"/stores/sistah-sistah-beauty-supply-austin-c62eebf6",0,18,0.00,12.4
"/texas/houston/insights/market-analysis/southern-fades",0,18,0.00,5.9
"/tools/shop-site-template/shop-website-customizer/959c7fbd-2c0a-4557-99e5-7dee89d0277d",0,18,0.00,10.5
"/salons/bonjour-belle-salon-the-woodlands-magnolia-conroe-90e14ac5",1,17,5.88,9.1
"/salons/coronada-hair-studio-houston-7684d8fe",1,17,5.88,8.9
"/salons/lumee-beauty-houston-fe54b0f2",1,17,5.88,6.9
"/salons/m-d-beauty-salon-and-barber-shop-houston-a2f6c8db",1,17,5.88,4.9
"/salons/sola-salons-houston-8ac0d0cd",1,17,5.88,8.1
"/salons/x-o-beauty-salon-houston-ad0c68b8",1,17,5.88,16.4
"/schools/a-m-barber-academy-fort-worth-fort-worth-67c2ee18",1,17,5.88,6.7
"/schools/beauty-arts-cosmetology-institute-donna-a92ffac2",1,17,5.88,6.3
"/schools/cleveland-high-school-cleveland-e18767c5",1,17,5.88,28.5
"/schools/m-j-academy-llc-dallas-9098795b",1,17,5.88,6.4
"/schools/tres-hermanas-beauty-academy-llc-dallas-c476246d",1,17,5.88,5.7
"/barbers/alejandra-barber-tx-85a71f6f",0,17,0.00,5.3
"/barbers/dougthabarber-dallas-75208-5147a3b6",0,17,0.00,48.3
"/barbers/ernesto-barber-tx-a02fc59d",0,17,0.00,16.7
"/barbers/faded-by-samuel-tx-11a6c921",0,17,0.00,8.5
"/barbers/geezy-cuts-bladez-barbershop-tx-6ba8dfe9",0,17,0.00,6.8
"/barbers/gerson-waldo-cuts-barbershop-tx-ef96cbc7",0,17,0.00,8.4
"/barbers/oliver-south-mason-finest-barbershop-tx-35b5dc57",0,17,0.00,9.6
"/barbers/tino-chapa-barber-houston-77002-9142cb79",0,17,0.00,6.9
"/barbers/whiskey-bar-bershop-houston-77025-f4e0bafa",0,17,0.00,11.2
"/cosmetologists/deja-hellogorgeous-cosmetologist-houston-a6ccd98e",0,17,0.00,8.6
"/salons/a-wild-salon-and-co-college-station-683dc2c7",0,17,0.00,8.2
"/salons/aarti-s-beauty-salon-houston-65a0ee9b",0,17,0.00,6.5
"/salons/alex-jean-beauty-inc-houston-c4ae9644",0,17,0.00,7.6
"/salons/belle-beauty-studios-houston-26a46075",0,17,0.00,15.4
"/salons/belle-cherie-hair-studio-houston-8eb66690",0,17,0.00,6.8
"/salons/blessedbyray-houston-1c7b7019",0,17,0.00,3.1
"/salons/bloodroot-salon-spring-58f72d55",0,17,0.00,7.6
"/salons/city-salon-suites-spa-inwood-dallas-8c291c7d",0,17,0.00,14.8
"/salons/do-s-hair-spa-katy-06eab252",0,17,0.00,6.0
"/salons/euphoria-beauty-sa-san-antonio-1bfd7e52",0,17,0.00,7.1
"/salons/family-hair-irving-63d8e527",0,17,0.00,5.6
"/salons/genesis-beauty-salon-beaumont-c6848bf9",0,17,0.00,7.9
"/salons/hair-masters-hillside-laredo-c09830e0",0,17,0.00,8.9
"/salons/london-s-beauty-experts-brownsville-30db4066",0,17,0.00,7.1
"/salons/method-hair-austin-1fedac3f",0,17,0.00,8.3
"/salons/mix-sal-n-and-spa-el-paso-efb3c873",0,17,0.00,9.1
"/salons/naturally-you-locs-sherman-d829f224",0,17,0.00,3.5
"/salons/nix-beauty-salon-houston-655ce769",0,17,0.00,5.4
"/salons/planet-curls-houston-2bb2edbd",0,17,0.00,13.8
"/salons/pro-beauty-studio-brownsville-9b11bbe5",0,17,0.00,6.5
"/salons/radiant-hair-by-leiny-houston-67ae8875",0,17,0.00,7.2
"/salons/royal-signature-beauty-bar-humble-5cb1b4a5",0,17,0.00,7.3
"/salons/saby-s-beauty-salon-and-barbershop-brownsville-67731df4",0,17,0.00,7.6
"/salons/salima-african-hair-braiding-beauty-cuts-pflugerville-072c007e",0,17,0.00,8.1
"/salons/salon-sovay-austin-ca58d95f",0,17,0.00,17.7
"/salons/salons-by-jc-sugar-land-sugar-land-c7267c00",0,17,0.00,12.9
"/salons/solace-salon-conroe-06dc68f1",0,17,0.00,6.8
"/salons/splurge-studio-salon-houston-f42aaefe",0,17,0.00,8.8
"/salons/style-studios-hair-salon-houston-f9149b9a",0,17,0.00,15.6
"/salons/super-c-salon-conroe-db4c34fd",0,17,0.00,4.1
"/salons/the-hair-parlour-plano-b1adab7e",0,17,0.00,7.2
"/salons/the-havana-salon-houston-ee87381c",0,17,0.00,8.6
"/salons/the-phb-hair-salon-beaumont-61bddddf",0,17,0.00,6.2
"/salons/the-purple-rose-hair-studio-houston-d0a160bd",0,17,0.00,10.5
"/salons/tuscany-village-salons-at-missouri-city-missouri-city-1f4f7c2a",0,17,0.00,7.9
"/salons/yaya-s-beauty-houston-1cdf5426",0,17,0.00,6.7
"/schools/american-beauty-school-reynoso-houston-fbf69ad8",0,17,0.00,8.5
"/schools/american-laser-aesthetics-institute-san-antonio-59298909",0,17,0.00,20.0
"/schools/barber-arts-institute-donna-5d0ed937",0,17,0.00,6.1
"/schools/bella-beauty-academy-san-antonio-af7e383b",0,17,0.00,10.1
"/schools/career-schools-of-texas-houston-021dda43",0,17,0.00,19.3
"/schools/choezen-careers-healthcare-training-ll-san-antonio-2bdfd4fd",0,17,0.00,8.2
"/schools/cisco-college-cisco-9efa2fa1",0,17,0.00,7.2
"/schools/dermology-college-of-aesthetics-and-wellness-houston-46efcb45",0,17,0.00,8.7
"/schools/design-beauty-college-spring-c7e06a01",0,17,0.00,10.2
"/schools/glamoureyes-more-llc-abilene-47946176",0,17,0.00,2.6
"/schools/marshall-high-school-marshall-185944a8",0,17,0.00,7.6
"/schools/mogo-salon-academy-of-montgomery-llc-montgomery-2f5a6a8a",0,17,0.00,9.4
"/schools/natural-images-beauty-college-clute-55413005",0,17,0.00,9.3
"/schools/north-east-texas-comm-college-mount-pleasant-60eec57e",0,17,0.00,10.4
"/schools/ogle-school-beauty-and-cosmetology-fort-worth-fort-worth-eef531cf",0,17,0.00,15.4
"/schools/ogle-school-hair-skin-nails-dallas-e1292066",0,17,0.00,14.6
"/schools/pr-beauty-college-richardson-b719c1d1",0,17,0.00,9.6
"/schools/the-glam-room-llc-mission-76f029ae",0,17,0.00,7.1
"/schools/the-hair-mayor-beauty-college-missouri-city-42682902",0,17,0.00,11.3
"/schools/the-skin-beauty-academy-llc-houston-a6177131",0,17,0.00,33.5
"/schools/tonsorial-arts-barber-college-texarkana-901d51f0",0,17,0.00,12.6
"/schools/top-of-the-line-barber-school-san-antonio-fe121ae5",0,17,0.00,9.7
"/schools/ucas-univ-of-cosmetology-arts-sciences-mcallen-41bd5381",0,17,0.00,20.3
"/schools/victoria-beauty-barber-college-victoria-7087c421",0,17,0.00,10.8
"/shop/20twenty-barbers-dallas-7a41101c",0,17,0.00,11.7
"/shop/cavemen-barbershop-in-brownsville-brownsville-9a5d69f0",0,17,0.00,7.6
"/shop/crew-cutz-barbershop-houston-77023-bdc7909e",0,17,0.00,9.9
"/shop/klipped-n-plugged-barber-shop-plano-0034ee7c",0,17,0.00,10.2
"/shop/level-up-cuts-barber-salon-college-station-caf57dc5",0,17,0.00,8.6
"/shop/love-more-cutz-humble-d6ddb9cf",0,17,0.00,6.4
"/shop/manscaper-salon-conroe-33238d29",0,17,0.00,8.2
"/shop/maroon-white-college-station-0fccfcc3",0,17,0.00,9.6
"/shop/new-looks-barber-shop-houston-77054-b2d635c2",0,17,0.00,9.1
"/shop/og-barber-studio-south-austin-62678765",0,17,0.00,7.5
"/shop/rj-s-shave-palace-amarillo-08bd74d8",0,17,0.00,7.5
"/shop/team7-barbershop-austin-7a06823b",0,17,0.00,8.9
"/shop/trendsetters-barber-and-beauty-salon-garland-fe5749b9",0,17,0.00,9.2
"/shop/tristan-s-traditional-barbering-co-llc-katy-40a47c89",0,17,0.00,7.0
"/stores/anan-beauty-supply-pasadena-469e3c55",0,17,0.00,7.9
"/stores/hair-center-beauty-supply-dallas-d3996c7b",0,17,0.00,7.8
"/stores/sally-beauty-houston-77089-b981ed78",0,17,0.00,7.7
"/stores/sos-imagen-barbershop-2-houston-77093-23eca266",0,17,0.00,11.9
"/stores/wigworld-beauty-supply-austin-26407a84",0,17,0.00,14.9
"/texas/houston/insights/market-analysis/boardroom-salon-for-men-vintage-park",0,17,0.00,9.8
"/texas/houston/insights/market-analysis/caballeros-barber-shop",0,17,0.00,8.7
"/texas/houston/insights/market-analysis/priority-cuts-barbershop",0,17,0.00,7.5
"/salons/nd-beauty-studio-houston-ae72dad8",3,16,18.75,4.0
"/salons/milybrows-aesthetic-spa-houston-371a99cf",2,16,12.50,9.5
"/schools/aisd-career-tech-center-arlington-601ea8ce",2,16,12.50,6.5
"/barbers/bonafide-barber-shave-parlor-tx-27b55c65",1,16,6.25,9.1
"/salons/esme-studio-katy-c9c87c2a",1,16,6.25,4.2
"/salons/instant-beauty-skin-studio-pflugerville-505a8a7c",1,16,6.25,8.4
"/salons/lis-luxury-sal-n-spa-pflugerville-c18ad5cd",1,16,6.25,5.3
"/salons/tuscany-village-salons-humble-57e242ba",1,16,6.25,7.2
"/schools/hairmosa-beauty-academy-inc-duncanville-789d215c",1,16,6.25,7.1
"/schools/milan-institute-san-antonio-e6f3142e",1,16,6.25,14.9
"/schools/vanguardia-universidad-de-belleza-llc-mcallen-1d9f5fa6",1,16,6.25,5.9
"/stores/luv-beauty-supply-dallas-7888005d",1,16,6.25,4.7
"/barbers/ambitious-cutz-tx-ce270983",0,16,0.00,20.6
"/barbers/cali-tha-barber-tx-66782ff6",0,16,0.00,7.3
"/barbers/christostooblurry-tx-2523eca3",0,16,0.00,32.6
"/barbers/emmanuel-barbershop-houston-77081-156d535f",0,16,0.00,10.4
"/barbers/f-lix-barber-tx-efdb6e13",0,16,0.00,8.2
"/barbers/guanajuato-barbershop-houston-77011-31976327",0,16,0.00,9.4
"/barbers/kmacthebarber-dallas-75202-eb674967",0,16,0.00,6.5
"/barbers/manny-s-barber-shop-rubi-sanchez-mesquite-75150-b729116f",0,16,0.00,7.6
"/barbers/ninety-degrees-barbershop-tx-8a7454f2",0,16,0.00,9.8
"/barbers/razor-art-barbershop-tx-47cd26ab",0,16,0.00,9.6
"/barbers/thee-cutz-barbershop-tx-e36b5b02",0,16,0.00,3.7
"/barbers/trill-kutz-by-kelz-tx-e26039ec",0,16,0.00,11.2
"/barbers/trooth-men-grooming-lounge-tx-b9945d84",0,16,0.00,10.7
"/barbers/true-cutz-tx-b2d81bfc",0,16,0.00,8.3
"/barbers/warren-kut-it-tx-9aacfb9e",0,16,0.00,3.4
"/cosmetologists/brandi-holmes-makeup-artist-houston-e19d0c4a",0,16,0.00,6.4
"/salons/360-degree-salon-sugar-land-20b5d6aa",0,16,0.00,6.9
"/salons/anthony-s-aveda-concept-salon-day-spa-corpus-christi-33b2da4a",0,16,0.00,11.5
"/salons/bella-vita-lashes-laredo-tx-laredo-8a0174b2",0,16,0.00,8.0
"/salons/belleza-latina-beauty-shop-houston-3975436e",0,16,0.00,7.1
"/salons/blooming-beauty-company-houston-befe9ba6",0,16,0.00,7.6
"/salons/derek-sansone-hair-dallas-b5f452c0",0,16,0.00,8.6
"/salons/ebony-ivory-braiding-parlor-missouri-city-21b2d53e",0,16,0.00,3.7
"/salons/edu-beauty-salon-conroe-5a433a94",0,16,0.00,5.8
"/salons/five-stars-hair-salon-houston-83dfffdb",0,16,0.00,7.4
"/salons/foliage-hair-salon-day-spa-el-paso-0e0b6f17",0,16,0.00,7.7
"/salons/friendly-hair-salon-houston-6ca8e9de",0,16,0.00,2.9
"/salons/grim-and-glam-salon-houston-d68114cb",0,16,0.00,6.9
"/salons/hair-studio-91-houston-d4242121",0,16,0.00,9.4
"/salons/happy-hair-salon-garland-9ffba0c3",0,16,0.00,8.5
"/salons/high-tech-hair-designs-houston-2bf336f2",0,16,0.00,9.3
"/salons/ideal-hair-salon-pearland-f57de585",0,16,0.00,10.0
"/salons/infinite-creations-hair-studio-houston-8726d99a",0,16,0.00,10.3
"/salons/jenuine-artistry-houston-f52cd1b4",0,16,0.00,6.6
"/salons/joe-angel-hair-studio-garland-2b4f3d0a",0,16,0.00,6.0
"/salons/justnays-hair-studio-houston-8392102a",0,16,0.00,6.0
"/salons/lvm-salon-and-haircuts-houston-82d6d139",0,16,0.00,7.0
"/salons/madison-reed-hair-color-bar-fort-worth-fort-worth-42c57ff4",0,16,0.00,9.2
"/salons/maryerit-s-beauty-salon-houston-66a70672",0,16,0.00,5.4
"/salons/mdeyma-hair-studio-houston-5bdcbd21",0,16,0.00,7.5
"/salons/montenegro-sal-n-spa-el-paso-c63d2b95",0,16,0.00,7.6
"/salons/nola-daughters-houston-cda9d502",0,16,0.00,3.3
"/salons/papillon-salon-spa-conroe-d5c268bb",0,16,0.00,6.8
"/salons/redken-hair-studio-llc-at-elevate-salon-suites-irving-5168f273",0,16,0.00,6.6
"/salons/regency-hair-salon-houston-92bc7dc3",0,16,0.00,4.8
"/salons/royal-velvet-salon-spa-irving-8198d513",0,16,0.00,7.6
"/salons/salon-ambience-houston-c7a1afd9",0,16,0.00,6.4
"/salons/salon-moon-hair-studio-baytown-7514f821",0,16,0.00,10.4
"/salons/santana-s-beauty-salon-houston-fc40b174",0,16,0.00,8.8
"/salons/shabby-to-chic-tyler-8c89ad54",0,16,0.00,6.4
"/salons/shanez-hair-houston-7cee1076",0,16,0.00,4.1
"/salons/shear-illusions-hair-lounge-houston-802e0e88",0,16,0.00,7.3
"/salons/signature-nails-spa-corpus-christi-b13181ef",0,16,0.00,10.1
"/salons/sonya-renee-hair-studio-humble-8ae3b70d",0,16,0.00,7.9
"/salons/sport-clips-haircuts-of-waco-texas-marketplace-waco-bf73c02b",0,16,0.00,9.4
"/salons/the-hair-beautique-katy-db7405da",0,16,0.00,3.9
"/salons/triple-crown-hair-salon-frisco-327f08ca",0,16,0.00,8.1
"/salons/wildflower-salon-houston-6cf5e05c",0,16,0.00,8.9
"/salons/yvs-hair-scalp-head-spa-pasadena-a1f6f262",0,16,0.00,1.9
"/schools/aaction-barber-styling-college-garland-9b31ac59",0,16,0.00,5.6
"/schools/art-of-barber-academy-houston-97034898",0,16,0.00,11.5
"/schools/hands-on-therapy-mesquite-f5cc58fd",0,16,0.00,10.4
"/schools/lamar-institute-of-technology-beaumont-3373e2b6",0,16,0.00,6.8
"/schools/lash-habit-academy-llc-san-antonio-13c34d0e",0,16,0.00,9.2
"/schools/nevaeh-studios-cosmetology-barber-inst-frisco-00dbda81",0,16,0.00,15.3
"/schools/san-benito-high-school-san-benito-0f4fa82d",0,16,0.00,14.0
"/schools/swl-institute-mckinney-f0a2fc01",0,16,0.00,4.3
"/schools/toni-guy-hairdressing-academy-plano-ed06a051",0,16,0.00,26.9
"/schools/unity-blends-barber-academy-llc-houston-0a80c77b",0,16,0.00,6.7
"/schools/you-can-too-ltd-friendswood-0d3d237b",0,16,0.00,3.9
"/shop/bills-barber-shop-corpus-christi-9b0ca938",0,16,0.00,9.3
"/shop/crist-d-barber-shop-houston-77063-40916a7e",0,16,0.00,6.3
"/shop/faded-angels-barbershop-katy-f748d50b",0,16,0.00,7.3
"/shop/fademasters-barbershop-lubbock-974c1c82",0,16,0.00,4.8
"/shop/fademasterz-barbershop-killeen-a572092a",0,16,0.00,6.2
"/shop/fadez-by-babe-llc-laredo-9002f73e",0,16,0.00,9.8
"/shop/house-of-fades-woodlands-the-woodlands-ccb8c594",0,16,0.00,9.9
"/shop/king-s-cut-houston-77054-1585bc89",0,16,0.00,5.7
"/shop/kort3z-inc-barber-studio-katy-ee31d75f",0,16,0.00,7.9
"/shop/men-s-only-haircuts-amarillo-dd27b10a",0,16,0.00,9.2
"/shop/mx-barbershop-salon-fort-worth-0d335fae",0,16,0.00,9.3
"/shop/nena-hair-barbershop-pasadena-109af633",0,16,0.00,6.0
"/shop/rzn-reason-barbershop-laredo-ed8a78fc",0,16,0.00,2.3
"/shop/slayed-fades-barbershop-houston-77095-ae025f0c",0,16,0.00,3.1
"/shop/the-gents-place-barbershop-washington-heights-houston-77056-48b92871",0,16,0.00,10.3
"/shop/the-goat92-barbershop-san-antonio-8067513b",0,16,0.00,10.6
"/stores/ambrose-s-barber-shop-houston-77011-e2c1953c",0,16,0.00,9.6
"/stores/boss-beauty-supply-garland-4f30e7af",0,16,0.00,9.9
"/stores/code-eighty-irving-a14647c4",0,16,0.00,6.8
"/stores/ebony-barber-supply-houston-77099-f999c574",0,16,0.00,5.1
"/stores/eden-beauty-supply-garland-e1aa60f2",0,16,0.00,8.3
"/stores/elegant-barber-zone-los-angeles-dfe0cfb3",0,16,0.00,1.0
"/stores/emma-beauty-supply-superstore-houston-77090-daf22024",0,16,0.00,7.6
"/stores/fine-beauty-supply-waller-tx-cypress-1fea5b1a",0,16,0.00,12.2
"/stores/hair-n-bulk-beauty-supply-store-san-antonio-964ab8d7",0,16,0.00,7.9
"/stores/hairandbeauty-studio-houston-77009-19116853",0,16,0.00,15.8
"/stores/luv-beauty-houston-77087-dc80049f",0,16,0.00,4.5
"/stores/sally-beauty-houston-77093-0476e348",0,16,0.00,7.6
"/stores/sally-beauty-houston-77093-b2a3d908",0,16,0.00,13.4
"/stores/salon-and-spa-wholesaler-houston-77085-58edf1a2",0,16,0.00,19.0
"/stores/salon-and-spa-wholesaler-houston-eb3043df",0,16,0.00,11.4
"/stores/salon-service-group-the-woodlands-784b1f41",0,16,0.00,11.5
"/stores/touch-of-essence-beauty-supply-humble-5f1a770c",0,16,0.00,8.2
"/stores/uptown-beauty-supply-3-houston-77090-08f936de",0,16,0.00,16.7
"/texas/houston/insights/market-analysis/golden-edge-barbershop",0,16,0.00,9.8
"/barbers/5trimbuka-tx-cc9eb13b",2,15,13.33,5.3
"/barbers/tailored-by-taylor-houston-77025-fb45b3f7",1,15,6.67,6.3
"/cosmetologists/des-noelle-stylist-houston-5edfc9ca",1,15,6.67,11.5
"/salons/maryann-s-coastal-hair-salon-corpus-christi-0f20e8bb",1,15,6.67,7.1
"/schools/lampasas-high-school-lampasas-af2c4718",1,15,6.67,6.7
"/schools/southwest-texas-college-uvalde-ba6ffd96",1,15,6.67,11.6
"/shop/spring-barbershop-the-original-since-1968-spring-b6f65aaf",1,15,6.67,5.9
"/stores/modern-salon-equipment-dallas-0b1f6ba2",1,15,6.67,8.1
"/stores/zaza-beaut-houston-77083-020865a8",1,15,6.67,7.7
"/barbers/a1-da-barber-houston-77004-7198fd02",0,15,0.00,10.2
"/barbers/barber-dani-tx-354d7723",0,15,0.00,6.0
"/barbers/barber-tx-3169ea82",0,15,0.00,11.5
"/barbers/cuervo-barber-tx-f6b350e3",0,15,0.00,4.6
"/barbers/drew-cuts-tx-5744635b",0,15,0.00,10.5
"/barbers/house-of-barbers-john-tx-3afadc63",0,15,0.00,9.5
"/barbers/jackson-rose-barber-studio-tx-ad002ab0",0,15,0.00,6.9
"/barbers/jay-kutz-houston-77007-7f5b362e",0,15,0.00,7.7
"/barbers/jons-cuts-tx-107081f5",0,15,0.00,7.5
"/barbers/kevvblends-houston-77002-f6a068e6",0,15,0.00,7.9
"/barbers/luke-tha-barber-tx-9c8dac6f",0,15,0.00,7.7
"/barbers/nitafades-studio-dallas-75204-f76038d1",0,15,0.00,5.7
"/barbers/premier-cutz-tx-4238ca91",0,15,0.00,19.0
"/barbers/realizzyblendz-tx-9983d05b",0,15,0.00,9.8
"/barbers/tulani-sulaiman-barber-houston-c657c629",0,15,0.00,6.0
"/beaumont",0,15,0.00,16.8
"/houston/insights/market-analysis/boomerang-cuts",0,15,0.00,2.9
"/houston/insights/market-analysis/clipps-barber-shop",0,15,0.00,14.1
"/salons/anaelis-beauty-salon-dallas-0e723e60",0,15,0.00,5.5
"/salons/back-to-naturel-houston-8c759b3b",0,15,0.00,11.0
"/salons/blondtourage-salon-dallas-883a5f5b",0,15,0.00,7.3
"/salons/bollywood-beauty-salon-gifts-houston-35c9a47b",0,15,0.00,11.5
"/salons/carbon-co-beauty-lounge-houston-e3187fd9",0,15,0.00,7.9
"/salons/coils-curls-houston-b04ba9fd",0,15,0.00,14.1
"/salons/craig-piatti-salon-austin-a72dff13",0,15,0.00,9.0
"/salons/dbsalon-houston-3ca63051",0,15,0.00,5.9
"/salons/el-primo-hair-salon-houston-555a8bbd",0,15,0.00,4.7
"/salons/elite-hair-extensions-the-woodlands-75b7cc04",0,15,0.00,24.7
"/salons/exalted-hands-salon-houston-fa403bfe",0,15,0.00,5.5
"/salons/excellence-salon-and-spa-baytown-e08076ac",0,15,0.00,9.4
"/salons/exquisite-salons-beauty-supplies-llc-missouri-city-40a6620f",0,15,0.00,7.2
"/salons/fera-primrose-beauty-frisco-858e571e",0,15,0.00,6.0
"/salons/for-her-salon-houston-77f115b5",0,15,0.00,5.2
"/salons/galleria-hair-salon-garland-c8144e12",0,15,0.00,8.7
"/salons/hair-beauty-by-lx-el-paso-4a0768e6",0,15,0.00,6.3
"/salons/hair-lanes-barber-and-beauty-studio-houston-85c5fdf9",0,15,0.00,7.6
"/salons/hair-lounge-dallas-7eee76c9",0,15,0.00,8.1
"/salons/heavenly-look-beauty-salon-houston-500bb93e",0,15,0.00,6.6
"/salons/houston-hair-studio-houston-cca905b0",0,15,0.00,6.5
"/salons/j-venture-salon-tyler-60f5b0cf",0,15,0.00,7.0
"/salons/jazzy-essential-beauty-salon-houston-bb3ec487",0,15,0.00,9.1
"/salons/kensy-salon-y-barberia-houston-e094dcba",0,15,0.00,6.0
"/salons/krystle-nail-supplies-and-salon-brownsville-c8dc6ca6",0,15,0.00,9.0
"/salons/ln-hair-tech-houston-5d19f907",0,15,0.00,8.5
"/salons/mof-beauty-houston-c882c877",0,15,0.00,6.5
"/salons/my-salon-suite-houston-631c634e",0,15,0.00,7.7
"/salons/nc-hair-makeup-artistry-nails-brownsville-eb87d1b0",0,15,0.00,4.8
"/salons/ra-salon-spa-college-station-cd930687",0,15,0.00,8.5
"/salons/revive-beauty-wellness-dallas-324ad619",0,15,0.00,7.9
"/salons/runway-glam-by-kira-houston-159617fb",0,15,0.00,9.4
"/salons/salon-posh-waco-4cdb3aa4",0,15,0.00,8.3
"/salons/sonia-s-beauty-salon-laredo-a1343129",0,15,0.00,5.2
"/salons/supercuts-houston-0ba732ac",0,15,0.00,8.8
"/salons/supercuts-houston-7782cb27",0,15,0.00,13.1
"/salons/texas-tangles-salon-baytown-be4b1cf9",0,15,0.00,7.5
"/salons/the-district-hair-co-frisco-9a9fbe97",0,15,0.00,10.4
"/salons/the-hair-and-brow-bar-conroe-bd5fb685",0,15,0.00,8.3
"/salons/the-mane-event-waco-a4ffae79",0,15,0.00,7.4
"/salons/trnd-san-jose-81877147",0,15,0.00,7.9
"/salons/unicorn-hair-queen-extensions-dallas-232397d0",0,15,0.00,12.1
"/salons/w-salons-houston-bfa8ea84",0,15,0.00,4.7
"/salons/willow-sage-salon-fort-worth-30de8470",0,15,0.00,10.8
"/san-antonio",0,15,0.00,8.7
"/schools/a-m-barber-academy-fort-worth-05a82506",0,15,0.00,15.0
"/schools/abrils-cosmetology-barber-school-houston-ac7c4f73",0,15,0.00,6.2
"/schools/chop-it-up-barber-college-schertz-2f3b3044",0,15,0.00,8.7
"/schools/dallas-barber-stylist-clg-dallas-26e189d3",0,15,0.00,8.3
"/schools/elevation-barber-college-san-antonio-c2ce03d7",0,15,0.00,6.5
"/schools/jay-s-technical-institute-of-houston-katy-f510b288",0,15,0.00,9.5
"/schools/laredo-college-laredo-c7b80d2e",0,15,0.00,12.0
"/schools/metroplex-beauty-school-mesquite-32f4cc86",0,15,0.00,10.8
"/schools/navarro-college-corsicana-corsicana-4607fb4b",0,15,0.00,9.5
"/schools/og-s-school-of-hair-design-killeen-a3d49462",0,15,0.00,11.4
"/schools/ogle-school-beauty-and-cosmetology-houston-stafford-houston-72edfcd2",0,15,0.00,8.3
"/schools/sharkey-s-cuts-for-kids-sugar-land-sugar-land-465f88fe",0,15,0.00,9.5
"/schools/south-texas-barber-college-corpus-christi-31bf9dee",0,15,0.00,23.7
"/schools/southern-careers-institute-san-antonio-4533fade",0,15,0.00,8.9
"/schools/texas-barber-college-dallas-cd536d9e",0,15,0.00,8.7
"/shop/1923-barber-parlor-beaumont-2aaebff3",0,15,0.00,10.7
"/shop/haircuts-by-aiden-ochoa-beaumont-a06e65a1",0,15,0.00,7.5
"/shop/legacy-republic-barber-shop-brownsville-6c8a303f",0,15,0.00,6.9
"/shop/next-level-barbershop-spring-d4444ef1",0,15,0.00,10.0
"/shop/on-point-cuts-houston-77083-2288cd87",0,15,0.00,2.8
"/shop/one-stop-barbershop-garland-e2a0593e",0,15,0.00,8.6
"/shop/priority-cuts-barbershop-houston-77039-bb258ea9",0,15,0.00,9.1
"/shop/signature-barbershop-conroe-5a7323b7",0,15,0.00,9.1
"/shop/su-s-beauty-and-barber-pflugerville-3cf0b86d",0,15,0.00,9.1
"/shop/top-flight-barber-shop-corpus-christi-01fb3056",0,15,0.00,6.5
"/shop/v-w-fashion-barber-shop-houston-77084-7945c914",0,15,0.00,5.5
"/stores/armstrong-mccall-beauty-supply-baytown-5cb82090",0,15,0.00,14.0
"/stores/clippers-shears-above-the-rest-barbershop-and-beauty-salon-houston-77073-935d6a79",0,15,0.00,11.1
"/stores/daily-beauty-supply-wig-salon-san-antonio-61d6d691",0,15,0.00,13.8
"/stores/e-r-beauty-supply-humble-0fd02be1",0,15,0.00,7.7
"/stores/elite-barber-supply-houston-77099-3d511adf",0,15,0.00,39.1
"/stores/hol-beauty-supply-katy-578e5a34",0,15,0.00,10.8
"/stores/j-j-beauty-supply-dallas-fc8bee43",0,15,0.00,8.4
"/stores/looks-beauty-supply-store-irving-d98be008",0,15,0.00,8.5
"/stores/nailmasterdallas-home-store-appointments-only-mckinney-26b9703e",0,15,0.00,4.2
"/stores/princess-professional-salon-and-spa-services-houston-77081-1ea9e5bb",0,15,0.00,6.9
"/stores/the-lash-supply-spring-tx-conroe-e812755c",0,15,0.00,7.9
"/stores/universal-barbering-of-houston-houston-77089-2b8899b1",0,15,0.00,17.5
"/stores/www-beauty-houston-61bf4a15",0,15,0.00,7.0
"/texas/austin",0,15,0.00,81.4
"/texas/houston/insights/market-analysis/mankind-barbers",0,15,0.00,9.6
"/tools/shop-site-template/shop-website-customizer/e7620e42-43b0-42aa-896d-6bc09643bf7b",0,15,0.00,3.9
"/cosmetologists/emily-tryon-cosmetologist-houston-629b9d2e",3,14,21.43,2.6
"/schools/joshua-isd-tx-16cf5ef7",2,14,14.29,6.2
"/barbers/dumose-grooming-services-llc-houston-77003-9e37d327",1,14,7.14,5.8
"/salons/textures-tones-salon-league-city-f0d4e431",1,14,7.14,8.4
"/schools/vietnamese-american-beauty-college-pflugerville-e1ea625a",1,14,7.14,8.5
"/schools/waxahachie-high-school-waxahachie-6eafad8d",1,14,7.14,8.9
"/shop/anderson-lane-barber-shop-austin-1827fcf6",1,14,7.14,8.5
"/about",0,14,0.00,4.5
"/barbers/alejandro-barber-pro-tx-d07bb959",0,14,0.00,7.1
"/barbers/barber-oakley-houston-77004-a6a7d094",0,14,0.00,18.1
"/barbers/big-kat-s-barbershop-ruben-irizarry-tx-584305fa",0,14,0.00,8.6
"/barbers/big-money-fades-styles-tx-def22bee",0,14,0.00,3.2
"/barbers/coach-cutz-houston-77004-721afc38",0,14,0.00,7.1
"/barbers/doug-the-barber-magic-hands-tx-a6cb2266",0,14,0.00,8.6
"/barbers/fatboyfades-tx-bc9de812",0,14,0.00,10.7
"/barbers/follow-the-cut-studio-tx-79a341a4",0,14,0.00,8.6
"/barbers/fredy-faded-times-barbershop-dallas-75229-6eb478c7",0,14,0.00,11.1
"/barbers/gold-medel-barbershop-tx-4d8a92c1",0,14,0.00,6.4
"/barbers/krisp-n-klean-kuts-dallas-75201-2dfd7c18",0,14,0.00,6.1
"/barbers/la-vida-barber-shop-tx-057e592d",0,14,0.00,4.7
"/barbers/ledo-the-barber-tx-8988af8b",0,14,0.00,16.5
"/barbers/leftcutz-studio-houston-77063-db2ad255",0,14,0.00,5.9
"/barbers/noes-original-irving-75060-58a69efd",0,14,0.00,9.6
"/barbers/royal-king-kutz-studio-tx-4a81ef4a",0,14,0.00,5.7
"/barbers/top-level-fades-tx-29339a42",0,14,0.00,9.1
"/corpus-christi/78414",0,14,0.00,8.0
"/cosmetologists/candi-s-beauty-parlor-cosmetologist-houston-1d324b72",0,14,0.00,8.0
"/cosmetologists/vogue-lash-boutique-cosmetologist-houston-e27fbeb2",0,14,0.00,8.1
"/houston/insights/market-analysis/elite-stylez-hair-studio",0,14,0.00,6.9
"/houston/insights/market-analysis/slayed-fades-barbershop",0,14,0.00,8.4
"/insights/highest-paying-barbershops-houston",0,14,0.00,7.8
"/salons/arte-latino-master-beauty-llc-houston-a28edd5e",0,14,0.00,6.9
"/salons/blessed-hands-beauty-salon-houston-59d7b70f",0,14,0.00,7.6
"/salons/blo-blow-dry-bar-college-station-college-station-21457032",0,14,0.00,10.6
"/salons/canvas-salon-amarillo-71a156ab",0,14,0.00,5.9
"/salons/casa-de-hilo-boca-chica-eyebrow-threading-in-brownsville-brownsville-db301407",0,14,0.00,6.3
"/salons/crownz-tresses-lashes-brows-bundles-closures-sew-ins-wig-installs-silk-press-knotless-locs-more-spring-f451cf2d",0,14,0.00,3.6
"/salons/deseo-salon-austin-d3ded62b",0,14,0.00,5.1
"/salons/eyebrow-art-beauty-salon-garland-f07883fb",0,14,0.00,5.8
"/salons/gre-itas-hair-salon-houston-d59bd2aa",0,14,0.00,8.0
"/salons/grissy-s-hair-salon-houston-adeb201c",0,14,0.00,5.4
"/salons/hai-society-frisco-5165f8e2",0,14,0.00,5.3
"/salons/house-of-dear-dallas-a8c50600",0,14,0.00,10.7
"/salons/j-dall-hair-salon-houston-e25b5444",0,14,0.00,8.3
"/salons/jessica-rocha-artistic-nails-houston-65b719ef",0,14,0.00,6.1
"/salons/legaci-beauti-salon-houston-1cb4f312",0,14,0.00,6.4
"/salons/m-salon-houston-14a858df",0,14,0.00,15.9
"/salons/new-look-salon-spa-humble-72cec0e8",0,14,0.00,7.2
"/salons/paper-dollz-hair-salon-amarillo-1a579e84",0,14,0.00,7.5
"/salons/path-salon-balcones-austin-bdab1b06",0,14,0.00,6.5
"/salons/phenix-salon-suites-houston-ec212486",0,14,0.00,17.6
"/salons/salon-at-campbell-crossing-garland-5a04bbf5",0,14,0.00,9.2
"/salons/salon-boutique-tyler-tyler-d6f119e9",0,14,0.00,6.1
"/salons/salons-by-jc-grand-parkway-luxury-hair-beauty-wellness-salon-suites-in-spring-tx-spring-e9d0f57b",0,14,0.00,7.9
"/salons/scarlett-parlour-co-salon-katy-texas-blondes-balayage-extensions-katy-15cd90f7",0,14,0.00,9.1
"/salons/scott-risk-hair-frisco-c6c1f12f",0,14,0.00,7.4
"/salons/sheek-hair-studio-by-roya-frisco-0eb01ba1",0,14,0.00,7.0
"/salons/slayed-creationz-hair-studio-houston-bb79ff2f",0,14,0.00,5.1
"/salons/smartstyle-houston-cc8babd2",0,14,0.00,8.7
"/salons/t-gardens-texas-houston-hair-salon-houston-2f58666b",0,14,0.00,6.5
"/salons/the-white-cactus-salon-mckinney-mckinney-d12184a9",0,14,0.00,8.9
"/salons/trendz-salon-suites-waco-61ea75fc",0,14,0.00,6.1
"/salons/vanity-at-memorial-salon-suites-houston-bb737b29",0,14,0.00,8.6
"/schools/abc-beauty-academy-richardson-1847911c",0,14,0.00,9.6
"/schools/allgood-beauty-institute-llc-frisco-5eaffdfd",0,14,0.00,7.4
"/schools/bevelle-barber-school-austin-79d50c62",0,14,0.00,8.1
"/schools/central-texas-beauty-college-temple-d95dd01e",0,14,0.00,30.2
"/schools/cisco-college-cosmetology-and-barber-hawley-499a56af",0,14,0.00,7.9
"/schools/clarendon-college-clarendon-ea2bce35",0,14,0.00,8.2
"/schools/coursemax-pflugerville-c5754011",0,14,0.00,7.3
"/schools/exposito-school-of-hair-design-amarillo-c155bdde",0,14,0.00,7.1
"/schools/hairology-institute-of-cosmetology-san-antonio-3069de97",0,14,0.00,16.6
"/schools/icon-school-of-barbering-llc-houston-4bbba1ad",0,14,0.00,5.0
"/schools/t-c-p-beauty-college-tx-c2acc22a",0,14,0.00,12.8
"/schools/the-barber-education-academy-inc-laredo-1e815f84",0,14,0.00,7.5
"/schools/weatherford-college-weatherford-747553bd",0,14,0.00,8.6
"/schools/windham-school-district-huntsville-e23c3594",0,14,0.00,9.5
"/shop/anomaly-by-paradox-san-jose-cacee444",0,14,0.00,8.0
"/shop/arochi-s-barbershop-uptown-dallas-75e39312",0,14,0.00,2.3
"/shop/bombkutz-barber-shop-austin-2ebd2a10",0,14,0.00,9.0
"/shop/clipper-therapy-the-woodlands-d575b635",0,14,0.00,9.3
"/shop/crowne-barber-studio-katy-ad67ac15",0,14,0.00,9.6
"/shop/fineline-barbershop-2-san-antonio-04d5f0a5",0,14,0.00,8.1
"/shop/goldie-s-barbershop-houston-77062-12800624",0,14,0.00,7.7
"/shop/harrison-s-barber-shop-houston-77083-ae7bb020",0,14,0.00,8.1
"/shop/hometown-barbershop-brownsville-56de71de",0,14,0.00,5.5
"/shop/mid-century-barbering-barista-frisco-f3ac7921",0,14,0.00,7.2
"/shop/presidential-cuts-barber-shop-tyler-0e06127b",0,14,0.00,6.3
"/shop/pro-masters-barbershop-humble-e420764a",0,14,0.00,6.2
"/shop/razor-s-edge-barber-shop-plano-9812e858",0,14,0.00,7.5
"/shop/ro-s-barbershop-houston-77094-12ea8e71",0,14,0.00,2.0
"/shop/scissors-scotch-houston-ab3c96b0",0,14,0.00,8.4
"/shop/seven-fades-hair-studio-pflugerville-13a34600",0,14,0.00,12.5
"/shop/the-boyz-barber-studio-houston-77080-e498d95b",0,14,0.00,8.0
"/shop/the-culture-barbershop-houston-77073-9cda364c",0,14,0.00,5.7
"/shop/the-l-o-t-barbershop-college-station-7d5aed72",0,14,0.00,5.9
"/shop/virtus-barber-and-co-dallas-b029a532",0,14,0.00,7.4
"/stores/braider-zee-beauty-supply-plano-49184701",0,14,0.00,9.0
"/stores/fine-beauty-supply-barker-cypress-katy-8d03db43",0,14,0.00,9.8
"/stores/pyramid-beauty-fashion-houston-77099-c120b394",0,14,0.00,7.1
"/stores/uptown-beauty-supply-6-katy-67f609b7",0,14,0.00,13.7
"/texas/houston/insights/market-analysis/jd-cuts",0,14,0.00,9.3
"/texas/houston/insights/market-analysis/jimbo-real-kutz",0,14,0.00,2.1
"/barbers/loc-blade-by-k-mone-tx-dbaebed5",3,13,23.08,5.5
"/schools/keller-center-for-advanced-keller-179ed02e",2,13,15.38,6.1
"/barbers/adrian-cuts-tx-3ed5269e",1,13,7.69,6.5
"/cosmetologists/reggie-graham-stylist-houston-84f81b75",1,13,7.69,7.6
"/salons/hair-gallery-unlimited-inc-houston-0de79d3a",1,13,7.69,2.3
"/salons/hair-now-sugar-land-c64ffb74",1,13,7.69,13.8
"/salons/the-lavish-luxe-collection-houston-dbc54c8d",1,13,7.69,4.4
"/shop/country-cutz-barbershop-south-austin-austin-938eb32d",1,13,7.69,3.9
"/stores/barbers-of-pearland-houston-77075-69b4b9f6",1,13,7.69,7.3
"/barbers/ab-chopz-ace-of-fades-barberhouse-tx-d17ee0ac",0,13,0.00,9.8
"/barbers/barberdonnyv-dallas-75212-5fabb50a",0,13,0.00,22.2
"/barbers/carlos-barber-dallas-city-75246-7ae88bcf",0,13,0.00,13.7
"/barbers/chino-the-barber-houston-77023-297ac595",0,13,0.00,9.7
"/barbers/conglomerate-713-inc-houston-77019-13627692",0,13,0.00,2.8
"/barbers/dolphcuts-houston-77092-3d305cb0",0,13,0.00,4.6
"/barbers/first-class-gentlemen-barbershop-dallas-75208-19c3f2fa",0,13,0.00,5.3
"/barbers/fresh-til-death-cutz-garland-75043-9ad6ddd8",0,13,0.00,7.7
"/barbers/germthabarber-tx-e9c0b3db",0,13,0.00,10.7
"/barbers/headquarters-studio-holt-tx-d71eaad8",0,13,0.00,8.1
"/barbers/jojo-cuts-hair-barber-studio-houston-77092-49ec09ee",0,13,0.00,9.3
"/barbers/lo-o-cutz-tx-1050bd7b",0,13,0.00,9.5
"/barbers/matias-tx-7193e5a9",0,13,0.00,5.5
"/barbers/mighty-blendz-tx-c6d2c73e",0,13,0.00,16.8
"/barbers/sauccy-fades-tx-088d1495",0,13,0.00,9.1
"/barbers/star-barber-tx-2a3798b2",0,13,0.00,10.7
"/barbers/the-barber-suite-tx-e52a06cd",0,13,0.00,8.8
"/barbers/urban-kutz-dallas-75243-8591c6a3",0,13,0.00,12.6
"/barbers/vivi-caribbean-barbershop-tx-cf2f85bf",0,13,0.00,7.7
"/barbers/will-s-precise-cuts-tx-8bc89966",0,13,0.00,7.0
"/barbers/wkcuts-dallas-75219-86c64884",0,13,0.00,5.3
"/cosmetologists/kee-tha-esti-esthetician-houston-0c441384",0,13,0.00,7.7
"/events/barbercon-dallas-dallas-7cd7d4b0",0,13,0.00,19.8
"/irving/75039",0,13,0.00,15.5
"/irving/75060",0,13,0.00,29.8
"/salons/360-the-colour-bar-salon-el-paso-8f328746",0,13,0.00,9.3
"/salons/allure-hair-studio-houston-9f305dab",0,13,0.00,9.2
"/salons/amira-s-spa-and-salon-missouri-city-0d2bb560",0,13,0.00,7.6
"/salons/angelic-beauty-baytown-lash-wax-salon-baytown-752091f0",0,13,0.00,15.9
"/salons/beauty-ful-one-llc-houston-68d7a1a9",0,13,0.00,6.8
"/salons/beauty-glow-salon-spa-laredo-fef07164",0,13,0.00,9.8
"/salons/beauty-salon-plaza-houston-6d3148a4",0,13,0.00,8.5
"/salons/bella-sorella-salon-humble-5ec0c59a",0,13,0.00,8.5
"/salons/beluhu-s-spa-salon-laredo-61852565",0,13,0.00,5.9
"/salons/benavides-hair-design-baytown-ea98ee7c",0,13,0.00,5.9
"/salons/beyond-hair-bcs-college-station-377a6070",0,13,0.00,6.5
"/salons/bliss-hair-skin-studio-beaumont-3ea25abf",0,13,0.00,7.8
"/salons/bravados-salon-beaumont-01e4a514",0,13,0.00,4.5
"/salons/by-zo-houston-5528ed18",0,13,0.00,7.6
"/salons/dan-phyls-salon-houston-3435827e",0,13,0.00,4.4
"/salons/daydream-hair-studio-mckinney-75d7e0ca",0,13,0.00,7.7
"/salons/deezigns-hair-salon-houston-e7848c92",0,13,0.00,6.1
"/salons/detammy-the-salon-austin-1c91551a",0,13,0.00,5.2
"/salons/diva-s-creations-beauty-salon-houston-cce2c86a",0,13,0.00,7.0
"/salons/el-paraiso-beauty-salon-houston-e8add624",0,13,0.00,8.5
"/salons/galena-park-beauty-salon-houston-c14ea0ce",0,13,0.00,5.3
"/salons/georgette-s-beauty-salon-houston-eb3204af",0,13,0.00,4.8
"/salons/hair-gallery-by-dee-dedra-s-hair-studio-houston-91266cfb",0,13,0.00,7.1
"/salons/hair-plus-salon-new-location-garland-fe7ec61e",0,13,0.00,6.0
"/salons/hair-trendz-salon-el-paso-b783fdd1",0,13,0.00,6.4
"/salons/hilby-s-fade-beauty-salon-houston-c7902f6d",0,13,0.00,18.1
"/salons/house-of-arts-studio-houston-3454ccbc",0,13,0.00,8.6
"/salons/houston-s-finest-weave-natural-hair-salon-houston-befe08b7",0,13,0.00,9.1
"/salons/its-personal-the-salon-natural-hair-locs-silkpress-pixi-cuts-pearland-2b41fe71",0,13,0.00,5.1
"/salons/jocelynzxcreationz-houston-bc245a2d",0,13,0.00,10.2
"/salons/kaes-emporium-corpus-christi-58121251",0,13,0.00,7.8
"/salons/luis-enriquez-hair-salon-houston-6be39c8b",0,13,0.00,10.2
"/salons/luv-beauty-houston-23275441",0,13,0.00,7.5
"/salons/mane-muse-the-woodlands-15863f42",0,13,0.00,7.2
"/salons/maribella-s-unisex-sal-n-laredo-2b54a574",0,13,0.00,4.9
"/salons/natural-bliss-aveda-salon-amarillo-0f6bd7fe",0,13,0.00,6.7
"/salons/optimum-beauty-houston-d9467540",0,13,0.00,8.0
"/salons/pressology-salon-tyler-e6f631b7",0,13,0.00,5.5
"/salons/pretty-balayage-pasadena-44d93ab3",0,13,0.00,4.5
"/salons/raggamuffinz-salon-missouri-city-72994b65",0,13,0.00,6.9
"/salons/root-awakening-hair-spa-scalp-detox-head-spa-in-humble-tx-spa-humble-c6a1b5f5",0,13,0.00,13.5
"/salons/s-m-styles-houston-7c735c60",0,13,0.00,6.9
"/salons/salt-and-waves-salon-pflugerville-e9db0d64",0,13,0.00,8.2
"/salons/shades-nail-houston-e8971f0e",0,13,0.00,7.4
"/salons/spoiled-hair-lounge-humble-b0fd90a5",0,13,0.00,14.6
"/salons/the-beauty-studio-corpus-christi-c6e6a107",0,13,0.00,18.3
"/salons/the-factory-salon-blackhorse-cypress-8a8546b5",0,13,0.00,8.8
"/salons/tinks-hair-studio-houston-a46ec095",0,13,0.00,14.3
"/salons/tnt-hair-salons-houston-2153114f",0,13,0.00,11.1
"/salons/yves-hair-studio-league-city-9a373284",0,13,0.00,8.6
"/schools/ala-beauty-academy-duncanville-dbde61c9",0,13,0.00,7.5
"/schools/amore-beauty-academy-garland-6ebebff8",0,13,0.00,9.1
"/schools/avencia-beauty-academy-dallas-4d0b0929",0,13,0.00,6.2
"/schools/fade-fellas-barber-school-llc-carrollton-2d3661bb",0,13,0.00,12.7
"/schools/huntsville-hs-cosmetology-huntsville-d4a52149",0,13,0.00,10.0
"/schools/modern-barber-college-houston-ec3c18c4",0,13,0.00,18.8
"/schools/ogle-school-beauty-and-cosmetology-houston-stafford-sugar-land-e9a3d910",0,13,0.00,8.8
"/schools/olvera-cosmetology-and-barber-academy-llc-farmersville-c813fd8a",0,13,0.00,7.2
"/schools/pearland-s-innovative-school-of-beauty-of-silverlake-pearland-2ad734f8",0,13,0.00,7.8
"/schools/port-neches-groves-high-port-neches-0fc88447",0,13,0.00,1.3
"/schools/r-c-beauty-college-pflugerville-d6d0609e",0,13,0.00,9.8
"/schools/radiant-academy-llc-fort-worth-21155525",0,13,0.00,6.8
"/schools/regency-beauty-institute-arlington-arlington-3bd5e296",0,13,0.00,37.6
"/schools/sinclair-s-career-cosmetology-school-fort-worth-e30e1ba3",0,13,0.00,8.2
"/schools/the-professional-cosmetology-academy-laredo-c33822c1",0,13,0.00,9.4
"/schools/vista-college-beaumont-beaumont-043d3dab",0,13,0.00,13.8
"/shop/above-the-rest-barber-and-beauty-salon-llc-spring-25e8262a",0,13,0.00,9.6
"/shop/amir-barbers-amarillo-7945aaa4",0,13,0.00,5.2
"/shop/barber-pad-houston-77065-6b7d737a",0,13,0.00,10.2
"/shop/bearded-bastard-barbershop-dallas-c8ad9f48",0,13,0.00,9.5
"/shop/blades-fades-barber-shop-houston-77090-900bc111",0,13,0.00,7.1
"/shop/boardroom-salon-for-men-west-7th-street-fort-worth-45af378f",0,13,0.00,11.5
"/shop/clipperhands-barbershop-westside-el-paso-fb6171b3",0,13,0.00,7.3
"/shop/creased-barbershop-arlington-05ba91a3",0,13,0.00,6.2
"/shop/den-138-mckinney-9fe52dd7",0,13,0.00,8.1
"/shop/exclusive-cuts-styles-houston-77078-e46229e0",0,13,0.00,5.8
"/shop/fade-factory-frisco-a007e580",0,13,0.00,9.3
"/shop/gero-barber-shop-katy-28bb6bde",0,13,0.00,7.8
"/shop/la-bendicion-barbershop-houston-77090-9d46412c",0,13,0.00,5.9
"/shop/luis-gabriel-cuban-barber-shop-houston-77086-8841b901",0,13,0.00,4.2
"/shop/razor-rob-s-barber-studio-corpus-christi-56e6901f",0,13,0.00,6.6
"/shop/stan-s-barber-shop-sherman-4f60f8a1",0,13,0.00,5.3
"/shop/steven-s-barbershop-houston-77096-0d00bf42",0,13,0.00,3.3
"/shop/suave-elite-barbershop-dallas-11a4833e",0,13,0.00,8.7
"/shop/the-denton-barber-company-denton-e92c1ee3",0,13,0.00,9.7
"/shop/the-reserve-barbershop-by-kelsey-katy-96b5963d",0,13,0.00,7.5
"/shop/the-stoic-barbershop-fort-worth-419db539",0,13,0.00,8.2
"/shop/the-wolfe-lounge-fort-worth-df3be1b4",0,13,0.00,8.8
"/stores/salon-service-group-katy-79fcc633",0,13,0.00,8.4
"/stores/so-she-ink-houston-77089-389982d8",0,13,0.00,6.1
"/stores/trill-barber-supply-houston-77013-1021cb4b",0,13,0.00,6.0
"/texas/houston/insights/market-analysis/next-up-barber-studio-jersey-village",0,13,0.00,9.8
"/texas/mckinney/75069",0,13,0.00,20.1
"/barbers/malik-faded-that-tx-0b93b6f0",2,12,16.67,3.9
"/salons/palace-beauty-pflugerville-972f9cd0",2,12,16.67,4.3
"/schools/galaxy-beauty-school-llc-richardson-aa385ebf",2,12,16.67,3.1
"/schools/mc-kinney-high-school-mckinney-5f684986",2,12,16.67,7.2
"/barbers/c-h-i-c-o-tx-7cf9cbe8",1,12,8.33,7.6
"/barbers/jaydablur-tx-b47578ca",1,12,8.33,4.8
"/barbers/plugged-in-tx-76695cb1",1,12,8.33,9.3
"/barbers/pressfades-tx-b104d569",1,12,8.33,7.0
"/barbers/top-g-barber-shop-tx-ffaa157f",1,12,8.33,6.5
"/cosmetologists/tonia-odunsi-makeup-artist-houston-2bd35c9b",1,12,8.33,7.7
"/salons/essence-hair-design-beauty-missouri-city-2cca37cb",1,12,8.33,5.8
"/salons/glo-braids-houston-13fdf9ab",1,12,8.33,3.9
"/salons/lucy-beauty-bar-pflugerville-7e02a2e1",1,12,8.33,3.9
"/schools/lala-blush-medical-tattooing-clinic-medspa-pflugerville-f4dc0e2c",1,12,8.33,7.3
"/stores/lala-beauty-supply-houston-77087-84452e4b",1,12,8.33,7.0
"/barbers/ace-studio-lounge-tx-a479c4d8",0,12,0.00,7.3
"/barbers/antonio-the-barber-tx-65d745e1",0,12,0.00,11.9
"/barbers/barber-fernando-richardson-75080-beeb3380",0,12,0.00,6.4
"/barbers/dez-blendz-tx-a3ad8913",0,12,0.00,7.8
"/barbers/dinero-the-barber-tx-5ddaa924",0,12,0.00,4.5
"/barbers/dtx-studio-tx-09288397",0,12,0.00,6.9
"/barbers/exotic-kutz-by-snoop-tx-f533b58a",0,12,0.00,4.6
"/barbers/fashionheadz-barber-boutique-houston-77067-8fd46a26",0,12,0.00,7.3
"/barbers/ford-the-barber-tx-44f7f293",0,12,0.00,6.6
"/barbers/gt-the-barber-dallas-75208-89d2a968",0,12,0.00,15.8
"/barbers/hema-the-barber-irving-75038-dfdee1c2",0,12,0.00,5.1
"/barbers/jen-da-clipper-tx-9d7b0594",0,12,0.00,3.0
"/barbers/karinas-beauty-and-barbershop-tx-00650ca2",0,12,0.00,8.2
"/barbers/kosmetik-hair-studio-houston-77004-bda06838",0,12,0.00,8.8
"/barbers/manny-the-barber-tx-48b8419a",0,12,0.00,15.8
"/barbers/prince-z-cutz-tx-5fa8728e",0,12,0.00,10.8
"/barbers/vee-tx-a8cea96d",0,12,0.00,14.4
"/college-station",0,12,0.00,19.7
"/corpus-christi/78412",0,12,0.00,26.7
"/cosmetologists/cici-cosmetologist-houston-55c0e11f",0,12,0.00,9.7
"/cosmetologists/face-by-viera-makeup-artist-houston-d6ea99d8",0,12,0.00,7.7
"/houston/insights/market-analysis/bonafide-haircut-bar",0,12,0.00,3.3
"/houston/insights/market-analysis/exclusive-cuts-styles",0,12,0.00,2.9
"/houston/insights/market-analysis/executive-choice-barber-shop",0,12,0.00,5.7
"/houston/insights/market-analysis/naturally-cutz-richmond-katy",0,12,0.00,3.7
"/houston/insights/market-analysis/times-barber-shop",0,12,0.00,5.9
"/mckinney",0,12,0.00,27.5
"/salons/a-touch-of-magic-hair-salon-fort-worth-9c5d4d3e",0,12,0.00,8.5
"/salons/beauty-house-salon-y-barbershop-spa-houston-126d3104",0,12,0.00,4.9
"/salons/beauty-store-salon-spa-austin-7e45058e",0,12,0.00,12.9
"/salons/best-little-hair-house-in-texas-beaumont-0a493bfb",0,12,0.00,9.2
"/salons/black-hair-design-houston-06cda9e4",0,12,0.00,6.9
"/salons/cabelloperfectove-llc-houston-e0cc3854",0,12,0.00,3.7
"/salons/crown-d-salon-studio-houston-bf6901b4",0,12,0.00,7.3
"/salons/eloisa-s-beauty-salon-tyler-604263e4",0,12,0.00,2.8
"/salons/gilarythehairstylist-houston-3cf7f961",0,12,0.00,6.1
"/salons/hair-alchemy-katy-7229308e",0,12,0.00,12.8
"/salons/house-of-alchemy-salon-amarillo-49b5f567",0,12,0.00,6.8
"/salons/i-munique-hair-artistry-san-antonio-5d2e3cd5",0,12,0.00,5.1
"/salons/image-studios-salon-suites-mckinney-tx-mckinney-e3472e9d",0,12,0.00,8.3
"/salons/imageunited-mckinney-0cfb7e67",0,12,0.00,8.7
"/salons/john-salon-dallas-balayage-hair-extensions-dallas-29ca6158",0,12,0.00,7.1
"/salons/kc-hair-express-service-houston-651904bf",0,12,0.00,9.5
"/salons/khoobsurat-beauty-salon-irving-9d47452c",0,12,0.00,6.3
"/salons/let-s-get-pretty-houston-0352ad5e",0,12,0.00,1.4
"/salons/luna-azteca-beauty-salon-houston-9a33392c",0,12,0.00,6.3
"/salons/m-paloma-beauty-salon-houston-829e82de",0,12,0.00,9.2
"/salons/main-1-styles-cuts-houston-73df808d",0,12,0.00,5.8
"/salons/mercedes-salon-baytown-fae70553",0,12,0.00,4.8
"/salons/milagro-salons-missouri-city-c1398923",0,12,0.00,6.5
"/salons/monique-thompkins-salon-houston-956df618",0,12,0.00,6.4
"/salons/moxi-hair-studio-mckinney-dba4b261",0,12,0.00,9.8
"/salons/new-look-beauty-salon-fort-worth-31a34399",0,12,0.00,4.4
"/salons/positive-changes-hair-studio-houston-3be78697",0,12,0.00,4.7
"/salons/prismatic-salon-houston-c9c258e5",0,12,0.00,8.3
"/salons/queens-bee-salon-houston-1a61f3a3",0,12,0.00,8.5
"/salons/red-karpet-studios-houston-19d098e6",0,12,0.00,5.9
"/salons/royce-shellie-otto-salon-studios-pflugerville-bb858786",0,12,0.00,8.5
"/salons/salons-by-jc-pearland-parkway-houston-f6ab8faf",0,12,0.00,9.7
"/salons/savor-head-spa-salon-sherman-5e43839f",0,12,0.00,7.7
"/salons/sbk-studios-upscale-natural-hair-salon-spa-of-houston-houston-0ef908a9",0,12,0.00,8.2
"/salons/shear-diva-artistry-dallas-dallas-db01dffb",0,12,0.00,7.9
"/salons/siri-beauty-salon-frisco-a76bc058",0,12,0.00,7.4
"/salons/slayed-by-dez-houston-4e616ca0",0,12,0.00,5.8
"/salons/sola-salons-houston-46843022",0,12,0.00,6.4
"/salons/supercuts-houston-de0dd2e9",0,12,0.00,16.4
"/salons/the-coop-salon-beard-spa-fort-worth-1e9aeb88",0,12,0.00,7.0
"/salons/the-lennox-salon-amarillo-d299214b",0,12,0.00,8.7
"/salons/the-nails-spa-baytown-baytown-b95178a0",0,12,0.00,14.5
"/salons/the-silkpress-lounge-houston-85025d49",0,12,0.00,8.1
"/salons/third-space-salon-austin-9c53168f",0,12,0.00,7.8
"/salons/verlon-s-wig-beauty-salon-houston-5d06a42b",0,12,0.00,12.8
"/salons/your-hair-salon-houston-f63a3e46",0,12,0.00,4.0
"/schools/a-touch-of-class-manicure-school-llc-houston-10a28334",0,12,0.00,7.3
"/schools/abc-beauty-academy-financial-aids-is-available-for-those-who-qualify-garland-d2f7a570",0,12,0.00,5.5
"/schools/academy-of-hair-design-lufkin-c7578b15",0,12,0.00,33.3
"/schools/alliance-barber-academy-llc-brownsville-259afe95",0,12,0.00,7.9
"/schools/baytown-beauty-barber-college-baytown-ff621ab5",0,12,0.00,9.3
"/schools/brighton-barber-institute-dallas-346881a3",0,12,0.00,11.4
"/schools/cortiva-institute-arlington-418573b8",0,12,0.00,9.3
"/schools/d-luz-beauty-academy-inc-houston-2b8861d1",0,12,0.00,5.5
"/schools/dfw-lash-university-carrollton-a1352d6b",0,12,0.00,33.1
"/schools/lash-rx-dallas-8987e117",0,12,0.00,10.3
"/schools/lit-cypress-mauriceville-h-s-orange-69e10bbb",0,12,0.00,8.4
"/schools/madison-barber-stylist-school-llc-tyler-b81412fe",0,12,0.00,8.8
"/schools/pearland-beauty-and-barber-college-llc-pearland-e7736827",0,12,0.00,19.8
"/schools/pearlands-innovative-school-of-beauty-texas-city-15569803",0,12,0.00,22.1
"/schools/ridges-barber-college-cypress-74c2e297",0,12,0.00,7.3
"/schools/sharp-cuts-barber-and-beauty-college-killeen-e99b7d58",0,12,0.00,10.3
"/schools/south-garland-high-school-garland-b195a1e8",0,12,0.00,12.3
"/schools/tri-state-cosmetology-institute-el-paso-4a99727c",0,12,0.00,7.0
"/schools/vip-kings-barber-college-fort-worth-64380ff1",0,12,0.00,9.5
"/shop-day-connections",0,12,0.00,7.9
"/shop/blue-collar-gentlemen-s-parlor-pearland-8b7567a9",0,12,0.00,9.3
"/shop/born-cutterz-barbershop-humble-acf68879",0,12,0.00,6.0
"/shop/church-barber-apothecary-san-francisco-513e995e",0,12,0.00,11.9
"/shop/el-barbero-dallas-barber-lounge-dallas-8b13e548",0,12,0.00,7.4
"/shop/expert-barber-beauty-mckinney-d05b1f52",0,12,0.00,11.3
"/shop/faded-souls-san-antonio-d6c5f9f9",0,12,0.00,7.4
"/shop/fanatics-barbershop-2-pearland-88adb909",0,12,0.00,7.6
"/shop/hair-station-beaumont-70164216",0,12,0.00,6.9
"/shop/headliners-barber-shop-houston-77068-fd486ac4",0,12,0.00,14.8
"/shop/high-definition-hd-barber-shop-copperfield-houston-77095-56368fe8",0,12,0.00,7.1
"/shop/houston-barber-and-co-houston-77049-54c1ca14",0,12,0.00,8.4
"/shop/jennis-barbershop-pasadena-2cdb39ae",0,12,0.00,7.8
"/shop/level-up-barbershop-brownsville-fd930521",0,12,0.00,2.1
"/shop/mr-winston-s-uptown-dallas-barbershop-dallas-27b42c60",0,12,0.00,10.4
"/shop/next-generation-downtown-waco-b2100eaa",0,12,0.00,14.1
"/shop/razor-king-barber-shop-houston-77095-a04a78a8",0,12,0.00,9.5
"/shop/renaissanceman-barbershop-houston-77093-9aef39a3",0,12,0.00,10.3
"/shop/the-barber-lab-barbershop-humble-08d3ba93",0,12,0.00,8.3
"/shop/the-goat-barbershop-dallas-d2dfff35",0,12,0.00,8.8
"/shop/western-barber-and-gun-shop-midland-836bc60f",0,12,0.00,8.3
"/stores/1b-zion-beauty-supply-irving-8276585b",0,12,0.00,5.1
"/stores/beauty-empire-27-sugar-land-4a984b0f",0,12,0.00,79.1
"/stores/beauty-plus-beauty-supply-store-san-antonio-e15dfb30",0,12,0.00,9.4
"/stores/clutch-city-barber-houston-77098-71644e88",0,12,0.00,31.9
"/stores/e-line-barber-supply-houston-77090-2b021d65",0,12,0.00,50.4
"/stores/hair-beauty-2-houston-5f899b83",0,12,0.00,20.1
"/stores/hair-tyme-beauty-lounge-sugar-land-bb8679f9",0,12,0.00,8.0
"/stores/maatii-beauty-supply-dallas-1eaefcbe",0,12,0.00,3.4
"/stores/round-rock-beauty-supply-store-1-austin-7ee167fa",0,12,0.00,10.0
"/stores/salon-service-group-princess-professional-el-paso-el-paso-073715e4",0,12,0.00,7.3
"/stores/servi-productos-f-w-barber-supply-houston-77093-d5ab34a4",0,12,0.00,11.3
"/stores/starline-nails-supply-pasadena-9e6bd798",0,12,0.00,7.7
"/stores/suk-s-beauty-el-paso-76a97dbf",0,12,0.00,6.3
"/stores/sun-shop-tyler-4916f2e1",0,12,0.00,4.0
"/texas/houston/insights/market-analysis/blades-barber-and-beauty-salon",0,12,0.00,7.9
"/texas/houston/insights/market-analysis/one-for-all-barbershop-shave-parlor",0,12,0.00,8.8
"/tools/ai-booth-station/gb-barber-club",0,12,0.00,8.0
"/schools/7a3cb9b9-d6e2-4552-8fb6-07f005f6484c",3,11,27.27,5.5
"/schools/avedaarts-sciencesinstitutecorpuschristi-corpus-christi-991d925b",2,11,18.18,19.7
"/barbers/chopped-by-los-houston-77003-1f19ad5a",1,11,9.09,4.1
"/barbers/hardest-kutz-ever-tx-7c53db77",1,11,9.09,5.2
"/salons/october-rose-hair-salon-houston-d44265bf",1,11,9.09,6.7
"/salons/pixie-ivy-hair-studio-pearland-819fb992",1,11,9.09,4.9
"/salons/rodem-hair-studio-san-jose-2b90f95d",1,11,9.09,7.5
"/salons/veronica-co-hair-salon-baytown-7817cc19",1,11,9.09,6.5
"/schools/aspire-school-of-cosmetology-alice-7efe6b23",1,11,9.09,6.3
"/schools/five-star-elite-fades-barber-college-humble-6a595960",1,11,9.09,6.5
"/schools/humble-high-school-humble-22cd0b45",1,11,9.09,8.0
"/schools/south-post-oak-barber-college-houston-a830678e",1,11,9.09,7.0
"/shop/bravo-barbershop-and-tattoo-houston-houston-77086-6d3c990c",1,11,9.09,5.3
"/shop/texan-s-barber-shop-tyler-7063f6c7",1,11,9.09,6.0
"/stores/kyungs-beauty-supply-store-houston-9c7eff56",1,11,9.09,10.6
"/barbers/1st-10-barber-shop-vic-the-barber-tx-b6574b39",0,11,0.00,10.8
"/barbers/76-vintage-cutz-tx-4f37917d",0,11,0.00,7.1
"/barbers/adonis-barber-houston-77024-1f776373",0,11,0.00,21.1
"/barbers/alex-barber-tx-93fe49c7",0,11,0.00,9.5
"/barbers/barbero-cristian-dallas-75244-055a10c9",0,11,0.00,5.0
"/barbers/blessed-by-john-south-houston-77587-0fc55298",0,11,0.00,8.5
"/barbers/blessed-by-ro-tx-88573a8f",0,11,0.00,6.3
"/barbers/chiquibarberr-tx-a7a5075e",0,11,0.00,7.3
"/barbers/dapper-don-the-barber-llc-tx-8397ecd7",0,11,0.00,14.2
"/barbers/edgar-barber-houston-77036-ddffe966",0,11,0.00,11.1
"/barbers/frozonefadez-tx-887ce288",0,11,0.00,10.4
"/barbers/hector-houston-77060-ac863c51",0,11,0.00,12.9
"/barbers/ike-the-barber-tx-40f32631",0,11,0.00,9.6
"/barbers/javierbarber-tx-df9dd164",0,11,0.00,13.3
"/barbers/jevondabarber-houston-77077-d00ef0da",0,11,0.00,4.6
"/barbers/kernkuttz-tx-1ff283fe",0,11,0.00,5.1
"/barbers/kory-s-barber-service-2020-cuts-tx-265c71c0",0,11,0.00,10.0
"/barbers/magically-faded-tx-e529b7ff",0,11,0.00,6.3
"/barbers/nya-rolando-tx-94a5a771",0,11,0.00,10.2
"/barbers/pepes-barber-experience-garland-75041-5f74d85e",0,11,0.00,9.2
"/barbers/ricardo-el-patio-barbershop-tx-87357426",0,11,0.00,11.2
"/barbers/rob-the-barber-dallas-75208-2ce94cfb",0,11,0.00,17.7
"/barbers/rocuttz-mesquite-75149-2585b640",0,11,0.00,5.2
"/barbers/rodacutta-barber-houston-bbb1bcf2",0,11,0.00,8.3
"/barbers/rub-n-the-barber-tx-ebf0ad8f",0,11,0.00,21.8
"/barbers/santyblendz-tx-c9cef4c3",0,11,0.00,9.3
"/barbers/the-premier-barber-studio-tx-d00cb20d",0,11,0.00,9.8
"/barbers/the-samuel-haircut-tx-26ac2621",0,11,0.00,10.4
"/barbers/thefigaro92-tx-9b184366",0,11,0.00,3.7
"/barbers/vic-cuts-tx-84c6f8e8",0,11,0.00,4.4
"/cosmetologists/bposh-beauty-bar-esthetician-houston-43cc020b",0,11,0.00,8.5
"/el-paso",0,11,0.00,11.3
"/houston/insights/market-analysis/barber-concierge-llc",0,11,0.00,8.4
"/houston/insights/market-analysis/catrachos-flow-barber-shop",0,11,0.00,7.1
"/houston/insights/market-analysis/rich-fadez-barber-studio",0,11,0.00,3.0
"/houston/insights/market-analysis/the-gentry-executive-cuts-and-shaves-river-oaks",0,11,0.00,4.8
"/houston/insights/market-analysis/waldo-cuts-barbershop-barber-a-",0,11,0.00,9.2
"/salons/alicia-lewis-healthy-hair-specialist-baytown-5b04f0a4",0,11,0.00,6.1
"/salons/amira-s-cryo-spa-and-salon-houston-76242c46",0,11,0.00,9.5
"/salons/ashford-parker-hair-studio-sugar-land-7aa0111f",0,11,0.00,9.2
"/salons/badutouch-braiding-salon-houston-70baf0ae",0,11,0.00,5.1
"/salons/best-clips-salon-plano-9000d772",0,11,0.00,10.5
"/salons/braided-by-ju-houston-3e961f51",0,11,0.00,3.1
"/salons/cachet-salons-spa-fort-worth-893074b2",0,11,0.00,8.3
"/salons/chic-shades-hair-salon-cypress-1d362243",0,11,0.00,8.5
"/salons/cindy-hair-salon-san-jose-9739a996",0,11,0.00,6.3
"/salons/color-pop-salon-spring-3b5f551a",0,11,0.00,9.5
"/salons/colors-nail-spa-missouri-city-missouri-city-b770fd03",0,11,0.00,7.9
"/salons/core-salon-suites-houston-64e5d1e7",0,11,0.00,7.0
"/salons/denise-unisex-beauty-salon-houston-41e193d6",0,11,0.00,9.8
"/salons/embassy-westchase-houston-ac3eac30",0,11,0.00,7.2
"/salons/embellish-hair-studio-houston-d1bf55c6",0,11,0.00,9.5
"/salons/emmanuel-salon-sugar-land-26f5e3f9",0,11,0.00,8.8
"/salons/exclusive-touch-salon-garland-08e9ca9d",0,11,0.00,10.0
"/salons/expression-hair-salon-pasadena-0ab557cf",0,11,0.00,9.0
"/salons/forward-salon-houston-435d0ff6",0,11,0.00,7.8
"/salons/grace-salon-sherman-475edc36",0,11,0.00,8.1
"/salons/hair-by-jimmie-salon-spa-garland-f8306557",0,11,0.00,7.1
"/salons/hair-extensions-xpressions-salon-houston-4a4f1ccb",0,11,0.00,8.3
"/salons/hair-nail-salon-houston-3a7304aa",0,11,0.00,8.3
"/salons/hair-time-league-city-5093835e",0,11,0.00,6.0
"/salons/heavenly-hair-laredo-e7e1878a",0,11,0.00,5.1
"/salons/huetamo-hair-salon-houston-e47a09d4",0,11,0.00,7.9
"/salons/jv-hair-pearland-3b47bc3a",0,11,0.00,4.7
"/salons/khronic-beauty-bar-waco-791bc5cb",0,11,0.00,5.5
"/salons/mayfair-hue-hair-company-dallas-ee78d231",0,11,0.00,8.5
"/salons/mint-conditions-hair-studios-houston-5f86c849",0,11,0.00,10.8
"/salons/nahomy-s-beauty-salon-y-barber-shop-houston-05832612",0,11,0.00,4.8
"/salons/ng-hair-studio-brownsville-3c161bf5",0,11,0.00,7.5
"/salons/nireli-s-barber-beauty-salon-sherman-30faadb2",0,11,0.00,4.8
"/salons/peaceful-beauty-spa-el-paso-55dd75e5",0,11,0.00,13.8
"/salons/roma-salon-unisex-salon-hair-dye-nails-eyebrows-garland-f41e5a8b",0,11,0.00,7.0
"/salons/root-locs-salon-houston-753b2834",0,11,0.00,3.6
"/salons/rooted-legacy-barber-salon-houston-00efacae",0,11,0.00,8.8
"/salons/salon-2710-amarillo-9444897c",0,11,0.00,9.2
"/salons/salon-champu-tyler-22127e56",0,11,0.00,6.7
"/salons/salons-in-the-plaza-irving-af8c5425",0,11,0.00,11.6
"/salons/sams-cutz-garland-b1a0ab89",0,11,0.00,8.2
"/salons/sandy-s-hair-designs-pasadena-e13ad2a9",0,11,0.00,4.9
"/salons/sh-salon-bunker-hill-location-houston-7c196095",0,11,0.00,7.9
"/salons/sifra-s-hair-salon-houston-ea2ef8aa",0,11,0.00,9.3
"/salons/soul-head-spa-shampo-spa-houston-df26ef6c",0,11,0.00,1.5
"/salons/south-main-district-salon-fort-worth-6c44584a",0,11,0.00,7.6
"/salons/thomas-r-salons-pearland-26dfd499",0,11,0.00,8.3
"/salons/yudis-beauty-salon-pasadena-8300900d",0,11,0.00,4.9
"/schools/717-barber-academy-llc-frisco-631082e5",0,11,0.00,11.7
"/schools/aesthetic-artistry-laser-training-center-san-antonio-f085cfe6",0,11,0.00,10.7
"/schools/alpha-omega-gymnastics-dance-pearland-pearland-c63a4d71",0,11,0.00,9.4
"/schools/american-beauty-school-houston-10dad9da",0,11,0.00,10.5
"/schools/barber-life-academy-houston-e237f770",0,11,0.00,8.5
"/schools/c-a-barber-cosmetology-school-conroe-4ef65644",0,11,0.00,16.3
"/schools/cypress-woods-high-school-cypress-bfeb848f",0,11,0.00,4.5
"/schools/el-pipo-barber-college-el-paso-c447c33f",0,11,0.00,13.2
"/schools/g-a-beauty-barber-school-mcallen-f3ed7bfd",0,11,0.00,13.4
"/schools/house-of-elegance-cosmetology-school-corpus-christi-76bdc533",0,11,0.00,7.0
"/schools/jack-yates-sr-high-school-houston-fc8a2477",0,11,0.00,8.7
"/schools/legend-s-barber-college-lufkin-e3af681c",0,11,0.00,8.9
"/schools/lucky-s-university-barber-college-llc-midlothian-44afa715",0,11,0.00,7.1
"/schools/palo-alto-college-san-antonio-d0c41e97",0,11,0.00,7.7
"/schools/pearland-barber-college-pearland-1c627bbe",0,11,0.00,9.4
"/schools/quality-barber-college-the-woodlands-b674e638",0,11,0.00,7.6
"/schools/renew-barber-carrollton-6ac25402",0,11,0.00,33.8
"/schools/seminole-high-school-seminole-3f02114c",0,11,0.00,7.5
"/schools/southern-careers-institute-brownsville-brownsville-96acd788",0,11,0.00,12.5
"/schools/the-oc-at-forney-isd-forney-90afe193",0,11,0.00,8.7
"/schools/trend-barber-college-houston-ee08fc3a",0,11,0.00,23.3
"/schools/weatherford-high-school-weatherford-40211246",0,11,0.00,8.9
"/schools/wink-studios-lash-academy-arlington-f041b027",0,11,0.00,6.5
"/shop/58812b1e-b697-4ca2-a35c-88eb2c9d2258",0,11,0.00,2.3
"/shop/a-1-cuts-amarillo-634f948d",0,11,0.00,8.0
"/shop/alpha-barbers-dallas-44bc06e4",0,11,0.00,6.5
"/shop/arleth-new-style-barber-shop-houston-77085-03605277",0,11,0.00,8.0
"/shop/b-o-s-s-barber-beauty-headquarters-1-spring-ab7eb3c7",0,11,0.00,7.6
"/shop/backroom-barbershop-fort-worth-1ee8a75e",0,11,0.00,9.5
"/shop/bell-barbershop-style-houston-77095-abb3a758",0,11,0.00,9.3
"/shop/beyson-perfect-cut-humble-b2f39d5a",0,11,0.00,6.8
"/shop/blaque-sheep-s-barber-studio-houston-77059-8da2d440",0,11,0.00,4.5
"/shop/bushwick-barbershop-los-angeles-b29fd0db",0,11,0.00,7.3
"/shop/clipps-barber-shop-houston-77035-54701d44",0,11,0.00,8.0
"/shop/cool-arrows-barbershop-brownsville-52a32cbe",0,11,0.00,3.3
"/shop/cool-heads-barbershop-frisco-warren-frisco-7566638f",0,11,0.00,8.0
"/shop/cool-heads-barbershop-plano-plano-ca71f2b7",0,11,0.00,12.6
"/shop/dominguez-barbershop-spring-aad5d473",0,11,0.00,6.3
"/shop/expressean-s-barber-lounge-houston-77062-18b32d61",0,11,0.00,7.2
"/shop/fountainview-barber-shop-houston-77057-5a85d28d",0,11,0.00,10.8
"/shop/g-q-barbershop-houston-77099-ff653f7d",0,11,0.00,10.0
"/shop/galindo-s-barbershop-magnolia-conroe-82828f07",0,11,0.00,10.5
"/shop/innovations-barber-studio-at-fallcreek-humble-c939405e",0,11,0.00,6.3
"/shop/jerry-s-style-shop-houston-77053-e4128ce0",0,11,0.00,7.5
"/shop/jimmy-barber-shop-504-houston-77049-eba063f7",0,11,0.00,11.5
"/shop/le-s-cuts-sugar-land-0af64f3c",0,11,0.00,6.9
"/shop/lookers-baytown-9048463a",0,11,0.00,6.5
"/shop/luxe-lounge-barbershop-plano-e22295ee",0,11,0.00,9.0
"/shop/one-stop-barber-shop-tyler-e875a1a0",0,11,0.00,7.5
"/shop/phaded-klipz-barber-studio-college-station-0d35f09a",0,11,0.00,7.9
"/shop/pochi-barber-shop-houston-77044-5b340864",0,11,0.00,6.2
"/shop/prolific-cuts-baytown-f235ad0a",0,11,0.00,5.4
"/shop/rich-fadez-barber-studio-houston-77094-27ac234b",0,11,0.00,5.8
"/shop/rr-barbershop-league-city-53184d80",0,11,0.00,11.2
"/shop/sport-clips-haircuts-of-college-station-jones-crossing-college-station-5dceda68",0,11,0.00,10.1
"/shop/superior-blendz-barbershop-dallas-506dc37f",0,11,0.00,9.7
"/shop/t-s-kutz-missouri-city-47e92383",0,11,0.00,8.4
"/shop/the-boss-haircut-houston-77062-b1e930db",0,11,0.00,4.9
"/shop/the-good-life-barber-shop-austin-6942a0f5",0,11,0.00,6.6
"/shop/the-manifest-barbershop-mckinney-84647fb6",0,11,0.00,14.4
"/shop/top-tier-barber-studio-san-antonio-eb3b6b19",0,11,0.00,11.2
"/shop/town-square-hair-barber-studio-amarillo-ade5498f",0,11,0.00,11.6
"/shop/tune-up-the-manly-salon-2644-wolflin-ave-amarillo-8b883c9c",0,11,0.00,9.2
"/stores/alo-nail-beauty-supply-sacramento-48c60b64",0,11,0.00,8.1
"/stores/armstrong-mccall-houston-77029-3725f50e",0,11,0.00,57.9
"/stores/elite-beauty-supply-salon-sugar-land-4e9e7b62",0,11,0.00,32.2
"/stores/hair-beauty-2-houston-77091-e2806fff",0,11,0.00,16.9
"/stores/koncepts-of-barbering-houston-77081-b854be77",0,11,0.00,8.2
"/stores/monet-lifestyle-co-houston-77091-bff78238",0,11,0.00,11.5
"/stores/original-talent-barbershop-houston-77080-07b5703e",0,11,0.00,5.7
"/stores/rda-beauty-supply-beaumont-e0a0f85f",0,11,0.00,9.4
"/stores/vanity-essentials-houston-77090-1912ead2",0,11,0.00,13.1
"/stores/voss-beauty-systems-houston-77099-356a63ea",0,11,0.00,6.5
"/texas/frisco",0,11,0.00,13.3
"/texas/houston/insights/market-analysis/arleth-new-style-barber-shop",0,11,0.00,7.6
"/texas/houston/insights/market-analysis/the-man-s-chair",0,11,0.00,10.9
"/texas/houston/insights/market-analysis/v-s-barbershop-houston-energy-corridor",0,11,0.00,9.4
"/texas/irving/75062",0,11,0.00,21.8
"/texas/pearland/77581",0,11,0.00,33.3
"/barbers/carlosbarber-dtx-garland-75042-004b9439",1,10,10.00,5.6
"/barbers/jrfadez-tx-daf7494f",1,10,10.00,4.6
"/barbers/the-iccy-way-tx-4dc1f9ba",1,10,10.00,4.3
"/cosmetologists/mika-bee-stylist-houston-15287477",1,10,10.00,7.8
"/salons/hair-by-nickibell-houston-a9c2dd68",1,10,10.00,8.5
"/salons/rey-s-hair-salon-at-elevate-salon-studios-irving-da143c37",1,10,10.00,11.4
"/schools/harlingen-cisd-cosmetology-harlingen-cab348d4",1,10,10.00,8.8
"/schools/iepb-professional-cosmetology-inc-mcallen-dd678763",1,10,10.00,6.7
"/schools/mount-pleasant-high-school-mt-pleasant-4a46d5c2",1,10,10.00,6.8
"/schools/san-elizario-high-school-san-elizario-1c23dce8",1,10,10.00,10.2
"/schools/splendora-high-school-splendora-1eb81f16",1,10,10.00,6.8
"/barbers/222blendz-tx-3a194ec7",0,10,0.00,10.3
"/barbers/alexthebarber-houston-77084-428d27d5",0,10,0.00,11.3
"/barbers/angelo-barber-tx-dcac4e6f",0,10,0.00,18.4
"/barbers/arochi-s-barbershop-dallas-75209-cfc05b09",0,10,0.00,11.5
"/barbers/big-e-tha-barber-vip-cutz-tx-e117c39b",0,10,0.00,7.8
"/barbers/brandon-barber-tx-2633adef",0,10,0.00,8.5
"/barbers/bu-fade-tx-e21c50c2",0,10,0.00,13.1
"/barbers/chris-before-and-after-cuts-tx-48c48a42",0,10,0.00,7.9
"/barbers/dmo-the-barber-1st-10-barber-shop-tx-2321db38",0,10,0.00,5.7
"/barbers/don-chuys-barbershop-tx-339c142e",0,10,0.00,8.1
"/barbers/exquisite-cuts-barber-company-texas-77025-29c5bf1c",0,10,0.00,10.8
"/barbers/fivestarcutz-tx-3f07b106",0,10,0.00,13.9
"/barbers/glenn-the-barber-houston-77092-9b8cd6cf",0,10,0.00,13.0
"/barbers/hauce-by-dezign-houston-77082-ab210216",0,10,0.00,7.2
"/barbers/iceberg-cutz-houston-77045-890cb6ca",0,10,0.00,7.8
"/barbers/jay-da-barber-tx-95105bb8",0,10,0.00,7.1
"/barbers/jer-z-jays-luxury-barber-suite-cigars-duncanville-75116-2f776e36",0,10,0.00,7.0
"/barbers/jokerbarberx-houston-77036-e01cfe6a",0,10,0.00,9.0
"/barbers/jose-jp-perez-houston-77029-0b079e69",0,10,0.00,6.1
"/barbers/jus-kutz-luxury-suite-houston-77054-47bd188f",0,10,0.00,9.5
"/barbers/king-bishop-s-barber-lounge-addison-75001-54c89edc",0,10,0.00,3.5
"/barbers/kut-live-tx-d793210d",0,10,0.00,30.0
"/barbers/leo-barber-tx-439a15ff",0,10,0.00,5.9
"/barbers/level-up-fade-house-tx-dbf0c761",0,10,0.00,4.5
"/barbers/lovejones-tx-f2b34f05",0,10,0.00,9.0
"/barbers/mike-the-barber-tx-aea26815",0,10,0.00,5.1
"/barbers/monterrey-barbershop-tx-87a88ab2",0,10,0.00,8.0
"/barbers/munguia-barber-tx-6f6f9fe9",0,10,0.00,5.8
"/barbers/oscar-barber-tx-8392e2a7",0,10,0.00,8.9
"/barbers/resilience-barber-studio-by-butta-blends-tx-b212aa74",0,10,0.00,9.5
"/barbers/sabah-cutzz-tx-c9c108d1",0,10,0.00,3.5
"/barbers/savannah-tx-e2fbefeb",0,10,0.00,23.0
"/barbers/shumz-cutz-tx-6107c3eb",0,10,0.00,5.0
"/barbers/the-fade-plug-tx-a4056ef5",0,10,0.00,14.1
"/barbers/tone-the-barber-tx-c5291982",0,10,0.00,7.3
"/barbers/will-the-barber-houston-77057-ff0bf659",0,10,0.00,9.3
"/barbers/yuri-styles-tx-2f4aeb99",0,10,0.00,8.2
"/barbers/zayn-sharp-cuts-tx-ecfc3719",0,10,0.00,5.6
"/cosmetologists/e27fbeb2-ceb4-4ee1-acf9-9813bdc62e0b",0,10,0.00,7.0
"/cosmetologists/eminent-braiding-stylist-houston-c59d913d",0,10,0.00,4.2
"/cosmetologists/luxx-lashes-esthetician-houston-3a753869",0,10,0.00,17.4
"/cosmetologists/s2s-couture-hair-nikki-stylist-houston-fdb48195",0,10,0.00,12.4
"/houston/insights/market-analysis/line-up-barbershop-vip",0,10,0.00,5.9
"/houston/insights/market-analysis/michael-saldana-barbershop",0,10,0.00,12.6
"/houston/insights/market-analysis/the-man-s-chair",0,10,0.00,10.5
"/salons/acapulco-4-beauty-salon-houston-f7f843ab",0,10,0.00,6.7
"/salons/ana-s-hair-design-houston-12120a0f",0,10,0.00,5.6
"/salons/ana-s-hair-studio-el-paso-f5b532d0",0,10,0.00,15.2
"/salons/beauty-haus-spa-lash-lift-bar-san-antonio-f3a6114e",0,10,0.00,9.0
"/salons/beauty-razors-salon-houston-601dfc57",0,10,0.00,6.8
"/salons/beltway-beauty-salon-houston-bfdabba1",0,10,0.00,8.0
"/salons/bg-hair-salon-spa-spring-9b974c3a",0,10,0.00,5.9
"/salons/bonjour-belle-salon-woodforest-conroe-9673dda5",0,10,0.00,11.2
"/salons/cande-s-beauty-salon-houston-fb01bbe9",0,10,0.00,6.1
"/salons/celsy-s-hair-shop-houston-7f16ad34",0,10,0.00,6.5
"/salons/dose-of-hair-houston-5b0df3fb",0,10,0.00,21.8
"/salons/exotic-flourish-braids-houston-0c18933d",0,10,0.00,9.0
"/salons/gabriel-barber-shop-humble-617ecf4e",0,10,0.00,5.4
"/salons/gabriel-ontiveros-salon-plano-8b6d2c21",0,10,0.00,8.2
"/salons/hair-and-beauty-by-olguita-and-michelle-eagle-pass-6e0b12f1",0,10,0.00,7.3
"/salons/hair-braiding-salon-christabella-houston-9b13e1bf",0,10,0.00,10.3
"/salons/hair-lovers-salon-houston-c130bed8",0,10,0.00,11.8
"/salons/infinity-nails-eagle-pass-3f0be327",0,10,0.00,5.0
"/salons/karmen-beauty-salon-houston-b0f94798",0,10,0.00,5.4
"/salons/katour-s-fort-worth-ac53c9d0",0,10,0.00,7.9
"/salons/kcb-braids-barber-salon-irving-f88328a8",0,10,0.00,6.6
"/salons/madison-reed-hair-color-bar-katy-katy-2e69d653",0,10,0.00,10.8
"/salons/maria-s-hair-studio-conroe-aeabadc3",0,10,0.00,5.3
"/salons/mc-hair-studio-meyerland-houston-4cf60c6b",0,10,0.00,8.0
"/salons/norma-s-unisex-beauty-salon-houston-ea2fd85d",0,10,0.00,5.8
"/salons/nova-hair-collective-austin-961306cf",0,10,0.00,9.5
"/salons/nubian-impressions-houston-0bbd1ede",0,10,0.00,7.5
"/salons/pari-s-gallery-hair-salon-spa-katy-94499058",0,10,0.00,8.2
"/salons/queen-goldie-llc-houston-01e13559",0,10,0.00,8.5
"/salons/revive-extend-salon-and-head-spa-fort-worth-e7fdfd79",0,10,0.00,8.2
"/salons/ritual-hair-co-hair-salon-hair-extensions-and-headspa-dallas-ffe0b5ec",0,10,0.00,6.2
"/salons/salon-lofts-houston-1090178f",0,10,0.00,8.8
"/salons/shear-pleasure-hair-fashions-brownsville-539cd115",0,10,0.00,7.5
"/salons/signature-salon-studios-houston-25b49cb3",0,10,0.00,8.6
"/salons/sisu-salon-spa-baytown-84577715",0,10,0.00,7.7
"/salons/space-city-kids-salon-pasadena-15d4d0a0",0,10,0.00,6.1
"/salons/sugar-land-hair-bar-sugar-land-4a230d0b",0,10,0.00,10.2
"/salons/supercuts-houston-b3eb69fa",0,10,0.00,5.9
"/salons/the-escape-salon-spa-sherman-85b49532",0,10,0.00,5.9
"/salons/the-prettyy-parlor-houston-97dc694b",0,10,0.00,7.9
"/salons/vico-s-amore-houston-d0aa777a",0,10,0.00,7.5
"/salons/windy-hair-salon-original-austin-4b8e916d",0,10,0.00,10.0
"/schools/3d-lash-brow-salon-academy-dallas-e2a43a78",0,10,0.00,7.9
"/schools/allure-microblading-academy-sugar-land-80cbd84a",0,10,0.00,15.8
"/schools/brighton-barber-institute-fort-worth-2daae29e",0,10,0.00,8.0
"/schools/community-barber-school-the-woodlands-884b318e",0,10,0.00,8.3
"/schools/dallas-blends-barber-academy-garland-garland-581e9c1a",0,10,0.00,9.5
"/schools/east-texas-cosmetology-college-lufkin-3ca6d7de",0,10,0.00,8.9
"/schools/franklin-beauty-institute-houston-997668fc",0,10,0.00,10.6
"/schools/hill-college-main-campus-hillsboro-91c05a6c",0,10,0.00,9.1
"/schools/houston-brows-beauty-school-llc-houston-139c136e",0,10,0.00,4.0
"/schools/illumination-barber-school-the-woodlands-72f60862",0,10,0.00,11.0
"/schools/kings-kuts-barber-hair-styling-school-garland-7a39e2d3",0,10,0.00,6.9
"/schools/michael-s-barber-hairstylists-academy-fort-worth-f2f25ec9",0,10,0.00,8.5
"/schools/modern-barber-beauty-institute-college-station-ecb1c017",0,10,0.00,8.2
"/schools/precious-beauty-academy-pasadena-009b7dd8",0,10,0.00,7.4
"/schools/texas-city-high-school-texas-city-9bd2209b",0,10,0.00,14.1
"/schools/tyler-isd-career-and-technology-center-tyler-5fd0b6e2",0,10,0.00,19.5
"/schools/ucas-univ-of-cosmetology-arts-sciences-san-antonio-95a8a953",0,10,0.00,30.1
"/schools/waller-high-school-waller-f2441f15",0,10,0.00,10.6
"/shop/409-barbershop-beaumont-6dcf2363",0,10,0.00,6.0
"/shop/7fades-barbershop-houston-77096-53196909",0,10,0.00,8.1
"/shop/adolph-s-barber-shop-austin-c47ce993",0,10,0.00,8.9
"/shop/best-barbershop-3-spring-a3826042",0,10,0.00,3.6
"/shop/chicks-barbershop-houston-77068-a918855f",0,10,0.00,10.4
"/shop/chopper-s-barbershop-pasadena-626070f6",0,10,0.00,9.4
"/shop/clipperholics-barber-studio-killeen-ccd7c3e2",0,10,0.00,7.9
"/shop/elite-barbershop-waco-d83aef58",0,10,0.00,41.4
"/shop/elite-stylez-hair-studio-houston-77077-82430d7a",0,10,0.00,5.4
"/shop/fade-em-all-loungue-san-antonio-8d894b8e",0,10,0.00,7.4
"/shop/finley-s-barbershop-plano-3b0f40ff",0,10,0.00,11.1
"/shop/floyd-s-99-barbershop-houston-77059-f937480f",0,10,0.00,7.0
"/shop/goodfellas-barber-shop-corpus-christi-6a9cf38e",0,10,0.00,9.6
"/shop/great-clips-eagle-pass-fc22aa3f",0,10,0.00,10.1
"/shop/groomology-barbershop-frisco-6f3c0e2f",0,10,0.00,7.3
"/shop/impact-cuts-barbershop-frisco-tx-frisco-ad06b556",0,10,0.00,9.7
"/shop/inspire-hair-studio-sherman-90aa5f63",0,10,0.00,6.8
"/shop/j-s-main-street-barber-shop-houston-77092-1f2f1240",0,10,0.00,6.4
"/shop/jay-s-cutz-barber-suite-houston-77048-e3c093a3",0,10,0.00,6.3
"/shop/luis-barber-shop-eagle-pass-a207fbc3",0,10,0.00,7.3
"/shop/manbasics-speakeasy-barbershop-old-town-spring-spring-5ee585d5",0,10,0.00,16.0
"/shop/northgate-barber-shop-college-station-5d68eae9",0,10,0.00,11.6
"/shop/polk-street-barbershop-san-francisco-aaf8b456",0,10,0.00,8.8
"/shop/puri-barber-houston-77077-013f578a",0,10,0.00,4.6
"/shop/rose-city-barbershop-tyler-116be6bb",0,10,0.00,6.7
"/shop/s-z-beaumont-4dd185ba",0,10,0.00,3.9
"/shop/scissors-scotch-houston-2dafdfbe",0,10,0.00,10.1
"/shop/shop-93-barber-lounge-lubbock-533411ea",0,10,0.00,7.8
"/shop/the-bearded-buck-barbershop-amarillo-9e01708b",0,10,0.00,8.9
"/shop/the-dream-cut-barber-shop-dallas-26c5776e",0,10,0.00,7.8
"/shop/the-stage-barbershop-nrg-houston-77054-34e9fb24",0,10,0.00,5.7
"/shop/trill-cutz-2-baytown-5d9c010e",0,10,0.00,11.0
"/shop/unique-cuts-barbershop-barberia-dominicana-cypress-5a37a7ee",0,10,0.00,9.6
"/shop/urban-city-barbershop-the-beard-experts-san-antonio-fcec10d4",0,10,0.00,5.0
"/shop/xclusives-studio-houston-77055-183fcd1a",0,10,0.00,2.1
"/stores/armstrong-mccall-katy-d0878bfa",0,10,0.00,9.0
"/stores/balboa-beauty-san-diego-43297b28",0,10,0.00,3.7
"/stores/bath-body-works-houston-77062-9185f6a2",0,10,0.00,8.9
"/stores/hair-plus-beauty-supply-dallas-c8f1dc28",0,10,0.00,8.5
"/stores/hattache-beauty-lifestyle-goods-houston-77042-95143466",0,10,0.00,14.3
"/stores/m-m-beauty-outlet-pearland-d8c92d07",0,10,0.00,1.5
"/stores/rda-pro-mart-firewheel-garland-93e53ebf",0,10,0.00,9.1
"/stores/sam-s-beauty-outlet-spca14-elly-san-diego-a405625e",0,10,0.00,6.5
"/stores/the-lash-supply-cypress-tx-cypress-4911f11f",0,10,0.00,14.0
"/texas/houston/insights/market-analysis/7fades-barbershop",0,10,0.00,7.9
"/texas/houston/insights/market-analysis/art-style-barbershop",0,10,0.00,8.3
"/texas/houston/insights/market-analysis/barberia-gt",0,10,0.00,5.3
"/texas/houston/insights/market-analysis/canas-barbershop-",0,10,0.00,4.5
"/texas/houston/insights/market-analysis/monterrey-barber-hair-salon",0,10,0.00,7.8
"/texas/houston/insights/market-analysis/randle-s-barbershop",0,10,0.00,10.0
"/texas/houston/insights/market-analysis/southern-comfort-barber-shop",0,10,0.00,9.1
"/tools/ai-booth-station/fadezbyjames-barbershop",0,10,0.00,9.8
"/tools/shop-site-template/shop-website-customizer/2ba98cfc-21e2-4f2d-b824-77ddd5d2d434",0,10,0.00,27.1
"/tools/shop-site-template/shop-website-customizer/3512d741-6de0-4a2a-8e0b-3f6be0084628",0,10,0.00,15.0
"/barbers/jaydbarber-tx-79197021",3,9,33.33,3.0
"/schools/tonsore-master-academy-san-antonio-35a8bcc0",2,9,22.22,6.4
"/barbers/barber-eman-tx-8fe5f2df",1,9,11.11,4.2
"/barbers/faded-by-jrob-houston-77063-e5babe37",1,9,11.11,9.0
"/barbers/faded-up-tx-2f35ff57",1,9,11.11,8.6
"/barbers/tamed-by-taz-dallas-75208-19f655df",1,9,11.11,5.9
"/barbers/the-choppin-blok-luxury-grooming-studio-houston-77002-12713b66",1,9,11.11,4.9
"/salons/hermosita-salon-spa-el-paso-7b9d73d2",1,9,11.11,8.7
"/salons/luxe-beauty-bar-baytown-4ee23e12",1,9,11.11,5.1
"/salons/oscar-sabha-salon-sugar-land-21adddcc",1,9,11.11,5.9
"/salons/slt-hair-salon-latajah-stylist-houston-c3b0f28d",1,9,11.11,6.2
"/salons/stella-s-hair-studio-humble-cdcec2f8",1,9,11.11,5.2
"/salons/the-salons-at-bella-suites-garland-ff7b9b90",1,9,11.11,7.1
"/salons/venus-beauty-salon-houston-bb9327a7",1,9,11.11,8.2
"/schools/alamo-city-barber-college-san-antonio-8f87baca",1,9,11.11,10.1
"/schools/kms-school-of-cosmetology-barber-llc-san-juan-a479f22e",1,9,11.11,12.7
"/schools/ratteree-cdc-irving-2b0b4340",1,9,11.11,5.9
"/shop/cuts-by-rico-barber-studio-the-woodlands-4f83bfc8",1,9,11.11,4.3
"/shop/the-barber-lounge-san-antonio-cf3fd662",1,9,11.11,5.2
"/barbers/akingthebarber-duncanville-75137-20119db0",0,9,0.00,8.3
"/barbers/angel-blendz-houston-77093-915d3af0",0,9,0.00,6.3
"/barbers/ap-the-barbher-tx-a30dc4d0",0,9,0.00,18.4
"/barbers/astro-blends-tx-55f9a0ec",0,9,0.00,6.6
"/barbers/barr-nun-fade-all-barbering-tx-5dcb4ac8",0,9,0.00,6.4
"/barbers/bigbabycankut-tx-7a1566d3",0,9,0.00,7.3
"/barbers/billion-blendz-tx-e9477363",0,9,0.00,6.7
"/barbers/billionaire-blendzz-houston-77033-462bd2e3",0,9,0.00,7.4
"/barbers/blessed-by-picazo-dallas-75227-be9a5b68",0,9,0.00,7.2
"/barbers/bnbs-barber-and-beauty-salon-houston-77084-4f88e390",0,9,0.00,11.3
"/barbers/brina-s-cuts-styles-tx-884948d4",0,9,0.00,7.4
"/barbers/celebrity-barbers-barbershop-tx-d2b5abca",0,9,0.00,9.6
"/barbers/cuts-by-razo-humble-77396-eb3f6f6c",0,9,0.00,6.2
"/barbers/cutz-by-que-tx-db4a839f",0,9,0.00,10.3
"/barbers/darwin-barber-irving-75061-26025e72",0,9,0.00,5.2
"/barbers/ebenezer-movil-barbershop-tx-a5c0a59d",0,9,0.00,8.7
"/barbers/eudys-barber-shop-tx-124a550d",0,9,0.00,8.8
"/barbers/flawless-image-barbershop-tx-e82b989c",0,9,0.00,9.7
"/barbers/form-flow-tx-91810279",0,9,0.00,16.0
"/barbers/haircuteddie5-tx-a0aa0637",0,9,0.00,6.4
"/barbers/jb-the-barber-tx-ee1570c9",0,9,0.00,15.3
"/barbers/jessbladez-fadez-tx-3514af0b",0,9,0.00,6.6
"/barbers/jhon-cuts-dallas-75204-8a804e8c",0,9,0.00,7.1
"/barbers/jr-the-barber-tx-886e1b53",0,9,0.00,10.7
"/barbers/king-da-barber-tx-f58876ec",0,9,0.00,3.3
"/barbers/king-kutz-llc-tx-d66fac89",0,9,0.00,7.0
"/barbers/koncepts-of-barbering-houston-77025-ab809596",0,9,0.00,9.6
"/barbers/landon-s-hair-and-beard-parlor-tx-d142c3c2",0,9,0.00,5.6
"/barbers/legacy-67-barber-room-dallas-75208-fa75e70d",0,9,0.00,7.1
"/barbers/luigi-barbershop-houston-77022-d750f624",0,9,0.00,12.6
"/barbers/luis-blendz-tx-de788631",0,9,0.00,8.2
"/barbers/og-cutz-tx-56826052",0,9,0.00,10.9
"/barbers/plus-barber-shop-tx-c925c083",0,9,0.00,11.3
"/barbers/rhonda-richardson-houston-77057-f9913203",0,9,0.00,12.7
"/barbers/se7en-the-barber-tx-cc009f7b",0,9,0.00,8.9
"/barbers/steadyclipperz-tx-6fa7b62d",0,9,0.00,6.2
"/barbers/style-and-image-hair-studio-tx-07b59088",0,9,0.00,12.7
"/barbers/the-fader-fresshy-tx-23f8c77b",0,9,0.00,4.9
"/barbers/the-groom-room-tx-9215b7ac",0,9,0.00,10.1
"/barbers/true-cutz-llc-tx-60e4cf6e",0,9,0.00,9.0
"/barbers/yote-blendz-tx-ff30487e",0,9,0.00,9.9
"/cosmetologists/crystal-jones-makeup-artist-houston-489491c7",0,9,0.00,7.4
"/cosmetologists/edith-rodriguez-professional-houston-105be6d5",0,9,0.00,3.9
"/cosmetologists/felecia-marie-cosmetologist-houston-ee94812c",0,9,0.00,38.9
"/cosmetologists/tiara-williams-esthetician-houston-e8f2ef19",0,9,0.00,6.3
"/el-paso/79912",0,9,0.00,20.9
"/houston/insights/market-analysis/moe-better-cuts",0,9,0.00,8.8
"/houston/insights/market-analysis/ty-s-barber-lounge",0,9,0.00,1.7
"/salons/aalam-the-salon-frisco-north-dallas-tx-frisco-bfeb66d0",0,9,0.00,6.9
"/salons/beauty-queen-hair-salon-houston-99aaa7a4",0,9,0.00,5.0
"/salons/bettys-beauty-salon-brownsville-9543fb0e",0,9,0.00,6.2
"/salons/capelli-salon-frisco-frisco-fb38d841",0,9,0.00,7.7
"/salons/chance-charles-salon-plano-6be4051c",0,9,0.00,7.7
"/salons/culture-atx-salon-austin-eebdade9",0,9,0.00,7.2
"/salons/depilex-hair-salon-katy-bbc4e0fb",0,9,0.00,8.3
"/salons/divine-shears-spa-amarillo-8791e72c",0,9,0.00,8.6
"/salons/drybar-sugar-land-sugar-land-ca5050d4",0,9,0.00,13.2
"/salons/elite-salons-spas-conroe-0987bbdc",0,9,0.00,7.1
"/salons/emporium-hair-beauty-studio-irving-0ff4e71f",0,9,0.00,6.9
"/salons/fevered-moon-beauty-lab-corpus-christi-eb01718e",0,9,0.00,6.0
"/salons/firewheel-salons-garland-10434b02",0,9,0.00,17.6
"/salons/glam-beauty-bar-hair-salon-luxury-hair-extensions-makeup-pflugerville-b9f38207",0,9,0.00,5.6
"/salons/golden-treasure-beauty-spa-houston-eee2265d",0,9,0.00,6.2
"/salons/hair-by-lizzette-houston-9a4bfd4e",0,9,0.00,6.2
"/salons/hair-concepts-salon-barbershop-by-kley-houston-d5d542d6",0,9,0.00,7.6
"/salons/hair-gallery-brownsville-dc0511ce",0,9,0.00,5.0
"/salons/hair-masters-barber-shop-humble-0d69a6db",0,9,0.00,8.0
"/salons/hairroin-salon-hair-salon-los-angeles-los-feliz-los-angeles-5dac8dda",0,9,0.00,6.9
"/salons/hayley-beauty-salon-by-johnny-le-houston-1de64784",0,9,0.00,6.7
"/salons/ivni-hair-studio-cypress-2ae32c73",0,9,0.00,6.7
"/salons/jocy-s-beauty-and-cosmetics-houston-7536691a",0,9,0.00,7.8
"/salons/johana-beauty-salon-houston-805f8d9b",0,9,0.00,7.3
"/salons/junior-s-beauty-salon-houston-f0505027",0,9,0.00,5.2
"/salons/just-your-beauty-hair-studio-llc-san-antonio-60bfb28a",0,9,0.00,8.9
"/salons/kdv-salon-and-spa-plano-f07ed03f",0,9,0.00,6.4
"/salons/keith-kristofer-salon-austin-1b2e2e4d",0,9,0.00,9.6
"/salons/kismet-salon-amarillo-c13df9cb",0,9,0.00,5.9
"/salons/lady-s-choice-beaumont-9a37abbb",0,9,0.00,3.0
"/salons/lavantage-salon-the-woodlands-ca3d29d8",0,9,0.00,10.4
"/salons/legaci-beauti-salon-suites-houston-c2050b0d",0,9,0.00,8.1
"/salons/loc-d-n-studios-missouri-city-173b2985",0,9,0.00,7.3
"/salons/london-hair-salon-corpus-christi-d16ef8f7",0,9,0.00,8.1
"/salons/luxe-babe-studios-houston-64e90104",0,9,0.00,6.1
"/salons/mane-dallas-026e03d6",0,9,0.00,7.4
"/salons/nicholas-reyes-hair-salon-el-paso-6340a8aa",0,9,0.00,8.2
"/salons/one-stop-beauty-bar-spa-salon-suites-college-station-93755a58",0,9,0.00,6.8
"/salons/paradise-hair-by-shelby-salon-m-frisco-210afba7",0,9,0.00,7.4
"/salons/pretty-on-premises-fort-worth-a3f6ac5a",0,9,0.00,7.9
"/salons/salon-club-houston-09257814",0,9,0.00,15.3
"/salons/salons-by-jc-katy-katy-2b6954fd",0,9,0.00,11.2
"/salons/selah-sal-n-spa-el-paso-977ade27",0,9,0.00,8.6
"/salons/serene-spa-lounge-med-spa-laredo-1f271fdf",0,9,0.00,8.3
"/salons/shan-s-hair-house-houston-88cc57eb",0,9,0.00,7.3
"/salons/shear-fun-hair-salon-houston-dae31612",0,9,0.00,7.2
"/salons/stylluz-beauty-salon-barber-shop-houston-885cabfe",0,9,0.00,5.3
"/salons/the-loc-genie-houston-65705b80",0,9,0.00,10.2
"/salons/valedora-llc-dba-dori-s-beauty-salon-garland-8acc281c",0,9,0.00,4.9
"/salons/xxtremes-west-salon-el-paso-403c17db",0,9,0.00,7.6
"/salons/yesenia-vera-hair-stylist-houston-50383de7",0,9,0.00,3.1
"/schools/ann-webb-skin-institute-austin-27e29f0c",0,9,0.00,12.9
"/schools/arcenio-s-barber-academy-dallas-f7749308",0,9,0.00,4.7
"/schools/art-of-barber-academy-the-woodlands-257cb8f9",0,9,0.00,15.1
"/schools/bale-beauty-academy-6-corp-arlington-a37ea1de",0,9,0.00,9.6
"/schools/bela-beauty-studio-academy-katy-c3f9d364",0,9,0.00,2.7
"/schools/career-schools-of-texas-houston-d1c2da3c",0,9,0.00,9.0
"/schools/clio-professionals-beauty-school-humble-3e2f184a",0,9,0.00,10.1
"/schools/empire-academy-friona-523dae4d",0,9,0.00,6.4
"/schools/houston-city-college-central-houston-0906fb73",0,9,0.00,6.1
"/schools/institute-of-modern-aesthetics-llc-san-antonio-2ad5b23d",0,9,0.00,22.3
"/schools/katy-esthetician-academy-katy-818039e6",0,9,0.00,8.8
"/schools/la-marque-high-school-la-marque-ef800211",0,9,0.00,33.8
"/schools/latinos-barber-school-llc-houston-9901d62d",0,9,0.00,8.1
"/schools/mclennan-community-college-cosmetology-and-highlander-salon-spa-waco-4fc358d9",0,9,0.00,8.0
"/schools/r-c-beauty-college-pflugerville-ace6c69d",0,9,0.00,6.8
"/schools/sam-houston-high-school-arlington-ec4c0dec",0,9,0.00,10.0
"/schools/taft-high-school-san-antonio-db146462",0,9,0.00,10.0
"/schools/triumph-training-institute-inc-arlington-18d04aa7",0,9,0.00,5.8
"/schools/veterans-memorial-high-school-corpus-christi-e5900b0e",0,9,0.00,11.9
"/schools/vision-to-reality-beauty-academy-houston-3116f992",0,9,0.00,6.6
"/schools/vogue-international-academy-katy-e322ad4a",0,9,0.00,8.2
"/schools/west-mesquite-high-school-mesquite-47df6831",0,9,0.00,8.7
"/shop/737-barbershop-austin-09b3256b",0,9,0.00,8.4
"/shop/76-vintage-cutz-houston-77087-5a0b1c48",0,9,0.00,5.9
"/shop/a-touch-of-jazz-barbershop-garland-e29adc6b",0,9,0.00,4.9
"/shop/alief-barber-shop-houston-77099-178e2eab",0,9,0.00,3.8
"/shop/american-barber-shop-baytown-22382a7c",0,9,0.00,6.9
"/shop/barber-empire-brownsville-32efcd8b",0,9,0.00,7.6
"/shop/barber-of-the-king-pasadena-2ca94c11",0,9,0.00,8.0
"/shop/barber-shoop-los-tinajones-pflugerville-27d0975e",0,9,0.00,5.9
"/shop/blades-vision-barbershop-houston-77053-1708a6c6",0,9,0.00,7.3
"/shop/broadway-barber-shop-tyler-437da0cf",0,9,0.00,6.2
"/shop/da-blocc-barbershop-houston-77026-ec2d50f5",0,9,0.00,9.9
"/shop/dapper-society-barber-shop-brownsville-ed9d7e33",0,9,0.00,6.2
"/shop/el-compa-barber-studio-brownsville-02e632aa",0,9,0.00,3.8
"/shop/famous-barbershop-2-el-paso-de6d30af",0,9,0.00,5.9
"/shop/goodlad-barber-houston-77009-096037af",0,9,0.00,9.3
"/shop/haircuts-lounge-midland-1c958be4",0,9,0.00,9.6
"/shop/handsome-devils-shave-cuts-conroe-24765650",0,9,0.00,7.6
"/shop/kingsmen-barber-studio-el-paso-e1d665f7",0,9,0.00,7.9
"/shop/le-s-pro-cut-pasadena-7dabbd48",0,9,0.00,5.1
"/shop/legado-barbershop-midland-7ffa52bb",0,9,0.00,6.1
"/shop/oak-cliff-barbers-dallas-5b559ea3",0,9,0.00,8.4
"/shop/ocano-barber-studio-baytown-ed4abefe",0,9,0.00,10.2
"/shop/officialz-barbershop-lubbock-889026d5",0,9,0.00,10.2
"/shop/qq-barbershop-north-lamar-austin-af67071b",0,9,0.00,9.0
"/shop/rb-barbershoptx-katy-1f4fc692",0,9,0.00,2.9
"/shop/royal-kingz-barbershop-laredo-f1f6b0c0",0,9,0.00,5.9
"/shop/rush-hour-fades-houston-77062-24e654fb",0,9,0.00,4.3
"/shop/servants-barbershop-houston-77070-5f70294c",0,9,0.00,6.2
"/shop/steeples-classic-barbershop-conroe-a10a3984",0,9,0.00,8.9
"/shop/the-garage-barbershop-midland-a3947795",0,9,0.00,9.0
"/shop/the-neighborhood-barber-houston-77078-3151a92a",0,9,0.00,5.3
"/shop/thestyling-pflugerville-c0778871",0,9,0.00,2.4
"/shop/top-6ix-5ive-barbers-dallas-3abf9ec5",0,9,0.00,7.1
"/shop/unique-blendz-barbershop-2-brownsville-445c490f",0,9,0.00,9.1
"/shop/vinny-s-barbershop-spring-7a064504",0,9,0.00,9.4
"/shop/zion-barber-studio-brownsville-e3de6784",0,9,0.00,6.1
"/stores/beauty-empire-plus-houston-77083-605d210c",0,9,0.00,16.9
"/stores/cal-s-beauty-supply-austin-47d257cf",0,9,0.00,5.8
"/stores/carolyn-s-crowns-beauty-supply-san-antonio-b318b773",0,9,0.00,8.4
"/stores/cbeauty-accessories-houston-77063-e03f082a",0,9,0.00,4.2
"/stores/coco-bella-hair-beauty-n-4-sugar-land-e5828e3c",0,9,0.00,7.0
"/stores/excel-houston-77013-736a4761",0,9,0.00,22.9
"/stores/igel-beauty-houston-77092-131c0724",0,9,0.00,4.8
"/stores/legacy-barber-shop-houston-houston-77095-6cbc0fd9",0,9,0.00,16.8
"/stores/lexor-houston-houston-77099-d16e3b0f",0,9,0.00,26.4
"/stores/neo-beauty-supply-plano-d61448c5",0,9,0.00,5.8
"/stores/sally-beauty-houston-77063-5f4af4bc",0,9,0.00,8.0
"/stores/saulthebarber-houston-77071-12129b99",0,9,0.00,50.7
"/stores/shine-beauty-2-pearland-259d7fcb",0,9,0.00,9.8
"/texas-barbershop-placement-matcher",0,9,0.00,6.0
"/texas/houston/insights/market-analysis/big-choice-barber-shop",0,9,0.00,7.6
"/texas/houston/insights/market-analysis/cartel-cuts",0,9,0.00,6.1
"/texas/houston/insights/market-analysis/cortez-barbershop",0,9,0.00,7.9
"/texas/houston/insights/market-analysis/k-cool-cutz",0,9,0.00,8.1
"/texas/houston/insights/market-analysis/naturally-cutz-richmond-katy",0,9,0.00,8.3
"/texas/houston/insights/market-analysis/peluqueria-huetamo-barber-shop-unisex-3",0,9,0.00,8.6
"/texas/houston/insights/market-analysis/razor-king-barber-shop",0,9,0.00,8.0
"/texas/houston/insights/market-analysis/wow-look-barber-shop",0,9,0.00,7.2
"/texas/katy/77494",0,9,0.00,18.0
"/texas/league-city",0,9,0.00,10.0
"/the-woodlands",0,9,0.00,19.8
"/schools/el-paso-beauty-and-barber-academy-el-paso-a8d55597",2,8,25.00,8.9
"/barbers/audi-kutz-tx-d7e9f3fe",1,8,12.50,6.1
"/barbers/jlou-blends-tx-e28d1435",1,8,12.50,7.1
"/barbers/paradise-barber-studio-houston-77024-c321b68a",1,8,12.50,13.5
"/barbers/renee-nelson-barber-houston-ded5590e",1,8,12.50,4.6
"/salons/aleidas-hair-design-baytown-f3aeb7b5",1,8,12.50,10.0
"/salons/fide-s-beauty-shop-houston-23eefb5e",1,8,12.50,4.9
"/salons/flaired-beauty-el-paso-8b82a98d",1,8,12.50,7.5
"/salons/nena-s-hair-baytown-5c8a16ea",1,8,12.50,2.5
"/schools/bay-area-barber-cosmetology-college-baytown-3d4e3dc6",1,8,12.50,9.3
"/texas/houston/insights/market-analysis/otro-nivel-barber-shop",1,8,12.50,7.6
"/barbers/2pkutzz-tx-294cedfd",0,8,0.00,7.9
"/barbers/2toneblendz-tx-93b92dee",0,8,0.00,8.6
"/barbers/almightycutz-houston-77063-2b850e95",0,8,0.00,17.0
"/barbers/anthony-chambers-the-professional-barber-dallas-75226-04fd89ef",0,8,0.00,6.4
"/barbers/b-the-barber-out-liners-2-houston-houston-77057-15c3a90f",0,8,0.00,9.5
"/barbers/big-kat-s-barbershop-tx-1afe848e",0,8,0.00,15.5
"/barbers/bryan-barber-tx-bb76a1a7",0,8,0.00,23.1
"/barbers/cesar-barber-dallas-75220-03858c45",0,8,0.00,10.8
"/barbers/chanothebarber-houston-77075-c01a577d",0,8,0.00,4.4
"/barbers/charles-thebarber-tx-6aa48dec",0,8,0.00,9.9
"/barbers/dripcityblendz-houston-77002-eb602ea6",0,8,0.00,48.9
"/barbers/esau-barber-houston-77087-0000bacf",0,8,0.00,8.4
"/barbers/exclusive-salon-01-tx-1fbb35f0",0,8,0.00,19.6
"/barbers/faded-bliss-hair-co-tx-51c3c5c2",0,8,0.00,15.4
"/barbers/george-fadez-tx-1ff5b3de",0,8,0.00,5.5
"/barbers/gre-asbarbershop-tx-ef68d76a",0,8,0.00,14.4
"/barbers/hairkut-franko-houston-77054-7b47a13a",0,8,0.00,3.0
"/barbers/head-honcho-addison-75001-87d28bae",0,8,0.00,10.5
"/barbers/houtxmartin-tx-bc0c54d6",0,8,0.00,9.8
"/barbers/icu-lookin-barber-studio-houston-77061-c352677f",0,8,0.00,9.4
"/barbers/ivan-the-barber-tx-cf1a7968",0,8,0.00,6.9
"/barbers/jaye-b-moor-tx-8b38742b",0,8,0.00,5.8
"/barbers/jayy-blendzzz-tx-33055e2f",0,8,0.00,8.1
"/barbers/jess-at-klutch-houston-77022-554031da",0,8,0.00,8.5
"/barbers/joe-at-choppers-barber-shop-pasadena-77502-45d09654",0,8,0.00,8.3
"/barbers/jose-irving-75062-c4485d68",0,8,0.00,8.8
"/barbers/junior-barber-houston-77036-4b4ba0c4",0,8,0.00,7.9
"/barbers/juniorbarber-dallas-75080-0d775d9a",0,8,0.00,7.4
"/barbers/kevin-s-cold-cutz-tx-eb9b026f",0,8,0.00,9.5
"/barbers/king-zues-can-fade-tx-bcf34176",0,8,0.00,18.0
"/barbers/kutking-barbering-houston-77063-b5a03447",0,8,0.00,8.1
"/barbers/liv-the-barber-the-rooted-parlor-tx-7ddf4e6a",0,8,0.00,9.9
"/barbers/mane-tame-tx-1383c519",0,8,0.00,5.6
"/barbers/mauricio-barber-tx-b2eb7bbf",0,8,0.00,9.5
"/barbers/mauricio-calderon-tx-20633b59",0,8,0.00,6.6
"/barbers/milliondollarblendz-tx-ac26ac37",0,8,0.00,27.8
"/barbers/mr-white-the-groomer-tx-92bfe221",0,8,0.00,6.3
"/barbers/next-level-grooming-lounge-llc-tx-bbd0d19a",0,8,0.00,7.1
"/barbers/osiris-thebarber-tx-94b89966",0,8,0.00,10.8
"/barbers/preme-beam-cutz-barber-studio-tx-1d3ee267",0,8,0.00,5.8
"/barbers/richh-kuts-by-king-tx-f416a40e",0,8,0.00,8.5
"/barbers/seayourselfcuts-tx-64a2f924",0,8,0.00,5.8
"/barbers/sinkutemup-tx-7b59b3c3",0,8,0.00,5.1
"/barbers/steph-your-barber-arlington-76006-7f7c58f1",0,8,0.00,4.8
"/barbers/tblak3-the-barber-tx-5803595f",0,8,0.00,4.4
"/barbers/the-exclusive-barbershop-tx-a6ad0cf5",0,8,0.00,11.6
"/barbers/wyllyam-barber-stylist-tx-39fc4c23",0,8,0.00,7.8
"/cosmetologists/karian-d-makeup-artist-houston-bb7e6677",0,8,0.00,9.3
"/cosmetologists/m-chel-beauty-makeup-artist-houston-75bb6eda",0,8,0.00,9.5
"/cosmetologists/tay-stylist-houston-555edf58",0,8,0.00,9.0
"/houston/insights/market-analysis/culture-supreme-barbershop",0,8,0.00,7.4
"/salons/3rd-coast-salon-day-spa-corpus-christi-6ff0f3c9",0,8,0.00,21.0
"/salons/all-about-u-salon-spa-boutique-mckinney-616ffc2a",0,8,0.00,10.5
"/salons/arch-threading-hair-salon-houston-0fff53e3",0,8,0.00,6.8
"/salons/ashley-beauty-salon-irving-a2db21a2",0,8,0.00,5.5
"/salons/attitudes-paris-coiffure-boutique-houston-25326857",0,8,0.00,6.3
"/salons/baki-s-hair-salon-waco-012b492e",0,8,0.00,16.9
"/salons/beautiful-styles-salon-fort-worth-2e11610e",0,8,0.00,11.5
"/salons/bella-nolas-houston-f8a165f2",0,8,0.00,2.0
"/salons/bella-rose-salon-galaxy-of-salons-mckinney-4188bb64",0,8,0.00,6.8
"/salons/bella-s-hair-salon-garland-9e891d54",0,8,0.00,5.5
"/salons/beyond-beauty-esthetics-sugar-land-17181894",0,8,0.00,12.9
"/salons/braiding-hair-salons-in-houston-tx-houston-de496f58",0,8,0.00,9.5
"/salons/cherry-blow-dry-bar-missouri-city-tx-missouri-city-5495be4a",0,8,0.00,9.1
"/salons/class-act-salon-spa-corpus-christi-c74a00a3",0,8,0.00,5.5
"/salons/color-craft-hair-studio-sherman-fcd52877",0,8,0.00,8.3
"/salons/denises-hair-salon-waco-1ed42a67",0,8,0.00,9.0
"/salons/devi-hair-pearland-ba9cbef7",0,8,0.00,10.3
"/salons/downtown-roots-conroe-a1d01b06",0,8,0.00,6.1
"/salons/esmie-s-creations-beauty-salon-corpus-christi-b6c285b0",0,8,0.00,7.8
"/salons/genesis-hair-salon-houston-a990a081",0,8,0.00,5.9
"/salons/hair-and-nail-by-christina-baytown-2f952fa0",0,8,0.00,5.5
"/salons/hair-by-aly-waco-5a064309",0,8,0.00,6.3
"/salons/hair-by-nivia-houston-f371eaae",0,8,0.00,13.3
"/salons/hair-nails-beauty-salon-houston-a1f0427b",0,8,0.00,7.3
"/salons/hair-wellness-solutions-houston-61e69bdd",0,8,0.00,3.8
"/salons/jana-jessica-hair-studio-houston-aff31f1f",0,8,0.00,27.0
"/salons/le-chic-esthetics-spa-suite-san-antonio-a545ada1",0,8,0.00,7.4
"/salons/leif-s-hair-studio-spring-4883ad0c",0,8,0.00,8.3
"/salons/lorraines-hair-lab-houston-32146673",0,8,0.00,13.8
"/salons/lovings-beauty-bar-houston-97fa40b9",0,8,0.00,18.5
"/salons/lure-salon-dallas-3f30ebd1",0,8,0.00,8.8
"/salons/lux-hair-and-spa-katy-eefb715e",0,8,0.00,8.5
"/salons/mary-s-salon-formerly-evolution-beauty-salon-houston-c2ef2924",0,8,0.00,6.3
"/salons/mp-hair-m-irving-ab2faff1",0,8,0.00,11.8
"/salons/pabis-beauty-salon-houston-67d3e3ff",0,8,0.00,8.4
"/salons/popular-hair-salon-houston-c8aff95d",0,8,0.00,5.5
"/salons/precise-hair-by-elaine-cypress-da82bb6c",0,8,0.00,4.9
"/salons/rise-and-shine-salon-spa-sugar-land-af808321",0,8,0.00,2.8
"/salons/root-sage-salon-extension-bar-fort-worth-814f7cd0",0,8,0.00,7.6
"/salons/salon-lofts-houston-6b3b6bac",0,8,0.00,17.8
"/salons/salon-mdk-amarillo-aa7c136a",0,8,0.00,5.9
"/salons/secret-beauty-hair-salon-san-antonio-7d184530",0,8,0.00,8.5
"/salons/simplybea-salon-and-suites-sugar-land-432c5f2a",0,8,0.00,8.1
"/salons/southern-tangles-salon-conroe-938a1044",0,8,0.00,7.1
"/salons/sport-clips-haircuts-of-laredo-north-creek-plaza-laredo-9bff9a3c",0,8,0.00,7.3
"/salons/stylus-co-hair-designs-waco-7dd8c3d9",0,8,0.00,7.3
"/salons/t-c-salon-mckinney-a9703945",0,8,0.00,8.6
"/salons/the-blowout-salon-tyler-0f6b8c8f",0,8,0.00,9.0
"/salons/the-rooted-parlor-sugar-land-9ffd9d7b",0,8,0.00,8.9
"/salons/the-velvet-chair-salon-creative-studios-boutique-conroe-6664d985",0,8,0.00,7.0
"/salons/unfiltered-beauty-houston-0071aaea",0,8,0.00,7.0
"/salons/white-elm-day-spa-wellness-center-retreat-college-station-bcb123ad",0,8,0.00,8.5
"/schools/african-braiding-hair-braiding-school-houston-38aa7593",0,8,0.00,7.4
"/schools/asapp-barber-shop-fort-worth-fab7c17e",0,8,0.00,13.3
"/schools/aveda-institute-san-antonio-san-antonio-9fb3eb1c",0,8,0.00,31.9
"/schools/bay-city-high-school-bay-city-87af3924",0,8,0.00,8.3
"/schools/clear-creek-isd-tx-31de7f67",0,8,0.00,29.8
"/schools/duncanville-high-school-duncanville-c5cdf463",0,8,0.00,7.0
"/schools/epic-barber-college-the-woodlands-6ca0abe1",0,8,0.00,8.4
"/schools/gorman-isd-tx-b915f0e7",0,8,0.00,50.4
"/schools/hamilton-high-school-cosmetology-hamilton-78e6feea",0,8,0.00,8.0
"/schools/house-of-fades-barber-college-athens-b7b11566",0,8,0.00,7.0
"/schools/houston-barber-school-houston-2f4e6a50",0,8,0.00,7.5
"/schools/iliana-s-beauty-academy-grand-prairie-5e3e7980",0,8,0.00,5.5
"/schools/j-harris-barber-academy-llc-houston-0f9c9261",0,8,0.00,6.0
"/schools/kai-watson-artistry-sugar-land-c031ea81",0,8,0.00,14.8
"/schools/lancaster-high-school-lancaster-1185ff9e",0,8,0.00,6.6
"/schools/le-chic-beauty-academy-sugar-land-7bfb1218",0,8,0.00,16.6
"/schools/liberty-eylau-high-school-texarkana-77f67b9a",0,8,0.00,11.8
"/schools/lubbock-public-schools-lubbock-fd0dcee4",0,8,0.00,29.3
"/schools/mannequin-beauty-school-the-woodlands-66997979",0,8,0.00,7.3
"/schools/palestine-high-school-palestine-7ea27c0b",0,8,0.00,8.4
"/schools/paul-mitchell-the-school-clear-lake-sugar-land-7c52326f",0,8,0.00,15.1
"/schools/paul-mitchell-the-school-san-antonio-san-antonio-0d7c9a47",0,8,0.00,13.1
"/schools/r-l-turner-high-school-carrollton-e91b556b",0,8,0.00,8.0
"/schools/ridica-cosmetology-barber-school-llc-humble-099ec98b",0,8,0.00,7.6
"/schools/ritzy-lash-university-irving-237c9eab",0,8,0.00,4.5
"/schools/san-jacinto-jr-college-south-houston-e41d9984",0,8,0.00,10.3
"/schools/socorro-high-school-el-paso-0bbfb2bc",0,8,0.00,11.9
"/schools/universal-barbering-of-houston-houston-98d93d21",0,8,0.00,8.5
"/schools/ur-beauty-barber-academy-pearland-681f95d3",0,8,0.00,10.1
"/schools/war-esthetics-institute-san-antonio-cbede110",0,8,0.00,8.9
"/shop/3e7debe6-0bd3-473b-afec-92b83bb5fb47",0,8,0.00,5.4
"/shop/a-shaving-grace-barber-shop-katy-751cf0c9",0,8,0.00,5.6
"/shop/alton-s-old-school-dallas-4ad072b4",0,8,0.00,13.8
"/shop/caesar-s-barbershop-houston-77058-87225eeb",0,8,0.00,3.9
"/shop/castillo-s-original-barbershop-garland-a049c712",0,8,0.00,10.1
"/shop/change-barber-studio-pearland-c7f4d2b6",0,8,0.00,13.1
"/shop/che-s-barbers-houston-77046-510fca6e",0,8,0.00,8.9
"/shop/chop-shop-barbers-llc-el-paso-0e0cc781",0,8,0.00,7.5
"/shop/christian-fierro-college-station-barber-college-station-ccd306ab",0,8,0.00,6.5
"/shop/crave-cuts-barbershop-tyler-d9df1e01",0,8,0.00,6.4
"/shop/cut-n-shave-barber-and-beauty-salon-el-paso-da1efb1a",0,8,0.00,8.3
"/shop/cuttin-up-barber-shop-tyler-0e356f09",0,8,0.00,6.4
"/shop/d4a7e8c7-c78c-4310-89e0-403bb4f656cc",0,8,0.00,3.1
"/shop/dale-s-beard-and-barbershop-dallas-a8850a09",0,8,0.00,9.0
"/shop/fade-stop-barber-shop-league-city-061e4722",0,8,0.00,6.5
"/shop/fellas-men-s-hair-sherman-5091ae0a",0,8,0.00,8.9
"/shop/glory-road-barbershop-el-paso-392d3bf4",0,8,0.00,9.0
"/shop/house-of-clippers-barber-shop-houston-77080-cc7132bd",0,8,0.00,6.6
"/shop/humble-hustle-barbershop-austin-970aa45e",0,8,0.00,6.4
"/shop/kenny-burns-barber-shop-pearland-30b067b2",0,8,0.00,8.1
"/shop/limitless-barber-lounge-grand-prairie-barbershop-grand-prairie-c1607b14",0,8,0.00,2.4
"/shop/lumberton-barbershop-beaumont-7bd9e219",0,8,0.00,11.1
"/shop/momo-the-barber-sf-san-francisco-283b118b",0,8,0.00,3.8
"/shop/monterrey-barber-hair-salon-houston-77023-f0c760e2",0,8,0.00,7.4
"/shop/mtp-barbershop-garland-3423c895",0,8,0.00,6.0
"/shop/option-one-barbershop-conroe-573ceee8",0,8,0.00,9.0
"/shop/pasha-barbershop-pa-a-plano-5f78e588",0,8,0.00,8.0
"/shop/perfections-cuts-barber-shop-houston-77082-17c2e113",0,8,0.00,9.6
"/shop/prime-cutz-barber-studio-llc-mcallen-4517af13",0,8,0.00,6.8
"/shop/pro-fade-garland-980eec31",0,8,0.00,9.8
"/shop/razor-co-premium-barbering-brownsville-2f0755f1",0,8,0.00,5.8
"/shop/route-66-cutz-barbershop-amarillo-62c38d49",0,8,0.00,4.9
"/shop/rudy-s-barber-shop-tyler-a911fab7",0,8,0.00,7.3
"/shop/sorek-austin-d0e353d2",0,8,0.00,10.9
"/shop/southside-barbershop-midland-21e7c190",0,8,0.00,10.3
"/shop/starting-lineup-black-barber-shop-houston-houston-77087-74ccc459",0,8,0.00,8.3
"/shop/the-golden-shear-waco-waco-dc6f2551",0,8,0.00,6.4
"/shop/the-head-hut-eagle-pass-f97f8837",0,8,0.00,5.8
"/shop/the-men-barber-shop-salon-pflugerville-a077cda3",0,8,0.00,8.5
"/shop/tony-s-barber-shop-brownsville-0a4e933a",0,8,0.00,8.6
"/shop/top-cut-barbershop-mcallen-c942543a",0,8,0.00,8.1
"/shop/tune-up-the-manly-salon-college-station-50810fad",0,8,0.00,8.5
"/stores/austin-nail-supply-austin-2a26eb80",0,8,0.00,8.0
"/stores/beauty-supply-4u-lewisville-frisco-113c8e88",0,8,0.00,9.6
"/stores/berry-goods-houston-77096-424f3533",0,8,0.00,6.6
"/stores/black-beauty-organic-black-beauty-organic-conroe-42886560",0,8,0.00,8.0
"/stores/black-hair-and-beauty-supply-austin-906e4125",0,8,0.00,5.0
"/stores/chano-s-killer-fades-houston-77045-f0e232c2",0,8,0.00,7.5
"/stores/eva-s-braiding-beauty-supply-plano-c7de52aa",0,8,0.00,4.8
"/stores/jabez-barber-houston-77071-4178c39c",0,8,0.00,4.9
"/stores/sally-beauty-houston-77065-ea4590d0",0,8,0.00,8.9
"/stores/sassy-platz-beauty-supply-spring-399c2553",0,8,0.00,10.1
"/stores/unique-beauty-palace-houston-77099-90b4308d",0,8,0.00,6.9
"/stores/uptown-beauty-supply-15-katy-6cdf2c30",0,8,0.00,15.9
"/stores/wig-beauty-discount-store-garland-02baddc2",0,8,0.00,9.3
"/texas/houston/insights/market-analysis/clutch-city-barber",0,8,0.00,10.3
"/texas/houston/insights/market-analysis/el-imperio-barbershop",0,8,0.00,6.3
"/texas/houston/insights/market-analysis/elohim-barber-shop",0,8,0.00,10.4
"/texas/houston/insights/market-analysis/luis-gabriel-cuban-barber-shop",0,8,0.00,5.4
"/texas/houston/insights/market-analysis/urban-gent-barber-shop",0,8,0.00,7.3
"/tools/ai-booth-station/southern-comfort-barber-shop",0,8,0.00,10.8
"/tools/barbershop-search",0,8,0.00,22.8
"/schools/a-r-c-institute-beauty-and-barbering-pasadena-dd1fc25c",2,7,28.57,6.0
"/schools/bf-beauty-academy-dallas-4137c42c",2,7,28.57,3.4
"/schools/interstate-barber-school-wichita-falls-c6479cf5",2,7,28.57,3.9
"/barbers/-tx-232a3b25",1,7,14.29,15.0
"/barbers/aries-whitehurst-hairitage-studios-tx-c8ac383e",1,7,14.29,7.6
"/barbers/criscofadez-tx-8cc505ae",1,7,14.29,9.9
"/cosmetologists/leandria-burton-cosmetologist-houston-2cc19619",1,7,14.29,5.9
"/salons/jade-beauty-salon-brownsville-642e904d",1,7,14.29,8.4
"/salons/shear-magnolia-salon-tyler-tyler-cccbf000",1,7,14.29,6.7
"/schools/brackenridge-high-school-san-antonio-fc520214",1,7,14.29,7.7
"/schools/bridgeland-high-school-cypress-fc8dbf7d",1,7,14.29,5.9
"/schools/the-hair-group-beauty-school-dallas-b2d106bc",1,7,14.29,22.4
"/schools/the-lash-school-san-antonio-be60a948",1,7,14.29,8.9
"/barber-cos-continuing-education",0,7,0.00,36.3
"/barbers/1-on-1-cutz-tx-cb681586",0,7,0.00,8.1
"/barbers/202-urban-cuts-llc-tx-bbfce9e6",0,7,0.00,8.1
"/barbers/426-barber-studio-tx-f1b8b69c",0,7,0.00,5.6
"/barbers/a1-cutz-in-katy-tx-1d0ee8b6",0,7,0.00,6.7
"/barbers/adam-robles-tx-efdff1a8",0,7,0.00,7.4
"/barbers/aguilar-s-tx-e9a57ad2",0,7,0.00,13.3
"/barbers/barberalex-tx-ce0cd2e3",0,7,0.00,8.4
"/barbers/bjbarber-houston-77081-f54bdd9a",0,7,0.00,22.4
"/barbers/blendedbyrasta-duncanville-75116-d2b4752e",0,7,0.00,47.0
"/barbers/blendedmindz-houston-77004-55ee50c8",0,7,0.00,33.4
"/barbers/cartel-cuts-tx-64120610",0,7,0.00,6.0
"/barbers/clipperhands-tx-34a52dda",0,7,0.00,8.1
"/barbers/cozyfades-dallas-75202-890a9468",0,7,0.00,11.7
"/barbers/dannyblendz-dallas-75202-cd2dc8a2",0,7,0.00,7.7
"/barbers/diamondbladesbarbering-mesquite-75150-0553b1a2",0,7,0.00,26.7
"/barbers/dignified-cutz-irving-75038-d8bbd5a2",0,7,0.00,13.4
"/barbers/fadedbyrob-tx-bb591a7f",0,7,0.00,6.7
"/barbers/fadesbykingg-tx-d8d5eafc",0,7,0.00,16.9
"/barbers/fedlu-fades-garland-75040-4e2b35a4",0,7,0.00,6.7
"/barbers/gerald-blendz-tx-08142564",0,7,0.00,32.4
"/barbers/gio-the-barberr-tx-8e78d66e",0,7,0.00,5.7
"/barbers/howard-s-groom-room-llc-houston-77090-705251f2",0,7,0.00,5.0
"/barbers/iced-by-tray-tx-2e7ce614",0,7,0.00,6.9
"/barbers/jaycutz-tx-e4d3cd36",0,7,0.00,7.1
"/barbers/jcthebarber-tx-b19cec45",0,7,0.00,5.3
"/barbers/jfadedd-houston-77092-17f33ccb",0,7,0.00,7.6
"/barbers/jose-barber-tx-d0b32f48",0,7,0.00,7.4
"/barbers/kutsfromtj-houston-77054-43b66b14",0,7,0.00,4.6
"/barbers/ljtapers-duncanville-75137-08845935",0,7,0.00,7.7
"/barbers/loublendz-houston-77063-fbebbe99",0,7,0.00,12.9
"/barbers/mario-sanchez-dallas-75231-e61e1d8d",0,7,0.00,5.0
"/barbers/ntb-hair-studio-restoration-houston-77054-458c8322",0,7,0.00,18.9
"/barbers/pedro-at-pja-barber-lounge-tx-33fe290a",0,7,0.00,11.7
"/barbers/precision-hair-braiding-salon-tx-f4af8ec1",0,7,0.00,9.7
"/barbers/professional-barbershop-jm-tx-b06c9972",0,7,0.00,9.3
"/barbers/rainmancutz-tx-d787ed90",0,7,0.00,16.4
"/barbers/rajai-perkins-tx-5727b745",0,7,0.00,12.0
"/barbers/ramified-cuts-tx-5bd773ab",0,7,0.00,5.4
"/barbers/razor-sharp-barber-studio-barber-houston-713cb38a",0,7,0.00,5.3
"/barbers/rich-gotti-tx-5567ee95",0,7,0.00,7.9
"/barbers/ryantan-the-barber-houston-77063-4ee5131a",0,7,0.00,7.4
"/barbers/sammy-the-barber-tx-77d05475",0,7,0.00,8.0
"/barbers/samuel-barber-tx-c367340e",0,7,0.00,6.3
"/barbers/sexy-barber-tx-bd1269f2",0,7,0.00,6.1
"/barbers/sleekd-by-shae-tx-92bdc4df",0,7,0.00,3.7
"/barbers/space-city-barber-studio-tx-73b7ef54",0,7,0.00,9.3
"/barbers/suave-elite-barbershop-tx-68ec1f92",0,7,0.00,10.1
"/barbers/the-bladed-barber-tx-778512f8",0,7,0.00,3.7
"/barbers/twistedfadez-by-tae-houston-77054-106da089",0,7,0.00,6.9
"/barbers/valentin-barber-houston-77009-faabcb38",0,7,0.00,8.7
"/barbers/vm-beauty-dallas-75231-0ee46cd5",0,7,0.00,7.3
"/barbers/will-g-dallas-75202-3c8bad85",0,7,0.00,15.4
"/barbers/willieblendzz-tx-cbe6abe4",0,7,0.00,4.9
"/corpus-christi",0,7,0.00,13.3
"/cosmetologists/kinsla-artic-stylist-houston-55d2a7db",0,7,0.00,4.7
"/cosmetologists/nikki-g-cosmetologist-houston-f2a88a3b",0,7,0.00,6.1
"/cosmetologists/ryan-anderson-stylist-houston-6a426cd2",0,7,0.00,13.9
"/cosmetologists/whitney-p-cosmetologist-houston-1181deeb",0,7,0.00,14.0
"/events/connecticut-barber-expo-15-june-6-8-2026-barber-grammy-s-on-june-6-uncasville-bfc1b7b5",0,7,0.00,16.3
"/houston/insights/market-analysis/aware-by-luther-barbershop",0,7,0.00,18.0
"/houston/insights/market-analysis/cutthroat-barbers-houston-barbershop-in-the-heights-men-s-barbershop",0,7,0.00,9.1
"/houston/insights/market-analysis/david-s-barber-shop-y-beauty-salon",0,7,0.00,5.4
"/houston/insights/market-analysis/high-definition-hd-barber-shop-copperfield",0,7,0.00,2.6
"/houston/insights/market-analysis/nathan-s-barber-shop",0,7,0.00,6.0
"/houston/insights/market-analysis/neno-stylo-barber-shop",0,7,0.00,5.0
"/houston/insights/market-analysis/patron-barbershop",0,7,0.00,4.0
"/houston/insights/market-analysis/the-boss-haircut",0,7,0.00,7.4
"/salons/78294ecf-9aa9-4fc2-b64f-11fd84902c52",0,7,0.00,10.1
"/salons/a-cut-above-barbershop-hair-salon-laredo-88a11d35",0,7,0.00,6.3
"/salons/african-hair-braiding-salon-pour-la-belle-the-woodlands-fde7d227",0,7,0.00,6.9
"/salons/aisling-salon-and-spa-baytown-f059df08",0,7,0.00,5.9
"/salons/alarcon-beauty-salon-laredo-715c1378",0,7,0.00,4.9
"/salons/azul-beauty-salon-irving-cbfa322e",0,7,0.00,5.4
"/salons/barber-houston-14767fd0",0,7,0.00,8.6
"/salons/beauty-island-salon-eagle-pass-29bd6c77",0,7,0.00,10.4
"/salons/beauty-salon-mary-houston-a5ef130e",0,7,0.00,7.4
"/salons/beauty-sense-llc-houston-c36cc8c9",0,7,0.00,4.6
"/salons/bridgett-harrison-salon-dallas-short-hair-healthy-hair-black-hair-salon-sew-in-extensions-keratin-treatment-dallas-220a5490",0,7,0.00,9.3
"/salons/centro-de-est-tica-loly-aesthetic-houston-1ce2b26c",0,7,0.00,3.0
"/salons/color-lounge-by-shelby-tyler-2a79d906",0,7,0.00,7.3
"/salons/dc-creative-salon-sugar-land-17e6e887",0,7,0.00,5.0
"/salons/delisher-hair-sal-n-houston-38d9412b",0,7,0.00,4.7
"/salons/diva-doos-hair-salon-garland-e6af8f4b",0,7,0.00,8.0
"/salons/dolled-up-texas-houston-832f3f15",0,7,0.00,7.0
"/salons/drop-dead-gorgeous-beaumont-1afdc387",0,7,0.00,6.6
"/salons/embassies-hair-studio-houston-fea68b1e",0,7,0.00,21.1
"/salons/esther-s-hair-studio-garland-2fd9c459",0,7,0.00,5.0
"/salons/excellent-cuts-pasadena-06a0dedc",0,7,0.00,5.7
"/salons/exotic-hair-by-lupita-pasadena-d4917521",0,7,0.00,5.1
"/salons/fort-worth-hair-co-fort-worth-4c098a7a",0,7,0.00,8.6
"/salons/gb-studio-houston-9b7d6b1e",0,7,0.00,6.3
"/salons/genius-hair-solutions-sugar-land-e0b3f05a",0,7,0.00,9.7
"/salons/gloss-glam-hair-salon-head-spa-los-angeles-574510e9",0,7,0.00,10.0
"/salons/groove-hair-salon-dallas-f61f5c27",0,7,0.00,15.7
"/salons/grounded-beauty-studio-corpus-christi-a82f7b52",0,7,0.00,4.9
"/salons/hair-cuts-plus-houston-9f70af5c",0,7,0.00,3.6
"/salons/hair-mirage-houston-f62bb44d",0,7,0.00,8.7
"/salons/hair-volution-league-city-23ae775e",0,7,0.00,5.4
"/salons/hairport-sherman-611beadf",0,7,0.00,6.7
"/salons/halls-of-ivy-salon-los-angeles-4e32fe87",0,7,0.00,8.6
"/salons/helloo-beautiful-me-salon-style-humble-1d9e8103",0,7,0.00,18.9
"/salons/i-heart-hair-salon-day-spa-waco-bb58474f",0,7,0.00,10.0
"/salons/iracema-beauty-salon-houston-9516f320",0,7,0.00,6.0
"/salons/jasmines-beauty-salon-spa-houston-b266f90c",0,7,0.00,14.6
"/salons/jersey-village-hair-salon-houston-e250810e",0,7,0.00,7.7
"/salons/keysi-s-beauty-supply-braiding-katy-47b5c382",0,7,0.00,7.4
"/salons/letee-s-hair-studio-brownsville-51afedf8",0,7,0.00,7.3
"/salons/luxurious-looks-houston-c1b0d6e6",0,7,0.00,8.0
"/salons/margarita-s-beauty-spa-houston-4b7e57e4",0,7,0.00,5.1
"/salons/missouri-nails-lashes-missouri-city-99496843",0,7,0.00,7.6
"/salons/monica-resendez-houston-9d602e4a",0,7,0.00,7.9
"/salons/murphy-s-retreat-salon-spa-wellness-pasadena-abd6079e",0,7,0.00,6.4
"/salons/my-beauty-place-pflugerville-0d3675e1",0,7,0.00,10.7
"/salons/my-stylist-salon-san-jose-cd078229",0,7,0.00,5.7
"/salons/myriam-s-hair-studio-houston-dceeb8a8",0,7,0.00,2.4
"/salons/next-level-beauty-bar-the-woodlands-0b9f52dd",0,7,0.00,7.6
"/salons/nice-hair-braiding-salon-houston-05dca6b9",0,7,0.00,7.3
"/salons/nicole-s-hair-salon-houston-9af7edd4",0,7,0.00,9.6
"/salons/nikki-knows-hair-houston-78279bc5",0,7,0.00,8.4
"/salons/northside-beauty-salon-houston-f7860d69",0,7,0.00,7.9
"/salons/nu-healthy-hair-studio-llc-garland-f70bb881",0,7,0.00,8.1
"/salons/oasis-beauty-lounge-amarillo-efc31e86",0,7,0.00,5.9
"/salons/oh-la-vache-salon-waco-1977fd9d",0,7,0.00,7.9
"/salons/perfect-beauty-pearland-dd83605a",0,7,0.00,12.6
"/salons/pixie-on-main-conroe-db7f7ffa",0,7,0.00,7.9
"/salons/queen-nails-spa-eagle-pass-72e9477e",0,7,0.00,8.4
"/salons/relax-hair-salon-and-spa-irving-3a81cf36",0,7,0.00,6.7
"/salons/salon-alchemy-waco-f6e42f03",0,7,0.00,19.6
"/salons/shear-genius-salon-san-antonio-061f4f1f",0,7,0.00,8.6
"/salons/t-h-spring-hair-salon-spring-feec693f",0,7,0.00,8.4
"/salons/the-cutting-team-spring-73afebc7",0,7,0.00,7.9
"/salons/the-palomino-hair-salon-houston-36b3df8b",0,7,0.00,5.6
"/salons/the-perfect-canvas-hair-salon-katy-44825882",0,7,0.00,6.6
"/salons/the-royale-touch-hairtique-houston-f2f8061a",0,7,0.00,14.7
"/salons/the-society-salon-spa-waco-7a045338",0,7,0.00,8.4
"/salons/tijetas-hair-salon-houston-de357428",0,7,0.00,6.9
"/salons/tressa-co-hair-salon-fort-worth-ea1f387b",0,7,0.00,4.4
"/salons/v-i-p-salon-day-spa-conroe-5805a5ba",0,7,0.00,8.3
"/salons/v8-hair-salon-houston-35752093",0,7,0.00,10.4
"/salons/visible-impressions-hair-studio-brownsville-aff9dfe6",0,7,0.00,13.7
"/schools/acab1d9b-e3ac-4a8b-8ac0-a914ba39e535",0,7,0.00,7.0
"/schools/advanced-beauty-academy-houston-dd56427e",0,7,0.00,8.7
"/schools/barber-beauty-university-llc-dallas-821fd3af",0,7,0.00,11.0
"/schools/bellere-institute-inc-houston-2edf8f1e",0,7,0.00,12.6
"/schools/blanco-s-flawless-barber-school-carrollton-62ce5e0d",0,7,0.00,15.0
"/schools/bn-career-institute-houston-eea11e33",0,7,0.00,7.3
"/schools/bonham-high-school-bonham-5478dd8c",0,7,0.00,8.9
"/schools/ceo-of-aesthetics-med-spa-academy-pflugerville-b0560b72",0,7,0.00,7.0
"/schools/d-crockett-sr-high-school-austin-43888ee6",0,7,0.00,6.4
"/schools/dunbar-high-school-fort-worth-1cbfa9f4",0,7,0.00,6.9
"/schools/e-l-robertson-international-beauty-and-business-institute-sugar-land-e52de7d1",0,7,0.00,15.7
"/schools/east-view-high-school-georgetown-63c32e92",0,7,0.00,11.4
"/schools/eastlake-high-school-el-paso-a59ec4c6",0,7,0.00,6.3
"/schools/edcouch-elsa-career-and-tech-center-tx-5e3cb558",0,7,0.00,8.7
"/schools/fort-stockton-high-school-fort-stockton-87c4f2e7",0,7,0.00,23.0
"/schools/gloria-s-barber-college-san-antonio-1e3d2802",0,7,0.00,10.3
"/schools/houston-city-college-south-houston-21588a9b",0,7,0.00,9.1
"/schools/howard-county-junior-college-san-angelo-9c1649e4",0,7,0.00,8.7
"/schools/king-jr-s-barber-school-nacogdoches-1e0c026d",0,7,0.00,7.6
"/schools/kla-beauty-arlington-22b685be",0,7,0.00,5.9
"/schools/latin-america-beauty-school-sugar-land-c44c487b",0,7,0.00,11.4
"/schools/longview-high-school-longview-b8517cc7",0,7,0.00,12.1
"/schools/magnolia-high-school-magnolia-aaccb1dd",0,7,0.00,7.4
"/schools/manor-senior-high-school-manor-cf6359e6",0,7,0.00,7.1
"/schools/milan-institute-amarillo-d240598f",0,7,0.00,8.4
"/schools/modern-image-institute-barber-stylist-richardson-184ad563",0,7,0.00,20.6
"/schools/mt-vernon-isd-tx-b1d0a949",0,7,0.00,27.3
"/schools/new-image-beauty-and-barber-school-harlingen-0bf65d9d",0,7,0.00,19.1
"/schools/pipo-academy-of-hair-design-el-paso-a186cf81",0,7,0.00,11.0
"/schools/rio-grande-high-school-rio-grande-city-5ab711ea",0,7,0.00,6.9
"/schools/school-of-pmu-pflugerville-1c4e133a",0,7,0.00,7.6
"/schools/the-salon-at-the-james-reese-center-sugar-land-ea0f238a",0,7,0.00,7.0
"/schools/tuloso-midway-high-school-tx-b1205837",0,7,0.00,9.0
"/schools/velma-b-s-beauty-academy-dallas-27bed601",0,7,0.00,5.0
"/schools/zms-the-academy-los-angeles-b96fa110",0,7,0.00,8.1
"/shop/1a76b450-2df1-499d-961e-c68ade213551",0,7,0.00,4.0
"/shop/2-relentless-barbershop-corpus-christi-800fb3c3",0,7,0.00,7.6
"/shop/33a8a578-b89e-45b6-8f5d-57ba6ce24be4",0,7,0.00,8.1
"/shop/a-shaving-grace-barber-shop-the-woodlands-e4b2b836",0,7,0.00,10.4
"/shop/aggieland-barber-beauty-supply-college-station-10c9a066",0,7,0.00,7.7
"/shop/all-star-kutz-houston-77083-a1edf696",0,7,0.00,9.7
"/shop/alpha-barbershop-san-antonio-751669b8",0,7,0.00,9.3
"/shop/bigger-than-business-barbershop-pflugerville-250ee92a",0,7,0.00,9.0
"/shop/blueprint-fade-lounge-dallas-ff7f61ec",0,7,0.00,9.9
"/shop/blurred-lines-barber-studio-sherman-da41c9f7",0,7,0.00,6.3
"/shop/brooklyn-s-barbershop-mcallen-7facef7d",0,7,0.00,3.7
"/shop/callie-street-barber-shop-houston-77023-c919de2a",0,7,0.00,7.6
"/shop/chanel-cutz-arlington-c2b6f7e8",0,7,0.00,9.7
"/shop/chiseled-and-chic-barbershop-frisco-695a9d71",0,7,0.00,5.9
"/shop/clippers-blades-hair-cafe-houston-77049-08b14660",0,7,0.00,6.3
"/shop/cutthroat-barbers-houston-barbershop-in-montrose-hair-salon-houston-77098-efc30789",0,7,0.00,8.4
"/shop/d-l-all-star-cuts-houston-77096-8e3798f7",0,7,0.00,9.0
"/shop/d-shop-barbershop-cypress-b8c977d6",0,7,0.00,21.4
"/shop/dallas-fades-barbershop-dallas-84d3755c",0,7,0.00,14.3
"/shop/dapper-down-barber-lounge-san-francisco-d6021802",0,7,0.00,7.9
"/shop/david-asprilla-barbershop-san-jose-135e9a64",0,7,0.00,4.0
"/shop/diamond-cuts-barbershop-laredo-53c52fde",0,7,0.00,5.1
"/shop/diesel-barbershop-village-at-riverstone-sugar-land-b4364893",0,7,0.00,9.1
"/shop/ea2197e0-d7a7-4264-b436-7c87c22814ba",0,7,0.00,3.4
"/shop/eastgate-barber-beauty-shop-killeen-ebc5900c",0,7,0.00,9.0
"/shop/elevate-barber-studio-frisco-barber-shop-frisco-9c383676",0,7,0.00,7.1
"/shop/elohim-barber-shop-houston-77044-2ec0026d",0,7,0.00,6.9
"/shop/executive-choice-barber-shop-houston-77092-0323e1ac",0,7,0.00,6.9
"/shop/fade-factory-barber-studio-austin-bb082c78",0,7,0.00,8.6
"/shop/fademaster-barber-shop-1960-humble-396a143d",0,7,0.00,3.7
"/shop/fellas-barber-shop-corpus-christi-71b4ae6f",0,7,0.00,6.0
"/shop/goode-looks-barber-shop-topshoponscott-houston-77026-2ba98cfc",0,7,0.00,7.1
"/shop/handz-barbershop-houston-77096-c4d471a9",0,7,0.00,7.9
"/shop/humble-nation-barbershop-houston-2a8970be",0,7,0.00,5.6
"/shop/international-barber-shop-houston-77080-f1febe4b",0,7,0.00,8.4
"/shop/juan-zurita-the-barber-college-station-fb1e93af",0,7,0.00,5.7
"/shop/just-4-him-men-s-haircuts-of-beaumont-1-men-s-hair-salon-barber-shop-beaumont-c4f28085",0,7,0.00,10.0
"/shop/kingdom-kutz-barber-suite-studio-houston-77083-2ec41a58",0,7,0.00,2.3
"/shop/kingsman-barbershop-houston-77070-1d1488ee",0,7,0.00,6.7
"/shop/latinos-barber-shop-beaumont-5c8c5c2e",0,7,0.00,5.3
"/shop/lusso-barbers-el-paso-095a2df6",0,7,0.00,10.6
"/shop/main-street-barbershop-college-station-0bb4d859",0,7,0.00,10.3
"/shop/mike-s-barbershop-austin-2a5ef8da",0,7,0.00,12.0
"/shop/mj-blade-barbershop-san-antonio-b242ba0f",0,7,0.00,6.9
"/shop/mr-barbershop-inc-pearland-9bd8b25e",0,7,0.00,7.1
"/shop/oscar-a-barber-midland-390a8686",0,7,0.00,5.1
"/shop/perfect-barber-houston-77047-462edeae",0,7,0.00,6.4
"/shop/phresh-as-duck-barber-studio-sugar-land-46cdd92e",0,7,0.00,9.3
"/shop/pichi-barbershop-houston-77093-ff9810b1",0,7,0.00,8.4
"/shop/premier-barber-beauty-suites-college-station-6e75ade0",0,7,0.00,10.4
"/shop/royal-heads-irving-66106f85",0,7,0.00,10.7
"/shop/rtb-barbershop-spring-a7fa8f43",0,7,0.00,10.6
"/shop/sarmientos-barber-shop-houston-77096-f79ed957",0,7,0.00,5.1
"/shop/select-clip-salon-barbershop-plano-plano-1815ed5c",0,7,0.00,10.0
"/shop/shepard-s-barber-shop-conroe-6a15b759",0,7,0.00,8.6
"/shop/star-barber-beauty-salon-tyler-12eab25a",0,7,0.00,7.6
"/shop/stmpd-barber-studio-corpus-christi-c093ce11",0,7,0.00,7.0
"/shop/the-art-of-men-s-grooming-plano-bbaf853e",0,7,0.00,8.6
"/shop/the-ax-edge-barbershop-conroe-05e3e1d5",0,7,0.00,6.4
"/shop/the-cut-barbershop-houston-77071-faaae703",0,7,0.00,3.6
"/shop/the-gents-place-barbershop-austin-austin-8fed155e",0,7,0.00,8.6
"/shop/the-hair-lounge-barbershop-midland-b4257a54",0,7,0.00,12.9
"/shop/the-shop-atx-austin-86115535",0,7,0.00,8.6
"/shop/valentine-s-cuts-garland-f31bf0db",0,7,0.00,5.6
"/shop/vanish-barber-lounge-laredo-e9ffc4c1",0,7,0.00,5.9
"/shop/wb-kutz-irving-0cefadfe",0,7,0.00,6.7
"/shop/zona-urban-barber-studio-houston-77091-c48d25b7",0,7,0.00,6.3
"/stores/6b3316f1-fbbe-469c-a430-c77e0afa2669",0,7,0.00,2.4
"/stores/armstrong-mccall-beauty-supply-conroe-2b1eebb0",0,7,0.00,12.0
"/stores/armstrong-mccall-l-p-pflugerville-aafeae3f",0,7,0.00,7.7
"/stores/beauty-corner-beauty-supply-store-houston-77065-aa7e3a7e",0,7,0.00,2.4
"/stores/beauty-empire-houston-77092-d19d3bc4",0,7,0.00,61.3
"/stores/beauty-empire-richmond-sugar-land-08d82732",0,7,0.00,14.4
"/stores/dleigh-designs-beauty-supply-salon-frisco-40b64620",0,7,0.00,7.0
"/stores/ej-beauty-supply-1-houston-77091-8eecb939",0,7,0.00,5.0
"/stores/fm-beauty-supply-garland-a0b3cce6",0,7,0.00,8.4
"/stores/modjeme-beauty-shop-san-antonio-f2f616e9",0,7,0.00,6.4
"/stores/pia-beauty-squad-prosper-mckinney-917d084b",0,7,0.00,6.6
"/stores/pico-beauty-supplies-salon-los-angeles-426babad",0,7,0.00,6.4
"/stores/sally-beauty-houston-77049-dba111e3",0,7,0.00,8.3
"/stores/sarafina-s-beauty-supply-garland-0c9d45ba",0,7,0.00,6.3
"/stores/scarlet-beauty-supply-san-antonio-e3aebcae",0,7,0.00,9.6
"/stores/studio-fix-black-hair-beauty-supply-in-houston-houston-77096-cad3ee85",0,7,0.00,19.3
"/stores/the-hair-depot-dallas-66196b54",0,7,0.00,10.1
"/stores/the-hive-beauty-supply-plano-003f1016",0,7,0.00,8.6
"/stores/tyler-nails-supply-tyler-99f42afa",0,7,0.00,2.7
"/stores/xtream-beauty-supply-plano-3bb1fb54",0,7,0.00,7.0
"/texas-barber-exam-intelligence-prep",0,7,0.00,12.9
"/texas/garland",0,7,0.00,18.7
"/texas/garland/75040",0,7,0.00,17.0
"/texas/houston/insights/market-analysis/barberventures-mobile-barbershop-houston",0,7,0.00,4.1
"/texas/houston/insights/market-analysis/bison-barbers",0,7,0.00,9.1
"/texas/houston/insights/market-analysis/callie-street-barber-shop",0,7,0.00,7.3
"/texas/houston/insights/market-analysis/chichos-barber-shop-1",0,7,0.00,7.7
"/texas/houston/insights/market-analysis/deiner-s-deep-cutz-on-the-go",0,7,0.00,7.9
"/texas/houston/insights/market-analysis/elite-stylez-hair-studio",0,7,0.00,10.4
"/texas/houston/insights/market-analysis/fresh-cuts-hair-salon-arab-barber-",0,7,0.00,8.9
"/texas/houston/insights/market-analysis/grayscale-barbershop",0,7,0.00,11.1
"/texas/houston/insights/market-analysis/house-of-fades-cypress",0,7,0.00,9.0
"/texas/houston/insights/market-analysis/kintanas-barbershop",0,7,0.00,9.0
"/texas/houston/insights/market-analysis/oneal-s-barbershop",0,7,0.00,5.7
"/texas/houston/insights/market-analysis/professional-hair-salon-barber-shop-",0,7,0.00,1.3
"/tools/barbershop-search",0,7,0.00,5.9
"/tools/shop-site-template/shop-website-customizer/19b4f8c0-f4f7-4015-8358-b32419f2e51c",0,7,0.00,8.3
"/tools/shop-site-template/shop-website-customizer/2288cd87-6f42-4458-ba82-4de3a87d1b68",0,7,0.00,3.4
"/tools/shop-site-template/shop-website-customizer/7facef7d-9022-4629-8957-0c5e59788826",0,7,0.00,5.7
"/tools/shop-site-template/shop-website-customizer/9d46412c-b100-4e4f-a0a7-a4d9a96a7067",0,7,0.00,8.7
"/tools/shop-site-template/shop-website-customizer/bbf21384-dadc-4226-8fe1-478c8799caee",0,7,0.00,58.9
"/barbers/anwarcutz6-tx-ff21ea01",2,6,33.33,18.0
"/barbers/abel-vasquez-tx-e1d23870",1,6,16.67,5.2
"/barbers/chanceinthecutt-tx-e2d0eb0e",1,6,16.67,12.5
"/barbers/kizer-kutz-tx-ce3908c1",1,6,16.67,12.8
"/barbers/manology-men-s-lounge-tx-e06d4211",1,6,16.67,21.5
"/barbers/monkara-s-hair-design-by-mayra-tx-41aacb48",1,6,16.67,6.5
"/barbers/the-lords-barber-tx-ea84f6c1",1,6,16.67,7.3
"/salons/alx-hair-studio-houston-9137e025",1,6,16.67,7.5
"/salons/collected-salons-houston-e1381364",1,6,16.67,5.8
"/salons/romy-s-hair-studio-garland-a92aee03",1,6,16.67,3.7
"/salons/salon-j-lynae-league-city-c189c718",1,6,16.67,5.8
"/salons/salon-yesy-s-hair-cut-express-houston-6f63bfe6",1,6,16.67,8.0
"/schools/4four-beauty-school-dallas-5c3d85e8",1,6,16.67,4.0
"/schools/abilene-high-school-abilene-a56dc1d4",1,6,16.67,16.3
"/schools/b-c-beauty-academy-fort-worth-5f681530",1,6,16.67,10.3
"/schools/conroe-voc-high-school-conroe-dbdb45a7",1,6,16.67,8.2
"/schools/el-dorado-high-school-el-paso-32df06ac",1,6,16.67,6.8
"/schools/frank-chisum-regional-tech-center-eagle-pass-f1b5e90d",1,6,16.67,3.5
"/schools/from-ordinary-to-extraordinary-houston-954b3d1d",1,6,16.67,20.0
"/schools/la-grange-high-school-la-grange-4c624a5f",1,6,16.67,7.7
"/barbers/7-the-barber-tx-11b731df",0,6,0.00,8.0
"/barbers/alejandro-barber-houston-houston-77063-586ca0d5",0,6,0.00,7.0
"/barbers/austin-trevino-dallas-75246-c8fd9320",0,6,0.00,5.2
"/barbers/barber-bosch-21-houston-77063-99fa416d",0,6,0.00,6.2
"/barbers/barber-rome-empire-barber-studio-290-houston-77092-17e6029c",0,6,0.00,7.3
"/barbers/barber-shop-ysa-tx-8d142abf",0,6,0.00,9.8
"/barbers/barbershop-walkins-welcome-tx-c94c34ce",0,6,0.00,6.5
"/barbers/ben-the-barber-houston-77015-99322882",0,6,0.00,17.0
"/barbers/bigjunecuts-tx-43a47405",0,6,0.00,13.0
"/barbers/blue-barber-tx-83dfe9c3",0,6,0.00,6.7
"/barbers/brecutz-dallas-75243-6a7b4fdb",0,6,0.00,19.2
"/barbers/carter-houston-77002-ebc0d262",0,6,0.00,16.3
"/barbers/chinoblendz-tx-963d2daa",0,6,0.00,9.2
"/barbers/claudioblendz-tx-b6588ef4",0,6,0.00,6.5
"/barbers/cutzwitcj-tx-72199546",0,6,0.00,5.2
"/barbers/drape-studios-tx-f75e6829",0,6,0.00,9.5
"/barbers/elevated-artisan-stylez-irving-75062-8ed8315c",0,6,0.00,13.0
"/barbers/fabo-cuts-tx-90442517",0,6,0.00,6.8
"/barbers/faded-by-jroc-tx-c90eb5f4",0,6,0.00,4.5
"/barbers/fadezzbyjayy-tx-a1b3b735",0,6,0.00,8.7
"/barbers/fara-ja-fadez-houston-77004-9be911ce",0,6,0.00,14.7
"/barbers/five-star-elite-fades-barber-shop-tx-1163d9af",0,6,0.00,14.7
"/barbers/freddy-barber-tx-0b82fb33",0,6,0.00,8.2
"/barbers/houston-barbershop-specializing-in-clean-fades-punctual-and-professional-service-book-your-appointment-now-tx-ca53d100",0,6,0.00,11.7
"/barbers/huncho-payan-tx-80813674",0,6,0.00,4.3
"/barbers/jeank-barber-tx-c77cf442",0,6,0.00,9.7
"/barbers/jose-the-barber-tx-2bd687c5",0,6,0.00,6.3
"/barbers/jufadedyou-dallas-75212-72438c2d",0,6,0.00,9.5
"/barbers/julio-barber-tx-a804867c",0,6,0.00,8.7
"/barbers/jvblendzz-tx-8379b36a",0,6,0.00,8.0
"/barbers/karma-kuttz-tx-1b89a2a5",0,6,0.00,20.8
"/barbers/kayyg-the-wise-barber-tx-0c7ca235",0,6,0.00,8.2
"/barbers/king-cutz-tx-cec49ab6",0,6,0.00,6.5
"/barbers/knottwisted-hair-studio-tx-a56b4be3",0,6,0.00,9.3
"/barbers/koodablendz-tx-12b32114",0,6,0.00,25.7
"/barbers/leaux-almighty-tx-96108cdb",0,6,0.00,8.0
"/barbers/lenny-cuts-tx-d49c48c6",0,6,0.00,19.0
"/barbers/manny-the-barber-tx-58568385",0,6,0.00,9.7
"/barbers/melys-barbershop-tx-b1fc413d",0,6,0.00,35.7
"/barbers/michael-angelo-barber-miguel-dallas-75202-f7367d09",0,6,0.00,13.8
"/barbers/mitri-barber-mesquite-75149-4c31b3e9",0,6,0.00,7.7
"/barbers/moneydabarber-headliners-barbershop-tx-35ddf643",0,6,0.00,11.0
"/barbers/mr-spain-at-manny-s-barbershop-mesquite-75150-0cac0d56",0,6,0.00,7.3
"/barbers/nawfbabyblendz-tx-aed5a3c0",0,6,0.00,10.0
"/barbers/new-looks-barbershop-tx-432e5ebb",0,6,0.00,6.0
"/barbers/nyc-kutz-styles-dallas-75237-3eefab6d",0,6,0.00,12.0
"/barbers/robfromhouston-houston-77002-2779d60c",0,6,0.00,13.0
"/barbers/sauced-by-htxsino-tx-2760ad98",0,6,0.00,9.7
"/barbers/saulthebarber-houston-77074-9fa6cae4",0,6,0.00,6.2
"/barbers/sayla-v-the-master-barber-addison-75001-8309473b",0,6,0.00,4.0
"/barbers/shawn-cuts-the-h-tigercuts-tx-f6fefd32",0,6,0.00,5.3
"/barbers/shine-the-barber-houston-77074-1863da31",0,6,0.00,3.8
"/barbers/studio111-tx-80dea012",0,6,0.00,5.8
"/barbers/taygotchu-houston-77074-f9bac6c4",0,6,0.00,5.0
"/barbers/the-edge-by-kg-llc-tx-7d4dc421",0,6,0.00,8.5
"/barbers/toofaded-eric-houston-77093-7a673926",0,6,0.00,5.8
"/barbers/viciouz-studioz-tx-430b5c64",0,6,0.00,9.0
"/barbers/victor-mazter-cutz-dallas-75234-a2e008cf",0,6,0.00,8.0
"/barbers/visionary-fades-lavish-cuts-manvel-tx-38638060",0,6,0.00,10.0
"/barbers/yepez-the-barber-tx-1926d9db",0,6,0.00,6.2
"/cosmetologists/jaimie-adams-cosmetologist-houston-9d124725",0,6,0.00,5.5
"/cosmetologists/loren-hill-stylist-houston-5d9ee833",0,6,0.00,6.5
"/cosmetologists/meshia-stylez-cosmetologist-houston-f6fe1aa1",0,6,0.00,3.5
"/cosmetologists/moni-pradier-makeup-artist-houston-0da16725",0,6,0.00,3.5
"/houston/insights/market-analysis/hollywood-cutting-up-barbershop",0,6,0.00,4.0
"/houston/insights/market-analysis/huncho-houston-barbershop",0,6,0.00,5.0
"/houston/insights/market-analysis/krispykutzinc-barbershop-houston-willowbrook",0,6,0.00,4.5
"/houston/insights/market-analysis/la-bendicion-barbershop",0,6,0.00,5.7
"/houston/insights/market-analysis/la-fama-barbershop",0,6,0.00,6.7
"/houston/insights/market-analysis/mr-dunn-s-barber-shop",0,6,0.00,4.5
"/houston/insights/market-analysis/super-exclusive-barber-shop",0,6,0.00,8.7
"/houston/insights/market-analysis/tha-chop-shop",0,6,0.00,4.8
"/laredo",0,6,0.00,13.8
"/missouri-city",0,6,0.00,28.3
"/salons/504-haircuts-styling-extensions-color-and-natural-care-irving-86faad8e",0,6,0.00,9.3
"/salons/a-beauty-salon-eagle-pass-4cf8d7f5",0,6,0.00,7.8
"/salons/amber-salon-waco-591d5d16",0,6,0.00,6.7
"/salons/ann-s-private-cuts-pflugerville-9536aad8",0,6,0.00,8.7
"/salons/annie-s-hair-salon-garland-2447e92b",0,6,0.00,5.3
"/salons/aveda-boeau-belle-salon-hair-threading-microblading-lash-facial-spa-san-antonio-e07135d9",0,6,0.00,9.5
"/salons/b2d37a70-c09f-499d-8bca-691035578f77",0,6,0.00,8.2
"/salons/balayage-bar-boutique-located-inside-of-salons-by-jc-room-49-mckinney-05c04a85",0,6,0.00,10.5
"/salons/beauty-avenue-salon-el-paso-785f11a0",0,6,0.00,9.0
"/salons/beauty-heaven-laredo-fdb916b5",0,6,0.00,8.2
"/salons/bp-squared-salon-amarillo-6547b180",0,6,0.00,7.2
"/salons/bustos-beauty-latinas-spring-6922af7c",0,6,0.00,6.2
"/salons/caitlin-beauty-salon-houston-57daaa4e",0,6,0.00,2.7
"/salons/cecy-s-haircare-salon-baytown-fee3bdfb",0,6,0.00,7.7
"/salons/cinda-s-hair-studio-waco-76fc4b8c",0,6,0.00,4.5
"/salons/cut-away-hair-styling-pasadena-2f81be12",0,6,0.00,6.0
"/salons/deleon-beauty-co-waco-0afe31b8",0,6,0.00,4.7
"/salons/diamonds-and-pearls-family-hair-salon-llc-beaumont-d48aac8f",0,6,0.00,15.0
"/salons/eighty-three-0-eight-salon-dallas-010f00e4",0,6,0.00,8.8
"/salons/em-lash-studio-pasadena-pasadena-c8a3f15a",0,6,0.00,5.7
"/salons/emily-s-beauty-salon-humble-99b4e605",0,6,0.00,5.7
"/salons/felise-rochelle-studios-the-woodlands-49048972",0,6,0.00,7.3
"/salons/fifth-avenue-salon-extension-bar-waco-2810580c",0,6,0.00,11.8
"/salons/girls-house-beauty-salon-pasadena-bf8f5253",0,6,0.00,5.7
"/salons/hair-by-farah-pflugerville-aaa1b18e",0,6,0.00,8.7
"/salons/hair-masters-shiloh-laredo-29894309",0,6,0.00,7.2
"/salons/hair-salon-g-nesis-houston-10c875d3",0,6,0.00,14.8
"/salons/hue-hair-salon-san-francisco-e26079a8",0,6,0.00,6.8
"/salons/j-jireh-s-salon-hair-restoration-center-llc-san-antonio-10c19c3b",0,6,0.00,12.2
"/salons/jimmyjohn-beauty-salon-and-supplies-garland-c0800276",0,6,0.00,5.7
"/salons/jinny-riddle-makeup-studio-hair-and-nails-el-paso-8b8625f4",0,6,0.00,5.3
"/salons/journey-s-hair-studio-spa-jaeger-cypress-a1356a01",0,6,0.00,10.2
"/salons/l-a-cut-z-nail-salon-boutique-baytown-de40de28",0,6,0.00,4.7
"/salons/life-spa-and-salon-sugar-land-55f3555b",0,6,0.00,16.7
"/salons/linh-s-beauty-salon-fort-worth-ab6dfa3d",0,6,0.00,5.7
"/salons/look-san-antonio-ae307a3a",0,6,0.00,9.0
"/salons/majestic-studio-hair-salon-irving-721dee57",0,6,0.00,8.7
"/salons/maribel-hair-salon-laredo-67427323",0,6,0.00,8.7
"/salons/martina-s-beauty-salon-houston-54782db4",0,6,0.00,4.0
"/salons/melissa-michelle-beauty-salon-brownsville-1905dd9d",0,6,0.00,8.2
"/salons/mizz-celebrity-style-bar-houston-bc5aa732",0,6,0.00,5.0
"/salons/nailsby-arlin-houston-796ea8a8",0,6,0.00,19.2
"/salons/nydia-s-beauty-salon-laredo-3af3a16e",0,6,0.00,6.3
"/salons/orfe-s-studio-hair-salon-laredo-7ca753db",0,6,0.00,4.3
"/salons/palma-hair-studio-dallas-ad0a497c",0,6,0.00,7.5
"/salons/phenix-salons-suites-champion-forest-houston-33f88553",0,6,0.00,8.3
"/salons/raw-hair-co-dallas-55ec6cc0",0,6,0.00,18.8
"/salons/salon-eben-day-spa-sugar-land-65b545c9",0,6,0.00,8.2
"/salons/salon-flair-tyler-0bdb77c2",0,6,0.00,11.5
"/salons/salon-selections-tyler-485bccb8",0,6,0.00,15.3
"/salons/salons-of-volterra-mckinney-stonebridge-mckinney-ba8bd89f",0,6,0.00,9.5
"/salons/savannah-s-chic-beauty-baytown-3520ff13",0,6,0.00,5.3
"/salons/serendipity-hair-studio-league-city-c62ba387",0,6,0.00,6.0
"/salons/shear-pleasure-baytown-cfc2010f",0,6,0.00,4.7
"/salons/shubh-beauty-irving-tx-inside-walmart-irving-ea6f3c96",0,6,0.00,8.8
"/salons/snobz-of-houston-woodlands-hair-boutique-the-woodlands-53b3492f",0,6,0.00,4.5
"/salons/switch-hair-studio-conroe-98e0f4c0",0,6,0.00,11.7
"/salons/the-b-spot-barber-beauty-shop-humble-humble-30b617d7",0,6,0.00,6.3
"/salons/the-dollhouse-hair-salon-the-woodlands-9269e84c",0,6,0.00,7.3
"/salons/the-glam-shack-humble-f9b9003a",0,6,0.00,6.0
"/salons/the-hive-styling-bar-salon-houston-63ca919b",0,6,0.00,8.7
"/salons/vanny-s-salon-houston-50d80cc4",0,6,0.00,7.8
"/salons/wendoline-mannion-hair-specialist-1-in-houstontx-hair-color-haircuts-treatments-extension-houston-7e8d4cda",0,6,0.00,5.5
"/salons/wicked-pixie-salon-hair-studio-llc-garland-566f6ea3",0,6,0.00,7.5
"/salons/your-stylist-beauty-salon-houston-85e9243c",0,6,0.00,4.7
"/schools/a-c-jones-high-school-beeville-4b070134",0,6,0.00,7.7
"/schools/ace-academy-llc-dallas-fb31c5c6",0,6,0.00,8.5
"/schools/advanced-barber-college-hair-designs-inc-weslaco-73e7848f",0,6,0.00,9.0
"/schools/buffalo-high-school-buffalo-4171ac72",0,6,0.00,7.2
"/schools/center-for-career-and-tech-ed-frisco-f26e0a2c",0,6,0.00,13.3
"/schools/college-station-medical-assistant-school-bryan-college-station-e509ddc8",0,6,0.00,7.3
"/schools/cosmetology-academy-of-texarkana-texarkana-d0345144",0,6,0.00,17.8
"/schools/cutz-above-barber-college-san-antonio-8b2526fd",0,6,0.00,5.7
"/schools/desoto-high-school-desoto-6fd141f2",0,6,0.00,8.3
"/schools/duvall-s-school-of-cosmetology-fort-worth-5d4331cf",0,6,0.00,12.8
"/schools/enrichment-barber-college-san-antonio-d86c285b",0,6,0.00,6.0
"/schools/houston-city-college-southeast-houston-ebfa631e",0,6,0.00,20.0
"/schools/iheart-lash-studio-pearland-71674963",0,6,0.00,10.5
"/schools/inspired-by-beauty-institute-el-paso-5d0bf533",0,6,0.00,8.3
"/schools/karoli-professional-beauty-san-diego-d94873c9",0,6,0.00,7.7
"/schools/kisd-career-center-cosmetology-killeen-4d7dacdb",0,6,0.00,6.7
"/schools/lashing-out-ink-academy-houston-0dd288b2",0,6,0.00,9.8
"/schools/lifestyle-lash-academy-tyler-9127e83b",0,6,0.00,9.7
"/schools/lucianis-victoria-beauty-academy-irving-7cc8c16b",0,6,0.00,2.2
"/schools/mc-allen-high-school-mcallen-7bb6af9c",0,6,0.00,7.0
"/schools/nacogdoches-high-school-nacogdoches-95f04374",0,6,0.00,20.2
"/schools/navasota-high-school-navasota-610b4480",0,6,0.00,10.0
"/schools/north-side-high-school-fort-worth-986c6014",0,6,0.00,9.0
"/schools/prestige-barber-college-midland-7d2fd0a4",0,6,0.00,7.5
"/schools/royal-high-school-brookshire-5fddd654",0,6,0.00,31.0
"/schools/sadie-cook-academy-cosmetology-school-sugar-land-f870d0a7",0,6,0.00,13.2
"/schools/skyline-high-school-dallas-c82163ac",0,6,0.00,10.3
"/schools/southwest-legacy-high-school-von-ormy-61b5ebfa",0,6,0.00,7.7
"/schools/trendsetters-barber-and-beauty-college-san-antonio-f09d0551",0,6,0.00,9.3
"/schools/ucas-univ-of-cosmetology-arts-sciences-la-joya-3e814543",0,6,0.00,12.5
"/schools/ultimate-performance-training-pflugerville-ebcd8f0d",0,6,0.00,8.5
"/shop/1f2f1240-17c6-49c8-85b0-02f76955fce1",0,6,0.00,3.5
"/shop/2288cd87-6f42-4458-ba82-4de3a87d1b68",0,6,0.00,2.7
"/shop/238a1016-f253-4e2b-a554-c773c5f612a4",0,6,0.00,5.2
"/shop/5-stars-barbershop-houston-77099-efb6666e",0,6,0.00,11.3
"/shop/a1-fadez-houston-d6ad79d5",0,6,0.00,4.8
"/shop/american-hairlines-barbershop-houston-77089-88cf5202",0,6,0.00,9.7
"/shop/art-s-barber-styling-salon-baytown-a3989f2f",0,6,0.00,8.3
"/shop/atelier-barber-co-dallas-aa8665f3",0,6,0.00,9.2
"/shop/barbershop-escanor-el-colombiano-sherman-fa355a13",0,6,0.00,9.5
"/shop/bastards-barbershop-brownsville-fdd403a7",0,6,0.00,5.2
"/shop/best-barbershop-houston-77078-7d3ebdcd",0,6,0.00,4.5
"/shop/buzzard-s-barbershop-the-shop-club-houston-77070-05955a1e",0,6,0.00,3.0
"/shop/chino-s-barbershop-brownsville-6515ea5a",0,6,0.00,5.7
"/shop/chrome-cuts-barber-studio-mcallen-90b8ed86",0,6,0.00,10.3
"/shop/clutch-fades-jesse-houston-77057-c1db27aa",0,6,0.00,6.0
"/shop/corona-cutz-barber-studio-appointment-only-book-online-houston-77062-6b0fa283",0,6,0.00,6.0
"/shop/east-dallas-barbershop-dallas-7dfe36c7",0,6,0.00,7.0
"/shop/elevations-the-barber-shop-houston-77063-ef94e4fd",0,6,0.00,3.2
"/shop/executive-barber-beauty-shop-houston-77065-d3ebec0e",0,6,0.00,5.7
"/shop/fade-master-barber-studio-b-lyffe-missouri-city-fa5b020b",0,6,0.00,8.7
"/shop/fade-theory-barber-lounge-the-woodlands-4431d732",0,6,0.00,6.8
"/shop/golden-edge-barbershop-houston-02875afd",0,6,0.00,8.5
"/shop/greater-jerusalem-barber-houston-77093-2808cc02",0,6,0.00,5.8
"/shop/hair-motions-college-station-b17a9393",0,6,0.00,6.7
"/shop/havana-barbershop-san-antonio-8f42a61d",0,6,0.00,9.7
"/shop/house-of-fades-mcallen-df701f76",0,6,0.00,9.8
"/shop/jackson-rose-barber-studio-houston-77099-ba2d7ce9",0,6,0.00,7.5
"/shop/jc-barber-services-houston-77083-8f15c5e5",0,6,0.00,3.3
"/shop/kingz-of-cutz-dallas-5830c356",0,6,0.00,5.5
"/shop/l-g-barbershop-dallas-454ad5c5",0,6,0.00,5.0
"/shop/lacey-s-chop-shop-mckinney-b947f705",0,6,0.00,6.2
"/shop/level-up-barbershop-pearland-3bd519db",0,6,0.00,8.8
"/shop/line-up-barbershop-vip-houston-77091-179efe2f",0,6,0.00,6.0
"/shop/luxury-barbershop-studio-head-spa-baytown-f21911af",0,6,0.00,7.3
"/shop/ng-x-scar-studio-plano-f0b887a2",0,6,0.00,5.2
"/shop/no-cap-kutz-barbershop-fort-worth-f85bc23f",0,6,0.00,7.5
"/shop/otro-nivel-barber-shop-houston-77088-98118aa4",0,6,0.00,8.2
"/shop/parkdale-waco-e5ebc79a",0,6,0.00,11.3
"/shop/picture-perfect-cuts-houston-77051-822dceca",0,6,0.00,9.2
"/shop/precision-barbershop-conroe-a470e564",0,6,0.00,7.5
"/shop/puerto-rico-barbershop-irving-b1b222a4",0,6,0.00,10.5
"/shop/puro-handsome-barbershop-majestic-theater-san-antonio-7e4709a8",0,6,0.00,8.8
"/shop/royalty-cuts-family-barber-shop-houston-77044-86e5f992",0,6,0.00,3.2
"/shop/ryan-the-barber-rx-elites-barber-and-beauty-houston-77098-bb5dd550",0,6,0.00,6.7
"/shop/shaw-s-a-cut-above-houston-77054-41fb1353",0,6,0.00,7.5
"/shop/sheared-the-barbershop-midtown-houston-houston-fe51c39f",0,6,0.00,7.3
"/shop/shed-barber-and-supply-bouldin-austin-a9b5f7b1",0,6,0.00,9.8
"/shop/south-austin-barber-shop-stassney-lane-austin-4f855004",0,6,0.00,9.0
"/shop/suavecito-fade-shop-laredo-36d28443",0,6,0.00,9.8
"/shop/teran-barber-shop-houston-77029-276c3018",0,6,0.00,5.8
"/shop/texas-cutz-1-shoppe-in-midland-midland-1817f014",0,6,0.00,9.8
"/shop/texas-fadez-killeen-e49f75f4",0,6,0.00,20.5
"/shop/the-shadow-barbershop-houston-77074-67996626",0,6,0.00,7.8
"/shop/tiger-cuts-barbershop-barber-supply-store-katy-0967d66d",0,6,0.00,9.8
"/shop/tita-s-barber-shop-houston-77039-237b649c",0,6,0.00,6.7
"/shop/tradesmen-barber-heights-houston-77008-5eb10db9",0,6,0.00,9.3
"/shop/trooth-mens-grooming-lounge-katy-houston-77094-9f5a1819",0,6,0.00,5.5
"/shop/true-barbers-conroe-55fb787c",0,6,0.00,6.0
"/shop/upper-kutz-barbershop-and-beauty-salon-waco-6ef0d57e",0,6,0.00,14.2
"/shop/uptown-barber-zone-katy-14b793c5",0,6,0.00,4.3
"/shop/v-s-barbershop-houston-river-oaks-houston-039c5dc5",0,6,0.00,7.8
"/shop/victorious-barbershop-houston-77039-e9d04cc4",0,6,0.00,7.2
"/shop/views-amarillo-87e684ba",0,6,0.00,7.3
"/shop/vinny-s-barbershop-the-woodlands-the-woodlands-9148dcd7",0,6,0.00,10.7
"/shop/vip-barber-shop-pflugerville-5a3d0af6",0,6,0.00,1.3
"/shop/winners-circle-barbershop-austin-3b40994e",0,6,0.00,9.5
"/shop/x-clusive-hair-and-cuts-barber-salon-katy-a64f4a48",0,6,0.00,6.8
"/stores/all-star-clippers-barbershop-houston-77009-66d03a3e",0,6,0.00,18.7
"/stores/anue-beauty-supply-sherman-35ad6aef",0,6,0.00,6.8
"/stores/barbershopgreatnews-houston-77095-80fb5678",0,6,0.00,11.0
"/stores/camila-beauty-supply-houston-77089-b5cd38b9",0,6,0.00,5.5
"/stores/inside-the-business-barber-beauty-shop-houston-77087-ea9abd16",0,6,0.00,36.5
"/stores/passini-beauty-group-san-antonio-46d44739",0,6,0.00,3.3
"/stores/senter-nail-beauty-supply-san-jose-00a3ad87",0,6,0.00,7.3
"/stores/styles-upon-styles-plano-3d2888dd",0,6,0.00,6.3
"/stores/teo-nail-supplies-san-diego-0636f9ab",0,6,0.00,7.2
"/stores/terrinika-s-beauty-supply-mckinney-eb8434bf",0,6,0.00,10.0
"/stores/uptown-beauty-supply-7-katy-d81f5e2e",0,6,0.00,21.0
"/stores/vee-beauty-supply-hair-braiding-garland-3cbb0f30",0,6,0.00,8.5
"/texas-school-benchmarking",0,6,0.00,43.2
"/texas/houston/insights/market-analysis/alibaba-barber",0,6,0.00,10.2
"/texas/houston/insights/market-analysis/bearded-blendz-barber-shop-pearland",0,6,0.00,9.0
"/texas/houston/insights/market-analysis/bell-barbershop-style",0,6,0.00,10.7
"/texas/houston/insights/market-analysis/caesar-s-barbershop",0,6,0.00,9.7
"/texas/houston/insights/market-analysis/fr3d-barber",0,6,0.00,6.7
"/texas/houston/insights/market-analysis/goodlad-barber",0,6,0.00,9.3
"/texas/houston/insights/market-analysis/hp-barbershop",0,6,0.00,9.8
"/texas/houston/insights/market-analysis/raymond-s-barber-shop",0,6,0.00,7.7
"/texas/houston/insights/market-analysis/the-gentry-executive-cuts-and-shaves-memorial",0,6,0.00,6.5
"/texas/houston/insights/market-analysis/trooth-mens-grooming-lounge-katy",0,6,0.00,3.8
"/texas/waco",0,6,0.00,9.8
"/texas/waco/76710",0,6,0.00,8.8
"/tools/ai-booth-station/bonafide-haircut-bar",0,6,0.00,8.3
"/tools/barbershop-search",0,6,0.00,7.7
"/tools/shop-site-template/shop-website-customizer/01d8a45f-8b58-4c58-b4af-1eb557870bdc",0,6,0.00,31.0
"/tools/shop-site-template/shop-website-customizer/27ac234b-6400-4f8e-974b-4faaad3aa20c",0,6,0.00,5.7
"/tools/shop-site-template/shop-website-customizer/58812b1e-b697-4ca2-a35c-88eb2c9d2258",0,6,0.00,4.0
"/tools/shop-site-template/shop-website-customizer/76f28a41-ae56-4cc7-86c2-9dc2da638ca3",0,6,0.00,7.2
"/tools/shop-site-template/shop-website-customizer/7b279cd8-09ff-4f69-b23d-352b05523b63",0,6,0.00,4.3
"/tools/shop-site-template/shop-website-customizer/ae025f0c-813a-4cdd-9a11-6604fc2544bf",0,6,0.00,6.5
"/tools/shop-site-template/shop-website-customizer/b9ed985f-7ffd-4559-8df0-a97ef73d7b2a",0,6,0.00,4.5
"/tools/shop-site-template/shop-website-customizer/c48d25b7-c093-4a63-97b6-5847fb02e2c2",0,6,0.00,6.7
"/barbers/cutmastertrav-houston-77021-c208d080",1,5,20.00,26.2
"/barbers/doecembercutz-tx-9f30c0bf",1,5,20.00,11.6
"/barbers/julin-cuts-el-patio-barbershop-tx-a58f2d17",1,5,20.00,10.4
"/barbers/niko-the-barber-tx-480e31d9",1,5,20.00,2.6
"/barbers/tre-blendzzz-houston-77002-8f849c54",1,5,20.00,4.0
"/cosmetologists/delia-gonzales-cosmetologist-houston-d450a6b8",1,5,20.00,3.0
"/salons/brushed-hair-studio-the-woodlands-fb2a9e1c",1,5,20.00,3.8
"/salons/jasleen-hair-salon-barber-shop-houston-2e4aa159",1,5,20.00,5.2
"/salons/mark-vang-hair-design-dallas-a4bce11e",1,5,20.00,13.8
"/schools/bryan-high-school-bryan-10401c69",1,5,20.00,10.8
"/schools/lake-highlands-high-school-dallas-d099d527",1,5,20.00,5.8
"/schools/montwood-high-school-el-paso-24238470",1,5,20.00,5.8
"/schools/southern-careers-institute-corpus-christi-9e6ca96f",1,5,20.00,6.4
"/shop/caldwells-cuts-houston-77015-72104ba4",1,5,20.00,18.6
"/shop/manny-s-barbershop-mesquite-77d13046",1,5,20.00,6.2
"/shop/top-of-the-line-barbershop-x-flutter-and-wink-brownsville-15ef0e9e",1,5,20.00,3.8
"/shop/zero-caos-waco-b70d7644",1,5,20.00,5.2
"/texas/houston/insights/market-analysis/perfect-barber",1,5,20.00,8.0
"/barbers/ac-barber777-houston-77036-ede5d547",0,5,0.00,17.4
"/barbers/adan-barber-houston-77036-517f6efc",0,5,0.00,17.6
"/barbers/aj-the-barber-tx-25215164",0,5,0.00,16.8
"/barbers/angel-style-barbershop-houston-houston-77088-7f950800",0,5,0.00,8.4
"/barbers/august-cutz-houston-77057-90ee48d9",0,5,0.00,7.8
"/barbers/bigbody-blends-tx-5c92d340",0,5,0.00,9.4
"/barbers/bj-tha-master-barber-tx-07dfdf33",0,5,0.00,5.8
"/barbers/blended-by-steph-tx-16c6819b",0,5,0.00,4.0
"/barbers/brush-blade-llc-tx-364c2671",0,5,0.00,17.8
"/barbers/carlos-the-barber-richardson-75080-d3cc3885",0,5,0.00,12.2
"/barbers/celosoofadezz-tx-9e531c08",0,5,0.00,6.6
"/barbers/ch2studio-tx-ea004539",0,5,0.00,54.4
"/barbers/champagneluxecuts-houston-77063-fa9ef900",0,5,0.00,8.8
"/barbers/chuleria-barbershop-tx-caf01ed9",0,5,0.00,5.2
"/barbers/cjkutz-tx-28f95a49",0,5,0.00,7.2
"/barbers/coscubarber-tx-e12e2708",0,5,0.00,17.2
"/barbers/cozy-blendz-mesquite-75149-93037bdb",0,5,0.00,28.0
"/barbers/crown-cutz-addison-75001-95f5639f",0,5,0.00,10.8
"/barbers/customblendz-houston-77039-c72ae1f1",0,5,0.00,9.6
"/barbers/cuts-by-e-houston-77002-a5f7fb93",0,5,0.00,7.4
"/barbers/cutzbybelle-tx-85fc7d14",0,5,0.00,26.4
"/barbers/danybarber-tx-bf6110a9",0,5,0.00,7.0
"/barbers/dr-slicee-tx-50871c00",0,5,0.00,8.0
"/barbers/ec-fadez-duncanville-75116-04ef08b2",0,5,0.00,9.0
"/barbers/exquisite-touch-with-eli-houston-77057-42320282",0,5,0.00,8.8
"/barbers/fades-by-blaze-tx-74c957c8",0,5,0.00,4.4
"/barbers/fadestation-barbers-owner-ben-the-barber-irving-75060-4c332d0d",0,5,0.00,7.8
"/barbers/fazo-tx-5cec4b00",0,5,0.00,5.4
"/barbers/feli-the-barber-tx-3015a99c",0,5,0.00,4.8
"/barbers/fernando-barber-tx-1813dee7",0,5,0.00,7.4
"/barbers/fresherist-cuts-houston-77002-021d8af0",0,5,0.00,19.0
"/barbers/gonzalezblendzz-tx-3e1f3246",0,5,0.00,4.0
"/barbers/hart-of-texas-masterbarber-tx-722a5792",0,5,0.00,5.8
"/barbers/house-of-hendrix-houston-77057-3c830a4a",0,5,0.00,18.2
"/barbers/hugo-fadez-elev8-barber-studio-tx-a4d4f785",0,5,0.00,7.6
"/barbers/iiriis-barbershop-tx-5aa82c8f",0,5,0.00,13.0
"/barbers/inclusive-cuts-houston-77063-f38b9232",0,5,0.00,12.4
"/barbers/isaiasblendz-tx-06b40af6",0,5,0.00,7.6
"/barbers/jc-cuts-studio-dallas-75204-56475e61",0,5,0.00,13.2
"/barbers/jc-the-barber-tx-5bfa9388",0,5,0.00,4.8
"/barbers/joseblendz-tx-15fbdf7c",0,5,0.00,18.0
"/barbers/juanfadez-tx-987ac3e0",0,5,0.00,8.2
"/barbers/karl-the-barber-dallas-75212-a764be28",0,5,0.00,14.8
"/barbers/keith-with-the-clippers-tx-4a97c234",0,5,0.00,6.6
"/barbers/ketchos-tx-39c655fe",0,5,0.00,6.8
"/barbers/lando2faded-tx-bbec1771",0,5,0.00,9.4
"/barbers/lionel-of-houston-55-tx-9718f4ab",0,5,0.00,8.2
"/barbers/lucutz-tx-ffc12216",0,5,0.00,42.0
"/barbers/major-league-barber-studio-tx-a3da90de",0,5,0.00,17.0
"/barbers/mark-blends-tx-18af0b93",0,5,0.00,6.2
"/barbers/midnight-your-barber-tx-20287eeb",0,5,0.00,7.4
"/barbers/moneycutz-pearland-77584-9adff51d",0,5,0.00,21.8
"/barbers/motionkutz-tx-2fe3df0c",0,5,0.00,8.4
"/barbers/outstanding-styles-braiding-weaving-tx-d6be48be",0,5,0.00,4.4
"/barbers/refined-by-april-tx-7516aac6",0,5,0.00,8.4
"/barbers/rynski-barber-houston-77015-8b744add",0,5,0.00,15.2
"/barbers/sergio-blends-tx-27e1d872",0,5,0.00,16.4
"/barbers/shorties-barbershop-tx-6f09694f",0,5,0.00,6.4
"/barbers/space-city-chopz-tx-afb85cdb",0,5,0.00,10.0
"/barbers/spades-barber-adams-houston-77092-8d0e098a",0,5,0.00,9.2
"/barbers/steve-o-kutz-houston-77034-851f7a31",0,5,0.00,4.4
"/barbers/stevo-blendz-tx-63260a96",0,5,0.00,6.4
"/barbers/sunny-the-barber-tx-79418115",0,5,0.00,5.2
"/barbers/tomas-legends-barber-studio-tx-50c648be",0,5,0.00,4.0
"/barbers/too-suave-barber-services-tx-e912365c",0,5,0.00,28.2
"/barbers/tryms-houston-77077-99db5880",0,5,0.00,7.4
"/barbers/uncle-lo-a-timeless-master-barber-dallas-75215-f5474ca8",0,5,0.00,7.0
"/barbers/uniqqueee-fvdez-tx-6277f5c8",0,5,0.00,6.4
"/barbers/vi-styles-tx-aaff3dbd",0,5,0.00,7.8
"/barbers/xngelb-tx-dbc84d2c",0,5,0.00,37.8
"/cosmetologists/amor-mon-t-cosmetologist-houston-e6861def",0,5,0.00,15.0
"/cosmetologists/dee-sigure-cosmetologist-houston-88075694",0,5,0.00,3.2
"/cosmetologists/janie-patton-esthetician-houston-b71cf231",0,5,0.00,3.0
"/cosmetologists/jluxbeauty-makeup-artist-houston-f622d153",0,5,0.00,6.4
"/cosmetologists/kala-stylist-houston-49d586cb",0,5,0.00,21.6
"/cosmetologists/ke-locs-stylist-houston-fd721c81",0,5,0.00,5.2
"/cosmetologists/nails-by-ronnii-nail-technician-houston-fa81c016",0,5,0.00,5.8
"/cosmetologists/taylor-makeup-artist-houston-969aa3cc",0,5,0.00,8.0
"/cosmetologists/tojus-nail-studio-nail-technician-houston-c8e073b8",0,5,0.00,13.6
"/dallas/75226",0,5,0.00,45.0
"/houston/insights/market-analysis/b-a-konfident-kutz-beauty-barbershop",0,5,0.00,4.0
"/houston/insights/market-analysis/bravo-barbershop-and-tattoo-houston",0,5,0.00,7.6
"/houston/insights/market-analysis/fade-factory-barbershop",0,5,0.00,5.6
"/houston/insights/market-analysis/kuts-from-tj-barber-suite",0,5,0.00,2.0
"/houston/insights/market-analysis/plaza-barber-shop",0,5,0.00,7.6
"/houston/insights/market-analysis/precision-cuts-barber-beauty",0,5,0.00,5.8
"/houston/insights/market-analysis/space-city-barbershop-llc",0,5,0.00,7.0
"/irving/75062",0,5,0.00,18.6
"/salons/a-flair-for-hair-salon-amarillo-90ab624d",0,5,0.00,8.2
"/salons/anedena-salon-frisco-00c640e7",0,5,0.00,17.6
"/salons/avalon-salons-and-spa-dallas-bcfa85e9",0,5,0.00,7.0
"/salons/beza-beauty-salon-plano-7f1cc36a",0,5,0.00,3.0
"/salons/blended-and-bare-fort-worth-b884ba68",0,5,0.00,7.6
"/salons/blonderellas-hair-studio-spring-bd506a81",0,5,0.00,5.8
"/salons/boundless-beauty-humble-6ca61946",0,5,0.00,5.6
"/salons/browsyn-co-houston-aa659334",0,5,0.00,8.8
"/salons/cortny-co-salon-waco-cf5b958b",0,5,0.00,9.4
"/salons/cutler-2-college-station-905b1f2a",0,5,0.00,6.8
"/salons/d-saro-spa-beauty-salon-baytown-621c03a0",0,5,0.00,2.0
"/salons/deep-roots-atx-salon-360-austin-8f6e5ddf",0,5,0.00,8.2
"/salons/double-diamond-hair-salon-humble-1ab94421",0,5,0.00,6.2
"/salons/edo-salon-san-francisco-9df165d1",0,5,0.00,9.0
"/salons/elevations-salon-plano-79f0599c",0,5,0.00,7.0
"/salons/emelda-s-beauty-salon-laredo-c50d8376",0,5,0.00,3.4
"/salons/excels-hair-salon-laredo-20ce5fa4",0,5,0.00,6.6
"/salons/gabby-s-beauty-and-barber-llc-conroe-c071d7c2",0,5,0.00,9.8
"/salons/gitys-bella-mia-formally-known-as-salon-gity-sugar-land-34f4931c",0,5,0.00,7.0
"/salons/glory-family-salon-garland-5a899002",0,5,0.00,4.6
"/salons/hair-beauty-specialists-houston-472fc368",0,5,0.00,2.0
"/salons/hair-by-arensman-plano-be289e03",0,5,0.00,8.8
"/salons/hair-by-flor-houston-9a9ac8af",0,5,0.00,8.4
"/salons/headprint-studio-castro-san-francisco-fe8420ee",0,5,0.00,7.8
"/salons/houston-s-beauty-bar-houston-b8fc23f3",0,5,0.00,20.0
"/salons/ilusion-hair-katy-039b573b",0,5,0.00,4.8
"/salons/image-studios-360-katy-katy-96d7d4cf",0,5,0.00,8.2
"/salons/jon-david-salon-irving-2047b533",0,5,0.00,9.4
"/salons/jordy-s-beauty-salon-houston-03b60a62",0,5,0.00,6.2
"/salons/kyung-eun-beauty-salon-irving-e1e20834",0,5,0.00,7.4
"/salons/lana-s-salon-permanent-makeup-up-studio-sherman-0656769d",0,5,0.00,8.0
"/salons/lifespa-missouri-city-missouri-city-db500100",0,5,0.00,8.8
"/salons/lily-esthetic-houston-180f3ee3",0,5,0.00,9.4
"/salons/luke-neri-hair-studio-pearland-ebee8c09",0,5,0.00,6.4
"/salons/minette-s-amazing-hair-houston-7c67ec89",0,5,0.00,5.8
"/salons/mirav-houston-52a57a0d",0,5,0.00,25.6
"/salons/reflect-hair-studio-mckinney-4070cc58",0,5,0.00,13.4
"/salons/ritual-space-dallas-7d8f025d",0,5,0.00,8.0
"/salons/salon-personality-hair-studio-houston-fa7797b9",0,5,0.00,4.8
"/salons/shear-salon-irving-4895895d",0,5,0.00,7.2
"/salons/shear-shenanigans-salon-waco-417d73b3",0,5,0.00,8.6
"/salons/sol-beauty-salon-houston-ba63a761",0,5,0.00,6.8
"/salons/styled-by-kelly-hair-salon-cypress-11181e8c",0,5,0.00,8.0
"/salons/super-estilo-beauty-salon-houston-23c4c607",0,5,0.00,7.8
"/salons/tangles-hair-design-sherman-44ee49fc",0,5,0.00,6.8
"/salons/teamfaires-hair-studio-pflugerville-ed8ee5a6",0,5,0.00,6.2
"/salons/thai-le-brazilian-blowout-specialist-frisco-9869b298",0,5,0.00,8.0
"/salons/the-beauty-affectt-houston-1f795b74",0,5,0.00,9.4
"/salons/the-oasis-studio-by-min-houston-7b2fdfa6",0,5,0.00,11.6
"/salons/the-salon-by-lora-brown-amarillo-5f5bf54d",0,5,0.00,8.6
"/salons/the-suites-by-j-co-waco-3203eb30",0,5,0.00,18.2
"/salons/tight-ends-hair-studio-houston-efcf7bee",0,5,0.00,6.4
"/salons/tr3s-salon-san-antonio-671f25d1",0,5,0.00,9.6
"/salons/ultra-hair-salon-houston-20a4f4ab",0,5,0.00,8.2
"/salons/urban-opulence-hair-el-paso-a462a850",0,5,0.00,9.6
"/salons/veronica-s-beauty-salon-humble-aec6a010",0,5,0.00,7.4
"/salons/w-s-salon-san-jose-28b5c9bc",0,5,0.00,8.2
"/salons/waco-color-studio-waco-26d932b1",0,5,0.00,18.6
"/salons/woven-hair-extension-salon-humble-8f2c4a67",0,5,0.00,5.4
"/salons/zuli-s-beauty-studio-irving-ee9a7ea7",0,5,0.00,7.2
"/san-antonio/78240",0,5,0.00,19.6
"/schools/americas-high-school-el-paso-c1e64b3f",0,5,0.00,6.8
"/schools/andrews-isd-tx-0f19c0b5",0,5,0.00,9.8
"/schools/bellmead-barber-and-cosmetolgy-sch-llc-bellmead-7e28926a",0,5,0.00,5.4
"/schools/bisd-school-of-cosmetology-austin-005e7fdf",0,5,0.00,18.6
"/schools/blade-craft-barber-academy-dallas-f1848391",0,5,0.00,18.0
"/schools/caney-creek-high-school-conroe-2f83c4e0",0,5,0.00,6.6
"/schools/career-technology-institute-victoria-6cd2144e",0,5,0.00,10.8
"/schools/chavelas-school-of-cosmetology-midland-d581a2ae",0,5,0.00,16.2
"/schools/cna-training-institute-sugar-land-1a4db982",0,5,0.00,9.8
"/schools/distinctive-academy-llc-houston-ed478d14",0,5,0.00,7.6
"/schools/fmc-carswell-fort-worth-054b2680",0,5,0.00,12.6
"/schools/fmc-fort-worth-fort-worth-ddc9dfc3",0,5,0.00,10.4
"/schools/heritage-career-institute-carrollton-e3b3384b",0,5,0.00,10.4
"/schools/houston-city-college-northline-houston-c409b5f5",0,5,0.00,10.4
"/schools/houston-math-science-technology-center-houston-727b8884",0,5,0.00,13.6
"/schools/hypnotize-barber-academy-dallas-b4d2933a",0,5,0.00,6.8
"/schools/international-institute-of-aesthetic-arts-and-beauty-mckinney-c633dab8",0,5,0.00,21.8
"/schools/jama-s-beauty-barber-college-inc-los-angeles-90d6309e",0,5,0.00,8.2
"/schools/jb-hensler-college-and-career-academy-manvel-3085a2dd",0,5,0.00,7.6
"/schools/klein-cain-high-school-houston-0fa282f4",0,5,0.00,10.8
"/schools/legendz-barber-college-sugar-land-430a32fc",0,5,0.00,8.2
"/schools/letty-s-barbering-and-cosmetology-college-los-angeles-2bae62eb",0,5,0.00,8.6
"/schools/lm-lash-lounge-academy-llc-godley-71fbdb51",0,5,0.00,6.6
"/schools/milby-high-school-houston-7aa61460",0,5,0.00,18.2
"/schools/monterey-high-school-lubbock-7b70bb32",0,5,0.00,16.4
"/schools/neihule-academy-of-beauty-los-angeles-bd03acff",0,5,0.00,7.4
"/schools/ogle-school-hair-skin-nails-hurst-e4cead69",0,5,0.00,12.2
"/schools/paul-mitchell-the-school-sherman-oaks-los-angeles-87d1bdcd",0,5,0.00,8.4
"/schools/poteet-high-school-cosmetology-poteet-4270d41d",0,5,0.00,6.0
"/schools/psja-cosmetology-at-ballew-pharr-f9357a36",0,5,0.00,4.8
"/schools/quinlan-ford-high-school-quinlan-52b9dd6a",0,5,0.00,6.6
"/schools/rankin-isd-tx-aff02abb",0,5,0.00,6.0
"/schools/robert-e-lee-high-school-baytown-775ca186",0,5,0.00,8.8
"/schools/summit-salon-academy-mabank-mabank-3bad93b5",0,5,0.00,9.6
"/schools/the-texas-lash-institute-college-station-f850fec9",0,5,0.00,7.6
"/schools/touch-makeup-academy-houston-6b1a814c",0,5,0.00,28.2
"/schools/wharton-high-school-wharton-92214ccd",0,5,0.00,9.2
"/shop/1671b83b-8ddf-4535-91fa-cadee37802cc",0,5,0.00,4.6
"/shop/34th-street-barbershop-lubbock-786c41f9",0,5,0.00,7.8
"/shop/4-0-cuts-barber-salon-texas-a-m-campus-college-station-30e3364f",0,5,0.00,8.8
"/shop/44fd3c61-4081-492a-a024-519af6e71e9b",0,5,0.00,6.2
"/shop/52a32cbe-c25a-4b15-a6c4-7c0a5f5eb856",0,5,0.00,7.2
"/shop/536c59ec-fb9a-4f58-9f63-d106db062cec",0,5,0.00,6.2
"/shop/7d3ebdcd-dd03-4d84-add8-3c590c101c5f",0,5,0.00,5.8
"/shop/93395ca6-c8a2-4c01-8241-a4c3c239036a",0,5,0.00,5.0
"/shop/ace-of-fadez-barbershop-waco-d8eedeb6",0,5,0.00,6.6
"/shop/alibaba-barber-houston-77083-e0d2c6fb",0,5,0.00,15.6
"/shop/angel-barber-studio-houston-77039-58812b1e",0,5,0.00,3.4
"/shop/b-a-konfident-kutz-beauty-barbershop-houston-77067-bd3de0c5",0,5,0.00,5.8
"/shop/bad-boyz-master-barber-king-houston-77091-b5dfeeae",0,5,0.00,5.6
"/shop/barber-stylist-modern-image-dallas-tx-dallas-022fa000",0,5,0.00,7.0
"/shop/beaumont-major-league-barber-and-beauty-beaumont-ba1a24f4",0,5,0.00,8.2
"/shop/best-of-both-worlds-pflugerville-7eb9f04e",0,5,0.00,7.4
"/shop/big-a-s-barbershop-pasadena-68347a7a",0,5,0.00,3.4
"/shop/blade-21-barbershop-salon-dallas-cd9f6637",0,5,0.00,7.0
"/shop/blendycity-corpus-christi-fab97268",0,5,0.00,8.0
"/shop/blessed-cut-studio-sacramento-5d6c3120",0,5,0.00,4.8
"/shop/boonville-barber-shop-college-station-afbf2f7c",0,5,0.00,7.8
"/shop/chop-up-jay-houston-77063-d76a911c",0,5,0.00,5.8
"/shop/chris-gentleman-s-barbershop-cypress-b9cf629b",0,5,0.00,4.0
"/shop/chuchu-barber-shop-houston-77085-f002dfe3",0,5,0.00,4.8
"/shop/crispycuts-denton-64ef7272",0,5,0.00,6.6
"/shop/crystal-the-barber-lubbock-c4131e3f",0,5,0.00,6.6
"/shop/diesel-barbershop-spring-green-katy-8d1808f7",0,5,0.00,12.0
"/shop/don-juan-barbershop-el-paso-196a731d",0,5,0.00,6.6
"/shop/fade-factory-barbershop-corpus-christi-b102006c",0,5,0.00,6.4
"/shop/fade-the-world-barbershop-sugar-land-9559b766",0,5,0.00,9.2
"/shop/faded-dept-barbershop-dallas-fd7a58d2",0,5,0.00,8.6
"/shop/faded-empire-barbershop-houston-77089-0275a7d1",0,5,0.00,8.4
"/shop/faded-glory-barbershop-the-woodlands-f649efbf",0,5,0.00,7.0
"/shop/fades-by-deauntae-mesquite-4d2bd65f",0,5,0.00,4.2
"/shop/fresh-me-up-barbershop-plano-e7c80e10",0,5,0.00,10.8
"/shop/frida-in-paris-beauty-sal-n-barbershop-garland-57bddff2",0,5,0.00,7.2
"/shop/g-s-barber-studio-brownsville-316da82f",0,5,0.00,7.6
"/shop/generations-pflugerville-ca615e93",0,5,0.00,12.2
"/shop/golden-cut-barbershop-corpus-christi-202de286",0,5,0.00,8.4
"/shop/groomhouse-barbershop-midland-a593e7ae",0,5,0.00,6.2
"/shop/guilbeau-s-barber-shop-beauty-salon-houston-77078-fa88494c",0,5,0.00,8.6
"/shop/haam-s-barbershop-houston-77067-4105ee65",0,5,0.00,3.0
"/shop/hair-locs-cuts-barbershop-arlington-393eddc0",0,5,0.00,8.8
"/shop/high-end-barber-shop-san-antonio-8ddcf2b6",0,5,0.00,9.0
"/shop/infinity-cuts-beaumont-0801ba8a",0,5,0.00,2.8
"/shop/jfadezz-sherman-a97a87da",0,5,0.00,4.4
"/shop/joe-the-barber-frisco-33a8a578",0,5,0.00,5.8
"/shop/jp-the-boss-barber-mckinney-ada598da",0,5,0.00,5.4
"/shop/jv-barber-studio-garland-bd596786",0,5,0.00,9.8
"/shop/kbg-barbershop-houston-c89a8e6e",0,5,0.00,7.0
"/shop/le-ns-den-amarillo-1fb068d9",0,5,0.00,6.2
"/shop/loop-east-barber-shop-tyler-ea77a38e",0,5,0.00,5.6
"/shop/lynn-s-barber-shop-pasadena-37a2c690",0,5,0.00,7.0
"/shop/mellow-barbers-cole-valley-san-francisco-24b5cc40",0,5,0.00,9.4
"/shop/merlot-s-barbershop-houston-77099-961b88bd",0,5,0.00,7.0
"/shop/mike-s-barber-shop-houston-77081-b35805f4",0,5,0.00,5.6
"/shop/mr-barber-hair-salon-katy-e86686e4",0,5,0.00,7.0
"/shop/mystros-barber-shop-houston-77067-03dcac65",0,5,0.00,9.4
"/shop/new-era-cuts-garland-garland-64bd87a5",0,5,0.00,5.4
"/shop/new-image-barber-spa-garland-e59a6a42",0,5,0.00,16.0
"/shop/next-level-barber-studio-el-paso-cbb53fa8",0,5,0.00,11.2
"/shop/next-up-barber-studio-jersey-village-houston-77064-ec32bb73",0,5,0.00,6.6
"/shop/ninety-degrees-barbershop-dallas-b2f86e70",0,5,0.00,8.6
"/shop/off-the-top-barbershop-waco-702ba8f1",0,5,0.00,7.8
"/shop/platinum-kutz-corpus-christi-3cd9e6b9",0,5,0.00,7.2
"/shop/premium-barbershop-houston-77096-eff1bd6f",0,5,0.00,29.8
"/shop/red-s-barber-shop-houston-77010-fd50fe10",0,5,0.00,8.6
"/shop/revolution-barbershop-mckinney-2de2a34b",0,5,0.00,8.6
"/shop/ridgewood-barber-shop-beaumont-d9ddacd3",0,5,0.00,7.4
"/shop/rjfaded-studio-katy-9c9244a4",0,5,0.00,5.0
"/shop/sarita-s-barbershop-salon-houston-77083-dcde1aee",0,5,0.00,8.4
"/shop/strokes-barber-shop-humble-190568d6",0,5,0.00,5.4
"/shop/swing-barbershop-baytown-ddb6a64b",0,5,0.00,3.8
"/shop/t-cutz-barbers-braids-inc-houston-77083-905c9855",0,5,0.00,5.0
"/shop/the-barber-s-corner-llc-inside-the-tuscany-village-salons-building-houston-77044-69b2174b",0,5,0.00,6.8
"/shop/the-gentry-executive-cuts-and-shaves-river-oaks-houston-77019-7e40c3dd",0,5,0.00,6.6
"/shop/the-gents-place-barbershop-frisco-frisco-8b3e8cf1",0,5,0.00,12.4
"/shop/the-hot-towel-tx-houston-77079-c5f9dd88",0,5,0.00,3.8
"/shop/the-kuttin-edge-salon-and-barbershop-pearland-7e965ccc",0,5,0.00,7.2
"/shop/times-barber-shop-houston-77098-e4f88ae7",0,5,0.00,6.6
"/shop/trooth-men-s-grooming-lounge-houston-77082-15efe734",0,5,0.00,5.4
"/shop/tru-fades-barber-studio-plano-plano-50b9ee8e",0,5,0.00,3.0
"/shop/two-blades-barbershop-and-beauty-lounge-el-paso-29b17d6d",0,5,0.00,8.2
"/shop/valor-barbershop-houston-77092-3ca80ad7",0,5,0.00,5.2
"/shop/vanbolden-s-barbershop-frisco-dda1369b",0,5,0.00,5.6
"/shop/vip-studio-barbershop-brownsville-32922766",0,5,0.00,4.2
"/shop/xtraordinary-cutz-llc-houston-77065-8df96e12",0,5,0.00,6.4
"/stores/adorned-by-renee-bennett-frisco-a03b31b2",0,5,0.00,6.4
"/stores/belleza-beauty-pasadena-c25c4945",0,5,0.00,4.0
"/stores/ben-s-beauty-supply-baytown-6016c9dd",0,5,0.00,6.2
"/stores/bluemercury-houston-77098-e0f869aa",0,5,0.00,25.4
"/stores/fancy-lash-supply-austin-da20ac6b",0,5,0.00,14.0
"/stores/j-j-barber-supply-co-los-angeles-bc256cde",0,5,0.00,4.8
"/stores/nasa-hair-houston-77058-0b3f3bbf",0,5,0.00,7.2
"/stores/new-star-beauty-supply-san-jose-8405fd46",0,5,0.00,6.0
"/stores/new-vision-barber-supplies-tyler-e2e8075b",0,5,0.00,10.8
"/stores/she-s-happy-hair-houston-77099-995531bd",0,5,0.00,6.8
"/stores/ultra-beauty-supply-houston-77087-506b10bf",0,5,0.00,4.0
"/texas/amarillo/79106",0,5,0.00,39.6
"/texas/baytown/77520",0,5,0.00,21.0
"/texas/el-paso/79912",0,5,0.00,23.8
"/texas/garland/75042",0,5,0.00,8.0
"/texas/houston/insights/market-analysis/007-barbershop",0,5,0.00,13.4
"/texas/houston/insights/market-analysis/cafecito-barber",0,5,0.00,9.0
"/texas/houston/insights/market-analysis/chicks-barbershop",0,5,0.00,10.0
"/texas/houston/insights/market-analysis/dyunibarbershop",0,5,0.00,2.4
"/texas/houston/insights/market-analysis/elegant-fade-barbershop",0,5,0.00,5.2
"/texas/houston/insights/market-analysis/flawless-cuts-barbershop",0,5,0.00,12.0
"/texas/houston/insights/market-analysis/gre-as-3d-barber-shop",0,5,0.00,9.2
"/texas/houston/insights/market-analysis/harrison-s-barber-shop",0,5,0.00,8.4
"/texas/houston/insights/market-analysis/houston-s-house-of-blendz",0,5,0.00,7.2
"/texas/houston/insights/market-analysis/klassic-kutz-salons",0,5,0.00,8.0
"/texas/houston/insights/market-analysis/northline-barber-shop",0,5,0.00,8.6
"/texas/houston/insights/market-analysis/premier-barbershop",0,5,0.00,8.2
"/texas/houston/insights/market-analysis/prestige-barber-studio-salon",0,5,0.00,8.6
"/texas/houston/insights/market-analysis/supreme-cutz",0,5,0.00,7.8
"/texas/houston/insights/market-analysis/the-6-barber-shop",0,5,0.00,6.8
"/texas/houston/insights/market-analysis/zona-urban-barber-studio",0,5,0.00,6.0
"/texas/san-antonio/78240",0,5,0.00,20.0
"/tools/ai-booth-station/barberia-guatemala",0,5,0.00,9.8
"/tools/ai-booth-station/berlon-cuts",0,5,0.00,28.2
"/tools/barbershop-search",0,5,0.00,22.4
"/tools/barbershop-search",0,5,0.00,10.4
"/tools/barbershop-search",0,5,0.00,10.2
"/tools/barbershop-search",0,5,0.00,7.0
"/tools/shop-site-template/shop-website-customizer/1f2f1240-17c6-49c8-85b0-02f76955fce1/customizer",0,5,0.00,6.6
"/tools/shop-site-template/shop-website-customizer/28f971ec-0959-4ff3-896a-01eaa12dc433",0,5,0.00,4.0
"/tools/shop-site-template/shop-website-customizer/6bd3b5bc-041b-4117-9442-c6bf225c9ca5",0,5,0.00,8.0
"/tools/shop-site-template/shop-website-customizer/cbb53fa8-f77a-4ddb-8146-a69a2630ca7a",0,5,0.00,7.4
"/tools/shop-site-template/shop-website-customizer/d05b1f52-3814-4e6a-ae3f-24bfbbffec6d",0,5,0.00,33.2
"/tools/shop-site-template/shop-website-customizer/d19ce0c1-1ee8-4903-a3aa-f84c8934a447",0,5,0.00,8.8
"/tools/shop-site-template/shop-website-customizer/dbdd293b-910d-4414-8a87-f2230df31779",0,5,0.00,4.8
"/barbers/jnande-z-barberstudio-tx-20dc028e",2,4,50.00,2.5
"/barbers/tulio-barber-tx-a41497a3",2,4,50.00,8.8
"/barbers/big-meech-fadez-tx-b88b31b6",1,4,25.00,4.0
"/barbers/bralynn-the-barber-tx-dcacd227",1,4,25.00,4.5
"/barbers/deon-da-barber-dallas-75237-f6aec9f5",1,4,25.00,5.5
"/barbers/diego-brice-o-tx-3e89938e",1,4,25.00,5.3
"/barbers/grindtyme-cutz-locs-tx-4b51a291",1,4,25.00,4.5
"/barbers/mark-lopez-tx-b0365f91",1,4,25.00,4.3
"/barbers/the-hair-hybrid-tx-c260391b",1,4,25.00,5.8
"/barbers/vasti-barbershop-tx-04e9400d",1,4,25.00,4.5
"/barbers/yae-tx-aef4f1c5",1,4,25.00,6.0
"/cosmetologists/reaghan-bree-makeup-artist-houston-1a0ecc8b",1,4,25.00,4.8
"/salons/maripily-hair-studio-houston-46463c0d",1,4,25.00,3.8
"/salons/mercedes-hair-studio-brownsville-085a465f",1,4,25.00,4.3
"/salons/norma-beauty-shop-brownsville-12d8f7c8",1,4,25.00,8.5
"/schools/colour-beauty-school-katy-b752a038",1,4,25.00,13.8
"/schools/cypress-springs-high-school-cypress-732e123d",1,4,25.00,10.5
"/schools/edinburg-h-s-career-edinburg-3b97675e",1,4,25.00,17.8
"/schools/goldstar-barber-academy-bryan-da695c5a",1,4,25.00,1.8
"/schools/ngs-academy-llc-dallas-3f97f7aa",1,4,25.00,4.3
"/shop/blackshear-barber-shop-dallas-fb854fa7",1,4,25.00,5.8
"/shop/ferggy-fades-houston-77067-e47bc341",1,4,25.00,6.0
"/shop/jimmy-barber-shop-504-2-cypress-60193f53",1,4,25.00,8.3
"/ai-solutions",0,4,0.00,4.3
"/austin/78704",0,4,0.00,16.8
"/barbers/-irving-75062-37205b98",0,4,0.00,6.0
"/barbers/alexander-d-tx-2b0d5127",0,4,0.00,9.5
"/barbers/alfredo-barber-tx-4dd5fcb2",0,4,0.00,8.8
"/barbers/alo-fadez-dallas-75254-30e80905",0,4,0.00,8.5
"/barbers/ambitious-cuts-and-creations-houston-77057-4c6f558c",0,4,0.00,39.0
"/barbers/andyblesszhandz-co-tx-4d57aedb",0,4,0.00,16.3
"/barbers/angel-the-barber-tx-945438f3",0,4,0.00,8.3
"/barbers/artsncuts-studios-tx-d6dd09a9",0,4,0.00,5.8
"/barbers/arxxon-blendz-tx-1600ddcc",0,4,0.00,10.0
"/barbers/ballacuttzz-balch-springs-75180-2ca231e5",0,4,0.00,5.0
"/barbers/barber-boss-barbershop-tx-e6b9679b",0,4,0.00,10.5
"/barbers/barber-chop-tx-58e2ece3",0,4,0.00,23.8
"/barbers/barber-lalo-tx-8bc69bb1",0,4,0.00,9.5
"/barbers/barber-studio-tx-b8326e59",0,4,0.00,4.5
"/barbers/bigg-head-the-barber-tx-bc312824",0,4,0.00,9.0
"/barbers/blurred-blendz-htx-tx-a495ec28",0,4,0.00,5.0
"/barbers/carlos-solis-tx-079db80f",0,4,0.00,7.5
"/barbers/ching-fades-vip-mobile-service-tx-e7dd46a2",0,4,0.00,6.8
"/barbers/chino-blendz-tx-5bf87d11",0,4,0.00,8.5
"/barbers/chopstarich-tx-37086786",0,4,0.00,6.8
"/barbers/chrisblendzz-tx-e891a946",0,4,0.00,9.0
"/barbers/coco-tx-02dab753",0,4,0.00,4.0
"/barbers/contehcuts-tx-1b38a2c3",0,4,0.00,5.8
"/barbers/crank-jr-owner-of-klipt-barber-lounge-mesquite-mesquite-75149-0087dcda",0,4,0.00,9.5
"/barbers/cutgo-mobile-barbershop-tx-6b881272",0,4,0.00,9.8
"/barbers/cutz-by-vino-the-barber-dallas-75244-6db6de24",0,4,0.00,5.8
"/barbers/dairon-cutz-tx-da4775dd",0,4,0.00,6.3
"/barbers/damethebarber-tx-110aae45",0,4,0.00,10.8
"/barbers/dano-the-barber-tx-62c25f28",0,4,0.00,11.0
"/barbers/dave-s-barber-tx-c2280456",0,4,0.00,7.5
"/barbers/david-bladez-tx-8fc5cd8a",0,4,0.00,7.5
"/barbers/detail-cuts-by-bryan-tx-f32d7d92",0,4,0.00,7.5
"/barbers/diana-thee-barber-barber-houston-8e513ae3",0,4,0.00,5.5
"/barbers/diosmel-barber-tx-a3c434ba",0,4,0.00,5.0
"/barbers/drip-the-barber-dallas-75207-2a909ab9",0,4,0.00,16.3
"/barbers/drofadez-houston-77061-c05a3e7a",0,4,0.00,8.3
"/barbers/dwlook-tx-fb182135",0,4,0.00,11.0
"/barbers/eddie-lgfg1on1-barber-houston-8d358f59",0,4,0.00,3.8
"/barbers/eddiecutme-tx-6f025f61",0,4,0.00,10.0
"/barbers/edgar-barber-tx-edfacc75",0,4,0.00,9.0
"/barbers/elias-mejia-houston-77037-cc15681e",0,4,0.00,6.8
"/barbers/epic-fades-the-base-tx-9dbd15bf",0,4,0.00,6.0
"/barbers/esh-lon-tx-962fcaee",0,4,0.00,10.3
"/barbers/fade-dynasty-llc-houston-77024-0d9e898b",0,4,0.00,4.5
"/barbers/fademade-tx-d02d9f0f",0,4,0.00,10.5
"/barbers/fademan-da-barber-dallas-75243-e17f991d",0,4,0.00,10.0
"/barbers/fer-fadezz-garland-75043-98123add",0,4,0.00,3.0
"/barbers/fptimelesscuts-dallas-75244-7cbf1b29",0,4,0.00,24.0
"/barbers/glamour-hair-desing-3-tx-2be2e272",0,4,0.00,8.8
"/barbers/guido-the-barber-irving-75062-17cf3302",0,4,0.00,3.0
"/barbers/isaacthebarberr-tx-7b04cfcf",0,4,0.00,6.3
"/barbers/itsjustmello-llc-houston-77051-66f7280f",0,4,0.00,4.0
"/barbers/javocutz-tx-62d04bfb",0,4,0.00,5.0
"/barbers/jazdabarber-tx-51ef7001",0,4,0.00,8.5
"/barbers/jgonzo-the-barber-tx-386f5acc",0,4,0.00,10.3
"/barbers/joel-barber-houston-77036-6e5c2590",0,4,0.00,9.3
"/barbers/joimar-barber-shop-tx-29561a61",0,4,0.00,7.0
"/barbers/jony-rochaaa-houston-77093-fdf3125c",0,4,0.00,9.3
"/barbers/jr-barber-richardson-75080-443935a8",0,4,0.00,6.5
"/barbers/juanblendzzz-tx-80e75828",0,4,0.00,9.3
"/barbers/k3blendz-tx-f0165314",0,4,0.00,2.8
"/barbers/kasekuttz-tx-85af3b28",0,4,0.00,7.0
"/barbers/kutzbygibson-kbg-barbershop-tx-7c896b4f",0,4,0.00,7.3
"/barbers/kutzbyomar-tx-2f2078f8",0,4,0.00,8.3
"/barbers/l-j-blendz-tx-8c3512a9",0,4,0.00,4.3
"/barbers/latrell-wilson-level-3-barber-lounge-tx-0012d043",0,4,0.00,10.5
"/barbers/maniac-kutz-tx-f661c2f6",0,4,0.00,14.5
"/barbers/marc-midwest-tx-fd2c1111",0,4,0.00,74.3
"/barbers/marcus-leonard-barber-houston-d3dab989",0,4,0.00,7.5
"/barbers/michael-suarez-tx-23527b75",0,4,0.00,5.0
"/barbers/mire-beauty-hair-tx-c2f5c9af",0,4,0.00,5.8
"/barbers/nagdiel-barber-tx-79210c94",0,4,0.00,3.8
"/barbers/ob-cabello-houston-77057-1981b4f4",0,4,0.00,19.0
"/barbers/perimeter-kutz-tx-a296b9b7",0,4,0.00,7.3
"/barbers/poetic-edge-mesquite-75150-c7db78ee",0,4,0.00,6.0
"/barbers/prive-barber-club-tx-4d0f1216",0,4,0.00,4.5
"/barbers/quin-the-barber-houston-77007-2afe615b",0,4,0.00,16.3
"/barbers/real-rich-barber-studio-mesquite-75150-0154314c",0,4,0.00,19.5
"/barbers/rg-premier-exchange-llc-houston-77063-02082863",0,4,0.00,3.8
"/barbers/rixhfades-tx-fdd197b1",0,4,0.00,5.0
"/barbers/ro-blendz-tx-ae2ce33f",0,4,0.00,8.3
"/barbers/roy-the-barber-tx-01bb5b9a",0,4,0.00,3.3
"/barbers/saint-the-barber-tx-741a73d9",0,4,0.00,6.3
"/barbers/shiesty-blendz-tx-0c6241a1",0,4,0.00,40.5
"/barbers/spazzzthebarber-tx-10b1cd8c",0,4,0.00,10.0
"/barbers/t-hilcuts-tx-771beecb",0,4,0.00,8.3
"/barbers/tee-jewels-the-barber-tx-75e2e196",0,4,0.00,5.8
"/barbers/the-blend-by-johnny-tx-cc2ba784",0,4,0.00,10.3
"/barbers/the-down-south-barber-houston-77057-8bb86bd9",0,4,0.00,8.0
"/barbers/the-fades-by-j-experience-tx-e4aa6d3e",0,4,0.00,8.5
"/barbers/the-man-cave-tx-86cbb70d",0,4,0.00,4.8
"/barbers/the-studiyo-formerly-limitless-kutz-houston-77092-0773f299",0,4,0.00,10.5
"/barbers/the-talent-barber-tx-31faf79c",0,4,0.00,7.3
"/barbers/tmcuts-tx-04a1fc60",0,4,0.00,6.5
"/barbers/treyway-chops-tx-fe16b205",0,4,0.00,5.0
"/barbers/twin-tha-barber-tx-bd157ba1",0,4,0.00,5.8
"/barbers/uncle-rallo-tx-df378b4f",0,4,0.00,5.8
"/barbers/vancedabarber-tx-d6e10a90",0,4,0.00,3.3
"/barbers/wero-cutit-tx-bae593e0",0,4,0.00,7.3
"/barbers/willi-barber-dallas-75229-c68d36da",0,4,0.00,4.3
"/barbers/yiangelcubablendz-tx-2cf9d143",0,4,0.00,6.8
"/barbers/zae-ramos-tx-6900a937",0,4,0.00,6.0
"/brownsville",0,4,0.00,22.5
"/contact",0,4,0.00,6.3
"/corpus-christi/78415",0,4,0.00,9.5
"/cosmetologists/amber-scott-cosmetologist-houston-aca2701a",0,4,0.00,15.5
"/cosmetologists/kaileh-kay-wooten-cosmetologist-houston-3d6d2614",0,4,0.00,3.8
"/cosmetologists/kim-la-bella-makeup-artist-houston-7aabce15",0,4,0.00,7.5
"/cosmetologists/myra-joy-makeup-makeup-artist-houston-3de92194",0,4,0.00,6.0
"/cosmetologists/tangled-and-tamed-cosmetologist-houston-3b683e73",0,4,0.00,8.0
"/cosmetology-schools-houston",0,4,0.00,40.5
"/events/the-barber-josh-o-p-5-day-barber-bootcamp-houston-houston-c36ce0d3",0,4,0.00,10.0
"/fort-worth/76107",0,4,0.00,10.0
"/houston/insights/market-analysis/Twins-Cut-N-Up",0,4,0.00,6.5
"/houston/insights/market-analysis/barberventures-mobile-barbershop-houston",0,4,0.00,16.0
"/houston/insights/market-analysis/big-choice-barber-shop",0,4,0.00,6.5
"/houston/insights/market-analysis/cortez-barbershop",0,4,0.00,9.8
"/houston/insights/market-analysis/fellas-barbershop",0,4,0.00,6.3
"/houston/insights/market-analysis/franco-s-barbershop",0,4,0.00,11.3
"/houston/insights/market-analysis/jimbo-real-kutz",0,4,0.00,9.8
"/houston/insights/market-analysis/maytham-mobile-barber-houston-vip-mobile-barber",0,4,0.00,11.0
"/houston/insights/market-analysis/sheared-the-barbershop-midtown-houston",0,4,0.00,2.5
"/houston/insights/market-analysis/tino-barber-shop",0,4,0.00,3.5
"/houston/insights/market-analysis/trooth-mens-grooming-lounge-katy",0,4,0.00,1.0
"/insights/thecut-sovereign-intelligence-audit",0,4,0.00,5.5
"/late-night-barbers-houston",0,4,0.00,7.0
"/login",0,4,0.00,4.8
"/salons/alter-image-salon-conroe-a03281d0",0,4,0.00,8.0
"/salons/apex-salon-studios-baytown-c52ee583",0,4,0.00,5.5
"/salons/be-u-salon-conroe-conroe-5de90a17",0,4,0.00,7.3
"/salons/be-u-salon-the-woodlands-b498087c",0,4,0.00,7.8
"/salons/beauty-by-belem-houston-7bdb9b40",0,4,0.00,5.5
"/salons/beyondbeauty-studio-by-nida-houston-e180e561",0,4,0.00,9.0
"/salons/brea-s-hair-bliss-houston-5ced23b1",0,4,0.00,8.0
"/salons/brenda-s-hair-studio-irving-f7e83fda",0,4,0.00,4.5
"/salons/canvas-hair-studio-houston-3c64c65f",0,4,0.00,7.5
"/salons/celinda-s-hair-design-houston-47275051",0,4,0.00,2.8
"/salons/chic-n-charm-nail-salon-spa-laredo-2f9421e2",0,4,0.00,7.3
"/salons/clarity-medical-spa-san-jose-berryessa-san-jose-3a317bac",0,4,0.00,9.3
"/salons/corte-y-estillo-beauty-salon-houston-19cfcbe5",0,4,0.00,6.8
"/salons/cozy-rosie-salon-pflugerville-9df2493a",0,4,0.00,7.8
"/salons/creations-salons-cypress-8d8c6f78",0,4,0.00,26.3
"/salons/daniels-beauty-salon-plano-e04ec850",0,4,0.00,7.8
"/salons/dd13c0b7-6516-4aa1-9976-e289d8435435",0,4,0.00,4.3
"/salons/dor-nails-pflugerville-ec3d591c",0,4,0.00,5.3
"/salons/double-a-beauty-llc-garland-4a82bd5b",0,4,0.00,7.3
"/salons/eleven-co-baytown-5b553c33",0,4,0.00,9.3
"/salons/elouise-s-nu-look-in-hair-houston-35a1b7c9",0,4,0.00,6.5
"/salons/escape-salon-blowout-bar-houston-990c3109",0,4,0.00,2.0
"/salons/eye-candy-salon-college-station-048e4f12",0,4,0.00,11.8
"/salons/glo-beauty-bar-suites-humble-1e32d8d6",0,4,0.00,8.0
"/salons/hair-by-gabby-ruiz-waco-61b88985",0,4,0.00,6.0
"/salons/hair-by-jimmy-humble-aa8e543a",0,4,0.00,6.3
"/salons/hair-run-the-salon-houston-52239b9c",0,4,0.00,7.8
"/salons/hair-salon-22-san-jose-86cbcd3a",0,4,0.00,8.0
"/salons/jazzys-hair-studio-college-station-52b5e0b1",0,4,0.00,7.8
"/salons/johnny-rodriguez-the-salon-dallas-6f1d27dc",0,4,0.00,7.8
"/salons/julia-s-hair-salon-pasadena-8b82d413",0,4,0.00,6.5
"/salons/katy-mobile-studio-katy-d20697d4",0,4,0.00,8.0
"/salons/ken-s-kutting-shoppe-professional-salon-suites-houston-37ae334f",0,4,0.00,5.3
"/salons/kgl-beauty-salon-houston-58d5d4f3",0,4,0.00,8.5
"/salons/kings-and-queens-royalty-salon-houston-d8da21fa",0,4,0.00,6.8
"/salons/la-diva-hair-salon-katy-ed20e171",0,4,0.00,7.5
"/salons/lavender-beauty-corpus-christi-e83f6bee",0,4,0.00,4.5
"/salons/lavish-salon-houston-bd04428d",0,4,0.00,8.0
"/salons/le-spalon-hair-salon-brownsville-e9947520",0,4,0.00,8.0
"/salons/lion-s-barber-beauty-salon-houston-8f9d6a78",0,4,0.00,3.8
"/salons/lotus-layne-hair-salon-waco-57cc1758",0,4,0.00,8.8
"/salons/loxs-a-colour-and-cuttery-college-station-41e86455",0,4,0.00,10.0
"/salons/luxe-legacy-salon-spring-69b83a38",0,4,0.00,7.3
"/salons/maeve-gray-salon-the-woodlands-bcac9b34",0,4,0.00,8.8
"/salons/mahalo-hair-studio-mckinney-c168a275",0,4,0.00,8.0
"/salons/marianna-s-salon-garland-bacfca2e",0,4,0.00,5.0
"/salons/melkee-hair-studio-houston-0149c90b",0,4,0.00,5.0
"/salons/mirage-beauty-boutique-el-paso-a8d4ddcc",0,4,0.00,7.8
"/salons/nue-image-beauty-and-barber-shop-sherman-845bfba5",0,4,0.00,8.8
"/salons/ofelia-s-beauty-salon-houston-c93258da",0,4,0.00,6.5
"/salons/orchid-by-huma-katy-b3cce6a4",0,4,0.00,9.8
"/salons/patty-s-hair-salon-pasadena-8bfa60ba",0,4,0.00,7.0
"/salons/precision-cutz-stylz-amarillo-740aa5b7",0,4,0.00,8.3
"/salons/professional-hair-salon-by-brenda-llc-houston-bd043d81",0,4,0.00,6.0
"/salons/queenston-salon-studios-houston-9ebb3be6",0,4,0.00,6.0
"/salons/rosales-hair-salon-missouri-city-ff906a28",0,4,0.00,9.5
"/salons/sal-n-de-belleza-janar-houston-38fb1c55",0,4,0.00,6.0
"/salons/salon-gallery-houston-7d852dc6",0,4,0.00,9.3
"/salons/salon-hawthorne-spring-6dfb95be",0,4,0.00,11.3
"/salons/salon-w-waco-3c373f8d",0,4,0.00,17.0
"/salons/salons-by-jc-waco-waco-f5e35e9f",0,4,0.00,9.3
"/salons/shahedeh-salon-houston-3d331e1d",0,4,0.00,4.3
"/salons/shear-change-hair-studios-the-woodlands-ce05344f",0,4,0.00,6.0
"/salons/sprout-salons-conroe-eeec12b5",0,4,0.00,9.3
"/salons/steel-magnolias-unisex-salon-laredo-90e2d884",0,4,0.00,6.3
"/salons/the-ambiance-salon-houston-4e3681c0",0,4,0.00,6.3
"/salons/the-bloom-space-dallas-43c5d503",0,4,0.00,5.5
"/salons/the-doa-beauty-salon-plano-b010adeb",0,4,0.00,5.5
"/salons/timeless-hair-studio-humble-13e22cf8",0,4,0.00,7.3
"/salons/vekaz-beauty-salon-houston-3fd76f69",0,4,0.00,7.5
"/salons/venus-salon-houston-7d9cb2d8",0,4,0.00,6.5
"/salons/vrelo-water-expert-houston-42108cbf",0,4,0.00,6.5
"/schools/77ef6ce8-d4ed-4612-9630-0b048a459f03",0,4,0.00,8.3
"/schools/89-beauty-school-katy-77a8c621",0,4,0.00,15.0
"/schools/aaction-barber-and-styling-college-dallas-00c745d4",0,4,0.00,4.0
"/schools/advanced-beauty-academy-pasadena-6ef70c38",0,4,0.00,12.0
"/schools/b1-careers-houston-1192f596",0,4,0.00,5.8
"/schools/barbara-jordan-high-school-houston-9660d891",0,4,0.00,55.0
"/schools/beauty-soul-utions-nirvana-house-of-aest-leander-dae3a33f",0,4,0.00,6.3
"/schools/burkburnett-high-school-burkburnett-c5f4829c",0,4,0.00,7.3
"/schools/canyon-isd-cosmetology-canyon-a97dd374",0,4,0.00,3.8
"/schools/charles-sue-s-school-of-hair-design-bryan-9ae4924a",0,4,0.00,8.8
"/schools/clarendon-college-clarendon-c9be9e78",0,4,0.00,8.5
"/schools/community-isd-tx-6cc6deef",0,4,0.00,20.3
"/schools/conroe-career-tech-cosmetology-conroe-e650f4fb",0,4,0.00,37.3
"/schools/crandall-isd-tx-af7ae4b1",0,4,0.00,10.3
"/schools/crystal-city-high-school-ccisd-crystal-city-81fe2708",0,4,0.00,6.0
"/schools/d-s-barber-academy-lumberton-a1af9181",0,4,0.00,8.5
"/schools/davis-high-school-houston-c72cac1d",0,4,0.00,52.5
"/schools/dickinson-high-school-dickinson-8ddb3b94",0,4,0.00,19.3
"/schools/eisenhower-high-school-houston-2b305542",0,4,0.00,8.0
"/schools/elevation-barber-college-san-antonio-a25f1bf0",0,4,0.00,9.0
"/schools/expert-do-inc-carrollton-674bde20",0,4,0.00,5.5
"/schools/franklin-barber-institute-2-pearland-96fdad7a",0,4,0.00,11.0
"/schools/gal-beauty-academy-mckinney-0c714576",0,4,0.00,4.8
"/schools/horizon-high-school-el-paso-1bf99349",0,4,0.00,6.8
"/schools/houston-community-college-southwest-college-missouri-city-88459918",0,4,0.00,18.3
"/schools/inner-g-complete-agency-atl-db7a5fc1",0,4,0.00,5.5
"/schools/institute-of-makeup-artistry-f-x-of-san-antonio-llc-san-antonio-53b598ff",0,4,0.00,19.5
"/schools/iowa-park-high-school-iowa-park-2fae65d5",0,4,0.00,6.5
"/schools/james-madison-high-school-san-antonio-11bc8f83",0,4,0.00,5.8
"/schools/klein-oak-high-school-klein-5bae0a95",0,4,0.00,7.8
"/schools/magnolia-west-high-school-magnolia-6010157e",0,4,0.00,9.8
"/schools/manuel-theresa-s-school-hair-college-station-783204a5",0,4,0.00,9.8
"/schools/mt-training-center-desoto-5ad73b24",0,4,0.00,7.0
"/schools/mystros-barber-academy-houston-ed68626f",0,4,0.00,17.8
"/schools/nixon-high-school-laredo-47f8c400",0,4,0.00,23.8
"/schools/nu-generation-advanced-esthetics-academy-el-paso-0490d1e2",0,4,0.00,6.8
"/schools/pebble-hills-high-school-el-paso-dd38157a",0,4,0.00,7.3
"/schools/prolific-barber-academy-llc-lubbock-b70b8132",0,4,0.00,33.3
"/schools/querageous-enterprises-llc-spring-e21c1584",0,4,0.00,10.0
"/schools/rains-high-cosmetology-school-emory-a3b19a4c",0,4,0.00,9.0
"/schools/stone-co-climbing-college-station-21dcc0dc",0,4,0.00,8.0
"/schools/svega-taekwondo-brazilian-jiu-jitsu-and-training-center-pflugerville-3c3f7ffe",0,4,0.00,5.8
"/schools/the-salon-and-spa-at-southern-careers-institute-brownsville-brownsville-120f9639",0,4,0.00,8.0
"/schools/trend-barber-college-sugar-land-2778d509",0,4,0.00,10.5
"/schools/trend-barber-college-sugar-land-d392de04",0,4,0.00,32.3
"/schools/trimble-tech-high-school-fort-worth-6665b205",0,4,0.00,7.8
"/schools/vidor-high-school-tx-1d61b23a",0,4,0.00,7.5
"/shop/77-cuts-co-mcallen-dda35670",0,4,0.00,5.8
"/shop/7e40c3dd-6e41-47dc-ab7e-39e9bce7b8ee",0,4,0.00,8.3
"/shop/806-barber-beauty-amarillo-b8c5e094",0,4,0.00,8.8
"/shop/a-1-barber-shop-killeen-3e9306e8",0,4,0.00,8.3
"/shop/a-1-barbers-stylists-houston-77090-41ce9f2f",0,4,0.00,6.8
"/shop/ace-of-fades-barberhouse-houston-77094-b14578f6",0,4,0.00,7.8
"/shop/all-pelo-barbershop-houston-77084-64c303cd",0,4,0.00,8.0
"/shop/anytime-cutz-24hr-barbershop-houston-77098-4ce2dd1a",0,4,0.00,5.3
"/shop/b-b-hair-studio-houston-77051-e3344fea",0,4,0.00,5.0
"/shop/barber-of-america-katy-016f178e",0,4,0.00,7.8
"/shop/bau-s-barber-shop-houston-77099-0edd8c75",0,4,0.00,7.5
"/shop/benja-barber-shop502-houston-77029-28f971ec",0,4,0.00,4.8
"/shop/big-dawgs-the-fade-lounge-amarillo-7dcba262",0,4,0.00,9.0
"/shop/boardroom-salon-for-men-galleria-houston-77056-e2e2e97f",0,4,0.00,14.3
"/shop/bonafide-haircut-bar-houston-77096-af2990ac",0,4,0.00,5.0
"/shop/braes-heights-barber-shop-houston-77025-2ba42dad",0,4,0.00,7.8
"/shop/buzzn-cuts-barber-shop-houston-77093-dde97588",0,4,0.00,10.5
"/shop/caribbean-barber-shop-houston-77075-50215186",0,4,0.00,8.8
"/shop/clipperhead-barber-shop-san-antonio-b5c90cdd",0,4,0.00,8.0
"/shop/cost-cutters-sugar-land-32962ddb",0,4,0.00,12.3
"/shop/creative-roots-barber-shop-clothing-co-fort-worth-206c9512",0,4,0.00,5.8
"/shop/crown-barbershop-salon-supplies-austin-5679dcf7",0,4,0.00,8.0
"/shop/cuts-with-class-san-antonio-f0897fb8",0,4,0.00,9.8
"/shop/daigle-s-barber-shop-pasadena-ca35207c",0,4,0.00,9.8
"/shop/df02e5ef-fea6-4ea0-bfe0-b11069d56026",0,4,0.00,5.3
"/shop/dnyce-cutz-brooklyn-barbershop-san-antonio-c3fee558",0,4,0.00,14.8
"/shop/e-s-barber-shop-lubbock-e53bf050",0,4,0.00,9.0
"/shop/el-vencedor-garland-4065bb7c",0,4,0.00,5.5
"/shop/exclusive-salon-01-pasadena-cba02d3f",0,4,0.00,6.0
"/shop/expert-cuts-midland-aed60081",0,4,0.00,8.8
"/shop/fade-away-barbershop-amarillo-8a1c9689",0,4,0.00,3.0
"/shop/fade-district-by-edgar-the-woodlands-02cbc22a",0,4,0.00,5.5
"/shop/fadegod-barbershop-pearland-26ee8f70",0,4,0.00,10.0
"/shop/fadez-by-q-mckinney-564e99b2",0,4,0.00,6.5
"/shop/fairview-barber-shop-sherman-0925d6c6",0,4,0.00,10.5
"/shop/fineline-barbershop-garland-2e22ce53",0,4,0.00,6.5
"/shop/front-beckham-barber-shop-tyler-51396e8b",0,4,0.00,7.8
"/shop/goat-barbershop-houston-77094-14bc4bf4",0,4,0.00,10.5
"/shop/golden-scissors-arlington-bd0f2e4b",0,4,0.00,9.0
"/shop/goldstar-barber-studio-university-college-station-5e2fedbe",0,4,0.00,11.0
"/shop/gracious-fades-barber-shop-sugar-land-cb3b5f7d",0,4,0.00,5.8
"/shop/hank-s-barber-shop-corpus-christi-31855375",0,4,0.00,4.5
"/shop/headbangerz-barbershop-fort-worth-b44c2da0",0,4,0.00,10.0
"/shop/headmobb-exclusives-barbershop-houston-77096-d0fc929c",0,4,0.00,4.5
"/shop/in-the-loop-by-lather-houston-77098-647e1dba",0,4,0.00,5.5
"/shop/j-l-precision-kutz-and-stylez-houston-77090-c6994aab",0,4,0.00,5.8
"/shop/joc-d-s-cutz-plano-49099dbd",0,4,0.00,5.3
"/shop/josue-s-barber-shop-houston-77038-ecd35ba0",0,4,0.00,6.8
"/shop/kane-s-barber-shop-austin-8da0b93d",0,4,0.00,9.8
"/shop/king-s-mane-barbering-san-antonio-ef34adf0",0,4,0.00,8.0
"/shop/kingz-barbershop-waco-b3e19a73",0,4,0.00,9.0
"/shop/kustom-kuts-houston-77069-294387bb",0,4,0.00,7.0
"/shop/legacypro-barber-studio-garland-d1d5e927",0,4,0.00,9.3
"/shop/legend-s-barbershop-conroe-3e53bf8c",0,4,0.00,7.0
"/shop/les-scissors-sugar-land-42342323",0,4,0.00,7.8
"/shop/lone-star-barber-company-corpus-christi-d8b2ba41",0,4,0.00,3.5
"/shop/look-s-barber-shop-san-antonio-81f28f55",0,4,0.00,8.3
"/shop/lu-s-barber-shop-haircut-shave-katy-katy-ac128caa",0,4,0.00,7.8
"/shop/luxshirey-cuts-sherman-36d8d3fe",0,4,0.00,5.8
"/shop/masters-barber-shop-houston-77092-74d8a1d6",0,4,0.00,6.0
"/shop/midmod-barber-college-station-feb48ac0",0,4,0.00,5.5
"/shop/midtown-barbershop-lubbock-texas-lubbock-f66d55a7",0,4,0.00,10.0
"/shop/milkcutz-cypress-ca20e89d",0,4,0.00,7.3
"/shop/morenos-barber-studio-houston-77053-e470593e",0,4,0.00,5.8
"/shop/neymar-s-barber-shop-katy-8e6b0e9a",0,4,0.00,8.0
"/shop/ninety-degrees-barbershop-reserved-dallas-7cd3e62e",0,4,0.00,12.3
"/shop/northline-barber-shop-houston-77022-0b4a4f64",0,4,0.00,7.8
"/shop/number-one-barber-shop-missouri-city-3f94dc9d",0,4,0.00,9.0
"/shop/off-the-blade-barber-shop-mesquite-b393fd1f",0,4,0.00,8.8
"/shop/old-school-barber-shop-houston-77091-a774068f",0,4,0.00,21.3
"/shop/old-school-lou-s-barbershop-san-antonio-e7219846",0,4,0.00,4.5
"/shop/olee-s-barber-shop-jacinto-city-houston-77029-43a79fd5",0,4,0.00,7.0
"/shop/original-barbershop-llc-los-angeles-2b76640b",0,4,0.00,6.5
"/shop/patron-barbershop-houston-77095-c3eaf7ae",0,4,0.00,10.5
"/shop/peluqueria-huetamo-barber-shop-unisex-3-houston-77012-6ad2061b",0,4,0.00,6.5
"/shop/pepe-le-barbershop-denton-60e228eb",0,4,0.00,8.0
"/shop/pfamousvipcutz-houston-77081-1343417a",0,4,0.00,5.0
"/shop/prestige-barbershop-houston-77063-6bbdeb10",0,4,0.00,5.8
"/shop/prodigy-cuts-barbershop-brownsville-tx-brownsville-c5425f93",0,4,0.00,8.0
"/shop/realistic-kutz-humble-26774bb8",0,4,0.00,2.0
"/shop/rebellion-barbershop-amarillo-ec84a3a7",0,4,0.00,9.3
"/shop/rebellious-barber-studio-frisco-fbd1108c",0,4,0.00,7.5
"/shop/retro-barbershop-hair-salon-for-men-of-round-rock-pflugerville-613f8c66",0,4,0.00,6.0
"/shop/revolt-barbershop-dallas-f54290c1",0,4,0.00,9.5
"/shop/ritz-barber-lounge-spa-llc-houston-77089-0ebcbfbc",0,4,0.00,8.3
"/shop/rockafellas-barber-shop-san-antonio-5873942b",0,4,0.00,9.0
"/shop/royal-cuts-for-men-cypress-69222252",0,4,0.00,9.0
"/shop/s-s-barber-clique-san-antonio-4fdf5545",0,4,0.00,7.8
"/shop/southern-comfort-barber-shop-houston-77075-082d7e99",0,4,0.00,8.8
"/shop/southern-fades-houston-77095-81665c09",0,4,0.00,10.8
"/shop/studio111-sugar-land-1fad2cca",0,4,0.00,12.5
"/shop/supreme-shave-barber-emporium-sugar-land-8236852b",0,4,0.00,19.5
"/shop/swisherkutz-houston-77090-ee0290af",0,4,0.00,9.3
"/shop/tdk-barbershop-south-laredo-f4930345",0,4,0.00,9.3
"/shop/tdk-social-barber-laredo-4734f154",0,4,0.00,8.5
"/shop/texas-freshest-barbershop-tyler-3b9d5d1c",0,4,0.00,6.3
"/shop/tha-professional-cutz-barbershop-killeen-ae5f0357",0,4,0.00,6.8
"/shop/the-barber-experience-frisco-977ac04f",0,4,0.00,42.8
"/shop/the-dealer-s-cut-barbershop-houston-77008-d60d52cb",0,4,0.00,2.5
"/shop/the-gentleman-s-quarters-barbershop-baytown-8a2bdfeb",0,4,0.00,7.3
"/shop/twins-cut-n-up-houston-77058-9831bcf5",0,4,0.00,8.5
"/shop/uppercuts-grand-prairie-969a6ae9",0,4,0.00,11.0
"/shop/urban-edge-grooming-co-lubbock-8b19be0b",0,4,0.00,7.8
"/shop/urban-stylez-and-fades-llc-houston-77069-028f7d60",0,4,0.00,5.0
"/shop/valley-barbershop-amarillo-44decde6",0,4,0.00,5.5
"/shop/waco-fades-barber-shop-waco-274035cd",0,4,0.00,5.5
"/stores/armstrong-mccall-beauty-supply-houston-77048-cbcee26c",0,4,0.00,9.3
"/stores/beauty-vite-fort-worth-0ed11c02",0,4,0.00,11.8
"/stores/border-beauty-supply-inc-laredo-4cf92b73",0,4,0.00,5.0
"/stores/boulevard-nails-supply-san-diego-93596c4b",0,4,0.00,8.5
"/stores/brashae-s-beauty-supply-pearland-5e6718db",0,4,0.00,7.3
"/stores/clipper-depot-laredo-bbea1d05",0,4,0.00,4.5
"/stores/color-of-sky-hair-and-beauty-salon-houston-77059-6630a9a0",0,4,0.00,7.0
"/stores/complete-hair-and-beauty-supply-llc-el-paso-ef1f8954",0,4,0.00,8.8
"/stores/dr-nar-beauty-co-houston-77075-7f0bae3e",0,4,0.00,7.8
"/stores/fitzgerald-s-barber-supply-tyler-590cc9f7",0,4,0.00,9.3
"/stores/kreations-barber-lounge-2nd-floor-houston-77008-3d81f1b2",0,4,0.00,8.3
"/stores/mane-like-me-pearland-433776d4",0,4,0.00,11.0
"/stores/pachuca-barber-shop-and-supply-houston-77099-b6ed74a3",0,4,0.00,21.5
"/stores/sally-beauty-houston-77047-7be7d889",0,4,0.00,4.3
"/stores/sally-beauty-oxnard-3b8681af",0,4,0.00,9.3
"/stores/uptown-beauty-supply-16-houston-e24cb2d1",0,4,0.00,39.0
"/stores/valley-beauty-supply-dallas-9cc8816b",0,4,0.00,25.0
"/texas/amarillo/79121",0,4,0.00,57.5
"/texas/austin/78745",0,4,0.00,10.3
"/texas/dallas/75206",0,4,0.00,29.3
"/texas/dallas/75212",0,4,0.00,23.3
"/texas/fort-worth/76104",0,4,0.00,9.8
"/texas/houston/insights/market-analysis/blades-vision-barbershop",0,4,0.00,8.5
"/texas/houston/insights/market-analysis/caribbean-barber-shop",0,4,0.00,9.8
"/texas/houston/insights/market-analysis/corona-cutz-barber-studio-appointment-only-book-online-",0,4,0.00,9.3
"/texas/houston/insights/market-analysis/cut-and-pride-barbershop",0,4,0.00,6.8
"/texas/houston/insights/market-analysis/cutthroat-barbers-houston-barbershop-in-the-heights-men-s-barbershop",0,4,0.00,7.5
"/texas/houston/insights/market-analysis/elite-barber-company",0,4,0.00,9.3
"/texas/houston/insights/market-analysis/good-vibes-barber-co-",0,4,0.00,9.3
"/texas/houston/insights/market-analysis/hamza-s-barbershop",0,4,0.00,2.8
"/texas/houston/insights/market-analysis/houston55-barber-studio",0,4,0.00,12.3
"/texas/houston/insights/market-analysis/kbg-barbershop",0,4,0.00,5.0
"/texas/houston/insights/market-analysis/lu-s-barber-shop-washington-ave",0,4,0.00,7.8
"/texas/houston/insights/market-analysis/nu-era-barber-shop",0,4,0.00,10.5
"/texas/houston/insights/market-analysis/pochi-barber-shop",0,4,0.00,5.5
"/texas/houston/insights/market-analysis/teran-barber-shop",0,4,0.00,5.3
"/texas/houston/insights/market-analysis/the-boss-haircut",0,4,0.00,10.5
"/texas/houston/insights/market-analysis/tough-luck-barber",0,4,0.00,8.3
"/texas/houston/insights/market-analysis/trooth-men-s-grooming-lounge",0,4,0.00,10.3
"/texas/houston/insights/market-analysis/west-memorial-barber-shop",0,4,0.00,12.0
"/texas/laredo/78043",0,4,0.00,18.5
"/texas/spring/77494",0,4,0.00,9.0
"/texas/the-woodlands",0,4,0.00,25.5
"/tools/ai-booth-station/phayes-two-barber-shop",0,4,0.00,9.3
"/tools/barbershop-search",0,4,0.00,7.5
"/tools/barbershop-search",0,4,0.00,8.0
"/tools/foot-traffic-radar/fadezbyjames-barbershop",0,4,0.00,6.5
"/tools/shop-site-template/buzzardsbarbershop",0,4,0.00,8.8
"/tools/shop-site-template/shop-website-customizer/34e9fb24-544f-474e-9289-f2a3e5a67a6f",0,4,0.00,7.0
"/tools/shop-site-template/shop-website-customizer/4cc01855-1a95-4e73-a183-07abc645c08a",0,4,0.00,3.5
"/tools/shop-site-template/shop-website-customizer/50f15cb9-9fb5-4325-bbcb-930335a95758",0,4,0.00,16.3
"/tools/shop-site-template/shop-website-customizer/54701d44-b328-452b-841d-66f663eadeed",0,4,0.00,10.0
"/tools/shop-site-template/shop-website-customizer/6a625326-9ef2-4c4f-a47d-56f774b75b98",0,4,0.00,8.8
"/tools/shop-site-template/shop-website-customizer/6e8bd5ed-d2fd-467c-913a-364f8f3b4c3c",0,4,0.00,7.0
"/tools/shop-site-template/shop-website-customizer/855e5cd1-fe2f-4268-b25e-7c456e52b06c",0,4,0.00,8.8
"/tools/shop-site-template/shop-website-customizer/8e933730-c66e-41f8-b87f-e7965ac0215f",0,4,0.00,6.0
"/tools/shop-site-template/shop-website-customizer/ea1159ea-10cf-4e68-936b-7f228598225c",0,4,0.00,7.0
"/tyler",0,4,0.00,41.8
"/shop/johnthebaptizedbarber-league-city-fc0d9ff3",2,3,66.67,2.7
"/barbers/carpi-barber-houston-77055-b762ebad",1,3,33.33,3.0
"/barbers/fades-by-3-tx-3c379d6e",1,3,33.33,7.7
"/barbers/free-will-barber-studio-luxury-grooming-tx-63ccbe11",1,3,33.33,8.7
"/barbers/mo-bladez-tx-6eba9e90",1,3,33.33,14.0
"/barbers/screwcutz-tx-498b1ad6",1,3,33.33,5.7
"/cosmetologists/elizabeth-krikstan-professional-houston-7de32d4f",1,3,33.33,4.0
"/cosmetologists/riessie-b-cosmetologist-houston-3a1c31aa",1,3,33.33,5.0
"/salons/hair-by-brandee-sherman-0ea48a8d",1,3,33.33,6.0
"/schools/jersey-village-high-school-jersey-village-62344c1c",1,3,33.33,5.0
"/schools/teague-independent-school-district-tx-4a09ccc8",1,3,33.33,3.7
"/shop/champions-salon-barber-waco-ae3bf3d8",1,3,33.33,10.7
"/shop/exclusive-chopz-and-stylez-pearland-283c5823",1,3,33.33,2.0
"/stores/simplyorganics-houston-77004-c8f9d8a8",1,3,33.33,4.0
"/tools/shop-site-template/shop-website-customizer/826c2856-bcb7-4117-bf7b-9239723f9580",1,3,33.33,18.0
"/austin/78745",0,3,0.00,7.7
"/barbers/1st-10-barber-shop-e-the-barber-tx-1f89f016",0,3,0.00,11.0
"/barbers/7k-blendz-tx-0386dc75",0,3,0.00,7.3
"/barbers/ab210216-60be-46aa-9d5d-966cae24bd1e",0,3,0.00,3.7
"/barbers/adam-tx-47be2106",0,3,0.00,7.3
"/barbers/adub-the-barber-tx-66838a1b",0,3,0.00,9.7
"/barbers/alex-barber-tx-65c229d3",0,3,0.00,9.0
"/barbers/ali-stylez-tx-2d18c8cd",0,3,0.00,7.0
"/barbers/angelfadez-houston-77029-5a8f8d7a",0,3,0.00,4.3
"/barbers/anthony-sorto-tx-049b08cd",0,3,0.00,6.0
"/barbers/arteice-tonsurial-kingdom-cuts-tx-af9b3841",0,3,0.00,3.7
"/barbers/austin-tha-barber-tx-99d21ea4",0,3,0.00,7.7
"/barbers/barbergang-tx-849b7f7c",0,3,0.00,3.3
"/barbers/barberleague-tx-62603679",0,3,0.00,7.0
"/barbers/barbershop-cotiy-tx-d210c508",0,3,0.00,8.3
"/barbers/blendz-by-theo-tx-364044cb",0,3,0.00,3.3
"/barbers/blendzdifferent-tx-12e2cf5d",0,3,0.00,6.3
"/barbers/blove-cuts-services-tx-f641fa93",0,3,0.00,5.0
"/barbers/blue-print-barbershop-tx-b5c16e08",0,3,0.00,20.0
"/barbers/borjas-fadezz-pearland-77584-921f810a",0,3,0.00,6.7
"/barbers/braifades-tx-5e3ff66f",0,3,0.00,5.0
"/barbers/brayanbarber-tx-79bdc3c8",0,3,0.00,28.3
"/barbers/brian-barber-tx-4545d509",0,3,0.00,9.3
"/barbers/brianblendzz-freshcutz-tx-c7d70ab0",0,3,0.00,15.7
"/barbers/brr-barbershop-tx-e8aa4d5e",0,3,0.00,8.3
"/barbers/brytan-buckner-tx-662b11b1",0,3,0.00,15.7
"/barbers/buskiiblendz-tx-2ca973a3",0,3,0.00,6.0
"/barbers/caretta-s-barber-studio-tx-8ce0fd5b",0,3,0.00,5.7
"/barbers/carlosbarber-htx-tx-09eae1b0",0,3,0.00,7.0
"/barbers/charles-j-houston-77091-5a4c2312",0,3,0.00,7.7
"/barbers/charlie-cutz-houston-77045-b69a9e2b",0,3,0.00,6.7
"/barbers/christopher-matthews-barber-houston-312ae85f",0,3,0.00,24.3
"/barbers/coronado-house-of-blends-tx-b25842de",0,3,0.00,14.0
"/barbers/cristian-cutz-tx-79572826",0,3,0.00,7.7
"/barbers/cristianfadez-tx-456d2ae3",0,3,0.00,22.3
"/barbers/cutbyjerm-tx-ee54cbb1",0,3,0.00,21.0
"/barbers/d-barber-haus-fades-beards-grooming-tx-760614df",0,3,0.00,8.3
"/barbers/daniel-b-8-tx-8db8e3e2",0,3,0.00,5.3
"/barbers/danyfadem-barber-tx-1d0db95f",0,3,0.00,13.0
"/barbers/deauntae-mesquite-75150-0b835bd9",0,3,0.00,7.3
"/barbers/domiiblendz-tx-f3d585da",0,3,0.00,20.0
"/barbers/dope-fadez-tx-a973b75e",0,3,0.00,10.3
"/barbers/drewblendz-tx-320b0fc0",0,3,0.00,10.0
"/barbers/e-the-barber-mesquite-75149-c8406bc8",0,3,0.00,26.3
"/barbers/el-dominicano-barbershop-houston-77075-c4bff19c",0,3,0.00,8.7
"/barbers/ethan-professional-barber-e-the-barber-tx-4dda933f",0,3,0.00,16.3
"/barbers/fadedville-barber-lounge-tx-2ddee488",0,3,0.00,19.7
"/barbers/fieldsthabarber-tx-f694ba11",0,3,0.00,48.0
"/barbers/flawless-palace-tx-c64c2ee3",0,3,0.00,4.3
"/barbers/fn2you-tx-625bb580",0,3,0.00,5.7
"/barbers/frontline-grooming-co-barber-houston-085803f5",0,3,0.00,7.7
"/barbers/gcutz-22-tx-276c5de8",0,3,0.00,6.0
"/barbers/gil-blendzz-tx-647e0e63",0,3,0.00,10.7
"/barbers/graciousfades-tx-4d041ff8",0,3,0.00,7.0
"/barbers/illi-faded-tx-49c5523f",0,3,0.00,6.7
"/barbers/in-da-cut-barber-lounge-tx-4f075f92",0,3,0.00,9.0
"/barbers/irineo-monjaraz-tx-a2442f32",0,3,0.00,7.0
"/barbers/jackbarber-n-l-tx-8c7897fd",0,3,0.00,3.0
"/barbers/jasson-the-barber-tx-078dbb3d",0,3,0.00,4.3
"/barbers/javithabarber-tx-f6d82cdb",0,3,0.00,8.0
"/barbers/jayscutz-houston-77076-75106299",0,3,0.00,7.3
"/barbers/jcutz-tx-4bf17701",0,3,0.00,8.7
"/barbers/jd-muscle-release-barbering-service-tx-cd98b61e",0,3,0.00,8.7
"/barbers/jeremiah-tx-b1886ae6",0,3,0.00,4.7
"/barbers/johnny-blvdes-tx-d48443e3",0,3,0.00,7.0
"/barbers/jos-tx-2715b7ab",0,3,0.00,5.3
"/barbers/jose-amaya-houston-77063-582c4083",0,3,0.00,5.7
"/barbers/kamkutz-tx-0e4f7407",0,3,0.00,8.7
"/barbers/kanoclips-tx-9fce1070",0,3,0.00,7.7
"/barbers/kash-klipz-tx-30787c3d",0,3,0.00,6.7
"/barbers/keep-alive-blends-tx-a09032a4",0,3,0.00,4.0
"/barbers/kevo-barber-houston-77086-a251f728",0,3,0.00,12.7
"/barbers/koreycutz-tx-ada081eb",0,3,0.00,7.3
"/barbers/lavish-cuts-tx-e548c54a",0,3,0.00,10.0
"/barbers/leo-irving-75061-71493ce8",0,3,0.00,8.7
"/barbers/lluvy-barber-tx-6248321b",0,3,0.00,7.7
"/barbers/louie-b-tx-ef7b2bb7",0,3,0.00,6.7
"/barbers/luchobarber-tx-48d71e99",0,3,0.00,7.3
"/barbers/mac-the-barber-tx-0816d413",0,3,0.00,13.3
"/barbers/marcosdabarber-tx-e833d92a",0,3,0.00,7.0
"/barbers/marzy-barber-tx-d0ebebc1",0,3,0.00,6.0
"/barbers/miggy-blendz-tx-c8ec90a0",0,3,0.00,9.3
"/barbers/miss-cotton-s-hair-peace-duncanville-75116-4007f5d9",0,3,0.00,4.0
"/barbers/osbarber-dallas-75244-03ffce09",0,3,0.00,2.7
"/barbers/oziel-blendz-tx-4309f958",0,3,0.00,8.7
"/barbers/p-rich-the-barber-tx-5ea4f593",0,3,0.00,8.0
"/barbers/pablo-otero-tx-e0e57d73",0,3,0.00,8.7
"/barbers/paul-darius-back2life-cutz-tx-bb0b8855",0,3,0.00,5.0
"/barbers/randufade-tx-8f04c0f8",0,3,0.00,34.7
"/barbers/ray-the-standupbarber-tx-815789c1",0,3,0.00,6.3
"/barbers/regal-barbers-tx-b83565a0",0,3,0.00,21.7
"/barbers/rico-stylo-houston-77036-cfcc3e1d",0,3,0.00,16.3
"/barbers/riko-cross-houston-barber-barber-houston-b0b1b449",0,3,0.00,9.0
"/barbers/royal-trim-society-tx-78313d13",0,3,0.00,9.3
"/barbers/sameoleg-cuts-dreads-richardson-75081-c4e4ba00",0,3,0.00,7.3
"/barbers/simonfadez-tx-348f6557",0,3,0.00,8.3
"/barbers/solo-kutz-studio-houston-77024-733cd931",0,3,0.00,13.3
"/barbers/spazzcutzz-drape-studios-tx-187d2b61",0,3,0.00,7.3
"/barbers/stanleybarber-blends-houston-77036-2c87f9e9",0,3,0.00,8.7
"/barbers/suede-razor-tx-3529b2e1",0,3,0.00,32.7
"/barbers/sweetcutzz-tx-9e5acae7",0,3,0.00,7.3
"/barbers/t-o-the-barber-cutz-mesquite-75149-c120db50",0,3,0.00,21.0
"/barbers/tdaviskuts-addison-75254-3ff94f25",0,3,0.00,25.0
"/barbers/ten-the-barber-tx-fa7c474e",0,3,0.00,33.3
"/barbers/the-fade-goat-houston-77057-88cadbc2",0,3,0.00,30.3
"/barbers/the-iconic-paris-tx-6b685b3c",0,3,0.00,8.0
"/barbers/the-presidential-experience-tx-aa1265a7",0,3,0.00,7.7
"/barbers/thee-barber-mondo-tx-cec28efd",0,3,0.00,17.3
"/barbers/tkblendz-barber-experience-tx-04a40203",0,3,0.00,9.0
"/barbers/vanitygrooming-garland-75041-308103b7",0,3,0.00,15.7
"/barbers/warrior-cutz-tx-aacd35aa",0,3,0.00,25.3
"/barbers/wayne-cut-me-up-cutz-tx-43cc3218",0,3,0.00,7.0
"/barbers/whiskey-beards-studio-tx-ffa3d169",0,3,0.00,5.0
"/barbers/will-tx-da0aca4c",0,3,0.00,7.7
"/barbers/wilmer-athletic-barbershop-irving-75062-afcc0cee",0,3,0.00,4.0
"/barbers/wolfs-barber-tx-5e67aaca",0,3,0.00,3.3
"/barbers/xhu-valentin-tx-86e24a46",0,3,0.00,6.3
"/barbers/yamil-hh-barber-tx-70874b0f",0,3,0.00,5.3
"/barbers/zach-fadez-tx-714f80b6",0,3,0.00,7.3
"/barbers/zorilla-kutz-mesquite-75149-08e3829d",0,3,0.00,8.0
"/brownsville/78526",0,3,0.00,10.3
"/cosmetologists/allison-king-esthetician-houston-a0759df9",0,3,0.00,5.3
"/cosmetologists/audra-jefferson-nail-technician-houston-fd4441be",0,3,0.00,7.3
"/cosmetologists/brandi-ware-nail-technician-houston-5461f1ab",0,3,0.00,3.0
"/cosmetologists/cbbrowartistry-esthetician-houston-8826930e",0,3,0.00,4.3
"/cosmetologists/cyk-beauty-cosmetologist-houston-049cc6a0",0,3,0.00,7.3
"/cosmetologists/inner-cosmetics-makeup-artist-houston-8de72e79",0,3,0.00,6.0
"/cosmetologists/khodi-stylist-houston-1fc1523a",0,3,0.00,9.3
"/cosmetologists/lady-tee-nail-technician-houston-d7dfeb70",0,3,0.00,5.7
"/cosmetologists/lashes-by-shay-cosmetologist-houston-2ebcff5a",0,3,0.00,6.3
"/cosmetologists/laterryan-randle-cosmetologist-houston-f573f10f",0,3,0.00,7.0
"/cosmetologists/leah-lewis-makeup-artist-houston-36c2709f",0,3,0.00,8.3
"/cosmetologists/luxhairbox-cosmetologist-houston-e58e42ee",0,3,0.00,16.0
"/cosmetologists/tabitha-warner-nail-technician-houston-ff34a142",0,3,0.00,8.7
"/cosmetologists/tye-garcia-cosmetologist-houston-d2cf6fea",0,3,0.00,7.3
"/cypress/77433",0,3,0.00,15.3
"/fort-worth/76104",0,3,0.00,24.3
"/houston/insights/market-analysis/arleth-new-style-barber-shop",0,3,0.00,9.3
"/houston/insights/market-analysis/elevations-the-barber-shop",0,3,0.00,7.0
"/houston/insights/market-analysis/headmobb-exclusives-barbershop",0,3,0.00,7.7
"/houston/insights/market-analysis/james-and-co-barbershop",0,3,0.00,5.0
"/houston/insights/market-analysis/magic-hands-barbershop",0,3,0.00,9.0
"/houston/insights/market-analysis/prince-s-cutz",0,3,0.00,8.0
"/houston/insights/market-analysis/randle-s-barbershop",0,3,0.00,6.7
"/houston/insights/market-analysis/southside-barbershop",0,3,0.00,7.0
"/houston/insights/market-analysis/super-barber-shop",0,3,0.00,6.3
"/houston/insights/market-analysis/ultimate-barbershop-",0,3,0.00,3.7
"/pearland/77581",0,3,0.00,69.0
"/plano",0,3,0.00,27.0
"/salons/20viiewlashes-houston-2aac578e",0,3,0.00,4.3
"/salons/a-hair-spot-houston-463b3082",0,3,0.00,7.7
"/salons/art-of-hair-irving-cc504dc8",0,3,0.00,5.3
"/salons/av-salon-cypress-cypress-02fef9c4",0,3,0.00,9.7
"/salons/b-b-s-the-glow-up-beaumont-4de2dbc5",0,3,0.00,20.0
"/salons/beauty-in-a-bottle-salon-and-aesthetics-sherman-db8d2878",0,3,0.00,7.0
"/salons/bhm-hair-salon-houston-30dcac91",0,3,0.00,6.3
"/salons/cutting-edge-hair-salon-baytown-fb3f08be",0,3,0.00,7.3
"/salons/dfw-beauty-studio-fort-worth-7ed3750a",0,3,0.00,8.0
"/salons/dorothy-s-beauty-salon-fort-worth-3a922530",0,3,0.00,6.3
"/salons/edge-hair-nail-salon-el-paso-7935e2a8",0,3,0.00,6.3
"/salons/el-hispano-beauty-salon-irving-505d9e86",0,3,0.00,1.7
"/salons/fefilashescomestic-houston-4873f671",0,3,0.00,5.0
"/salons/fine-cuts-tyler-7ce05afc",0,3,0.00,5.0
"/salons/fiore-harmony-salon-humble-e4e553c3",0,3,0.00,7.7
"/salons/gabriella-s-hair-studio-brownsville-392c9310",0,3,0.00,6.7
"/salons/gaby-s-styled-studio-the-woodlands-14e7d132",0,3,0.00,6.3
"/salons/gemas-beauty-salon-houston-0b93cf0b",0,3,0.00,5.0
"/salons/glam-addictions-llc-houston-4229b125",0,3,0.00,1.0
"/salons/h-t-hair-beauty-salon-llc-houston-218f907c",0,3,0.00,4.7
"/salons/hair-affex-beauty-salon-houston-bb025ce1",0,3,0.00,8.0
"/salons/hair-by-christal-missouri-city-8e6f45c5",0,3,0.00,7.7
"/salons/hair-by-lana-miers-tyler-6f583ca3",0,3,0.00,10.0
"/salons/hair-haven-frisco-18bda172",0,3,0.00,7.7
"/salons/haus-of-hues-league-city-4464e80d",0,3,0.00,8.7
"/salons/hector-estrada-san-francisco-750a362c",0,3,0.00,9.7
"/salons/i4cu-salon-houston-f8c5d7bf",0,3,0.00,7.0
"/salons/j-ohron-s-hair-loc-spa-missouri-city-missouri-city-abd99348",0,3,0.00,7.3
"/salons/jay-s-hair-studio-sugar-land-0784b9af",0,3,0.00,4.0
"/salons/jeanet-beauty-salon-irving-d250bbd2",0,3,0.00,9.3
"/salons/karen-cantu-hair-makeup-studio-pasadena-3e482959",0,3,0.00,5.0
"/salons/kinkybiz-spring-e124fca7",0,3,0.00,11.0
"/salons/l-a-r-c-salon-dallas-4b9e9d08",0,3,0.00,8.3
"/salons/la-maison-salon-dallas-785a2c78",0,3,0.00,8.3
"/salons/le-blanc-houston-f9fd908e",0,3,0.00,9.3
"/salons/legacy-salons-day-spa-ridglea-fort-worth-5b247c82",0,3,0.00,11.3
"/salons/linsey-s-beauty-bar-irving-5cc1edcb",0,3,0.00,7.0
"/salons/nancy-s-salon-spa-pasadena-f3ea35ef",0,3,0.00,7.7
"/salons/nicolenaturalstyles-inside-image-salon-2-sugar-land-131214e9",0,3,0.00,8.3
"/salons/platinum-fx-hair-salon-the-original-mckinney-8ceb0e4e",0,3,0.00,7.0
"/salons/rooted-head-spa-houston-0ed1fdf5",0,3,0.00,31.0
"/salons/rosy-s-beauty-salon-conroe-affc91ec",0,3,0.00,5.3
"/salons/salon-david-chandler-christian-louboutin-hermes-cle-de-peau-beauty-national-stylist-the-woodlands-95f038a7",0,3,0.00,7.0
"/salons/sara-beauty-salon-houston-0ae85681",0,3,0.00,6.0
"/salons/serenity-salon-katy-fefe227a",0,3,0.00,7.7
"/salons/shubh-beauty-plano-tx-inside-walmart-plano-6b19aee3",0,3,0.00,10.7
"/salons/sirelam-beauty-houston-b8bc8cd0",0,3,0.00,4.3
"/salons/spoke-weal-los-angeles-4fa62c7d",0,3,0.00,11.0
"/salons/strictly-braids-beauty-supply-store-braiding-salon-san-jose-4e4147a6",0,3,0.00,7.3
"/salons/stylist-7-the-men-s-salon-the-woodlands-6dc08ae0",0,3,0.00,7.3
"/salons/the-guest-house-salon-studios-cypress-d034d578",0,3,0.00,17.0
"/salons/the-hairitage-salon-waco-waco-e552a850",0,3,0.00,6.0
"/salons/the-hideout-salon-los-angeles-a96055fe",0,3,0.00,10.0
"/salons/the-house-of-joy-and-beauty-waco-16daaef3",0,3,0.00,14.3
"/salons/the-one-beauty-hair-salon-los-angeles-9633ebc1",0,3,0.00,8.7
"/salons/theodora-hair-studio-vermont-los-angeles-c962bba8",0,3,0.00,9.0
"/salons/top-notch-hair-mckinney-30216fbd",0,3,0.00,6.3
"/salons/twenty-89-hair-design-san-francisco-7d248761",0,3,0.00,7.0
"/salons/unique-brows-threading-missouri-city-29793f3c",0,3,0.00,6.7
"/salons/unique-salon-mckinney-dd396edb",0,3,0.00,6.3
"/salons/vuja-de-creative-hair-concepts-amarillo-10119c06",0,3,0.00,4.0
"/salons/willow-ash-spring-a4ecbd48",0,3,0.00,7.7
"/salons/xtreme-cutz-hair-salon-corpus-christi-0354eac7",0,3,0.00,7.3
"/salons/yosolaa-houston-697e0e29",0,3,0.00,4.7
"/salons/yumar-beauty-salon-houston-b95ea349",0,3,0.00,19.3
"/salons/yuri-s-beauty-lounge-laredo-76cef443",0,3,0.00,7.7
"/san-antonio/78232",0,3,0.00,8.0
"/schools/249-beauty-college-houston-5e198b78",0,3,0.00,10.3
"/schools/89-beauty-school-cypress-19bb93ae",0,3,0.00,11.0
"/schools/9bc19b08-1fcc-4b21-acdc-7c7b0fd7e73c",0,3,0.00,9.3
"/schools/academy-of-barbers-frisco-b807f29e",0,3,0.00,27.7
"/schools/alice-high-school-alice-6391c51e",0,3,0.00,15.3
"/schools/barber-studio-6-bishop-arts-district-dallas-9bf42149",0,3,0.00,9.3
"/schools/barcelona-beauty-academy-and-salon-hurst-acafbc2f",0,3,0.00,5.7
"/schools/beauty-art-makeup-academy-pearland-e3bf0ca6",0,3,0.00,8.0
"/schools/bella-beauty-college-waco-afbd9dee",0,3,0.00,28.0
"/schools/bisd-career-beaumont-3884ec80",0,3,0.00,5.7
"/schools/buinger-career-tech-education-academy-bedford-06f646eb",0,3,0.00,29.0
"/schools/career-technical-high-school-houston-c42b98d2",0,3,0.00,14.0
"/schools/cureosity-academy-of-art-longview-4dc0bce2",0,3,0.00,8.0
"/schools/cy-fair-high-school-cypress-c3f07c15",0,3,0.00,7.3
"/schools/cypress-creek-high-school-houston-8478863f",0,3,0.00,43.3
"/schools/cypress-lakes-high-school-katy-81773076",0,3,0.00,10.0
"/schools/deleon-barber-atlanta-44e8efe7",0,3,0.00,5.7
"/schools/donna-north-high-school-donna-3b9049be",0,3,0.00,3.0
"/schools/ennis-high-school-ennis-100737d0",0,3,0.00,9.0
"/schools/fbf69ad8-048c-4c07-9319-1db1cef27131",0,3,0.00,7.0
"/schools/free-world-jiu-jitsu-pflugerville-bb73b758",0,3,0.00,10.0
"/schools/glance-lash-academy-fort-worth-c058b1a7",0,3,0.00,25.0
"/schools/h-m-aesthetics-llc-plano-2b73e2c2",0,3,0.00,3.3
"/schools/icon-school-of-barbering-houston-48d3cd87",0,3,0.00,2.3
"/schools/image-academy-memorial-houston-0289791c",0,3,0.00,11.3
"/schools/infinite-glow-academy-los-angeles-da46c921",0,3,0.00,11.3
"/schools/james-earl-rudder-high-school-bryan-9ab313e2",0,3,0.00,9.7
"/schools/jasmine-beauty-school-san-diego-088d32ae",0,3,0.00,9.0
"/schools/jay-s-technical-institute-houston-3b00d34e",0,3,0.00,10.0
"/schools/john-a-dubiski-career-high-school-grand-prairie-6092fba6",0,3,0.00,20.7
"/schools/klein-forest-high-school-houston-1c0dc936",0,3,0.00,9.7
"/schools/langham-creek-high-school-houston-9fc68f84",0,3,0.00,15.3
"/schools/le-chic-beauty-academy-katy-fb288a03",0,3,0.00,9.0
"/schools/league-city-medical-assistant-school-south-shore-league-city-b9c5737f",0,3,0.00,9.3
"/schools/lee-high-school-baytown-dad4b90c",0,3,0.00,7.0
"/schools/legendz-barber-academy-grand-prairie-0ac40637",0,3,0.00,11.0
"/schools/lexies-lash-and-beauty-academy-llc-saginaw-c07a097d",0,3,0.00,6.3
"/schools/marmel-beauty-academy-los-angeles-0a73c145",0,3,0.00,10.0
"/schools/michael-vincent-academy-los-angeles-a0b61f76",0,3,0.00,9.0
"/schools/modern-barber-college-the-woodlands-da76ea70",0,3,0.00,8.0
"/schools/modern-image-institute-barber-stylist-richardson-dallas-53b82508",0,3,0.00,25.7
"/schools/momentum-beauty-academy-fort-worth-48a77eb3",0,3,0.00,6.0
"/schools/natural-images-beauty-college-pearland-1c46f87a",0,3,0.00,33.3
"/schools/navii-esthetics-amarillo-74bad7f2",0,3,0.00,14.0
"/schools/next-generation-barber-academy-llc-waco-7f45d5b4",0,3,0.00,8.7
"/schools/orange-academy-of-beauty-orange-0f77eb7a",0,3,0.00,5.0
"/schools/pro-fades-barber-academy-dallas-c2bdee72",0,3,0.00,6.0
"/schools/quality-barber-college-houston-2f31a0fc",0,3,0.00,7.0
"/schools/querageous-barber-school-houston-668dd976",0,3,0.00,8.0
"/schools/r-s-institute-tx-06d8f51f",0,3,0.00,7.3
"/schools/riverside-trade-and-industry-houston-6b90929f",0,3,0.00,14.3
"/schools/robstown-high-school-robstown-16d7284d",0,3,0.00,9.0
"/schools/rusk-high-school-rusk-194d81d2",0,3,0.00,8.3
"/schools/sebring-career-schools-houston-houston-ef43474a",0,3,0.00,4.7
"/schools/shears-of-steele-jensen-beach-0196668c",0,3,0.00,10.3
"/schools/shelby-college-center-center-5e93d394",0,3,0.00,6.0
"/schools/southwest-high-school-san-antonio-572a1b2e",0,3,0.00,34.3
"/schools/temple-high-school-temple-e97f80ee",0,3,0.00,8.0
"/schools/texan-s-barber-school-lufkin-b405bcc5",0,3,0.00,7.3
"/schools/trimble-tech-high-school-fort-worth-d092d4e1",0,3,0.00,7.3
"/schools/visionz-barber-mesa-bb0edf04",0,3,0.00,7.0
"/schools/vogue-international-careers-port-arthur-239ab584",0,3,0.00,8.0
"/schools/wharton-county-junior-college-richmond-0e6de254",0,3,0.00,8.3
"/schools/wharton-county-tx-0f71dca1",0,3,0.00,7.0
"/schools/women-s-empowerment-center-houston-1aa297c5",0,3,0.00,19.3
"/shop/0d00bf42-9196-48a7-8734-2916664aab0e",0,3,0.00,3.3
"/shop/5th-street-barber-shop-katy-b8c2c16b",0,3,0.00,6.3
"/shop/9cda364c-fb68-4a43-90a4-a1002fddc72e",0,3,0.00,7.0
"/shop/a6cd48e5-2b32-4062-8284-c100cccdefc3",0,3,0.00,6.0
"/shop/aaron-s-on-7th-gentlemens-barber-shop-fort-worth-4c1d1807",0,3,0.00,7.3
"/shop/adrian-s-barber-shop-garden-grove-49c26a3d",0,3,0.00,5.7
"/shop/airline-barbershop-corpus-christi-08bc668d",0,3,0.00,11.0
"/shop/ajeet-mundan-barber-shop-fremont-ed909b6a",0,3,0.00,8.7
"/shop/alanis-barbershop-mesquite-f186246f",0,3,0.00,8.3
"/shop/all-american-barbershop-llc-san-antonio-cba6fec9",0,3,0.00,9.7
"/shop/all-hustle-barbers-co-fremont-5808865d",0,3,0.00,7.0
"/shop/all-stars-haircuts-houston-77089-63600f23",0,3,0.00,6.7
"/shop/aware-by-luther-barbershop-houston-77026-871e2a68",0,3,0.00,7.7
"/shop/barber-haus-austin-austin-a7a01a70",0,3,0.00,6.7
"/shop/barber-joes-chop-shop-pasadena-14225ba7",0,3,0.00,11.0
"/shop/barber-king-hair-cut-straight-shave-beard-trim-and-color-hair-color-full-body-waxing-males-and-female-houston-77092-a59539e2",0,3,0.00,7.3
"/shop/barber-kings-brownsville-dc8e4825",0,3,0.00,8.0
"/shop/bd3de0c5-394f-4d95-a88d-e001726a3a1b",0,3,0.00,7.7
"/shop/beardbrand-barbershop-austin-e1efec6c",0,3,0.00,27.0
"/shop/beast-wit-da-clippers-houston-77090-b51cf25c",0,3,0.00,8.3
"/shop/beau-s-place-katy-a1dc4613",0,3,0.00,6.0
"/shop/better-days-barbershop-san-antonio-3b0c0805",0,3,0.00,5.7
"/shop/birdies-and-blades-barbershop-formerly-mane-event-barbershop-frisco-868c4f56",0,3,0.00,32.3
"/shop/bonneville-barbershop-glendale-b443c97e",0,3,0.00,9.0
"/shop/bosscutz-barbershop-houston-77071-c57f67a2",0,3,0.00,11.0
"/shop/brethren-barber-parlour-llc-glendale-c71a763e",0,3,0.00,11.3
"/shop/buddha-the-barber-s-barbershop-houston-77020-694cdffc",0,3,0.00,6.3
"/shop/c-c-barber-shop-missouri-city-b5ca763a",0,3,0.00,9.3
"/shop/c093ce11-435a-4b15-bdef-2d143e0d0098",0,3,0.00,6.7
"/shop/canas-barbershop-houston-77070-40991bb5",0,3,0.00,7.7
"/shop/clark-s-professional-mobile-cuts-missouri-city-a2b69f31",0,3,0.00,6.7
"/shop/clipperboy-hd-houston-77056-2e523395",0,3,0.00,5.7
"/shop/cnj-s-barbershop-lubbock-c7872182",0,3,0.00,8.7
"/shop/common-space-barbershop-austin-adeaa6ef",0,3,0.00,9.3
"/shop/cool-heads-barbershop-las-colinas-oconnor-irving-6f0fe97e",0,3,0.00,8.3
"/shop/cruzycruzcial-austin-c6f3e8de",0,3,0.00,27.3
"/shop/d-clippz-barbershop-humble-11837500",0,3,0.00,6.0
"/shop/d-shop-garland-db1703ad",0,3,0.00,6.3
"/shop/david-s-barber-pro-waco-a8f8edcd",0,3,0.00,7.3
"/shop/df02e5ef-fea6-4ea0-bfe0-b11069d56026",0,3,0.00,4.7
"/shop/diamond-barber-and-beauty-salon-houston-77095-9cb8f985",0,3,0.00,6.7
"/shop/diesel-barbershop-houston-west-university-houston-77098-2fb84ab3",0,3,0.00,13.0
"/shop/diesel-barbershop-the-strand-san-antonio-dbad2e96",0,3,0.00,10.3
"/shop/divizion-barber-co-houston-77089-ad0e5cb3",0,3,0.00,9.7
"/shop/domain-barber-studio-houston-77088-d5572799",0,3,0.00,18.0
"/shop/ef94e4fd-fd13-46d9-bb9c-e7b3e6bf17e0",0,3,0.00,4.3
"/shop/el-catracho-barber-shop-houston-77055-e69b27b3",0,3,0.00,9.0
"/shop/elegant-fade-barbershop-houston-ff0553d7",0,3,0.00,7.0
"/shop/elevate-cuts-brownsville-e7911eef",0,3,0.00,3.0
"/shop/elevated-cuts-lubbock-38c5ae49",0,3,0.00,9.3
"/shop/elite-barbershop-houston-7bd4b970",0,3,0.00,9.7
"/shop/empire-barbershop-laredo-5820d7d0",0,3,0.00,4.0
"/shop/ernie-s-barber-shop-glendale-4226befd",0,3,0.00,12.0
"/shop/evolvecut-barber-studio-houston-77057-26d87e28",0,3,0.00,4.3
"/shop/fades-and-blades-sf-san-francisco-03c0ecd2",0,3,0.00,8.3
"/shop/fades-n-braids-by-deissy-pasadena-75dfd743",0,3,0.00,8.3
"/shop/fadetovens-house-of-barbers-san-antonio-7fb18bd8",0,3,0.00,6.0
"/shop/fama-barber-shop-and-beauty-salon-denton-8f736985",0,3,0.00,11.0
"/shop/flycutz-barbershop-houston-77093-507632e7",0,3,0.00,10.7
"/shop/fn-barbershop-el-paso-da4e88c9",0,3,0.00,10.7
"/shop/fr3d-barber-houston-77094-7b4fb6c2",0,3,0.00,5.7
"/shop/fresco-fades-barber-shop-san-antonio-1b6bd4f0",0,3,0.00,10.7
"/shop/freshfadez-barberstudio-el-paso-38995131",0,3,0.00,10.7
"/shop/galindo-s-barbershop-conroe-conroe-72a19f30",0,3,0.00,7.0
"/shop/garcia-s-barber-shop-houston-77081-dc9c5b0c",0,3,0.00,10.3
"/shop/good-cutz-barber-lounge-houston-77082-a4dea32d",0,3,0.00,8.7
"/shop/goodfellas-hair-studio-midland-a7325d5f",0,3,0.00,7.7
"/shop/hamza-s-barbershop-houston-77089-88b1f855",0,3,0.00,8.3
"/shop/harlem-haircutz-houston-77073-1671b83b",0,3,0.00,3.3
"/shop/headquarters-barbershop-ceres-modesto-9c6530d0",0,3,0.00,9.3
"/shop/hh-superior-artistic-cuts-houston-77095-d587f92d",0,3,0.00,4.0
"/shop/hollywood-cutting-up-barbershop-houston-77051-c3279596",0,3,0.00,6.0
"/shop/hooked-on-cutz-plano-8c6292bb",0,3,0.00,5.7
"/shop/houston55-barber-studio-houston-77094-5b54a10e",0,3,0.00,16.0
"/shop/james-and-co-barbershop-houston-e5d791c4",0,3,0.00,4.0
"/shop/jimbo-real-kutz-houston-77044-4b2d9041",0,3,0.00,9.3
"/shop/jmajor-cutz-mobile-barber-dallas-f5ecefc7",0,3,0.00,5.0
"/shop/joe-black-barber-shop-pearland-6031f7f9",0,3,0.00,33.7
"/shop/jp-s-chopping-lounge-barber-shop-houston-77029-4049553d",0,3,0.00,5.7
"/shop/julian-s-barber-shop-amarillo-06f91b07",0,3,0.00,4.0
"/shop/kcbeautysalon-pflugerville-2f29922a",0,3,0.00,2.3
"/shop/kd-the-lady-barber-denton-cbe198cd",0,3,0.00,7.7
"/shop/klutch-barbershop-houston-77022-fc8e98e8",0,3,0.00,3.3
"/shop/koncepts-of-barbering-houston-77030-fe9c834c",0,3,0.00,4.7
"/shop/krispykutzinc-barbershop-houston-willowbrook-houston-77069-a4724896",0,3,0.00,4.3
"/shop/kutz-barbershop-houston-77090-2f0523be",0,3,0.00,6.7
"/shop/la-fama-barbershop-houston-77069-3e030c02",0,3,0.00,10.7
"/shop/legendz-grooming-lounge-waco-5dc577f7",0,3,0.00,8.0
"/shop/lew-fades-pflugerville-7dd8ca8c",0,3,0.00,5.0
"/shop/local-barber-co-mckinney-303b6e11",0,3,0.00,17.3
"/shop/look-at-me-now-barbershop-waco-41a54d0c",0,3,0.00,33.7
"/shop/louie-s-barbershop-sf-san-francisco-fb91617d",0,3,0.00,8.7
"/shop/lu-s-barber-shop-haircut-shave-pearland-houston-77089-e48e282f",0,3,0.00,8.0
"/shop/lu-s-barber-shop-washington-ave-houston-77007-0529b644",0,3,0.00,7.3
"/shop/mayli-s-fades-barber-shop-irving-76f28a41",0,3,0.00,2.7
"/shop/maytham-mobile-barber-houston-vip-mobile-barber-houston-77089-6a625326",0,3,0.00,6.3
"/shop/merriweather-co-the-best-little-barbershop-in-texas-dallas-274f7f9b",0,3,0.00,8.0
"/shop/minty-barber-frisco-location-haircuts-beard-trims-hot-towel-straight-razor-shaves-fine-men-s-barbershop-salon-frisco-78a2f396",0,3,0.00,9.0
"/shop/moni-the-barber-garland-14694539",0,3,0.00,1.7
"/shop/nakhi-houston-barber-houston-77094-b3bbf8db",0,3,0.00,5.0
"/shop/neno-stylo-barber-shop-houston-77063-77933a53",0,3,0.00,5.7
"/shop/new-generaxion-barber-shop-brownsville-5e942451",0,3,0.00,3.3
"/shop/new-style-barber-shop-houston-77060-c7b7dab4",0,3,0.00,5.7
"/shop/next-generation-barber-shop-waco-7944bcbd",0,3,0.00,7.3
"/shop/next-level-barbershop-san-francisco-6bc42fb4",0,3,0.00,7.7
"/shop/nick-s-place-vip-barber-studio-houston-77093-5551e9f8",0,3,0.00,5.3
"/shop/no-fade-no-life-pflugerville-8ad1c017",0,3,0.00,4.0
"/shop/old-tyme-barber-shop-arlington-0dfde82c",0,3,0.00,4.7
"/shop/paradise-barbershop-dallas-1642628e",0,3,0.00,7.0
"/shop/phyl-s-house-of-fades-salon-houston-77060-095c33bb",0,3,0.00,7.0
"/shop/precision-cuts-barber-beauty-houston-77049-a03869a1",0,3,0.00,4.3
"/shop/premier-gentleman-s-barbershop-killeen-8e933730",0,3,0.00,4.3
"/shop/randle-s-barbershop-houston-77026-d757b042",0,3,0.00,7.0
"/shop/raymond-s-barber-shop-houston-77007-b69ade3e",0,3,0.00,4.7
"/shop/rd-barbershop-arlington-3c432ac7",0,3,0.00,8.0
"/shop/red-fox-barbershop-fort-worth-fb036706",0,3,0.00,9.0
"/shop/robert-daniel-barber-studio-dtla-barber-los-angeles-f878a30c",0,3,0.00,9.0
"/shop/royal-king-kutz-studio-houston-77087-aebdc585",0,3,0.00,7.7
"/shop/royal-shave-barbershop-garland-5056b4a4",0,3,0.00,7.7
"/shop/rubios-beauty-barber-houston-77088-a2aeb208",0,3,0.00,8.7
"/shop/san-francisco-barbershop-of-dallas-dallas-52683b08",0,3,0.00,9.0
"/shop/sharper-edge-northwest-houston-77080-d92c2c55",0,3,0.00,6.0
"/shop/so-sharp-barbershop-and-salon-pearland-c803c53f",0,3,0.00,7.3
"/shop/solidified-barbershop-2-cedar-tree-village-fresno-5b4dac50",0,3,0.00,9.3
"/shop/soul-fadez-plano-6541e74c",0,3,0.00,6.7
"/shop/stailey-s-barber-shop-and-salon-mckinney-f8c7abc0",0,3,0.00,12.7
"/shop/station-one-barbershop-san-antonio-c74ea142",0,3,0.00,9.7
"/shop/steve-s-first-street-barbershop-san-jose-b61ea978",0,3,0.00,6.3
"/shop/streetcutz-barbershop-houston-77049-0b5e0331",0,3,0.00,3.7
"/shop/studio-93-amarillo-5d1c93d0",0,3,0.00,23.3
"/shop/t-s-barber-style-shop-houston-77051-ca0e64b0",0,3,0.00,8.0
"/shop/tank-be-choppin-pasadena-0fad5dd7",0,3,0.00,5.0
"/shop/the-barber-station-san-antonio-25fca191",0,3,0.00,12.0
"/shop/the-classic-barber-southside-fort-worth-2475d67a",0,3,0.00,5.3
"/shop/the-denton-dapper-devil-denton-8b880e55",0,3,0.00,10.0
"/shop/the-edge-by-kg-sugar-land-6e159c2a",0,3,0.00,4.7
"/shop/the-fade-room-arlington-28cf2675",0,3,0.00,8.7
"/shop/the-fade-room-houston-77030-15ed7775",0,3,0.00,5.0
"/shop/the-gentry-executive-cuts-and-shaves-memorial-houston-77063-e3ebd31e",0,3,0.00,8.3
"/shop/the-lion-king-barbershop-san-jose-17934f55",0,3,0.00,7.7
"/shop/the-truth-barbershop-humble-0bba91b4",0,3,0.00,9.0
"/shop/trend-setters-barber-shop-houston-77009-1d007fd8",0,3,0.00,8.3
"/shop/trim-district-premium-barbershop-san-antonio-78e90c3f",0,3,0.00,12.0
"/shop/tx-elite-barbershop-dallas-649523c5",0,3,0.00,8.0
"/shop/uma-chris-henley-hair-salon-on-the-border-eagle-pass-bf0d7be6",0,3,0.00,4.3
"/shop/union-barber-shop-amarillo-b0d42d32",0,3,0.00,5.7
"/shop/unique-blendz-barbershop-brownsville-64dce263",0,3,0.00,6.0
"/shop/uplifted-barber-studio-el-paso-e6060e87",0,3,0.00,8.7
"/shop/vegas-barber-shop-beauty-salon-houston-77011-6bd3b5bc",0,3,0.00,5.0
"/shop/viciouz-cutz-studiouz-missouri-city-afae2037",0,3,0.00,3.7
"/shop/x9-barbershop-san-jose-b29c9c76",0,3,0.00,7.0
"/shop/yhoan-barbershop-irving-13849e08",0,3,0.00,21.7
"/shop/yuri-cuts-houston-77081-6556ae6f",0,3,0.00,6.0
"/shop/zfadez21-barbershop-salon-15-years-experienced-garland-710356c1",0,3,0.00,8.0
"/stores/armstrong-mccall-beauty-supply-houston-77064-ddbbd25d",0,3,0.00,27.7
"/stores/beauty-supply-4u-anaheim-f902c845",0,3,0.00,9.0
"/stores/colletteavon-missouri-city-92046b42",0,3,0.00,9.0
"/stores/ebony-beauty-supply-ii-oakland-f61c197a",0,3,0.00,9.0
"/stores/ej-beauty-supply-4-houston-77079-0da6b492",0,3,0.00,1.7
"/stores/empire-beauty-supply-co-san-diego-cb6621db",0,3,0.00,10.7
"/stores/hair-factory-beauty-supply-fontana-868284fd",0,3,0.00,13.7
"/stores/hippo-beauty-supply-austin-1dba7712",0,3,0.00,5.3
"/stores/join-us-beauty-supply-san-jose-51b37ff0",0,3,0.00,6.7
"/stores/luxe-celine-beauty-bar-beauty-supply-sugar-land-93b45728",0,3,0.00,6.7
"/stores/princess-beauty-supply-oakland-db601348",0,3,0.00,1.7
"/stores/purentru-beauty-supply-houston-77094-7ab08e32",0,3,0.00,6.3
"/stores/sdga-pro-shop-san-diego-1f295677",0,3,0.00,7.7
"/stores/seekfirst-ent-eagle-pass-a106fecc",0,3,0.00,10.7
"/stores/the-lash-supply-bellaire-tx-sugar-land-794199e4",0,3,0.00,20.7
"/stores/top-beauty-supply-houston-77049-50816a7f",0,3,0.00,32.7
"/stores/viet-nails-supply-san-diego-11aa01d2",0,3,0.00,2.0
"/stores/vuxhairllc-houston-77007-2289ef7b",0,3,0.00,9.0
"/stores/vyvy-s-nails-supplies-hair-salon-san-diego-d349168e",0,3,0.00,23.0
"/stores/yo-beauty-supply-san-francisco-1e4f28c7",0,3,0.00,5.0
"/texas/austin/78704",0,3,0.00,45.3
"/texas/austin/78757",0,3,0.00,73.7
"/texas/austin/78759",0,3,0.00,42.3
"/texas/beaumont/77701",0,3,0.00,32.3
"/texas/brownsville/78520",0,3,0.00,13.3
"/texas/corpus-christi/78415",0,3,0.00,17.7
"/texas/cypress/77429",0,3,0.00,15.0
"/texas/dallas/75201",0,3,0.00,8.3
"/texas/dallas/75214",0,3,0.00,50.7
"/texas/dallas/75216",0,3,0.00,52.3
"/texas/dallas/75231",0,3,0.00,42.7
"/texas/dallas/75237",0,3,0.00,63.3
"/texas/el-paso/79930",0,3,0.00,8.0
"/texas/houston/insights/market-analysis/all-pro-s-barbershop",0,3,0.00,10.0
"/texas/houston/insights/market-analysis/barber-pad",0,3,0.00,8.7
"/texas/houston/insights/market-analysis/barber-sinan",0,3,0.00,7.7
"/texas/houston/insights/market-analysis/capones-barbershop",0,3,0.00,8.7
"/texas/houston/insights/market-analysis/che-s-barbers",0,3,0.00,5.0
"/texas/houston/insights/market-analysis/chophouse-barber-company",0,3,0.00,9.7
"/texas/houston/insights/market-analysis/cutthroat-barbers-houston-barbershop-in-montrose-hair-salon",0,3,0.00,9.3
"/texas/houston/insights/market-analysis/exclusive-barbershop",0,3,0.00,10.3
"/texas/houston/insights/market-analysis/fades-on-demand",0,3,0.00,9.7
"/texas/houston/insights/market-analysis/five-star-barbershop",0,3,0.00,12.3
"/texas/houston/insights/market-analysis/gerrod-jones-barbershop",0,3,0.00,8.3
"/texas/houston/insights/market-analysis/guy-code-barbershop",0,3,0.00,6.7
"/texas/houston/insights/market-analysis/headspace-barbershop",0,3,0.00,10.0
"/texas/houston/insights/market-analysis/in-the-loop-by-lather",0,3,0.00,10.7
"/texas/houston/insights/market-analysis/jay-s-cutz-barber-suite",0,3,0.00,8.7
"/texas/houston/insights/market-analysis/king-s-cut-",0,3,0.00,4.0
"/texas/houston/insights/market-analysis/m-b-barber-shop",0,3,0.00,56.0
"/texas/houston/insights/market-analysis/masters-barber-shop",0,3,0.00,9.3
"/texas/houston/insights/market-analysis/ro-s-barbershop",0,3,0.00,11.7
"/texas/houston/insights/market-analysis/sharper-edge-northwest",0,3,0.00,7.0
"/texas/houston/insights/market-analysis/steve-s-barber-studio",0,3,0.00,8.3
"/texas/houston/insights/market-analysis/studio09-barbershop",0,3,0.00,9.7
"/texas/houston/insights/market-analysis/the-barber-collection-katy",0,3,0.00,9.7
"/texas/houston/insights/market-analysis/the-cavern-barbershop",0,3,0.00,8.3
"/texas/houston/insights/market-analysis/the-studio-mgs",0,3,0.00,8.0
"/texas/houston/insights/market-analysis/xclusive-barbershop",0,3,0.00,8.7
"/texas/missouri-city/77489",0,3,0.00,23.7
"/texas/pflugerville",0,3,0.00,27.7
"/texas/san-antonio",0,3,0.00,5.7
"/texas/san-antonio/78205",0,3,0.00,10.0
"/texas/sherman/75090",0,3,0.00,10.0
"/tools/ai-booth-station/angel-barber-studio",0,3,0.00,4.7
"/tools/ai-booth-station/dyunibarbershop",0,3,0.00,4.7
"/tools/ai-booth-station/fn-barbershop",0,3,0.00,11.0
"/tools/ai-booth-station/haven-cuts",0,3,0.00,4.7
"/tools/ai-booth-station/hollywood-cutting-up-barbershop",0,3,0.00,10.3
"/tools/ai-booth-station/v-s-barbershop-houston-river-oaks",0,3,0.00,15.3
"/tools/barbershop-search",0,3,0.00,8.7
"/tools/barbershop-search",0,3,0.00,9.7
"/tools/barbershop-search",0,3,0.00,7.7
"/tools/shop-site-template/shop-website-customizer/0d00bf42-9196-48a7-8734-2916664aab0e/customizer",0,3,0.00,4.7
"/tools/shop-site-template/shop-website-customizer/13e42855-30d5-4c8e-8e41-cbdade05443f",0,3,0.00,5.7
"/tools/shop-site-template/shop-website-customizer/1671b83b-8ddf-4535-91fa-cadee37802cc",0,3,0.00,2.0
"/tools/shop-site-template/shop-website-customizer/274035cd-24f5-4364-b26a-2be0e188883e",0,3,0.00,31.7
"/tools/shop-site-template/shop-website-customizer/32efcd8b-2900-4fea-bf34-95da69b73ac1",0,3,0.00,7.0
"/tools/shop-site-template/shop-website-customizer/3b39143a-65b2-4a16-9249-ed6d39e448e3",0,3,0.00,8.0
"/tools/shop-site-template/shop-website-customizer/7944bcbd-1c89-4d44-836d-259163d0e3e3",0,3,0.00,7.7
"/tools/shop-site-template/shop-website-customizer/798579b1-6c3f-4b8e-a7d3-65656391440b",0,3,0.00,14.0
"/tools/shop-site-template/shop-website-customizer/822dceca-0260-48c8-9f03-36b2de854217",0,3,0.00,8.3
"/tools/shop-site-template/shop-website-customizer/8f42a61d-6229-4371-b184-746efba47a41",0,3,0.00,5.0
"/tools/shop-site-template/shop-website-customizer/98f56d48-92a2-4fb9-9c17-ad748d24f8fc",0,3,0.00,5.3
"/tools/shop-site-template/shop-website-customizer/a16a1265-03e0-4191-a3b7-08359f09346c",0,3,0.00,7.0
"/tools/shop-site-template/shop-website-customizer/c3cca4b5-b467-43cc-8f97-fbca3f095a7e",0,3,0.00,10.0
"/tools/shop-site-template/shop-website-customizer/c62100b2-4641-460e-a82c-1b6b30e9295c",0,3,0.00,4.7
"/tools/shop-site-template/shop-website-customizer/d3d677a3-8e49-41a8-8454-f94898fe87a8",0,3,0.00,5.7
"/tools/shop-site-template/shop-website-customizer/d46d042e-e44f-4cde-8912-28b542cd68d5",0,3,0.00,20.7
"/tools/shop-site-template/shop-website-customizer/d48554c1-74e1-4c88-88fc-65c7b3961c15",0,3,0.00,8.3
"/tools/shop-site-template/shop-website-customizer/d6ad79d5-1655-4bc5-94ba-5921b27ad6ef",0,3,0.00,9.7
"/tools/shop-site-template/shop-website-customizer/e099f8fa-bc55-436f-9793-5d7b92274434",0,3,0.00,53.7
"/tools/shop-site-template/shop-website-customizer/f4beb893-6ad3-415d-a2b8-a17fdabafd20",0,3,0.00,18.7
"/tools/shop-site-template/shop-website-customizer/f5ecefc7-8159-4702-89ec-4471d8040116",0,3,0.00,2.7
"/tools/shop-site-template/shop-website-customizer/the-garage-barbershop-houston-77094-3daf3dba",0,3,0.00,7.7
"/barbers/e-lethal-kutzz-tx-a22c6ffe",1,2,50.00,2.0
"/barbers/men-ov-honor-studio-tx-929f00dc",1,2,50.00,4.0
"/barbers/rob-the-barber-tx-4ad93dd0",1,2,50.00,9.5
"/barbers/sickestfadez-powered-by-jon-tx-0be99fae",1,2,50.00,3.5
"/barbers/thebarbernaut-tx-222551b6",1,2,50.00,5.0
"/cosmetologists/tawana-g-cosmetologist-houston-53d2712b",1,2,50.00,5.5
"/schools/lmb-lash-academy-llc-fort-worth-3d9c4035",1,2,50.00,10.5
"/stores/cosmetic-palace-perfumes-beauty-supply-chula-vista-2295b769",1,2,50.00,8.0
"/texas",1,2,50.00,6.0
"/",0,2,0.00,1.5
"/",0,2,0.00,1.5
"/",0,2,0.00,1.5
"/austin/78757",0,2,0.00,30.0
"/barber-beauty-network",0,2,0.00,6.0
"/barbers/48-blendz-tx-8b02ce83",0,2,0.00,4.5
"/barbers/abcutzz-dallas-75204-13aa39d4",0,2,0.00,6.5
"/barbers/ak-kutz-houston-77054-cceb3be8",0,2,0.00,9.0
"/barbers/alejandroblendz-tx-8aaf2414",0,2,0.00,7.5
"/barbers/alex-barber-tx-969d2abd",0,2,0.00,31.0
"/barbers/alexhdz24-mesquite-75149-0a970496",0,2,0.00,9.5
"/barbers/alexis-fadez-tx-8de42b84",0,2,0.00,8.0
"/barbers/allhairnlox-expo-tx-6388b6f5",0,2,0.00,18.0
"/barbers/always-faded-tx-d691cf35",0,2,0.00,15.0
"/barbers/andy-ecutz-tx-7bcec457",0,2,0.00,15.0
"/barbers/angel-barber-tx-5c0ca348",0,2,0.00,9.0
"/barbers/anthocuts-tx-b22b43f0",0,2,0.00,4.0
"/barbers/artstyle-barbershop-tx-9873541b",0,2,0.00,9.5
"/barbers/backlikeyanevaleft-tx-63c4bc27",0,2,0.00,4.0
"/barbers/bah-s-place-tx-3e987318",0,2,0.00,7.5
"/barbers/barber-agustin-tx-0724cc7e",0,2,0.00,3.0
"/barbers/barber-laso-tx-cf845c53",0,2,0.00,5.0
"/barbers/barber369-houston-77009-0d1576f0",0,2,0.00,3.0
"/barbers/barbergodcarter-tx-tx-a574cf75",0,2,0.00,11.0
"/barbers/barberia-ejemplar-con-gran-servicio-y-comodidad-tx-57929c64",0,2,0.00,8.0
"/barbers/better-fade-studios-tx-87c1119f",0,2,0.00,5.5
"/barbers/big-vic-barber-houston-fe00ac09",0,2,0.00,5.0
"/barbers/bposh-beauty-bar-tx-a8ef6fcb",0,2,0.00,13.5
"/barbers/chopped-up-by-j-tx-c693e4e2",0,2,0.00,10.0
"/barbers/choppzbycortez-tx-de626615",0,2,0.00,18.0
"/barbers/chriispycutz-tx-4ce95052",0,2,0.00,2.0
"/barbers/chrisdabarber-houston-77029-1d38ac11",0,2,0.00,2.5
"/barbers/clarity-cuts-barbershop-tx-f36cc9c1",0,2,0.00,12.5
"/barbers/clean-chops-tx-3e85bf31",0,2,0.00,5.0
"/barbers/clip-trips-by-lonie-tx-8026db09",0,2,0.00,26.5
"/barbers/coldscout-the-barber-tx-301b43a4",0,2,0.00,2.5
"/barbers/creator-faded-tx-3f57ab54",0,2,0.00,52.0
"/barbers/ct-tx-7aaaa930",0,2,0.00,5.5
"/barbers/cubosthebarber-tx-ef5b0e3f",0,2,0.00,36.0
"/barbers/curtiz-cutz-barber-shop-tx-800d18f1",0,2,0.00,11.0
"/barbers/cut-by-j-tx-e0b5a79c",0,2,0.00,10.5
"/barbers/cuts-by-josh-houston-77093-e11590b6",0,2,0.00,5.5
"/barbers/cutz-alvaro-houston-77092-70b66126",0,2,0.00,7.0
"/barbers/cutzwithjay-tx-d42a31a2",0,2,0.00,6.0
"/barbers/dani-s-style-houston-77055-8162c095",0,2,0.00,13.0
"/barbers/daniblendz-houston-77029-90bd4be3",0,2,0.00,3.0
"/barbers/dany-the-barber-tx-28d5c1e8",0,2,0.00,7.0
"/barbers/davie-therxbarber-tx-9c82baec",0,2,0.00,8.0
"/barbers/denice-fadez-tx-4df14076",0,2,0.00,42.5
"/barbers/dezfadeit-tx-a9450b75",0,2,0.00,10.0
"/barbers/domsprocess-houston-77076-9e476b1e",0,2,0.00,3.5
"/barbers/donde-pachi-otro-nivel-barber-shop-houston-77088-426faf21",0,2,0.00,6.5
"/barbers/dr-swan-kutzs-richardson-75080-e181d7df",0,2,0.00,9.0
"/barbers/dukefadez-tx-54b5b8c6",0,2,0.00,5.0
"/barbers/elvizfadez-tx-366fd107",0,2,0.00,8.5
"/barbers/erics-blendz-tx-d258e750",0,2,0.00,6.5
"/barbers/fadedbyayala-tx-3d910284",0,2,0.00,8.5
"/barbers/fadedbyfredo-tx-a4148dd8",0,2,0.00,10.0
"/barbers/fadedbynaye-tx-9b911abe",0,2,0.00,57.5
"/barbers/fademeupsamy-tx-4bf432f2",0,2,0.00,9.0
"/barbers/fadesby-jose-tx-e51480ab",0,2,0.00,10.0
"/barbers/frankenstein-the-barber-tx-d232d53e",0,2,0.00,8.0
"/barbers/frankfadez713-tx-55649c77",0,2,0.00,18.0
"/barbers/geraablendz-dallas-75208-1a84dc50",0,2,0.00,6.5
"/barbers/grahmz-the-barber-tx-96db1ca6",0,2,0.00,7.5
"/barbers/harim-blends-tx-3b0a0d85",0,2,0.00,30.5
"/barbers/house-of-fades-spring-tx-c8f72e8b",0,2,0.00,8.5
"/barbers/house-of-haircuts-tx-43619632",0,2,0.00,7.0
"/barbers/irv-the-barber-mesquite-75150-a0cc3f9b",0,2,0.00,10.0
"/barbers/isaaccutit-dallas-75208-3fd91a34",0,2,0.00,9.0
"/barbers/j-d-barber-tx-fe592948",0,2,0.00,9.5
"/barbers/jaelincuts-tx-d5908a3d",0,2,0.00,3.5
"/barbers/james-houston-77091-21342938",0,2,0.00,6.5
"/barbers/jay-fadezzzz-tx-17e834eb",0,2,0.00,7.5
"/barbers/jaydabarber-tx-cf4d9336",0,2,0.00,7.0
"/barbers/jc-be-blessing-tx-e812319a",0,2,0.00,5.5
"/barbers/jesus-barber-tx-100900ce",0,2,0.00,7.5
"/barbers/joaquincutz-garland-75041-4570874e",0,2,0.00,79.5
"/barbers/jojo-cutz-tx-560f388d",0,2,0.00,3.0
"/barbers/jose-chopz-tx-ea93ddf0",0,2,0.00,16.5
"/barbers/josselinthestylist-tx-7b66a758",0,2,0.00,28.0
"/barbers/jrenaud-barber-tx-a27f6aa3",0,2,0.00,8.0
"/barbers/jtbarberverse-joel-tx-18842086",0,2,0.00,48.0
"/barbers/ju-the-barber-tx-eac0edd6",0,2,0.00,8.5
"/barbers/kenn-tha-barberdoll-tx-eda7d1d9",0,2,0.00,8.5
"/barbers/kutn-em-up-farmers-branch-75234-5fc3fa87",0,2,0.00,10.0
"/barbers/la-master-groomer-la-stylez-tx-a04ea70c",0,2,0.00,3.0
"/barbers/lady-barberareli-houston-77011-e5de7d6d",0,2,0.00,21.5
"/barbers/larro-cuts-dallas-75207-d6ef6fa2",0,2,0.00,9.5
"/barbers/leo-at-pja-barber-lounge-tx-7039ca40",0,2,0.00,11.0
"/barbers/locked-in-lex-tx-1306c59e",0,2,0.00,2.0
"/barbers/magichands-tx-ead76b42",0,2,0.00,7.5
"/barbers/magicwristwork-tx-2386925f",0,2,0.00,9.0
"/barbers/mane-aesthetics-grooming-tx-bdb838ea",0,2,0.00,8.0
"/barbers/manin-cuts-tx-c339c301",0,2,0.00,7.0
"/barbers/marcella-tigercuts-tx-0896ee9a",0,2,0.00,7.5
"/barbers/martin-sandoval-tx-3ae82386",0,2,0.00,23.0
"/barbers/medellin-blendz-tx-0584c42a",0,2,0.00,20.5
"/barbers/melanie-barber-studio-tx-6f718f95",0,2,0.00,3.0
"/barbers/milano-cutz-tx-a56dbae8",0,2,0.00,10.0
"/barbers/mirelesfadez-tx-4bc7db7d",0,2,0.00,4.0
"/barbers/mr-marcus-house-of-fades-tx-ff143bad",0,2,0.00,8.5
"/barbers/mr140cutz-tx-0ba05395",0,2,0.00,11.0
"/barbers/mrjbthabarber-dallas-75226-abf6a567",0,2,0.00,20.5
"/barbers/new-look-barbershop-tx-4596affe",0,2,0.00,10.0
"/barbers/newlooks-tx-48271c35",0,2,0.00,8.0
"/barbers/nick-bthebarber-tx-5797f4b1",0,2,0.00,3.0
"/barbers/noe-chapa-tx-b94bdde6",0,2,0.00,3.5
"/barbers/noelbarber505-dallas-75240-cbd7e518",0,2,0.00,6.5
"/barbers/oj-lincoln-park-dallas-75225-d7e2c913",0,2,0.00,3.5
"/barbers/pacheco-cutz-tx-862ef921",0,2,0.00,5.0
"/barbers/paul-the-barber-crunch-time-barbers-tx-bd50fd59",0,2,0.00,4.5
"/barbers/pedrofadez-tx-11f8539c",0,2,0.00,5.0
"/barbers/phade-tx-bb70d8b1",0,2,0.00,23.5
"/barbers/phenomenal-cutz-tx-575dcff0",0,2,0.00,8.0
"/barbers/pj-dabarber-houston-77092-c1493e07",0,2,0.00,7.5
"/barbers/pokey-the-barber-houston-77092-ebd8cd10",0,2,0.00,5.0
"/barbers/ray-barber-master-fade-tx-26307ec6",0,2,0.00,5.0
"/barbers/ray-ray-s-reggie-da-barber-tx-64567ad0",0,2,0.00,2.0
"/barbers/razorbladerio-tx-8aeceda6",0,2,0.00,57.0
"/barbers/rgzcutzdallas-dallas-75202-b3650297",0,2,0.00,7.5
"/barbers/rich-by-talent-dallas-dallas-75201-8053d8c7",0,2,0.00,6.0
"/barbers/rick-da-blade-master-tx-75041-57c8704a",0,2,0.00,8.5
"/barbers/robb-gabbana-dallas-barber-dallas-75208-500e8d7a",0,2,0.00,8.5
"/barbers/roy-hernandez-tx-2eed3ba9",0,2,0.00,5.5
"/barbers/roy-house-of-fades-tx-df34f093",0,2,0.00,4.0
"/barbers/rubio-the-barber-tx-1236343f",0,2,0.00,3.5
"/barbers/rylochoppedthat-tx-a4b1b60c",0,2,0.00,6.0
"/barbers/samubarber-tx-59097b8e",0,2,0.00,41.5
"/barbers/sauce-blendz-tx-1ff9b9b4",0,2,0.00,6.5
"/barbers/sebasti-n-tx-ad7c066f",0,2,0.00,4.5
"/barbers/seda-smith-barber-houston-a7453404",0,2,0.00,5.5
"/barbers/sergioblendz-tx-ffdd4e90",0,2,0.00,10.0
"/barbers/sonniethebarber-garland-75043-d7562089",0,2,0.00,98.0
"/barbers/spade-sharp-cuts-tx-3dd787b8",0,2,0.00,5.0
"/barbers/spot-the-barber-tx-f0f7d6c0",0,2,0.00,60.0
"/barbers/stephen-alvarado-tx-dfaae631",0,2,0.00,7.0
"/barbers/suarez-tx-eaac39d6",0,2,0.00,4.0
"/barbers/sweet-pea-cutz-tx-657fc374",0,2,0.00,6.0
"/barbers/the-alkapone-houston-77022-4eddc666",0,2,0.00,6.0
"/barbers/theo-miller-tx-bcf4c660",0,2,0.00,6.0
"/barbers/tippinwithtam-tx-482f2bf4",0,2,0.00,69.0
"/barbers/trillfadez-dallas-75208-1d043308",0,2,0.00,11.0
"/barbers/tymo-houston-77091-b71ce866",0,2,0.00,6.0
"/barbers/vic-the-barber-se-orfadez-tx-e6919681",0,2,0.00,6.0
"/barbers/victhebarber-dallas-75234-10a06920",0,2,0.00,6.0
"/barbers/visionnairegio-tx-7a62b27b",0,2,0.00,31.0
"/barbers/will-blades-barber-houston-984ffabd",0,2,0.00,5.5
"/barbers/wilvin-dominican-barber-richardson-75080-fb8523ea",0,2,0.00,9.0
"/barbers/zaymorethanabarber-tx-92fbd97d",0,2,0.00,6.5
"/cosmetologists/ashia-brown-stylist-houston-4291f619",0,2,0.00,11.0
"/cosmetologists/bonny-r-makeup-artist-houston-c4420d82",0,2,0.00,6.0
"/cosmetologists/ce5ccbe3-9a5d-4115-a074-29bae9e9375c",0,2,0.00,2.0
"/cosmetologists/chinwe-agbo-cosmetologist-houston-3241b6f8",0,2,0.00,5.0
"/cosmetologists/faces-by-p-o-p-makeup-artist-houston-a387ffb1",0,2,0.00,23.0
"/cosmetologists/kerstinality-makeup-artist-houston-dedff14c",0,2,0.00,7.5
"/cosmetologists/megan-s-stylist-houston-a7d748a9",0,2,0.00,39.5
"/cosmetologists/ministry-in-makeup-makeup-artist-houston-167833c9",0,2,0.00,4.5
"/cosmetologists/murelleanais-cosmetologist-houston-4c9f27ba",0,2,0.00,6.0
"/cosmetologists/n-love-nails-professional-houston-af9c05a8",0,2,0.00,35.5
"/cosmetologists/nicole-english-cosmetologist-houston-f198ce8d",0,2,0.00,7.0
"/cosmetologists/nicole-p-cosmetologist-houston-e3eb6dba",0,2,0.00,8.5
"/cosmetologists/pixx-tatum-stylist-houston-f3825590",0,2,0.00,6.5
"/cosmetologists/queen-astoria-cosmetologist-houston-a9415da8",0,2,0.00,1.5
"/cosmetologists/ria-martin-makeup-artist-houston-a4d0c249",0,2,0.00,2.5
"/cosmetologists/rochelle-martin-certified-advanced-medical-nail-care-houston-eaf230d4",0,2,0.00,4.5
"/cosmetologists/shanese-dotson-makeup-artist-houston-1a0d6b38",0,2,0.00,8.0
"/cosmetologists/sonovia-the-stylist-stylist-houston-544bb2f1",0,2,0.00,4.5
"/cosmetologists/tamika-daniels-esthetician-houston-9e3c9f57",0,2,0.00,5.5
"/cosmetologists/yomie-brumley-cosmetologist-houston-aec6b963",0,2,0.00,5.0
"/east-end-houston-barbershops",0,2,0.00,7.0
"/el-paso/79925",0,2,0.00,11.5
"/fort-worth/76132",0,2,0.00,13.5
"/garland/75040",0,2,0.00,20.5
"/houston/insights/market-analysis/clipper-styles-barber-shop",0,2,0.00,7.0
"/houston/insights/market-analysis/d-z-barbershop",0,2,0.00,4.0
"/houston/insights/market-analysis/gre-as-3d-barber-shop",0,2,0.00,6.5
"/houston/insights/market-analysis/hair-fashion-salon",0,2,0.00,7.0
"/houston/insights/market-analysis/mai-s-barber-shop",0,2,0.00,7.0
"/houston/insights/market-analysis/malveaux-s-barbershop-ii",0,2,0.00,2.5
"/houston/insights/market-analysis/phayes-two-barber-shop",0,2,0.00,8.5
"/houston/insights/market-analysis/rockboyz-barber-and-beauty-shop",0,2,0.00,6.0
"/houston/insights/market-analysis/so-fresh-so-clean-barb",0,2,0.00,10.0
"/houston/insights/market-analysis/the-bearded-lady-barber-company",0,2,0.00,6.0
"/houston/insights/market-analysis/the-boyz-barber-studio",0,2,0.00,5.5
"/houston/insights/market-analysis/the-gentry-executive-cuts-and-shaves-heights",0,2,0.00,7.0
"/houston/insights/market-analysis/the-hot-towel-tx",0,2,0.00,5.0
"/houston/insights/market-analysis/the-stage-barbershop-nrg",0,2,0.00,8.5
"/houston/insights/market-analysis/wow-look-barber-shop",0,2,0.00,8.0
"/houston/insights/market-analysis/xander-zhaircut-z",0,2,0.00,8.0
"/katy",0,2,0.00,57.5
"/league-city",0,2,0.00,33.5
"/pearland",0,2,0.00,14.0
"/pflugerville",0,2,0.00,15.0
"/pflugerville/78660",0,2,0.00,24.5
"/pixel-analytics",0,2,0.00,9.0
"/salons/a-a-hair-design-studio-eagle-pass-caa79931",0,2,0.00,4.5
"/salons/adrianas-hair-salon-houston-d6d395fa",0,2,0.00,1.0
"/salons/akalonnie-salon-katy-67c4e4d4",0,2,0.00,6.0
"/salons/alleys-glam-haus-salon-houston-c9fc920d",0,2,0.00,1.5
"/salons/allure-salon-college-station-cd931748",0,2,0.00,4.5
"/salons/arthur-sebastian-hair-salon-san-francisco-ea8931ef",0,2,0.00,12.5
"/salons/b72862f0-8560-4c0f-abc2-2b9b711f8651",0,2,0.00,4.5
"/salons/bauman-bling-hair-salon-houston-e7cc558e",0,2,0.00,5.0
"/salons/baytown-beauty-bar-baytown-eb33c25d",0,2,0.00,33.5
"/salons/be-bella-beauty-bar-houston-ede40784",0,2,0.00,30.0
"/salons/beauty-indulgence-day-spa-salon-sugar-land-09b0b43e",0,2,0.00,8.5
"/salons/bishops-san-jose-downtown-san-jose-c7d1eb8f",0,2,0.00,10.5
"/salons/blaque-sheep-beauty-salon-corpus-christi-57d288ed",0,2,0.00,14.5
"/salons/cactus-concrete-san-jose-87c74e72",0,2,0.00,8.5
"/salons/circle-of-peace-houston-d11761bb",0,2,0.00,7.0
"/salons/classic-image-salon-amarillo-11484b00",0,2,0.00,7.5
"/salons/color-x-cole-fort-worth-b38d06b2",0,2,0.00,8.0
"/salons/d-universal-beauty-salon-houston-e9b5da7b",0,2,0.00,9.5
"/salons/dalia-beauty-salon-pasadena-4fc6c8c1",0,2,0.00,4.5
"/salons/dalis-beauty-studio-laredo-816e3d41",0,2,0.00,6.0
"/salons/deluxe-cheveux-salon-beaumont-15965293",0,2,0.00,7.5
"/salons/duet-salon-san-jose-17b43f43",0,2,0.00,8.5
"/salons/el-divino-beauty-salon-houston-9d295f37",0,2,0.00,6.5
"/salons/elle-co-hair-salon-brownsville-fcafb7f1",0,2,0.00,6.0
"/salons/eternal-salon-suites-houston-7073f5da",0,2,0.00,8.0
"/salons/exquisite-styles-irving-fe23b188",0,2,0.00,18.0
"/salons/extreme-cuts-beauty-salon-houston-50fdbadc",0,2,0.00,10.0
"/salons/f8ace405-5e89-4f9f-957f-b1fa1289e2ca",0,2,0.00,7.5
"/salons/gangi-salon-spring-dacc3da9",0,2,0.00,7.0
"/salons/giorgio-hair-salon-llc-houston-ad540d25",0,2,0.00,7.5
"/salons/glowz-hair-studio-brownsville-b9bd98b0",0,2,0.00,8.0
"/salons/habc-and-beauty-frisco-672e5e50",0,2,0.00,4.0
"/salons/hair-arca-los-angeles-604ecf51",0,2,0.00,9.0
"/salons/hair-barn-tyler-5c6859e5",0,2,0.00,8.5
"/salons/hair-braiding-salon-braiderlocs-llc-garland-f8225448",0,2,0.00,9.5
"/salons/hair-by-ci-at-archetype-salon-katy-0509e1ff",0,2,0.00,6.0
"/salons/hair-by-heather-marie-pflugerville-e011c303",0,2,0.00,11.0
"/salons/hair-by-mina-colorist-team-los-angeles-65b36686",0,2,0.00,9.0
"/salons/hair-to-dye-for-by-jona-waco-173577d8",0,2,0.00,4.0
"/salons/heavenly-hair-missouri-city-d2f1e78c",0,2,0.00,8.0
"/salons/hello-sunshine-spa-beauty-spring-d6d1811f",0,2,0.00,10.5
"/salons/houston-glam-geeks-missouri-city-11810a02",0,2,0.00,6.0
"/salons/jailyn-clips-pflugerville-96d8036b",0,2,0.00,18.0
"/salons/jtruvae-houston-02c92f71",0,2,0.00,1.0
"/salons/kaitlfixhair-houston-71d95133",0,2,0.00,3.5
"/salons/kassy-nova-hair-tyler-5c059e68",0,2,0.00,6.5
"/salons/kristi-s-hair-studio-the-woodlands-c66bbda9",0,2,0.00,7.5
"/salons/la-paz-day-spa-salon-houston-642552de",0,2,0.00,7.5
"/salons/lisa-s-hair-addiction-humble-a08d749e",0,2,0.00,8.5
"/salons/luxbod-spa-eagle-pass-bd9823c0",0,2,0.00,4.0
"/salons/magari-hair-salon-katy-04ff8794",0,2,0.00,9.5
"/salons/mamma-mia-beauty-salon-llc-garland-7f3652a7",0,2,0.00,4.0
"/salons/marvela-hair-extensions-color-houston-cbb24850",0,2,0.00,7.0
"/salons/mbg-hair-studio-the-woodlands-e98b8131",0,2,0.00,7.0
"/salons/melanie-baldwin-hair-salon-located-inside-elite-salon-spa-conroe-4acafe10",0,2,0.00,11.0
"/salons/paloma-hair-salon-anaheim-34f4c7b8",0,2,0.00,8.0
"/salons/parlor-on-8th-los-angeles-b5942d3f",0,2,0.00,7.0
"/salons/pro-hair-salon-irving-026155ec",0,2,0.00,7.5
"/salons/rainbow-fox-hair-houston-7ce668ba",0,2,0.00,8.0
"/salons/rich-angel-salon-los-angeles-e2381149",0,2,0.00,8.5
"/salons/richer-hair-bundles-extensions-salon-pearland-a0b60f6b",0,2,0.00,4.0
"/salons/rooted-salons-houston-91721d2b",0,2,0.00,3.0
"/salons/rr-craft-hair-frisco-6474b123",0,2,0.00,5.0
"/salons/sabena-salon-beaumont-2e3435eb",0,2,0.00,6.5
"/salons/salon-de-freya-los-angeles-d49c6099",0,2,0.00,4.5
"/salons/sase-salon-sugar-land-4af963e3",0,2,0.00,8.5
"/salons/select-salon-dallas-dallas-8ed2e2ad",0,2,0.00,11.0
"/salons/serendipity-gold-hair-studio-llc-pearland-dcbe5aa4",0,2,0.00,8.5
"/salons/slt-hair-salon-houston-5b54004c",0,2,0.00,8.5
"/salons/studio-4-brownsville-abbbaf0b",0,2,0.00,5.0
"/salons/super-hair-salon-pasadena-ffecd1e8",0,2,0.00,9.0
"/salons/tay-hair-studio-cypress-e2482733",0,2,0.00,10.0
"/salons/the-blowout-babe-fort-worth-5ef57f01",0,2,0.00,7.0
"/salons/the-lane-salon-san-francisco-997dff71",0,2,0.00,6.0
"/salons/the-lash-emporium-spa-raqnbeauty-pasadena-52fcceb8",0,2,0.00,7.0
"/salons/the-model-look-salon-pearland-c242c83b",0,2,0.00,6.5
"/salons/the-queen-spa-beauty-nails-humble-66398c45",0,2,0.00,5.5
"/salons/the-salon-at-park-avenue-station-league-city-7c5b923f",0,2,0.00,7.0
"/salons/theodora-hair-studio-olympic-los-angeles-1f4998e7",0,2,0.00,8.0
"/salons/thien-ly-beauty-salon-houston-1c735517",0,2,0.00,3.0
"/salons/touch-beauty-bar-diamond-cutz-corpus-christi-68694873",0,2,0.00,11.0
"/salons/versatile-beauty-houston-032f9680",0,2,0.00,7.0
"/salons/victoria-beauty-salon-brownsville-bf079304",0,2,0.00,5.5
"/san-antonio/78253",0,2,0.00,10.0
"/schools/54167a2d-6c3e-4b7f-86d8-ddbdcae70aaf",0,2,0.00,10.0
"/schools/89-beauty-school-houston-e6df5f0c",0,2,0.00,10.5
"/schools/aldine-high-school-houston-58833594",0,2,0.00,25.5
"/schools/andrews-high-school-andrews-55a53074",0,2,0.00,5.0
"/schools/armstrong-mccall-league-city-3a54e4a6",0,2,0.00,10.0
"/schools/armstrong-mccall-professional-beauty-supply-sugar-land-c46a6a78",0,2,0.00,9.5
"/schools/asel-beauty-college-tustin-irvine-d4d3bf7f",0,2,0.00,7.5
"/schools/bgm-science-of-beauty-university-dallas-64918a2d",0,2,0.00,10.5
"/schools/boss-lady-beauty-academy-san-antonio-7beddf0b",0,2,0.00,7.0
"/schools/bridge-city-sr-high-school-bridge-city-30d2da55",0,2,0.00,9.0
"/schools/cameron-independent-school-district-tx-c53c2c59",0,2,0.00,39.0
"/schools/car-vel-beauty-school-llc-houston-18543013",0,2,0.00,4.0
"/schools/career-makers-school-san-antonio-2b93c1ab",0,2,0.00,6.0
"/schools/cf-barber-academy-llc-austin-2020d563",0,2,0.00,8.5
"/schools/cosmetica-beauty-and-barbering-academy-los-angeles-9a51b327",0,2,0.00,6.0
"/schools/curly-q-s-niles-6f0f6c4f",0,2,0.00,6.0
"/schools/cypress-park-high-school-cypress-16b26f05",0,2,0.00,5.0
"/schools/cypress-ridge-high-school-houston-b2303271",0,2,0.00,8.5
"/schools/d-mac-arthur-high-school-san-antonio-57b4e85e",0,2,0.00,15.5
"/schools/dacs-chavarria-arlington-83b2f736",0,2,0.00,4.5
"/schools/dallas-skin-institute-austin-campus-patsy-charles-connect-pflugerville-11263b5e",0,2,0.00,8.0
"/schools/dapper-barber-academy-garland-d5165a3c",0,2,0.00,7.0
"/schools/db7d1fcf-b324-43d2-bbf2-af4b30136d9f",0,2,0.00,7.5
"/schools/denise-s-unlimited-salon-inc-corpus-christi-60df90fc",0,2,0.00,3.5
"/schools/denison-high-school-denison-f1cea529",0,2,0.00,9.5
"/schools/design-beauty-college-spring-6dfaa30a",0,2,0.00,6.0
"/schools/divine-beauty-bar-hair-loss-institute-houston-4500b9c4",0,2,0.00,5.0
"/schools/edgewood-academy-tx-061ec3ca",0,2,0.00,8.5
"/schools/edvance-academy-school-of-beauty-pasadena-b75c978e",0,2,0.00,10.5
"/schools/fairfield-high-school-fairfield-9a131805",0,2,0.00,3.5
"/schools/five-star-elite-fades-barber-college-houston-962f8d1e",0,2,0.00,10.5
"/schools/glam-spa-life-esthetics-academy-mesquite-86debe9a",0,2,0.00,6.0
"/schools/hair-restoration-institute-of-dfw-fort-worth-46c37ce4",0,2,0.00,11.0
"/schools/harlandale-high-school-san-antonio-2009ad67",0,2,0.00,10.0
"/schools/hereford-high-school-hereford-f33ccf28",0,2,0.00,7.0
"/schools/hm-consultations-llc-lubbock-8a47b421",0,2,0.00,9.5
"/schools/jack-c-hays-high-school-buda-37b6c983",0,2,0.00,9.5
"/schools/klein-collins-high-school-spring-561fda09",0,2,0.00,6.5
"/schools/la-joya-i-s-d-tx-57ec336c",0,2,0.00,10.0
"/schools/la-voute-beauty-academy-los-angeles-f69cdaed",0,2,0.00,5.5
"/schools/lamesa-high-school-lamesa-4b8be5d5",0,2,0.00,10.0
"/schools/lash-artist-academy-satelier-beauty-fort-worth-0012f499",0,2,0.00,35.5
"/schools/lashin-out-with-extensions-academy-garland-b5b4f3cf",0,2,0.00,8.5
"/schools/leander-high-school-leander-5e5eed02",0,2,0.00,7.0
"/schools/lubbock-cooper-high-lubbock-c333ed22",0,2,0.00,5.5
"/schools/miller-career-technology-center-katy-4e8ebdd9",0,2,0.00,53.5
"/schools/mn-empire-llc-center-point-6abe55bc",0,2,0.00,16.0
"/schools/navarro-high-school-seguin-0182d9a9",0,2,0.00,3.0
"/schools/new-cagney-high-school-new-caney-aa560c5d",0,2,0.00,8.5
"/schools/paul-mitchell-the-school-clear-lake-pearland-759e251b",0,2,0.00,6.0
"/schools/pearland-s-innovative-school-of-beauty-pasadena-093225d9",0,2,0.00,11.5
"/schools/porter-high-school-porter-2475e345",0,2,0.00,5.0
"/schools/postquam-austin-pflugerville-22b7d29d",0,2,0.00,5.5
"/schools/progreso-high-school-progreso-a114e349",0,2,0.00,7.5
"/schools/red-oak-high-school-red-oak-41dd75d7",0,2,0.00,14.5
"/schools/rising-aesthetic-institute-llc-spring-cf3f05c6",0,2,0.00,2.5
"/schools/romero-beauty-academy-llc-fort-worth-c94ae382",0,2,0.00,8.0
"/schools/rzj-enterprises-llc-texas-city-0f02d05e",0,2,0.00,40.0
"/schools/skin-adore-academy-llc-laredo-30d7ab43",0,2,0.00,5.0
"/schools/sponsored-college-station-27112777",0,2,0.00,23.5
"/schools/spring-branch-guthrie-center-houston-d5a9bb2e",0,2,0.00,9.0
"/schools/texas-aesthetics-academy-pflugerville-91c33cf6",0,2,0.00,8.5
"/schools/texas-college-of-cosmetology-abilene-73253394",0,2,0.00,12.0
"/schools/the-facial-wellness-society-conroe-bae60e56",0,2,0.00,11.0
"/schools/total-transformation-institute-of-cosmetology-san-marcos-9c9d4094",0,2,0.00,12.0
"/schools/trooth-men-s-grooming-lounge-sugar-land-a45c1d0b",0,2,0.00,9.5
"/schools/universal-barbering-of-houston-the-woodlands-f1e87479",0,2,0.00,17.5
"/schools/universal-college-of-beauty-los-angeles-1a2aa68b",0,2,0.00,5.5
"/schools/vip-kings-barber-college-fort-worth-e6f38e28",0,2,0.00,25.5
"/schools/west-orange-stark-high-school-west-orange-d0349fa0",0,2,0.00,4.5
"/schools/willis-high-school-cosmetology-center-willis-b99f87a1",0,2,0.00,7.5
"/sherman/75090",0,2,0.00,11.0
"/shop/007-barbershop-houston-e6cd460e",0,2,0.00,4.5
"/shop/0b4a4f64-7693-43b9-b8fd-cda07923318f",0,2,0.00,11.0
"/shop/100-grand-barber-shop-clothing-tyler-aca92da3",0,2,0.00,2.0
"/shop/136f659b-f477-4d09-afcc-c990a067476e",0,2,0.00,5.0
"/shop/2020-cuts-barbershop-houston-77030-b6b58f1c",0,2,0.00,11.0
"/shop/24b01b57-2f3d-4160-9ac4-e09f9769e0aa",0,2,0.00,7.0
"/shop/3d95ba87-162d-49f0-a684-533186e63f2a",0,2,0.00,4.0
"/shop/4049553d-ed78-4560-86d6-36646defd5c9",0,2,0.00,5.5
"/shop/45-barber-shop-houston-77060-163b9020",0,2,0.00,8.0
"/shop/50f15cb9-9fb5-4325-bbcb-930335a95758",0,2,0.00,4.0
"/shop/511c1011-dfd8-4725-a616-bd2d88a2b115",0,2,0.00,5.0
"/shop/566702ba-b3bf-4b1c-95cc-024fbbf3ec6b",0,2,0.00,9.0
"/shop/5b006c45-9b57-4c65-8069-9b3218dd5f28",0,2,0.00,2.5
"/shop/63c77fc8-d34d-4d20-a448-a5b62f4df44d",0,2,0.00,5.5
"/shop/72208430-2303-4331-9d88-cc8d7018d482",0,2,0.00,6.5
"/shop/7b279cd8-09ff-4f69-b23d-352b05523b63",0,2,0.00,1.0
"/shop/838f129b-d519-4df8-89e4-5d522165ddd6",0,2,0.00,7.5
"/shop/8e3798f7-836f-4759-8fbe-784c6b1b1148",0,2,0.00,9.5
"/shop/a-c-barbershop-pasadena-06c7680a",0,2,0.00,7.0
"/shop/a-m-barbershop-the-classic-grand-prairie-0cc6ac91",0,2,0.00,9.0
"/shop/a-r-gentlemen-s-barbershop-san-antonio-f0379fb6",0,2,0.00,7.0
"/shop/above-all-barber-shop-irving-ee350552",0,2,0.00,10.0
"/shop/adolfo-s-barber-shop-houston-77089-76eba132",0,2,0.00,8.5
"/shop/aj-s-barbershop-salon-brownsville-7bccb5a5",0,2,0.00,1.5
"/shop/alfonso-the-barber-mesquite-af69e925",0,2,0.00,5.0
"/shop/alliance-cutz-brownsville-2fecfe13",0,2,0.00,9.5
"/shop/allstar-cuts-beaumont-1b9c0280",0,2,0.00,7.5
"/shop/art-style-barbershop-houston-77090-67a311aa",0,2,0.00,3.5
"/shop/ba2d7ce9-d87a-496c-a641-5e20b6dcc690",0,2,0.00,7.5
"/shop/barber-a-salon-el-divino-salvador-2-pasadena-f9ffa24b",0,2,0.00,13.5
"/shop/barber-concierge-llc-houston-77080-142e9dd9",0,2,0.00,10.0
"/shop/barberia-guatemala-houston-77081-95fa46a9",0,2,0.00,8.0
"/shop/barbers-stylists-irving-1d3fbcb0",0,2,0.00,5.0
"/shop/barbers-x-alkemy-austin-6dde8dc4",0,2,0.00,11.0
"/shop/barberventures-mobile-barbershop-houston-houston-77026-44876881",0,2,0.00,2.0
"/shop/baytown-barber-shop-baytown-f913f7ee",0,2,0.00,23.0
"/shop/bbf21384-dadc-4226-8fe1-478c8799caee",0,2,0.00,6.0
"/shop/bearded-blendz-barber-shop-pearland-houston-77047-643ba505",0,2,0.00,8.5
"/shop/bellaire-s-original-barber-shop-houston-77096-5932ac5a",0,2,0.00,9.5
"/shop/best-cut-by-jackie-pasadena-e49aebb3",0,2,0.00,4.0
"/shop/bevans-grooming-houston-77055-4c7ab5da",0,2,0.00,5.5
"/shop/big-c-morgan-s-barbershop-fort-worth-aaa7545b",0,2,0.00,6.0
"/shop/big-choice-barber-shop-houston-77099-422720c0",0,2,0.00,7.5
"/shop/blends-barbershop-houston-77041-48b9d218",0,2,0.00,8.0
"/shop/blessed-barbershop-pasadena-22f48976",0,2,0.00,19.5
"/shop/boardroom-salon-for-men-rice-village-houston-77030-5fb02aeb",0,2,0.00,11.0
"/shop/bridge-street-barbershop-waco-aed5c106",0,2,0.00,6.5
"/shop/brook-hollow-barber-shop-san-antonio-07ff9214",0,2,0.00,10.0
"/shop/c48d25b7-c093-4a63-97b6-5847fb02e2c2",0,2,0.00,2.0
"/shop/camino-south-barber-shop-houston-77062-3ef4d0d8",0,2,0.00,6.0
"/shop/carlos-s-barber-shop-houston-77062-ec77f86c",0,2,0.00,7.5
"/shop/champions-barber-lounge-san-antonio-131ef089",0,2,0.00,6.0
"/shop/champions-waco-79d89f1d",0,2,0.00,7.5
"/shop/chuy-s-chop-shop-houston-77029-3c72bcc1",0,2,0.00,9.5
"/shop/cleancutter-barbershop-mckinney-61e0ab63",0,2,0.00,10.5
"/shop/clipper-hands-barbershop-humble-f04d44ac",0,2,0.00,1.5
"/shop/clover-cuts-barbershop-shave-parlor-lubbock-9ba2cb5a",0,2,0.00,8.0
"/shop/clutch-city-barber-houston-77029-c1bd8990",0,2,0.00,19.0
"/shop/cortez-barbershop-houston-77095-9e7367b5",0,2,0.00,8.5
"/shop/create-barbershop-pasadena-pasadena-5b2a327e",0,2,0.00,10.0
"/shop/cut-therapy-barbershop-beaumont-892c9410",0,2,0.00,2.5
"/shop/cutsfresh-barbershop-irving-f05ba835",0,2,0.00,11.0
"/shop/cutt-n-up-beaumont-e57c3e20",0,2,0.00,10.0
"/shop/cutz-by-zay-barbershop-in-humble-humble-140268e5",0,2,0.00,17.0
"/shop/d-g-barbershop-modesto-9ed79b22",0,2,0.00,11.0
"/shop/d-z-barbershop-houston-77084-70aede2f",0,2,0.00,10.0
"/shop/d757b042-41ba-4c4e-9237-0cddabff607e",0,2,0.00,12.0
"/shop/dapper-barbershop-and-shave-parlor-sugar-land-1265c2b7",0,2,0.00,12.0
"/shop/deeno-da-barber-houston-77082-4313e5af",0,2,0.00,5.0
"/shop/denim-barbershop-brownsville-6f6c4ec5",0,2,0.00,7.0
"/shop/diamond-barbershop-frisco-frisco-15c15a36",0,2,0.00,4.5
"/shop/doug-s-barber-shop-houston-77080-231227d4",0,2,0.00,4.0
"/shop/dynasty-barbershop-llc-pasadena-0555b690",0,2,0.00,6.0
"/shop/e-the-barber-fades-tapers-beard-work-humble-tx-humble-a22fe229",0,2,0.00,4.5
"/shop/e3c093a3-ad91-48eb-85fe-f51562b948c4",0,2,0.00,3.5
"/shop/e498d95b-d33d-4ca7-a01c-d87541c6d556",0,2,0.00,2.5
"/shop/e7773608-ebcd-464a-b610-d80fa1409d7d",0,2,0.00,7.5
"/shop/e7c80e10-ffaa-413d-9038-1bb361cb638c",0,2,0.00,9.0
"/shop/el-barber-shop-irving-993a5755",0,2,0.00,6.0
"/shop/el-imperio-barbershop-houston-77067-5e4c5597",0,2,0.00,6.0
"/shop/elite-barber-studio-laredo-5d58e228",0,2,0.00,5.0
"/shop/elite-kutz-plano-19370e66",0,2,0.00,7.0
"/shop/fade-barber-shop-houston-77010-c9f22e19",0,2,0.00,8.0
"/shop/fade-city-barbershop-san-antonio-ba0d6bc6",0,2,0.00,11.0
"/shop/fadeaway-jay-barber-suite-fort-worth-ed494ab2",0,2,0.00,8.0
"/shop/faded-dreamz-barbershop-killeen-c85aec3b",0,2,0.00,6.5
"/shop/fademasters-barbershop-waco-08657755",0,2,0.00,25.0
"/shop/faderz-barber-shop-llc-corpus-christi-311c2cfa",0,2,0.00,8.5
"/shop/fany-barber-houston-77088-92b1b9d7",0,2,0.00,6.0
"/shop/fineline-barbershop-1-san-antonio-944d74bf",0,2,0.00,7.5
"/shop/fineline-barbershop-3-san-antonio-76205277",0,2,0.00,9.5
"/shop/five-star-barbershop-houston-77085-e538a635",0,2,0.00,7.0
"/shop/floyd-s-99-barbershop-houston-77018-2b94e73f",0,2,0.00,9.5
"/shop/franco-s-barbershop-houston-77022-4c9b15ad",0,2,0.00,7.0
"/shop/freedom-faders-barbershop-mcallen-339ac7dc",0,2,0.00,8.0
"/shop/fresco-barbershop-brownsville-b78a777f",0,2,0.00,12.0
"/shop/gents-hair-studios-spring-9b87e033",0,2,0.00,8.5
"/shop/geo-cuts-the-lions-den-pearland-ee1de156",0,2,0.00,8.0
"/shop/gifted-hands-unisex-barbershop-salon-houston-77051-cb131662",0,2,0.00,9.0
"/shop/golden-gate-barber-shop-brownsville-881782d3",0,2,0.00,7.5
"/shop/guided-fades-barber-lounge-sugar-land-5daa2591",0,2,0.00,7.0
"/shop/hellrazr-barber-studio-houston-77026-95f66eb6",0,2,0.00,6.0
"/shop/high-altitude-barbershop-lubbock-c74babf0",0,2,0.00,8.0
"/shop/higher-standards-barbershop-houston-77011-15bb142e",0,2,0.00,6.5
"/shop/hourani-s-barbershop-houston-77082-32bb56e6",0,2,0.00,15.0
"/shop/house-of-cutz-barber-studios-pasadena-a8bb715a",0,2,0.00,9.5
"/shop/hq-barbershop-dallas-59a7616d",0,2,0.00,8.0
"/shop/hudson-s-family-barber-shop-arlington-03cac270",0,2,0.00,7.0
"/shop/huncho-houston-barbershop-houston-77070-05a1bae3",0,2,0.00,5.5
"/shop/i-i-barber-co-houston-77007-11e170a5",0,2,0.00,6.0
"/shop/imperium-barbershop-el-paso-7bc66084",0,2,0.00,4.5
"/shop/it-sjustmello-barber-studio-houston-4e84ae3a",0,2,0.00,7.0
"/shop/jd-cuts-houston-77041-08185243",0,2,0.00,8.0
"/shop/jt-s-boss-kutz-grand-prairie-f5af05b1",0,2,0.00,14.5
"/shop/keep-it-handsome-men-s-grooming-frisco-f4342643",0,2,0.00,6.5
"/shop/kingdom-barbershop-el-paso-17f8b4ec",0,2,0.00,9.5
"/shop/kut-klose-pflugerville-88e81186",0,2,0.00,5.5
"/shop/kuts-from-tj-barber-suite-houston-77054-df02e5ef",0,2,0.00,2.5
"/shop/la-barber-a-barbershop-san-antonio-97a0298c",0,2,0.00,10.5
"/shop/laredo-finest-barbershop-laredo-65b756f0",0,2,0.00,7.0
"/shop/lavish-barber-lounge-san-bernardino-06b6df32",0,2,0.00,8.0
"/shop/lavish-cuts-barbershop-manvel-pearland-fa6efd4a",0,2,0.00,6.5
"/shop/legendary-j-barbershop-mesquite-25f7db01",0,2,0.00,10.0
"/shop/legends-barbershop-mcallen-de88832f",0,2,0.00,10.0
"/shop/lel-barber-shop-conroe-b811f71e",0,2,0.00,13.5
"/shop/lion-s-mane-gentleman-s-barbershop-san-antonio-83ad087f",0,2,0.00,7.0
"/shop/little-barber-austin-f7a5043a",0,2,0.00,10.0
"/shop/locals-barbershop-san-francisco-381b0b0b",0,2,0.00,8.5
"/shop/lookin-sharp-family-barbershop-frisco-45710275",0,2,0.00,17.5
"/shop/made-men-barber-hair-salon-design-cuts-houston-7f5f7a33",0,2,0.00,7.0
"/shop/maestro-barbershop-anaheim-9c4d44c3",0,2,0.00,6.5
"/shop/magic-touch-barbershop-brownsville-2aa1c958",0,2,0.00,4.5
"/shop/manes-barber-shop-houston-77083-0ed90438",0,2,0.00,7.5
"/shop/mb-haus-of-luxe-frisco-c4625e42",0,2,0.00,9.0
"/shop/mission-square-barber-shop-san-jose-a71bc8f5",0,2,0.00,11.0
"/shop/mr-johnny-fades-brownsville-d46d042e",0,2,0.00,7.5
"/shop/mvb-haircut-and-barber-eagle-pass-977d9b0e",0,2,0.00,3.0
"/shop/mynt-barbershop-fort-worth-1b2534ce",0,2,0.00,8.5
"/shop/naturally-cutz-richmond-katy-houston-77083-d4a7e8c7",0,2,0.00,1.5
"/shop/nice-kutz-barbershop-houston-77068-855e5cd1",0,2,0.00,7.5
"/shop/northside-barber-shop-denton-e91f4e5e",0,2,0.00,11.0
"/shop/official-mens-fine-grooming-pflugerville-76fe85b5",0,2,0.00,5.5
"/shop/og-s-chop-shop-mckinney-6fbf2e4e",0,2,0.00,3.0
"/shop/oj-s-barber-shop-mckinney-e718f018",0,2,0.00,9.5
"/shop/parkcrest-barbershop-t-long-beach-8341e717",0,2,0.00,9.5
"/shop/pja-barber-lounge-houston-77086-1969152c",0,2,0.00,5.5
"/shop/platinum-kutz-barbershop-beaumont-f4500e4c",0,2,0.00,3.5
"/shop/platinum-one-cuts-styles-tyler-1e35d339",0,2,0.00,7.0
"/shop/premier-barber-lounge-dallas-908b5e58",0,2,0.00,7.5
"/shop/prestige-barbershop-san-antonio-01a28412",0,2,0.00,27.0
"/shop/prestigious-cutz-houston-77062-ae23dacd",0,2,0.00,11.0
"/shop/proper-barber-co-grand-prairie-9fd5a7b1",0,2,0.00,83.0
"/shop/raider-kutz-barbershop-lubbock-f1cb0750",0,2,0.00,10.5
"/shop/rapattoni-s-barbershop-plano-262d268b",0,2,0.00,8.0
"/shop/rich-s-barbershop-supply-amarillo-5c63ec38",0,2,0.00,5.5
"/shop/rj-s-barbershop-santa-clarita-172ee24f",0,2,0.00,8.0
"/shop/rob-bigs-fade-factory-houston-77022-566702ba",0,2,0.00,4.0
"/shop/saint-lux-barber-studio-airway-el-paso-b176a1ef",0,2,0.00,10.5
"/shop/sarath-s-barbershop-houston-6034ce09",0,2,0.00,5.0
"/shop/scissors-scotch-dallas-e9613a4e",0,2,0.00,11.0
"/shop/shave-lounge-barber-shop-garland-c22c8236",0,2,0.00,9.5
"/shop/silverlake-barbershop-los-angeles-d35b384d",0,2,0.00,10.0
"/shop/slicks-barber-studio-san-antonio-9c5a9937",0,2,0.00,4.5
"/shop/sloss-barbers-amarillo-a0bcb97f",0,2,0.00,71.0
"/shop/smashing-the-city-barbershop-houston-bbdb4c08",0,2,0.00,4.0
"/shop/sos-barbershop-garland-fcab7e34",0,2,0.00,10.0
"/shop/space-city-barber-shop-houston-77076-c840eb77",0,2,0.00,6.0
"/shop/space-city-fades-houston-77049-dbdd293b",0,2,0.00,9.0
"/shop/steve-s-barber-studio-houston-77070-814d3f2b",0,2,0.00,11.0
"/shop/studio-21-hair-design-barber-salon-houston-77098-662f8c3d",0,2,0.00,9.5
"/shop/super-barber-shop-houston-77094-4d8c4089",0,2,0.00,7.0
"/shop/super-exclusive-barber-shop-houston-77014-ac38122d",0,2,0.00,5.0
"/shop/supreme-cutz-houston-77051-031e4583",0,2,0.00,7.0
"/shop/tae-ur-barber-houston-77077-2eca5e85",0,2,0.00,7.0
"/shop/texas-barbers-amarillo-ebbc5bb1",0,2,0.00,11.0
"/shop/the-barbers-lounge-llc-arlington-568fb125",0,2,0.00,11.0
"/shop/the-cavern-barbershop-houston-77087-0260ac5c",0,2,0.00,4.0
"/shop/the-chop-shop-barbershop-denton-52036408",0,2,0.00,8.0
"/shop/the-cutting-room-barber-salon-llc-fort-worth-b0c3b30c",0,2,0.00,4.0
"/shop/the-deans-list-barbershop-amarillo-152d85e7",0,2,0.00,7.0
"/shop/the-empire-barber-studio-houston-77093-8485aaca",0,2,0.00,18.0
"/shop/the-fade-barber-shack-pasadena-3dc27cbe",0,2,0.00,10.5
"/shop/the-fade-doctor-barber-studio-den-houston-77094-d8069c3c",0,2,0.00,6.5
"/shop/the-fade-shop-plano-plano-93abd179",0,2,0.00,10.0
"/shop/the-family-salon-and-barbershop-irving-aeac73aa",0,2,0.00,31.5
"/shop/the-gents-place-barbershop-fort-worth-50f15cb9",0,2,0.00,10.0
"/shop/the-most-honorable-houston-77070-398ceebe",0,2,0.00,8.5
"/shop/the-service-station-barbershop-killeen-73fa0d67",0,2,0.00,7.5
"/shop/the-times-barbershop-mcallen-e6d51ebf",0,2,0.00,10.0
"/shop/the-vibe-barber-studio-houston-77095-6e78ea32",0,2,0.00,7.5
"/shop/the-xperience-barber-lounge-mesquite-57b10838",0,2,0.00,4.5
"/shop/tijeras-barbershop-killeen-bd06c6ef",0,2,0.00,7.5
"/shop/torres-image-barbershop-houston-77096-02bc1456",0,2,0.00,10.0
"/shop/tough-luck-barber-houston-77023-018bffa4",0,2,0.00,7.0
"/shop/tx-five-star-barber-shop-irving-c372b406",0,2,0.00,9.5
"/shop/ultimate-barbershop-houston-77099-768541ef",0,2,0.00,4.0
"/shop/unique-gentlemen-s-barbershop-killeen-6b8e4222",0,2,0.00,8.0
"/shop/urban-blendz-barbershop-tyler-991aee9d",0,2,0.00,9.0
"/shop/varsity-kutz-humble-c91752fc",0,2,0.00,10.0
"/shop/world-star-cuts-barber-shop-houston-77071-ef19e944",0,2,0.00,11.0
"/shop/x-barber-studio-brownsville-5e9ae982",0,2,0.00,7.0
"/shop/xander-zhaircut-z-houston-77099-8858bee4",0,2,0.00,9.0
"/shop/xhuli-barber-college-station-da0c58f8",0,2,0.00,7.5
"/shop/xiu-s-barbershop-huntington-beach-904c80c3",0,2,0.00,10.0
"/shop/zeus-barbershop-llc-amarillo-da06de87",0,2,0.00,5.0
"/spring",0,2,0.00,20.0
"/stores/antonio-s-barber-supply-los-angeles-34de9968",0,2,0.00,13.0
"/stores/bbs-barber-salon-supply-los-angeles-d7ce86a1",0,2,0.00,6.5
"/stores/best-lashes-supply-sugar-land-ce306dfb",0,2,0.00,11.0
"/stores/bravo-barber-equipment-bravo-outdoor-equipment-san-antonio-894e1959",0,2,0.00,7.5
"/stores/coco-bella-n-3-houston-77053-61fccbdc",0,2,0.00,3.0
"/stores/ebony-beauty-supply-san-francisco-dd951fca",0,2,0.00,9.5
"/stores/j-j-beauty-supplies-oakland-334ba113",0,2,0.00,4.0
"/stores/luxy-beauty-alliance-pasadena-af33f570",0,2,0.00,10.5
"/stores/popshelf-houston-77058-056a5a3a",0,2,0.00,7.5
"/stores/professional-products-more-san-diego-7d0f6b28",0,2,0.00,5.5
"/stores/purentru-beauty-supply-katy-98b3cf3d",0,2,0.00,9.5
"/stores/sally-beauty-santa-clarita-a89db157",0,2,0.00,9.0
"/stores/salon-source-of-el-paso-el-paso-dfa25f7d",0,2,0.00,8.0
"/stores/seba-products-houston-77085-74e84958",0,2,0.00,8.0
"/stores/shi-professionals-frisco-4dcb61e4",0,2,0.00,9.0
"/stores/spiffy-barber-supply-cypress-0293a70b",0,2,0.00,19.5
"/stores/the-lash-supply-garland-dallas-tx-dallas-50abc1cb",0,2,0.00,7.0
"/stores/tps-nail-supply-thanh-phat-gifts-clothing-stockton-32dd3f7d",0,2,0.00,6.5
"/stores/unique-stylist-essentials-llc-austin-c09efea8",0,2,0.00,5.5
"/stores/uptown-beauty-supply-5-houston-a264abd4",0,2,0.00,19.5
"/sugar-land/77498",0,2,0.00,30.5
"/texas/amarillo/79110",0,2,0.00,15.0
"/texas/austin/78751",0,2,0.00,53.0
"/texas/beaumont/77703",0,2,0.00,10.5
"/texas/dallas/75228",0,2,0.00,38.0
"/texas/el-paso/79924",0,2,0.00,9.5
"/texas/el-paso/79925",0,2,0.00,8.5
"/texas/fort-worth/76133",0,2,0.00,16.5
"/texas/houston/insights/market-analysis/3rd-ward-finest-kutz",0,2,0.00,7.5
"/texas/houston/insights/market-analysis/4him-barbershop",0,2,0.00,15.0
"/texas/houston/insights/market-analysis/a-1-barbers-stylists",0,2,0.00,6.5
"/texas/houston/insights/market-analysis/afterhours-barbershop",0,2,0.00,5.0
"/texas/houston/insights/market-analysis/b-a-konfident-kutz-beauty-barbershop",0,2,0.00,6.0
"/texas/houston/insights/market-analysis/bad-boyz-barber-shop",0,2,0.00,7.5
"/texas/houston/insights/market-analysis/blades-fades-barber-shop",0,2,0.00,8.0
"/texas/houston/insights/market-analysis/braes-heights-barber-shop",0,2,0.00,10.0
"/texas/houston/insights/market-analysis/buzzard-s-barbershop-the-shop-club",0,2,0.00,4.0
"/texas/houston/insights/market-analysis/carlos-s-barber-shop",0,2,0.00,9.5
"/texas/houston/insights/market-analysis/clutch-city-cutz",0,2,0.00,11.0
"/texas/houston/insights/market-analysis/d-l-all-star-cuts",0,2,0.00,8.0
"/texas/houston/insights/market-analysis/d-rich-barbers",0,2,0.00,8.0
"/texas/houston/insights/market-analysis/defined-lines",0,2,0.00,6.5
"/texas/houston/insights/market-analysis/diesel-barbershop-houston-west-university",0,2,0.00,18.0
"/texas/houston/insights/market-analysis/el-catracho-barber-shop",0,2,0.00,11.0
"/texas/houston/insights/market-analysis/elite-barbershop-",0,2,0.00,8.5
"/texas/houston/insights/market-analysis/fade-da-nawf",0,2,0.00,9.0
"/texas/houston/insights/market-analysis/first-impression-family-barber",0,2,0.00,6.5
"/texas/houston/insights/market-analysis/five-star-elite-fades-barber-shop",0,2,0.00,6.0
"/texas/houston/insights/market-analysis/goldie-s-barbershop",0,2,0.00,5.0
"/texas/houston/insights/market-analysis/goode-looks-barber-shop-topshoponscott",0,2,0.00,7.0
"/texas/houston/insights/market-analysis/hair-fashion-salon",0,2,0.00,4.5
"/texas/houston/insights/market-analysis/ham-barber-studio",0,2,0.00,9.0
"/texas/houston/insights/market-analysis/headliners-barber-shop",0,2,0.00,9.5
"/texas/houston/insights/market-analysis/j-l-precision-kutz-and-stylez",0,2,0.00,1.5
"/texas/houston/insights/market-analysis/klutch-barbershop",0,2,0.00,8.5
"/texas/houston/insights/market-analysis/legacybarbershopdm",0,2,0.00,24.5
"/texas/houston/insights/market-analysis/lopez-barbershop",0,2,0.00,7.5
"/texas/houston/insights/market-analysis/magic-hands-barbershop",0,2,0.00,8.0
"/texas/houston/insights/market-analysis/malon-dominican-barber",0,2,0.00,6.5
"/texas/houston/insights/market-analysis/merlot-s-barbershop",0,2,0.00,12.0
"/texas/houston/insights/market-analysis/nick-s-place-vip-barber-studio",0,2,0.00,10.0
"/texas/houston/insights/market-analysis/ortahaus-barber-co-",0,2,0.00,11.5
"/texas/houston/insights/market-analysis/prestigious-cutz",0,2,0.00,9.5
"/texas/houston/insights/market-analysis/red-s-barber-shop",0,2,0.00,7.0
"/texas/houston/insights/market-analysis/rj-s-barber-studio",0,2,0.00,9.5
"/texas/houston/insights/market-analysis/sarath-s-barbershop",0,2,0.00,9.5
"/texas/houston/insights/market-analysis/south-acres-barber-shop",0,2,0.00,8.5
"/texas/houston/insights/market-analysis/south-east-barbershop",0,2,0.00,4.0
"/texas/houston/insights/market-analysis/space-city-fades",0,2,0.00,10.0
"/texas/houston/insights/market-analysis/starting-lineup-black-barber-shop-houston",0,2,0.00,7.0
"/texas/houston/insights/market-analysis/studio-cutz",0,2,0.00,10.5
"/texas/houston/insights/market-analysis/t-s-barber-style-shop",0,2,0.00,5.5
"/texas/houston/insights/market-analysis/the-hot-towel-tx",0,2,0.00,10.0
"/texas/houston/insights/market-analysis/tradesmen-barber-montrose-",0,2,0.00,9.0
"/texas/houston/insights/market-analysis/v-s-barbershop-houston-river-oaks",0,2,0.00,6.5
"/texas/houston/insights/market-analysis/valor-barbershop",0,2,0.00,5.5
"/texas/irving/75038",0,2,0.00,33.5
"/texas/katy/77493",0,2,0.00,34.5
"/texas/mckinney",0,2,0.00,42.0
"/texas/missouri-city",0,2,0.00,9.0
"/texas/pasadena/77504",0,2,0.00,10.0
"/texas/pearland/77584",0,2,0.00,5.5
"/texas/san-antonio/78232",0,2,0.00,10.0
"/texas/sherman",0,2,0.00,7.0
"/texas/tyler/75708",0,2,0.00,9.0
"/the-woodlands/77380",0,2,0.00,73.5
"/the-woodlands/77381",0,2,0.00,87.5
"/tools/ai-booth-station/arroyo-cutz-frisco",0,2,0.00,9.5
"/tools/ai-booth-station/chezycuts",0,2,0.00,8.0
"/tools/ai-booth-station/cool-arrows-barbershop",0,2,0.00,9.0
"/tools/ai-booth-station/divizion-barber-co-",0,2,0.00,11.5
"/tools/ai-booth-station/east-end-barber",0,2,0.00,31.5
"/tools/ai-booth-station/hh-superior-artistic-cuts",0,2,0.00,9.0
"/tools/ai-booth-station/j-l-precision-kutz-and-stylez",0,2,0.00,9.0
"/tools/ai-booth-station/kbg-barbershop",0,2,0.00,10.0
"/tools/ai-booth-station/lather-lounge-barbershop-frisco-tx-haircuts-beard-trims-straight-razor-shaves",0,2,0.00,4.0
"/tools/ai-booth-station/nice-kutz-barbershop",0,2,0.00,7.0
"/tools/ai-booth-station/pasha-barbershop-pa-a",0,2,0.00,8.5
"/tools/ai-booth-station/studio-21-hair-design-barber-salon",0,2,0.00,3.5
"/tools/ai-booth-station/zooligans-barber-shop",0,2,0.00,19.0
"/tools/barbershop-search",0,2,0.00,11.0
"/tools/foot-traffic-radar/afterhours-barbershop",0,2,0.00,23.5
"/tools/foot-traffic-radar/randle-s-barbershop",0,2,0.00,25.0
"/tools/shop-site-template/shop-website-customizer/0dfde82c-2d4e-4519-90ef-a2fbb51466d2",0,2,0.00,7.0
"/tools/shop-site-template/shop-website-customizer/26d87e28-8c26-4e61-929a-bf8988bd9ad9",0,2,0.00,6.5
"/tools/shop-site-template/shop-website-customizer/28cefc69-5010-4803-9398-4d0baedfb21b",0,2,0.00,8.5
"/tools/shop-site-template/shop-website-customizer/2c77a3f1-de67-4465-af0c-13d48136bf49",0,2,0.00,7.5
"/tools/shop-site-template/shop-website-customizer/3151a92a-530c-40bb-adec-61b716a8a985",0,2,0.00,12.5
"/tools/shop-site-template/shop-website-customizer/390a8686-501d-4523-8a2a-e88edf32f8a3",0,2,0.00,4.0
"/tools/shop-site-template/shop-website-customizer/3b0c0805-1b9d-4b76-b81f-2f3b7ade725d",0,2,0.00,9.0
"/tools/shop-site-template/shop-website-customizer/3f4e1cc1-f5c6-4c12-8004-56680496d4ac",0,2,0.00,10.5
"/tools/shop-site-template/shop-website-customizer/44fd3c61-4081-492a-a024-519af6e71e9b",0,2,0.00,9.0
"/tools/shop-site-template/shop-website-customizer/51879bc6-04b0-4d43-9003-1431b94c5065",0,2,0.00,49.0
"/tools/shop-site-template/shop-website-customizer/5551e9f8-be09-41ff-aad8-1973e1b7bb33",0,2,0.00,5.5
"/tools/shop-site-template/shop-website-customizer/6196f481-46d2-4e30-85dd-0ed551c88ee3",0,2,0.00,8.0
"/tools/shop-site-template/shop-website-customizer/69b2174b-85b4-44f8-91d8-7dab47b683ae",0,2,0.00,5.0
"/tools/shop-site-template/shop-website-customizer/77df4f8b-ac31-4bfc-af47-074f370e8ae0",0,2,0.00,8.5
"/tools/shop-site-template/shop-website-customizer/7ac70e3a-284f-4fab-807a-81985c3589f8",0,2,0.00,5.5
"/tools/shop-site-template/shop-website-customizer/7d3ebdcd-dd03-4d84-add8-3c590c101c5f",0,2,0.00,9.0
"/tools/shop-site-template/shop-website-customizer/82cbc622-a539-4e10-a2ed-cc653e3c2565",0,2,0.00,44.5
"/tools/shop-site-template/shop-website-customizer/8df96e12-824f-42f8-bbe3-5379f60356ea",0,2,0.00,5.0
"/tools/shop-site-template/shop-website-customizer/9943b150-4405-44a2-b353-7d52690b69cf",0,2,0.00,6.0
"/tools/shop-site-template/shop-website-customizer/9c5503ad-c965-45d8-9e5b-a460d502fb2d",0,2,0.00,8.0
"/tools/shop-site-template/shop-website-customizer/a8d0447a-bb9c-43d9-90cb-8e23c74b33dc",0,2,0.00,3.5
"/tools/shop-site-template/shop-website-customizer/ae3bf3d8-f25b-4274-a265-1254cb63e72c",0,2,0.00,11.5
"/tools/shop-site-template/shop-website-customizer/c3fee558-4de4-4926-8264-9d711c5a8ac7",0,2,0.00,21.0
"/tools/shop-site-template/shop-website-customizer/ca35207c-58ad-45a5-82de-dc7fa20250f4",0,2,0.00,5.0
"/tools/shop-site-template/shop-website-customizer/d4573aad-a071-4789-b68d-f2c976216f58",0,2,0.00,12.0
"/tools/shop-site-template/shop-website-customizer/dc8e4825-bbc2-4f0b-9ce3-08a64ea6190f",0,2,0.00,6.5
"/tools/shop-site-template/shop-website-customizer/e47bc341-4f03-46c6-93b2-2618e90c0dbf",0,2,0.00,5.0
"/tools/shop-site-template/shop-website-customizer/e6060e87-ffc5-44fe-9118-b223601fa656",0,2,0.00,11.5
"/tools/shop-site-template/shop-website-customizer/e6f5e012-38dd-4c36-a990-1f6283f919de",0,2,0.00,8.0
"/tools/shop-site-template/shop-website-customizer/eceb6d45-6dbe-425c-a4c9-f154189ef833",0,2,0.00,6.0
"/tools/shop-site-template/shop-website-customizer/renaissanceman-barbershop-houston-77093-9aef39a3",0,2,0.00,8.0
"/waco",0,2,0.00,25.5
"/barbers/javier-straight-edge-tx-a2e40d59",1,1,100.00,4.0
"/barbers/presidential-fades-tx-bfb9984b",1,1,100.00,3.0
"/cosmetologists/lakishia-murray-cosmetologist-houston-524b049c",1,1,100.00,2.0
"/schools/mountain-view-high-school-el-paso-48236b7e",1,1,100.00,3.0
"/shop/holy-hands-barbershop-mesquite-72241799",1,1,100.00,1.0
"/stores/unlimited-barbershop-supplies-irving-8f4f26f7",1,1,100.00,1.0
"/texas/houston/insights/market-analysis/preme-beam-cutz-barber-studio",1,1,100.00,6.0
"/amarillo/79101",0,1,0.00,72.0
"/amarillo/79106",0,1,0.00,15.0
"/austin/78701",0,1,0.00,26.0
"/austin/78758",0,1,0.00,21.0
"/barbers/1takefadez-tx-734d3539",0,1,0.00,8.0
"/barbers/2valid-cutz-tx-96ebb9ac",0,1,0.00,3.0
"/barbers/713cb38a-2b1b-47c7-96ef-368c87a57392",0,1,0.00,2.0
"/barbers/72c34837-7f5c-49a6-9009-d431db9a2c59",0,1,0.00,4.0
"/barbers/874f741f-fc3b-47f5-ad17-922d2cebb965",0,1,0.00,4.0
"/barbers/8milebarber-tx-1d6a0f5a",0,1,0.00,10.0
"/barbers/adal-hernandez-tx-ba2b83a0",0,1,0.00,91.0
"/barbers/aecutz-tx-5978bfdc",0,1,0.00,5.0
"/barbers/alberth-haircuts-tx-64318a69",0,1,0.00,10.0
"/barbers/alejandro-mth-tx-2e2d5d26",0,1,0.00,8.0
"/barbers/alexisblendz-tx-814bf911",0,1,0.00,11.0
"/barbers/alfarothebarber-tx-a5ff2078",0,1,0.00,11.0
"/barbers/alvin-at-pja-barber-lounge-tx-a5071e29",0,1,0.00,22.0
"/barbers/andyoru-barber-shop-dallas-75204-543e63e3",0,1,0.00,8.0
"/barbers/angelblends-1k-garland-75043-efffda04",0,1,0.00,83.0
"/barbers/antho-chops-tx-15a4b16a",0,1,0.00,7.0
"/barbers/artbycartier-tx-83bba714",0,1,0.00,4.0
"/barbers/asere-cutz3-tx-d5e779a4",0,1,0.00,10.0
"/barbers/b-pain-fadez-mesquite-75149-a3235a04",0,1,0.00,7.0
"/barbers/barber-breycom-garland-75041-d4aaa341",0,1,0.00,10.0
"/barbers/barber-spiky-hrt-tx-e9f038e5",0,1,0.00,11.0
"/barbers/blackallure-styles-tx-a0f05d4b",0,1,0.00,4.0
"/barbers/blu-the-barber-tx-cd77e6a8",0,1,0.00,8.0
"/barbers/bnd-tx-472993e9",0,1,0.00,7.0
"/barbers/bossmane-jay-houston-77002-67e73b38",0,1,0.00,4.0
"/barbers/braesblendz-houston-77021-3828f636",0,1,0.00,8.0
"/barbers/brenda-haircutz-tx-4cda57f8",0,1,0.00,3.0
"/barbers/brian-alvarez-sunnyvale-75182-494411de",0,1,0.00,10.0
"/barbers/brittselite-tx-69fe5d24",0,1,0.00,11.0
"/barbers/bryanblendzz-tx-da7b436e",0,1,0.00,11.0
"/barbers/bryantdabarber-tx-55086546",0,1,0.00,6.0
"/barbers/by-all-m-e-a-n-s-grooming-tx-b6c7f292",0,1,0.00,4.0
"/barbers/camgchopz-tx-9cc198e4",0,1,0.00,2.0
"/barbers/chamobarber-houston-77036-5ab19e8e",0,1,0.00,20.0
"/barbers/chocolatestyles-dallas-75235-4474c370",0,1,0.00,3.0
"/barbers/choppochopz-tx-4b97bf37",0,1,0.00,3.0
"/barbers/chris-the-barber-tx-0b88c377",0,1,0.00,4.0
"/barbers/cj-hunter-houston-77057-c653cab3",0,1,0.00,3.0
"/barbers/clanton-cuts-carrollton-75006-567883c0",0,1,0.00,12.0
"/barbers/clipperboyhd-tx-4d22202f",0,1,0.00,8.0
"/barbers/consistency-cut-houston-77091-e5239f00",0,1,0.00,34.0
"/barbers/coopcuttinup-tx-f4cb2a67",0,1,0.00,1.0
"/barbers/cutsbyjuice-dallas-75234-e1dbf7e7",0,1,0.00,7.0
"/barbers/cutzbylique-tx-cd9aa92a",0,1,0.00,8.0
"/barbers/cutzbythuan-tx-a275acc6",0,1,0.00,4.0
"/barbers/cutzbytoe-tx-0c35b55d",0,1,0.00,37.0
"/barbers/d-royal-cuts-houston-77401-67bfa6ed",0,1,0.00,7.0
"/barbers/daddy-golden-cutz-irving-75062-3e3b33ba",0,1,0.00,10.0
"/barbers/dallasbarberstudio-dallas-75204-0b9c5253",0,1,0.00,3.0
"/barbers/damokutz-exclusive-services-tx-350f0020",0,1,0.00,4.0
"/barbers/dariyons-shop-tx-5aad12f6",0,1,0.00,1.0
"/barbers/daunte-paschal-dba-lined-up-llc-addison-75001-8e8c9165",0,1,0.00,5.0
"/barbers/deesofaded-tx-e25cb3cd",0,1,0.00,3.0
"/barbers/detroit-da-barber-tx-cea22796",0,1,0.00,30.0
"/barbers/dinerokutz-tx-e9c02db3",0,1,0.00,6.0
"/barbers/diosdel-barber-tx-705d841d",0,1,0.00,7.0
"/barbers/djtazdabarber-dallas-75212-b19b00cc",0,1,0.00,3.0
"/barbers/drewdown-tx-f56835bc",0,1,0.00,10.0
"/barbers/edgr-fadez-tx-dbb874c1",0,1,0.00,7.0
"/barbers/eeessskiii-tx-2678af76",0,1,0.00,9.0
"/barbers/el-grone-barbershop-richardson-75080-0a092d3b",0,1,0.00,10.0
"/barbers/el-paps-cutz-jhojan-tx-22d287e7",0,1,0.00,12.0
"/barbers/elgen-mcferren-barber-houston-2354fb27",0,1,0.00,10.0
"/barbers/elite-barbershop-dallas-75243-af32a058",0,1,0.00,10.0
"/barbers/enyerbarber-tx-6413e8d7",0,1,0.00,5.0
"/barbers/fadegod-tx-cac3c677",0,1,0.00,9.0
"/barbers/fademasterjay-tx-80a8afb8",0,1,0.00,6.0
"/barbers/fadesoftrey-houston-77057-ac52292b",0,1,0.00,4.0
"/barbers/fadezbyalex-tx-27371b60",0,1,0.00,6.0
"/barbers/fadezbye-tx-ce86145d",0,1,0.00,42.0
"/barbers/fhat-the-barber-tx-f5c4a04b",0,1,0.00,1.0
"/barbers/flipthebarber-tx-9d7271a3",0,1,0.00,8.0
"/barbers/flkxxblendzz-tx-bd1874b7",0,1,0.00,4.0
"/barbers/forever-faded-tx-8b9cae7e",0,1,0.00,3.0
"/barbers/franck-barber-tx-6f1f4b51",0,1,0.00,6.0
"/barbers/fxmous-blendz-tx-32035d09",0,1,0.00,8.0
"/barbers/galloblends-tx-a2992a60",0,1,0.00,9.0
"/barbers/gheedabarber-tx-f87ff715",0,1,0.00,2.0
"/barbers/giftedblendzz-tx-918b8fed",0,1,0.00,55.0
"/barbers/goatchopz-barber-studio-tx-8e0a0ebc",0,1,0.00,6.0
"/barbers/gustavo-serrano-dallas-75244-00d4fbe4",0,1,0.00,7.0
"/barbers/haircuts-by-erick-coppell-75019-9af4930c",0,1,0.00,11.0
"/barbers/hcuts-tx-88f3caca",0,1,0.00,10.0
"/barbers/hefercutzz-tx-6c13628e",0,1,0.00,4.0
"/barbers/henry-tribes-fridays-only-tx-89cab7c5",0,1,0.00,5.0
"/barbers/hotboii-kutz-tx-971bbd63",0,1,0.00,11.0
"/barbers/htowns-best-barbershop-tx-c3397467",0,1,0.00,5.0
"/barbers/htx-barber23-houston-77080-bb958f45",0,1,0.00,10.0
"/barbers/huncho-mac-da-barber-tx-bdefab27",0,1,0.00,38.0
"/barbers/illmatic-fades-barbershop-tx-09c9a1e9",0,1,0.00,7.0
"/barbers/isacutzz-tx-0a08f519",0,1,0.00,5.0
"/barbers/isaiblurz-tx-1455f0de",0,1,0.00,8.0
"/barbers/jay-blendz-duncanville-75137-a37939f8",0,1,0.00,5.0
"/barbers/jay-cali-customcutz-tx-e5ec0592",0,1,0.00,4.0
"/barbers/jesse-7o1-tx-7ad1677e",0,1,0.00,10.0
"/barbers/jesus-da-barber-dallas-75228-943895da",0,1,0.00,9.0
"/barbers/jhonycuts-dallas-75254-dedc8091",0,1,0.00,10.0
"/barbers/jose-s-tx-8be9e7a5",0,1,0.00,7.0
"/barbers/jovi-tx-84ed71d5",0,1,0.00,8.0
"/barbers/jrickytrims-tx-96b04495",0,1,0.00,3.0
"/barbers/jthegoldenbarber-tx-a3b4de0e",0,1,0.00,2.0
"/barbers/juann-thebarber-tx-0ef849e1",0,1,0.00,5.0
"/barbers/k-ng-nate-wallstreetfaded-tx-5a5e5fed",0,1,0.00,6.0
"/barbers/kevin-barber-tx-cd12adf0",0,1,0.00,10.0
"/barbers/lanefadez-dallas-75243-72857e6f",0,1,0.00,5.0
"/barbers/lefade-james-tx-9ee1ec91",0,1,0.00,10.0
"/barbers/leoblendzz-houston-77091-b62fb214",0,1,0.00,10.0
"/barbers/leonard-otro-nivel-tx-95c047f8",0,1,0.00,11.0
"/barbers/line-king-dallas-75202-60f6d517",0,1,0.00,8.0
"/barbers/lineups-by-lynnda-tx-f899e0b4",0,1,0.00,5.0
"/barbers/lionis-the-barber-tx-1f48abe8",0,1,0.00,1.0
"/barbers/loren-the-barber-tx-4920f32f",0,1,0.00,7.0
"/barbers/lukycutz-dallas-75244-c71ad9f9",0,1,0.00,8.0
"/barbers/macfades-tx-1dc516e4",0,1,0.00,10.0
"/barbers/madelifekutz3-tx-6c87b005",0,1,0.00,2.0
"/barbers/majormondocuts-tx-4addd1e9",0,1,0.00,36.0
"/barbers/marco-place-tx-00c1fabc",0,1,0.00,13.0
"/barbers/matthew-trueraycuts-tx-3e9bbeec",0,1,0.00,43.0
"/barbers/melicutz-tx-7a74e011",0,1,0.00,5.0
"/barbers/miguel-cotzajay-tx-df19e3ce",0,1,0.00,10.0
"/barbers/miguel-ismino-stylist-and-barber-dallas-75219-5f5699c2",0,1,0.00,10.0
"/barbers/momo-da-barber-duncanville-75137-380189bc",0,1,0.00,4.0
"/barbers/moola-studios-tx-37086bd1",0,1,0.00,6.0
"/barbers/nelflow-barber504-irving-75061-e87bf579",0,1,0.00,3.0
"/barbers/next-up-lounge-tx-27fbff58",0,1,0.00,4.0
"/barbers/nikki-arguello-tx-83a5c09f",0,1,0.00,5.0
"/barbers/niko-c-barber-tx-5fe4ae25",0,1,0.00,2.0
"/barbers/obey-s-blend-house-tx-969b60ef",0,1,0.00,7.0
"/barbers/oblendz-tx-8044dd32",0,1,0.00,10.0
"/barbers/osixblens-tx-55e4aa0d",0,1,0.00,10.0
"/barbers/pablo-martinez-tx-e62e402b",0,1,0.00,10.0
"/barbers/poperbarber-tx-f488a9c1",0,1,0.00,7.0
"/barbers/pressureline-fadez-tx-0b132703",0,1,0.00,1.0
"/barbers/queenthebarberstylist-loft-tx-982812fc",0,1,0.00,32.0
"/barbers/rafablendz-tx-3d07e1a7",0,1,0.00,8.0
"/barbers/ramirezblendzz-tx-5f34132a",0,1,0.00,12.0
"/barbers/reliable-quality-grooming-w-marqo-blend-tx-e35e23c5",0,1,0.00,6.0
"/barbers/resurgicalkutz-tx-a1e3f8e7",0,1,0.00,10.0
"/barbers/rjdabarber214-duncanville-75137-56994965",0,1,0.00,8.0
"/barbers/rob-s-blends-tx-ef6f90b4",0,1,0.00,10.0
"/barbers/robertfadezz-tx-3176baf7",0,1,0.00,7.0
"/barbers/rolodabarber-tx-feaaff97",0,1,0.00,6.0
"/barbers/s-r-cutz-tx-4329b018",0,1,0.00,10.0
"/barbers/samdabarber-garland-75041-6a1fd26b",0,1,0.00,4.0
"/barbers/scotty-blurr-tx-625a84a1",0,1,0.00,38.0
"/barbers/screw-da-barber-dallas-75208-a6784005",0,1,0.00,1.0
"/barbers/sergioblendzz-tx-177fae7d",0,1,0.00,7.0
"/barbers/shaqastyle-dallas-75202-2e5d4df2",0,1,0.00,81.0
"/barbers/sigcrisp-tx-693fe60c",0,1,0.00,10.0
"/barbers/sipps-tx-6c80cb51",0,1,0.00,11.0
"/barbers/sliced-by-3-tx-d551dd52",0,1,0.00,9.0
"/barbers/slicedbydel-tx-cd3cd40b",0,1,0.00,4.0
"/barbers/slit-the-barber-tx-7af6358e",0,1,0.00,5.0
"/barbers/smitty-tx-90ce4449",0,1,0.00,3.0
"/barbers/solobl3ndz-tx-3d630cbe",0,1,0.00,43.0
"/barbers/sosa-barber-tx-0386f3bb",0,1,0.00,6.0
"/barbers/spaniard-barber-tx-019241b2",0,1,0.00,9.0
"/barbers/speedycutz-tx-7b48ffb7",0,1,0.00,10.0
"/barbers/steve-kutz-tx-733de77e",0,1,0.00,7.0
"/barbers/stillocutss-garland-75041-f66c8e1f",0,1,0.00,94.0
"/barbers/studio-207-houston-77092-d4b3fdb9",0,1,0.00,5.0
"/barbers/studio-essence-barbers-germaine-byrd-g-mesquite-75150-8e8364d3",0,1,0.00,9.0
"/barbers/sweeetblendz-tx-9eaeed6f",0,1,0.00,47.0
"/barbers/taybeamz-richardson-75080-3d3389d6",0,1,0.00,11.0
"/barbers/te-baby-tx-14ac0c04",0,1,0.00,93.0
"/barbers/techblendzz-addison-75001-cf7dd7e1",0,1,0.00,62.0
"/barbers/th3studi0-tx-2321ab63",0,1,0.00,12.0
"/barbers/the-chopspot-barbershop-chris-tx-395d5b0f",0,1,0.00,11.0
"/barbers/the-space-city-barber-tx-f5da88c6",0,1,0.00,62.0
"/barbers/thebarberbc-dallas-75208-36e1d73b",0,1,0.00,8.0
"/barbers/tinolafirma-barber-shop-houston-77063-257570c5",0,1,0.00,8.0
"/barbers/tjblendzz4-tx-50608262",0,1,0.00,5.0
"/barbers/tooofaded-barber-tx-58bbcc18",0,1,0.00,5.0
"/barbers/trueblendz-dallas-75204-78fe39d0",0,1,0.00,1.0
"/barbers/uppercut-tx-419c1547",0,1,0.00,8.0
"/barbers/vintagebarbershop-tx-49ed9b6d",0,1,0.00,46.0
"/barbers/warren-akrie-tx-2b629442",0,1,0.00,4.0
"/barbers/willbarber-tx-440fc5da",0,1,0.00,8.0
"/barbers/yanextbarber504-tx-e9bacb31",0,1,0.00,10.0
"/barbers/yhanc-cuts-tx-6397b0d2",0,1,0.00,8.0
"/barbers/yorsh-barber-otro-nivel-barber-shop-tx-f7a55a37",0,1,0.00,10.0
"/barbers/zeus-belmontes-houston-77093-646f4b53",0,1,0.00,5.0
"/beaumont/77713",0,1,0.00,6.0
"/careers/apply",0,1,0.00,7.0
"/corpus-christi/78413",0,1,0.00,93.0
"/cosmetologists/4c9f27ba-59be-46ce-8beb-76d68b83f29e",0,1,0.00,8.0
"/cosmetologists/annie-goudeau-cosmetologist-houston-63af6424",0,1,0.00,6.0
"/cosmetologists/brandi-hodge-cosmetologist-houston-39c7ba9e",0,1,0.00,5.0
"/cosmetologists/bree-barnes-esthetician-houston-2bbb17ec",0,1,0.00,11.0
"/cosmetologists/carrie-threatt-esthetician-houston-51f825b7",0,1,0.00,3.0
"/cosmetologists/catch-a-face-makeup-artist-houston-574db310",0,1,0.00,8.0
"/cosmetologists/cierrapresha-cosmetologist-houston-6fca4152",0,1,0.00,2.0
"/cosmetologists/denver-marshall-nail-technician-houston-d4df6a3e",0,1,0.00,8.0
"/cosmetologists/fe-sade-the-presson-nail-guru-houston-f6ef7edb",0,1,0.00,8.0
"/cosmetologists/javian-drake-esthetician-houston-e3e58981",0,1,0.00,4.0
"/cosmetologists/kimberlee-hills-stylist-houston-75e0a2b7",0,1,0.00,2.0
"/cosmetologists/lindsay-cosmetologist-houston-4a127d9a",0,1,0.00,10.0
"/cosmetologists/luvretta-holloway-makeup-artist-houston-b96e1ac1",0,1,0.00,3.0
"/cosmetologists/milli-allure-beauty-esthetician-houston-836a754d",0,1,0.00,4.0
"/cosmetologists/royaltee-stylist-houston-90bb9504",0,1,0.00,22.0
"/cosmetologists/sheriden-hill-stylist-houston-b635d50f",0,1,0.00,8.0
"/cosmetologists/yolanda-adomokai-esthetician-houston-62e885a4",0,1,0.00,6.0
"/dallas",0,1,0.00,59.0
"/dallas/75201",0,1,0.00,19.0
"/dallas/75204",0,1,0.00,78.0
"/dallas/75216",0,1,0.00,10.0
"/dallas/75218",0,1,0.00,22.0
"/dallas/75228",0,1,0.00,61.0
"/dallas/75234",0,1,0.00,99.0
"/el-paso/79902",0,1,0.00,9.0
"/fort-worth/76110",0,1,0.00,8.0
"/fort-worth/76117",0,1,0.00,13.0
"/frisco/75034",0,1,0.00,12.0
"/garland/75042",0,1,0.00,25.0
"/hair-extensions-houston",0,1,0.00,6.0
"/houston/insights/market-analysis/adolfo-s-barber-shop",0,1,0.00,10.0
"/houston/insights/market-analysis/afterhours-barbershop",0,1,0.00,5.0
"/houston/insights/market-analysis/bad-boyz-barber-shop",0,1,0.00,6.0
"/houston/insights/market-analysis/barber-league",0,1,0.00,11.0
"/houston/insights/market-analysis/barber-shark-barbershop",0,1,0.00,8.0
"/houston/insights/market-analysis/blades-barber-and-beauty-salon",0,1,0.00,8.0
"/houston/insights/market-analysis/boardroom-salon-for-men-washington-heights",0,1,0.00,11.0
"/houston/insights/market-analysis/chaz-the-barber",0,1,0.00,4.0
"/houston/insights/market-analysis/crist-d-barber-shop",0,1,0.00,8.0
"/houston/insights/market-analysis/dreamcutterz-innovations-llc",0,1,0.00,8.0
"/houston/insights/market-analysis/el-catracho-barber-shop",0,1,0.00,4.0
"/houston/insights/market-analysis/elite-barbershop-",0,1,0.00,3.0
"/houston/insights/market-analysis/executive-barber-beauty-shop",0,1,0.00,11.0
"/houston/insights/market-analysis/extreme-designer-kuts-and-styles",0,1,0.00,10.0
"/houston/insights/market-analysis/fivestarcutz-barber-houston",0,1,0.00,9.0
"/houston/insights/market-analysis/fountainview-barber-shop",0,1,0.00,3.0
"/houston/insights/market-analysis/gifted-hands-unisex-barbershop-salon",0,1,0.00,6.0
"/houston/insights/market-analysis/harlem-haircutz",0,1,0.00,9.0
"/houston/insights/market-analysis/house-of-fades-houston",0,1,0.00,6.0
"/houston/insights/market-analysis/hwy-6-barber-shop",0,1,0.00,10.0
"/houston/insights/market-analysis/i-i-barber-co-",0,1,0.00,2.0
"/houston/insights/market-analysis/innovations-barber-studio",0,1,0.00,9.0
"/houston/insights/market-analysis/kut-kreators-barber-shop",0,1,0.00,7.0
"/houston/insights/market-analysis/legacy-studio-barbershop-llc",0,1,0.00,7.0
"/houston/insights/market-analysis/mad-men-groom-in-room",0,1,0.00,8.0
"/houston/insights/market-analysis/mvp-barber-boutique",0,1,0.00,8.0
"/houston/insights/market-analysis/next-up-barber-studio-jersey-village",0,1,0.00,10.0
"/houston/insights/market-analysis/one-for-all-barbershop-shave-parlor",0,1,0.00,10.0
"/houston/insights/market-analysis/powkchopp-s-barbershop-north-houston",0,1,0.00,8.0
"/houston/insights/market-analysis/premium-barbershop",0,1,0.00,9.0
"/houston/insights/market-analysis/quality-kutz-barbershop",0,1,0.00,8.0
"/houston/insights/market-analysis/razor-king-barber-shop",0,1,0.00,9.0
"/houston/insights/market-analysis/sharper-edge-northwest",0,1,0.00,3.0
"/houston/insights/market-analysis/t-s-barber-style-shop",0,1,0.00,8.0
"/houston/insights/market-analysis/the-cut-barbershop",0,1,0.00,8.0
"/houston/insights/market-analysis/the-fade-doctor-barber-studio-den",0,1,0.00,1.0
"/houston/insights/market-analysis/the-gents-place-barbershop-washington-heights",0,1,0.00,11.0
"/houston/insights/market-analysis/tita-s-barber-shop",0,1,0.00,11.0
"/houston/insights/market-analysis/true-cutz-llc",0,1,0.00,7.0
"/houston/insights/market-analysis/v-i-p-shop",0,1,0.00,12.0
"/houston/insights/market-analysis/v-w-fashion-barber-shop",0,1,0.00,7.0
"/houston/insights/market-analysis/west-memorial-barber-shop",0,1,0.00,10.0
"/insights/abc-fitness-sovereign-intelligence-audit",0,1,0.00,34.0
"/insights/autonomous-concierge-roi-analysis",0,1,0.00,7.0
"/irving",0,1,0.00,19.0
"/katy-tx-barbershops-salons",0,1,0.00,4.0
"/laredo/78041",0,1,0.00,49.0
"/locs-houston",0,1,0.00,9.0
"/membership",0,1,0.00,10.0
"/missouri-city/77459",0,1,0.00,6.0
"/plano/75023",0,1,0.00,43.0
"/program-advisory-committee-kit",0,1,0.00,6.0
"/salons/643207c4-cc41-4d1b-be3a-7500c1e24b15",0,1,0.00,6.0
"/salons/a981ebed-e8ad-4ecd-86b5-04b67c63df80",0,1,0.00,5.0
"/salons/b-parlor-san-francisco-49936250",0,1,0.00,11.0
"/salons/beauology-brows-hair-skin-san-jose-ec3ce8c5",0,1,0.00,6.0
"/salons/beauty-defined-houston-3843dc0a",0,1,0.00,60.0
"/salons/beauty-secrets-cypress-0cd9878b",0,1,0.00,54.0
"/salons/beauty-skin-by-hilda-houston-3eab0f04",0,1,0.00,2.0
"/salons/beyond-infiniti-beauty-houston-57fe0ffb",0,1,0.00,5.0
"/salons/cambio-de-imagen-hair-salon-garland-5ed35415",0,1,0.00,1.0
"/salons/clozure-hair-studio-houston-837080c3",0,1,0.00,11.0
"/salons/code-salon-san-francisco-534c6c7e",0,1,0.00,8.0
"/salons/demillan-salon-fresno-9390cecf",0,1,0.00,9.0
"/salons/dimoda-salon-spa-san-jose-78721e09",0,1,0.00,9.0
"/salons/eduard-jorj-salon-sugar-land-b063b4be",0,1,0.00,11.0
"/salons/elideli-hair-salon-missouri-city-f15c4db6",0,1,0.00,9.0
"/salons/elizkof-beauty-katy-e2e04cd5",0,1,0.00,9.0
"/salons/explore-barber-beauty-salon-houston-29a8bc32",0,1,0.00,3.0
"/salons/favola-beauty-salon-league-city-1f4bdc6e",0,1,0.00,2.0
"/salons/gila-rut-aveda-salon-san-diego-594e2cba",0,1,0.00,17.0
"/salons/hair-evolution-salon-houston-ff9fcf17",0,1,0.00,2.0
"/salons/hair-los-angeles-los-angeles-33d29bbf",0,1,0.00,11.0
"/salons/hair-nail-beauty-pasadena-569c2d6b",0,1,0.00,4.0
"/salons/higgins-beauty-salon-houston-54e0ea21",0,1,0.00,3.0
"/salons/imperial-salon-houston-87f10947",0,1,0.00,3.0
"/salons/international-hair-salon-missouri-city-d71e9c0f",0,1,0.00,2.0
"/salons/ivory-salon-san-jose-e9db8167",0,1,0.00,9.0
"/salons/jhonny-s-hair-salon-fort-worth-92da3b9a",0,1,0.00,5.0
"/salons/karen-rivera-hairstylist-pearland-92fc4975",0,1,0.00,2.0
"/salons/karysma-s-hair-salon-houston-99208c9c",0,1,0.00,5.0
"/salons/kutz-and-styles-of-silverlake-pearland-94029b24",0,1,0.00,6.0
"/salons/lash-strut-san-jose-e7385b7b",0,1,0.00,8.0
"/salons/lipekcutz-barbing-braiding-shop-houston-eaea479c",0,1,0.00,8.0
"/salons/luxe-wellness-and-aesthetics-league-city-014d3cd7",0,1,0.00,8.0
"/salons/magic-touch-hair-pasadena-76eea98f",0,1,0.00,11.0
"/salons/mane-couture-spring-601fe84b",0,1,0.00,12.0
"/salons/ml-hair-studio-san-francisco-f08bc5f0",0,1,0.00,9.0
"/salons/modern-curls-and-cuts-league-city-b07847d7",0,1,0.00,3.0
"/salons/mojgan-beauty-salon-houston-2028d5e3",0,1,0.00,7.0
"/salons/moniel-makeovr-missouri-city-84bc839b",0,1,0.00,9.0
"/salons/mwanda-s-anointed-appointed-hair-studio-beauty-supply-tyler-5587f9d5",0,1,0.00,9.0
"/salons/my-moves-houston-e41587b4",0,1,0.00,4.0
"/salons/nana-s-hair-salon-and-spa-san-jose-18d97361",0,1,0.00,5.0
"/salons/park-avenue-hair-salon-college-station-c1ebe7b6",0,1,0.00,7.0
"/salons/patrick-evan-salon-san-francisco-09c3b980",0,1,0.00,8.0
"/salons/peonies-beaute-san-jose-096ece41",0,1,0.00,7.0
"/salons/queens-beauty-lounge-braiding-salon-services-online-store-available-frisco-cb2b580e",0,1,0.00,8.0
"/salons/rina-s-hair-salon-pasadena-4f2876fb",0,1,0.00,4.0
"/salons/roniz-beauty-threading-eyelashes-houston-95237270",0,1,0.00,6.0
"/salons/salon-a-a-conroe-6e6cdbd3",0,1,0.00,5.0
"/salons/salon-de-luna-corpus-christi-c207ef7d",0,1,0.00,1.0
"/salons/salon-on-vine-tyler-ebcaf33f",0,1,0.00,61.0
"/salons/serene-tresses-houston-e6df8aa1",0,1,0.00,6.0
"/salons/sol-lash-and-beauty-co-sherman-e8da7d5f",0,1,0.00,16.0
"/salons/sonia-s-beauty-salon-irving-f5394d78",0,1,0.00,2.0
"/salons/soq-salon-spring-b94f7a87",0,1,0.00,11.0
"/salons/sugar-land-color-salon-sugar-land-1970220f",0,1,0.00,7.0
"/salons/the-beauty-touch-salon-laredo-f79a8ee6",0,1,0.00,5.0
"/salons/the-color-society-salon-houston-09d5f314",0,1,0.00,3.0
"/salons/the-hair-smith-houston-212125a3",0,1,0.00,11.0
"/salons/the-hairspot-pflugerville-c942cbfc",0,1,0.00,9.0
"/salons/the-joie-of-hair-beaumont-1f0f392b",0,1,0.00,1.0
"/salons/the-scarlet-door-salon-day-spa-boutique-amarillo-b7c7326d",0,1,0.00,10.0
"/salons/the-well-beauty-studio-houston-a12b02a8",0,1,0.00,10.0
"/salons/timeless-beauty-salon-katy-e1ed5406",0,1,0.00,8.0
"/salons/turning-heads-hair-nail-co-beaumont-a444bc7d",0,1,0.00,9.0
"/salons/unisex-salon-alex-irving-e14fea37",0,1,0.00,3.0
"/salons/virtue-of-beauty-houston-3b886411",0,1,0.00,5.0
"/salons/westhairstyles-houston-53c80e82",0,1,0.00,4.0
"/salons/works-of-art-hair-salon-los-angeles-33261e08",0,1,0.00,8.0
"/salons/yoli-s-beauty-salon-houston-de2eb41d",0,1,0.00,6.0
"/san-antonio/78212",0,1,0.00,10.0
"/san-antonio/78214",0,1,0.00,11.0
"/san-antonio/78217",0,1,0.00,8.0
"/san-antonio/78220",0,1,0.00,11.0
"/san-antonio/78247",0,1,0.00,10.0
"/san-antonio/78252",0,1,0.00,10.0
"/schools/01f72c2e-b14a-448e-a7a3-694c1b89f097",0,1,0.00,2.0
"/schools/1-nail-academy-garland-8555bdb8",0,1,0.00,11.0
"/schools/18543013-3a2f-4180-8d20-6294a4a8c45d",0,1,0.00,4.0
"/schools/1st-academy-of-beauty-los-angeles-38e73d80",0,1,0.00,7.0
"/schools/360-degrees-beauty-academy-1-houston-1f83fa20",0,1,0.00,6.0
"/schools/a91df9f1-73b0-43a1-9c8a-7c1166df7a03",0,1,0.00,5.0
"/schools/aaa-beauty-college-san-diego-5d6e39a6",0,1,0.00,9.0
"/schools/allgood-beauty-institute-frisco-ae4f81d9",0,1,0.00,7.0
"/schools/alva-beauty-collective-chula-vista-16f531bb",0,1,0.00,9.0
"/schools/american-beauty-academy-los-angeles-bcfec6d7",0,1,0.00,12.0
"/schools/aml-academy-makeup-hair-glendale-dbcfb24c",0,1,0.00,10.0
"/schools/angleton-independent-school-district-tx-58341626",0,1,0.00,8.0
"/schools/associated-barber-college-san-diego-63f02c78",0,1,0.00,9.0
"/schools/b-t-washington-high-school-houston-f7594717",0,1,0.00,3.0
"/schools/bamboo-advance-beauty-college-san-francisco-694ab0dc",0,1,0.00,8.0
"/schools/barber-life-academy-humble-f36f64ad",0,1,0.00,6.0
"/schools/berkner-high-school-richardson-a694b932",0,1,0.00,2.0
"/schools/birdville-center-of-technology-north-richland-hills-ca2c90f3",0,1,0.00,21.0
"/schools/bk-cosmo-college-of-cosmetology-kerrville-53f23098",0,1,0.00,4.0
"/schools/blessed-hands-barber-cosmetology-college-corpus-christi-187008ee",0,1,0.00,12.0
"/schools/blueprint-barbershop-sugar-land-2b0a648e",0,1,0.00,11.0
"/schools/borner-s-barber-college-pasadena-glendale-6eac2c3e",0,1,0.00,10.0
"/schools/boss-beauty-makeup-academy-dallas-37d94482",0,1,0.00,27.0
"/schools/burbank-high-school-san-antonio-17cae3c5",0,1,0.00,11.0
"/schools/burleson-high-school-burleson-8f92318f",0,1,0.00,8.0
"/schools/california-hair-design-academy-san-diego-8d7507b3",0,1,0.00,10.0
"/schools/career-center-east-lewisville-002d61e7",0,1,0.00,39.0
"/schools/cinema-makeup-school-los-angeles-92d2bafe",0,1,0.00,4.0
"/schools/cosmetica-latina-edu-inc-long-beach-06a23d99",0,1,0.00,9.0
"/schools/cpr-certification-labs-round-rock-pflugerville-pflugerville-6718abdc",0,1,0.00,7.0
"/schools/crossroads-barber-academy-victoria-5635c057",0,1,0.00,10.0
"/schools/cypress-ranch-high-school-cypress-49b30b03",0,1,0.00,6.0
"/schools/dacs-academy-austin-61fbf580",0,1,0.00,8.0
"/schools/db5f1c0f-4b81-48db-922a-4fe6bf582cad",0,1,0.00,9.0
"/schools/denver-city-high-school-denver-city-7c20e8ff",0,1,0.00,5.0
"/schools/diamond-beauty-college-los-angeles-106ceb96",0,1,0.00,10.0
"/schools/donna-high-school-donna-884334b3",0,1,0.00,9.0
"/schools/el-campo-high-school-el-campo-69fca315",0,1,0.00,3.0
"/schools/enrichment-barber-college-san-antonio-9075a455",0,1,0.00,11.0
"/schools/gonzales-high-school-gonzales-874431b7",0,1,0.00,5.0
"/schools/greenville-high-school-greenville-2c3e6673",0,1,0.00,7.0
"/schools/greenwood-high-school-midland-60bc806c",0,1,0.00,1.0
"/schools/holmes-high-school-san-antonio-2598958f",0,1,0.00,8.0
"/schools/image-academy-memorial-katy-37b58dad",0,1,0.00,9.0
"/schools/institute-of-cosmetology-esthetics-massage-missouri-city-2eb26432",0,1,0.00,10.0
"/schools/international-barber-college-2-garland-56fea59a",0,1,0.00,2.0
"/schools/international-college-of-beauty-arts-and-sciences-los-angeles-d524d23e",0,1,0.00,8.0
"/schools/jean-percy-school-of-barbering-llc-cypress-875c761c",0,1,0.00,7.0
"/schools/jean-percy-school-of-barbering-llc-katy-603acdbc",0,1,0.00,10.0
"/schools/kc-salon-kc-student-clinic-los-angeles-eef890c5",0,1,0.00,7.0
"/schools/klein-tx-4e77fbc5",0,1,0.00,11.0
"/schools/la-vida-laser-aesthetics-institute-houston-4ea7a3e8",0,1,0.00,7.0
"/schools/lehman-high-school-kyle-083dd5fd",0,1,0.00,3.0
"/schools/master-blends-barber-school-llc-little-elm-1a783c47",0,1,0.00,2.0
"/schools/michael-s-barber-hairstylists-academy-irving-e3f9b39a",0,1,0.00,12.0
"/schools/palmview-high-school-palmview-8a290b32",0,1,0.00,7.0
"/schools/palomar-institute-of-cosmetology-san-diego-e5850247",0,1,0.00,10.0
"/schools/pardon-my-license-pearland-c4c6128b",0,1,0.00,12.0
"/schools/paul-mitchell-the-school-pasadena-los-angeles-c73d4e12",0,1,0.00,11.0
"/schools/pecos-barstow-toyah-isd-tx-0a2fef65",0,1,0.00,9.0
"/schools/razors-school-of-barber-design-montgomery-5c7def97",0,1,0.00,9.0
"/schools/rgccisd-grulla-high-school-rio-grande-city-1024bd83",0,1,0.00,11.0
"/schools/rice-high-school-rice-66e0f2e2",0,1,0.00,3.0
"/schools/rio-grande-city-cisd-grulla-tx-bc6b3843",0,1,0.00,9.0
"/schools/rzj-plano-c454da3c",0,1,0.00,9.0
"/schools/south-plains-college-plainview-2505dff6",0,1,0.00,11.0
"/schools/south-post-oak-barber-college-the-woodlands-5e53994d",0,1,0.00,13.0
"/schools/southern-california-college-of-barber-and-beauty-san-diego-970ca353",0,1,0.00,11.0
"/schools/southern-careers-institute-bryan-63ebae03",0,1,0.00,7.0
"/schools/sponsored-amarillo-4505bfd4",0,1,0.00,18.0
"/schools/texas-college-of-cosmetology-lubbock-e12e4c93",0,1,0.00,7.0
"/schools/the-blessings-medical-aesthetics-llc-cypress-21922dd6",0,1,0.00,4.0
"/schools/the-hook-up-barber-university-mission-a8d654cb",0,1,0.00,8.0
"/schools/the-institute-of-beauty-konnections-houston-d1619f15",0,1,0.00,8.0
"/schools/toni-and-guy-hairdressing-academ-houston-houston-8f64b902",0,1,0.00,54.0
"/schools/top-secret-beauty-spa-academy-houston-236278bd",0,1,0.00,6.0
"/schools/trein-club-fort-bend-brazilian-jiu-jitsu-sugar-land-ab1e5d4d",0,1,0.00,10.0
"/schools/trucco-beauty-institute-el-paso-3a9c2cbd",0,1,0.00,6.0
"/schools/urban-barber-college-modesto-modesto-af405c1d",0,1,0.00,8.0
"/schools/urban-barber-college-san-jose-1a71115e",0,1,0.00,7.0
"/schools/wow-lash-brow-academy-spring-ea0d3415",0,1,0.00,7.0
"/shop-day-matches",0,1,0.00,8.0
"/shop/02875afd-5cf0-48b4-979b-7baa577e3797",0,1,0.00,10.0
"/shop/0323e1ac-d9fb-4597-9c17-11ac0f287261",0,1,0.00,10.0
"/shop/03c8c57c-7c5e-457d-ac09-86620b28d11a",0,1,0.00,5.0
"/shop/08185243-bcc5-49b9-aaaf-a15dd6af5536",0,1,0.00,10.0
"/shop/095a2df6-e273-4614-968e-192f131e0c31",0,1,0.00,9.0
"/shop/095c33bb-6c8f-4b1b-b135-927d21662e0b",0,1,0.00,11.0
"/shop/0fad5dd7-e75f-4401-b615-07d76895d023",0,1,0.00,8.0
"/shop/1-of-one-barber-shop-north-san-antonio-d20872af",0,1,0.00,15.0
"/shop/11e170a5-57e4-42da-9db0-fc3e2028273d",0,1,0.00,8.0
"/shop/15adb788-34f6-4f44-a1e4-1adb27127503",0,1,0.00,4.0
"/shop/15ae2312-3aeb-4981-a3d8-5321a47ef0d5",0,1,0.00,8.0
"/shop/1c958be4-7c3a-4538-92c2-e084ce307f00",0,1,0.00,9.0
"/shop/1nicecut-irving-e69cd32d",0,1,0.00,7.0
"/shop/217-cutz-mckinney-acd228a9",0,1,0.00,10.0
"/shop/25dc1e62-89bf-4d7d-b304-dc47a40dffdd",0,1,0.00,10.0
"/shop/2e523395-04e4-416e-94bd-ed35efcd5c1c",0,1,0.00,2.0
"/shop/2f731455-e73e-411f-a28c-ad42ea321f7b",0,1,0.00,6.0
"/shop/32-degreez-barber-shop-and-beauty-houston-77082-bcdec6ce",0,1,0.00,10.0
"/shop/390a8686-501d-4523-8a2a-e88edf32f8a3",0,1,0.00,8.0
"/shop/3rd-ward-finest-kutz-houston-77004-708ee3c4",0,1,0.00,13.0
"/shop/400965a0-558d-4bbe-b31a-55c2dae075f1",0,1,0.00,3.0
"/shop/43c7f551-1f99-4bfd-9ba2-a13959cef0b9",0,1,0.00,10.0
"/shop/49770846-714e-48fa-93d3-1b1bb81025f3",0,1,0.00,13.0
"/shop/5075148b-f05f-4c5f-ab97-1b6fce97d5d3",0,1,0.00,8.0
"/shop/518-barber-shop-pearland-498640be",0,1,0.00,6.0
"/shop/5566e90c-911b-4bc3-b821-66feec5b169a",0,1,0.00,9.0
"/shop/55a4664d-f760-4c20-88fd-7223b035b5e5",0,1,0.00,7.0
"/shop/56512680-00ab-479d-9eb6-531fe4adf14c",0,1,0.00,2.0
"/shop/5dc577f7-4b0c-4b09-bd6e-980aeb593e74",0,1,0.00,4.0
"/shop/63600f23-0a05-479b-ba0d-051678e22c74",0,1,0.00,9.0
"/shop/64b42406-fdd6-4566-9037-696840e3dab3",0,1,0.00,56.0
"/shop/64ef7272-c550-4c8d-aac4-f1b4b2562dc5",0,1,0.00,9.0
"/shop/67996626-22bf-4611-a1f7-5dd3acabf28c",0,1,0.00,10.0
"/shop/6a625326-9ef2-4c4f-a47d-56f774b75b98",0,1,0.00,8.0
"/shop/6b0fa283-8dcc-4ff6-999b-3e6e19063f30",0,1,0.00,10.0
"/shop/6bebe79f-1f97-48ce-9489-8f71ce963d47",0,1,0.00,7.0
"/shop/72777a87-8cef-4ed3-b8ce-8567e9ec4d2f",0,1,0.00,1.0
"/shop/7bccb5a5-c1c4-447a-812b-ea571b564b30",0,1,0.00,7.0
"/shop/7e31693d-3234-474f-bd5b-bd7b87de3992",0,1,0.00,7.0
"/shop/93395ca6-c8a2-4c01-8241-a4c3c239036a",0,1,0.00,10.0
"/shop/970aa45e-c04f-482d-b68e-41d6d4caa062",0,1,0.00,2.0
"/shop/9a5d69f0-6144-4c48-9c06-d09686416708",0,1,0.00,10.0
"/shop/a-barbering-barbershop-shave-bar-arlington-c82481fd",0,1,0.00,6.0
"/shop/a-list-barbershop-houston-houston-77088-39540b1c",0,1,0.00,11.0
"/shop/a-m-barber-lounge-grand-prairie-869cb96e",0,1,0.00,10.0
"/shop/a-s-barber-studio-fontana-2b26728a",0,1,0.00,11.0
"/shop/a-shaving-grace-barbershop-sugarcreek-sugar-land-aeb188ea",0,1,0.00,9.0
"/shop/a83114c3-f22f-41fa-8b05-2148d61a3931",0,1,0.00,1.0
"/shop/a83114c3-f22f-41fa-8b05-2148d61a3931",0,1,0.00,8.0
"/shop/abs-barberstudio-2-0-abbs-fontana-54e87bb8",0,1,0.00,12.0
"/shop/ae23dacd-90ce-465b-9554-99280336211f",0,1,0.00,10.0
"/shop/afdceb27-2e64-4178-afe3-a8df5d86146b",0,1,0.00,6.0
"/shop/afterhours-barbershop-houston-77009-d84abc75",0,1,0.00,24.0
"/shop/alexander-scissorhands-at-duckets-barbershop-mckinney-d19ce0c1",0,1,0.00,9.0
"/shop/all-naps-matter-houston-77078-0b6f3907",0,1,0.00,6.0
"/shop/ambrose-s-barber-shop-houston-77011-b6e75f48",0,1,0.00,10.0
"/shop/angel-s-barber-chair-fort-worth-48427201",0,1,0.00,6.0
"/shop/anthony-the-barber-houston-77018-4b1d24db",0,1,0.00,3.0
"/shop/ap-the-barber-baytown-9be10c65",0,1,0.00,21.0
"/shop/arroyo-cutz-frisco-frisco-9deca5ca",0,1,0.00,9.0
"/shop/b2f86e70-63b7-4003-8aa0-8d172a52aab8",0,1,0.00,6.0
"/shop/b35805f4-f3b0-4a61-a7cc-ca68b4d1f0d2",0,1,0.00,10.0
"/shop/b3bbf8db-217b-4f4c-a7c3-2afddb9826ff",0,1,0.00,10.0
"/shop/bad-boyz-barber-shop-houston-77091-350f1fee",0,1,0.00,8.0
"/shop/barber-shark-barbershop-houston-77069-2f0c13c0",0,1,0.00,10.0
"/shop/barber-shop-corpus-christi-39370cff",0,1,0.00,9.0
"/shop/barber-sinan-houston-77099-7146b3dc",0,1,0.00,5.0
"/shop/barbershop-classic-la-los-angeles-89479b24",0,1,0.00,6.0
"/shop/barbershop-modern-image-garland-tx-garland-265a873d",0,1,0.00,13.0
"/shop/barbershop-on-bell-denton-ee778c16",0,1,0.00,5.0
"/shop/bazooka-charlie-s-barber-co-mckinney-c92309d9",0,1,0.00,1.0
"/shop/bc-s-barber-shop-plano-9f62b988",0,1,0.00,7.0
"/shop/beauty-the-blade-hair-studio-san-antonio-3afd6a25",0,1,0.00,8.0
"/shop/bellarmine-barber-shop-san-jose-9735a33d",0,1,0.00,11.0
"/shop/ben-s-luxe-barber-dallas-6bcf580e",0,1,0.00,8.0
"/shop/blades-barber-and-beauty-salon-houston-77075-0c355e48",0,1,0.00,11.0
"/shop/blanco-flawless-firm-barber-shop-dallas-dafe13df",0,1,0.00,10.0
"/shop/blends-barbershop-oc-santa-ana-2afa8a0d",0,1,0.00,11.0
"/shop/blendz-barbershop-studio-el-paso-76dfd8fc",0,1,0.00,4.0
"/shop/butch-screwball-barbers-sacramento-85c46c09",0,1,0.00,7.0
"/shop/c2b6f7e8-1b6c-4d20-9576-84493975b88c",0,1,0.00,7.0
"/shop/caballeros-barber-shop-houston-77084-af13fe08",0,1,0.00,8.0
"/shop/caballeros-hair-shop-pasadena-ecd3c919",0,1,0.00,28.0
"/shop/cabrera-s-barber-shop-houston-77053-f42212e5",0,1,0.00,10.0
"/shop/capone-cutz-houston-77004-836fd3d3",0,1,0.00,5.0
"/shop/catrachos-flow-barber-shop-houston-77087-6196f481",0,1,0.00,7.0
"/shop/cbb53fa8-f77a-4ddb-8146-a69a2630ca7a",0,1,0.00,8.0
"/shop/certified-barber-pasadena-d5f7cc08",0,1,0.00,11.0
"/shop/cf709730-86d7-410a-ab26-389a9b34efe5",0,1,0.00,11.0
"/shop/chano-s-killer-fades-houston-77053-2b47f0d2",0,1,0.00,8.0
"/shop/charles-blades-barber-shop-oakland-dc98ecfa",0,1,0.00,11.0
"/shop/choppaholix-barbershop-pasadena-06494ae8",0,1,0.00,6.0
"/shop/clear-lake-city-barbershop-houston-77062-099c926b",0,1,0.00,7.0
"/shop/clipperhands-barbershop-eastside-el-paso-f4beb893",0,1,0.00,1.0
"/shop/clutch-city-cutz-houston-77088-9dfd9d30",0,1,0.00,65.0
"/shop/color-of-sky-hair-and-beauty-salon-houston-77062-48ba152d",0,1,0.00,4.0
"/shop/combs-cuts-barber-shop-amarillo-51879bc6",0,1,0.00,10.0
"/shop/concept-barbershop-san-jose-9d2aeaf5",0,1,0.00,10.0
"/shop/cookin-cuts-humble-165774b6",0,1,0.00,9.0
"/shop/cut-creations-family-barber-shop-houston-77086-3598caaf",0,1,0.00,9.0
"/shop/cutthroat-barbers-houston-barbershop-haircut-for-men-houston-e24a76a6",0,1,0.00,18.0
"/shop/cutzbychrys-houston-77051-787a0dee",0,1,0.00,2.0
"/shop/d-rich-barbers-houston-77073-978a7483",0,1,0.00,12.0
"/shop/d3-fadez-mesquite-29b0a286",0,1,0.00,6.0
"/shop/d3ebec0e-4c9d-4ede-a1f9-37b59b8afb72",0,1,0.00,9.0
"/shop/da3f8772-ef29-4e46-9ef1-dd5313036936",0,1,0.00,10.0
"/shop/dad-s-barbershop-brownsville-302f6ffc",0,1,0.00,8.0
"/shop/dapper-dre-s-distinguished-barbers-veteran-owned-mesquite-7e42abb5",0,1,0.00,6.0
"/shop/dave-s-barber-lounge-houston-77042-6035a93b",0,1,0.00,11.0
"/shop/david-s-barber-shop-y-beauty-salon-houston-77099-c3cd4182",0,1,0.00,4.0
"/shop/day-one-barbershop-san-jose-fef09545",0,1,0.00,13.0
"/shop/dd48fa23-c7c3-4114-8abe-f986170e26dc",0,1,0.00,10.0
"/shop/deeper-than-kutz-irving-aef6c878",0,1,0.00,5.0
"/shop/defined-lines-houston-77094-e1440b05",0,1,0.00,8.0
"/shop/diesel-barbershop-alamo-ranch-san-antonio-0ca87079",0,1,0.00,5.0
"/shop/divine-cuts-pflugerville-b2496f5e",0,1,0.00,6.0
"/shop/divine-edge-barber-and-beauty-san-antonio-a32d0748",0,1,0.00,5.0
"/shop/don-chuy-s-barbershop-houston-77070-af2fd089",0,1,0.00,11.0
"/shop/drip-fadez-barbershop-houston-77093-073a2954",0,1,0.00,6.0
"/shop/dustyjo-s-debonaire-depot-houston-77023-86c6e4a5",0,1,0.00,7.0
"/shop/dynasty-barber-studio-el-paso-129005fe",0,1,0.00,8.0
"/shop/e0d2c6fb-53a2-4d75-b315-a73981d7d9bc",0,1,0.00,9.0
"/shop/e48e282f-8712-4081-aad5-2696b49aaa6f",0,1,0.00,9.0
"/shop/e6e0cd3a-ef05-484a-ae9b-35c738d126d2",0,1,0.00,1.0
"/shop/e718f018-d9b7-4eb0-818e-d2981cdee71c",0,1,0.00,8.0
"/shop/ed25c5cf-e54b-47c0-b388-378c4714be2c",0,1,0.00,1.0
"/shop/eg-barbershop-suite-frisco-65211968",0,1,0.00,7.0
"/shop/elite-barber-parlour-sugar-land-fa6aeee2",0,1,0.00,17.0
"/shop/empire-barbershop-oxnard-oxnard-519debb2",0,1,0.00,4.0
"/shop/epicfades-haircuts-by-appointment-only-irving-88b77dc3",0,1,0.00,2.0
"/shop/esco-barber-shop-houston-77060-2f731455",0,1,0.00,12.0
"/shop/evolve-barber-shop-frisco-frisco-c50a6e6b",0,1,0.00,9.0
"/shop/exclusive-men-s-grooming-barber-grooming-spa-dallas-66b76828",0,1,0.00,10.0
"/shop/exhibit-barbershop-garland-cfb4444a",0,1,0.00,11.0
"/shop/extreme-designer-kuts-and-styles-houston-77085-5aa185e6",0,1,0.00,6.0
"/shop/fade-em-all-fort-worth-ff79af36",0,1,0.00,9.0
"/shop/fade-the-city-barbershop-houston-77048-cb4bb506",0,1,0.00,6.0
"/shop/faded-empire-barbershop-lubbock-8d9f581f",0,1,0.00,7.0
"/shop/faded-up-humble-5f1b28dd",0,1,0.00,3.0
"/shop/fades-on-demand-houston-77069-11505bea",0,1,0.00,11.0
"/shop/fadestation-barbers-llc-irving-df7dc2ec",0,1,0.00,8.0
"/shop/fashion-barbers-mesquite-d2d9453c",0,1,0.00,1.0
"/shop/fe51c39f-2efa-4d26-bfd4-71ec9233c0cb",0,1,0.00,8.0
"/shop/fellas-barbershop-houston-77090-10348a9e",0,1,0.00,9.0
"/shop/fire-fades-barbershop-houston-77089-d0b28e16",0,1,0.00,10.0
"/shop/firme-barbershop-killeen-0b825741",0,1,0.00,11.0
"/shop/first-the-blade-barber-shop-pflugerville-e128cd18",0,1,0.00,9.0
"/shop/floyd-s-99-barbershop-irvine-01fc2631",0,1,0.00,11.0
"/shop/fresh-gentlemen-s-barbershop-san-diego-6959d798",0,1,0.00,9.0
"/shop/fresh-theory-barbershop-san-jose-57344276",0,1,0.00,6.0
"/shop/g-pro-barber-shop-houston-77099-36ed1856",0,1,0.00,18.0
"/shop/g-s-barber-shop-mesquite-b19ad2a8",0,1,0.00,1.0
"/shop/g2-barber-studio-houston-77070-49a32c64",0,1,0.00,9.0
"/shop/gallo-fino-barber-lounge-laredo-0fe23877",0,1,0.00,11.0
"/shop/gallo-fino-barber-lounge-south-laredo-6adb7691",0,1,0.00,10.0
"/shop/game-time-barber-shop-garland-82836326",0,1,0.00,10.0
"/shop/gb-barber-club-el-paso-1a76b450",0,1,0.00,8.0
"/shop/gentlemen-s-cut-roberta-zuniga-oxnard-32d2db5e",0,1,0.00,9.0
"/shop/gents-barber-club-san-jose-8131ef93",0,1,0.00,10.0
"/shop/gipsons-garland-81676038",0,1,0.00,6.0
"/shop/glenn-the-barber-houston-77092-0b1259e4",0,1,0.00,9.0
"/shop/golden-door-barbershop-san-francisco-b1944a94",0,1,0.00,18.0
"/shop/good-vibes-barber-co-houston-77018-1f0ca2b0",0,1,0.00,10.0
"/shop/gre-as-3d-barber-shop-houston-77081-18a63e18",0,1,0.00,8.0
"/shop/gus-fades-grooming-studio-laredo-2036ddf1",0,1,0.00,10.0
"/shop/hair-boss-barbershop-mckinney-cf121996",0,1,0.00,7.0
"/shop/hair-by-paul-houston-77089-7ac70e3a",0,1,0.00,10.0
"/shop/hair-perfection-beaumont-2472bb3b",0,1,0.00,5.0
"/shop/haircuts-by-josh-league-city-d2273dc7",0,1,0.00,4.0
"/shop/hairway-to-heaven-salon-sherman-5c973ed8",0,1,0.00,11.0
"/shop/hammer-nails-el-paso-fountains-el-paso-f81801b8",0,1,0.00,9.0
"/shop/hany-s-barbershop-anaheim-90b264fb",0,1,0.00,11.0
"/shop/haven-cuts-plano-26f07ba2",0,1,0.00,9.0
"/shop/heads-up-waco-3ad0bb7d",0,1,0.00,11.0
"/shop/henry-s-barber-shop-houston-77098-b9b91af8",0,1,0.00,4.0
"/shop/high-end-barber-shop-san-antonio-7e53bf6a",0,1,0.00,11.0
"/shop/hn-504-hair-cuts-houston-77090-536c59ec",0,1,0.00,10.0
"/shop/hott-blocc-humble-9476f028",0,1,0.00,10.0
"/shop/house-of-barbers-barbershop-san-antonio-4a94df0f",0,1,0.00,10.0
"/shop/house-of-fades-houston-houston-77091-a3b2d824",0,1,0.00,12.0
"/shop/house-of-haircuts-houston-77095-b9316326",0,1,0.00,9.0
"/shop/houston-s-finest-barber-shop-houston-77031-3e064856",0,1,0.00,2.0
"/shop/hp-barbershop-houston-77071-617ce70c",0,1,0.00,10.0
"/shop/htowns-best-barbershop-missouri-city-c5a56ae2",0,1,0.00,20.0
"/shop/htx-cuts-barbershop-houston-77092-b7e4bb76",0,1,0.00,9.0
"/shop/ideal-barber-shop-houston-77051-39f5d43c",0,1,0.00,5.0
"/shop/innovations-barber-studio-houston-77093-6e12b50a",0,1,0.00,10.0
"/shop/inspired-cutz-houston-77073-bb92bab9",0,1,0.00,8.0
"/shop/j-j-barber-shop-houston-77029-8067c1ea",0,1,0.00,10.0
"/shop/jay-s-barbershop-shave-parlor-houston-e7773608",0,1,0.00,7.0
"/shop/k-cool-cutz-houston-77095-9b5a5896",0,1,0.00,9.0
"/shop/kerms-barbershop-fontana-ef04aa9e",0,1,0.00,8.0
"/shop/kintanas-barbershop-houston-77093-ad290a3f",0,1,0.00,10.0
"/shop/kutinfed-barbershop-dallas-021467a5",0,1,0.00,10.0
"/shop/lamonts-shop-houston-77036-78372-a6cd48e5",0,1,0.00,1.0
"/shop/lather-lounge-barbershop-frisco-tx-haircuts-beard-trims-straight-razor-shaves-mckinney-9979f351",0,1,0.00,7.0
"/shop/league-city-barbers-league-city-8ba6328a",0,1,0.00,7.0
"/shop/legacy-barbershop-santa-ana-62410313",0,1,0.00,7.0
"/shop/legends-barbershop-pasadena-cf709730",0,1,0.00,23.0
"/shop/level-up-barbershop-houston-77063-77df4f8b",0,1,0.00,9.0
"/shop/licha-barber-beauty-salon-san-bernardino-b5686cae",0,1,0.00,7.0
"/shop/lopez-barbershop-houston-77011-1c99fbc6",0,1,0.00,5.0
"/shop/lucio-s-cutz-houston-77029-ed25c5cf",0,1,0.00,8.0
"/shop/magic-hands-barbershop-houston-77082-37a736e0",0,1,0.00,4.0
"/shop/malveaux-s-barbershop-ii-houston-77053-706ea895",0,1,0.00,9.0
"/shop/mankind-barbers-houston-77026-25dc1e62",0,1,0.00,11.0
"/shop/marble-barbershop-conroe-c200eca1",0,1,0.00,6.0
"/shop/marcuts-the-barber-pflugerville-69db14f9",0,1,0.00,8.0
"/shop/maritza-cuts-laredo-9b8f9ecb",0,1,0.00,6.0
"/shop/mark-s-barbershop-houston-77098-98664b5a",0,1,0.00,11.0
"/shop/marz-cutz-killeen-9c5503ad",0,1,0.00,2.0
"/shop/men-s-grooming-club-houston-77084-a1301ace",0,1,0.00,32.0
"/shop/michael-saldana-barbershop-houston-77019-0b4e1980",0,1,0.00,9.0
"/shop/midtown-barbershop-houston-77021-f65b9b32",0,1,0.00,5.0
"/shop/modern-rebel-barbershop-los-angeles-3bd3a98d",0,1,0.00,8.0
"/shop/moe-better-cuts-houston-77094-f1405003",0,1,0.00,10.0
"/shop/ms-c-s-barbershop-killeen-30d34ff4",0,1,0.00,6.0
"/shop/nautikas-barber-shop-houston-77078-e61fde33",0,1,0.00,6.0
"/shop/new-creation-barber-lounge-san-bernardino-d9ef2670",0,1,0.00,11.0
"/shop/new-friends-barbershop-lubbock-4d1f7e82",0,1,0.00,13.0
"/shop/new-style-barbershop-oakland-a910abbf",0,1,0.00,5.0
"/shop/next-cut-vip-barbershop-frisco-38d924f0",0,1,0.00,8.0
"/shop/nf3-barbershop-houston-77048-38864ff7",0,1,0.00,6.0
"/shop/north-side-barbershop-amarillo-0fecdce1",0,1,0.00,11.0
"/shop/north-texas-barbershop-frisco-15ae2312",0,1,0.00,8.0
"/shop/north-texas-cutz-denton-d3a91f1d",0,1,0.00,5.0
"/shop/notorious-barber-co-grand-prairie-76218cb0",0,1,0.00,11.0
"/shop/odyssey-arlington-13e42855",0,1,0.00,9.0
"/shop/offshore-barber-shop-irvine-54d6f30a",0,1,0.00,10.0
"/shop/og-s-barber-lounge-mckinney-baf7ccb6",0,1,0.00,10.0
"/shop/omar-barbershop-houston-77085-4ec25722",0,1,0.00,3.0
"/shop/one-for-all-barbershop-shave-parlor-houston-77064-a78b370e",0,1,0.00,6.0
"/shop/original-talent-barbershop-houston-77080-d7786b3c",0,1,0.00,9.0
"/shop/ortahaus-barber-co-houston-ecc59d01",0,1,0.00,3.0
"/shop/paris-barbershop-plano-29a440b0",0,1,0.00,6.0
"/shop/parlor-88-stockton-900ece16",0,1,0.00,7.0
"/shop/patilla-barbershop-garland-9865e3a9",0,1,0.00,10.0
"/shop/plugged-la-cutz-1-los-angeles-1ffb7092",0,1,0.00,5.0
"/shop/pmc-barbershop-denton-e8fe5030",0,1,0.00,10.0
"/shop/powkchopp-s-barbershop-north-houston-houston-77076-c9d425f9",0,1,0.00,3.0
"/shop/premier-barber-salon-houston-77018-0bdfac60",0,1,0.00,9.0
"/shop/premier-barbershop-houston-77095-59974f04",0,1,0.00,11.0
"/shop/premium-quality-cuts-l-l-c-sugar-land-0341009e",0,1,0.00,7.0
"/shop/prestige-barber-co-san-antonio-b321f013",0,1,0.00,11.0
"/shop/prestige-barber-studio-salon-houston-77099-22be4b62",0,1,0.00,3.0
"/shop/priince-scissors-hair-studio-austin-3577c362",0,1,0.00,41.0
"/shop/prime-barber-co-fort-worth-db18c9d7",0,1,0.00,1.0
"/shop/pro-styles-barber-shop-hair-studio-san-jose-8ee7e5a0",0,1,0.00,8.0
"/shop/professional-hair-salon-sugar-land-111dfde3",0,1,0.00,4.0
"/shop/prolific-barber-studio-mesquite-79711287",0,1,0.00,9.0
"/shop/properchop-barbershop-riverside-6e4dfa79",0,1,0.00,10.0
"/shop/queen-of-all-fades-mcallen-9b57142b",0,1,0.00,4.0
"/shop/r-r-barber-school-baytown-057a5017",0,1,0.00,7.0
"/shop/ray-zorsharp-barbershop-houston-77046-b891f3d5",0,1,0.00,2.0
"/shop/razor-s-edge-barbershop-lubbock-55cdfb0d",0,1,0.00,3.0
"/shop/realbarber-brownsville-e962e964",0,1,0.00,5.0
"/shop/republic-barbershop-garland-8d9209f6",0,1,0.00,9.0
"/shop/reyzorfadez-barbershop-houston-77089-4672729d",0,1,0.00,9.0
"/shop/rick-s-old-school-barbershop-los-angeles-9456555f",0,1,0.00,7.0
"/shop/ro-s-barbershop-houston-77095-22416555",0,1,0.00,1.0
"/shop/rob-s-chop-shop-dallas-f227b736",0,1,0.00,18.0
"/shop/rockboyz-barber-and-beauty-shop-houston-77051-34f61c2f",0,1,0.00,7.0
"/shop/roman-s-barber-studio-san-antonio-0d266dd3",0,1,0.00,11.0
"/shop/royal-cut-plano-plano-2fbc2e5d",0,1,0.00,10.0
"/shop/ruli-the-barber-frisco-0b761f2c",0,1,0.00,4.0
"/shop/saint-s-barber-beauty-shop-baytown-d5872916",0,1,0.00,7.0
"/shop/shaped-barbershop-anaheim-b17966ec",0,1,0.00,9.0
"/shop/signature-cuts-sacramento-1d9f8881",0,1,0.00,6.0
"/shop/signature-fadez-houston-77062-b345763a",0,1,0.00,9.0
"/shop/simply-sharp-plano-b420b15c",0,1,0.00,7.0
"/shop/sir-sweeney-barbershop-lounge-dallas-1996b073",0,1,0.00,9.0
"/shop/smokin-mirrors-barbershop-houston-4def1c79",0,1,0.00,10.0
"/shop/south-district-barber-co-san-antonio-b436cb3f",0,1,0.00,8.0
"/shop/stilo-barbershop-san-jose-625194cb",0,1,0.00,10.0
"/shop/studio-essence-barbers-mesquite-dba4d037",0,1,0.00,11.0
"/shop/taylor-made-cutz-houston-77086-d48554c1",0,1,0.00,5.0
"/shop/tdk-barbershop-north-laredo-a3aa819f",0,1,0.00,9.0
"/shop/the-b-lounge-mesquite-2c77a3f1",0,1,0.00,10.0
"/shop/the-barber-collection-katy-houston-77094-7084edd8",0,1,0.00,2.0
"/shop/the-barber-doll-sugar-land-8c204215",0,1,0.00,8.0
"/shop/the-barber-s-lounge-midland-15fc67e8",0,1,0.00,12.0
"/shop/the-barbershop-company-pflugerville-d891266c",0,1,0.00,7.0
"/shop/the-castro-barber-lounge-san-francisco-f97afa4f",0,1,0.00,7.0
"/shop/the-chop-shop-barbershop-corpus-christi-9613c6f4",0,1,0.00,8.0
"/shop/the-cut-house-barbershop-riverside-5bee857c",0,1,0.00,8.0
"/shop/the-cut-lounge-barbershop-baytown-baytown-a96a7b65",0,1,0.00,4.0
"/shop/the-doncutters-barbershop-amarillo-8cfc54a6",0,1,0.00,7.0
"/shop/the-essential-barber-club-san-bernardino-46165bc2",0,1,0.00,4.0
"/shop/the-exclusive-barber-shop-houston-77095-611e9af6",0,1,0.00,8.0
"/shop/the-fade-room-dallas-dallas-6ba639aa",0,1,0.00,4.0
"/shop/the-hair-lab-by-alarra-g-frisco-29bb3f70",0,1,0.00,5.0
"/shop/the-original-campus-barbershop-denton-700b0160",0,1,0.00,13.0
"/shop/the-original-legendz-barbershop-lounge-llc-grand-prairie-06e9c14b",0,1,0.00,7.0
"/shop/the-pegasus-barbershop-dallas-238a1016",0,1,0.00,9.0
"/shop/the-society-barbershop-amarillo-8a2e537e",0,1,0.00,11.0
"/shop/the-summit-barber-shop-the-woodlands-ef90b0c2",0,1,0.00,12.0
"/shop/thy-kingdom-barbershop-el-paso-83973a96",0,1,0.00,9.0
"/shop/tino-barber-shop-houston-77067-a556ecaa",0,1,0.00,11.0
"/shop/top-notch-barbers-houston-77049-1ef89097",0,1,0.00,7.0
"/shop/topshelf-barbershop-el-paso-55a4664d",0,1,0.00,5.0
"/shop/town-square-barber-shop-houston-77024-450f8fc4",0,1,0.00,11.0
"/shop/tradesmen-barber-montrose-houston-77019-037790c4",0,1,0.00,8.0
"/shop/true-cutz-llc-houston-77017-b9526565",0,1,0.00,7.0
"/shop/undercover-barbershop-moreno-valley-3f9f95c5",0,1,0.00,7.0
"/shop/unityblendz-barbershop-houston-eca89801",0,1,0.00,46.0
"/shop/university-barber-shop-waco-98f56d48",0,1,0.00,3.0
"/shop/up-and-up-barbershop-mckinney-mckinney-ae7e3db1",0,1,0.00,10.0
"/shop/uphoria-hair-lab-sherman-beff72db",0,1,0.00,7.0
"/shop/upper-class-grooming-barbershop-grand-prairie-ea2197e0",0,1,0.00,7.0
"/shop/v-s-barbershop-houston-energy-corridor-houston-77079-a83114c3",0,1,0.00,11.0
"/shop/whiskey-den-barbershop-dallas-aa38ffe0",0,1,0.00,3.0
"/shop/who-s-your-barber-mckinney-0c6de67a",0,1,0.00,9.0
"/shop/wild-boars-barbershop-houston-77022-f58b9a0f",0,1,0.00,11.0
"/shop/workshop-barber-studio-houston-77084-990296ad",0,1,0.00,9.0
"/shop/world-s-barbershop-and-salon-llc-houston-77084-fce4fa67",0,1,0.00,11.0
"/shop/worldwideblendz-pflugerville-fb6bb298",0,1,0.00,5.0
"/shop/wow-look-barber-shop-houston-77080-fa3e041f",0,1,0.00,9.0
"/shop/wright-s-plano-4f32d099",0,1,0.00,12.0
"/shop/zetinas-barbershop-garden-grove-db21437d",0,1,0.00,12.0
"/stores/2b0a43e9-b141-4452-8fca-a6bd62c3076f",0,1,0.00,10.0
"/stores/beauty-4u-long-beach-8863ca8a",0,1,0.00,14.0
"/stores/beauty-solutions-resource-center-san-diego-ba1d81ea",0,1,0.00,9.0
"/stores/berlen-s-beauty-supply-san-diego-1dd11433",0,1,0.00,6.0
"/stores/braid-queen-la-beauty-supply-los-angeles-7ffd77f8",0,1,0.00,9.0
"/stores/da-barber-supply-los-angeles-6086227d",0,1,0.00,7.0
"/stores/flyway-barber-shop-supply-tyler-56f81ab4",0,1,0.00,10.0
"/stores/glamor-beauty-supply-oakland-345bedd1",0,1,0.00,9.0
"/stores/hairway-2-heaven-beauty-supply-shop-fresno-0da1dfd0",0,1,0.00,8.0
"/stores/han-s-beauty-st-r-glendale-03a6c87e",0,1,0.00,7.0
"/stores/handy-s-beauty-supply-long-beach-81b38d22",0,1,0.00,8.0
"/stores/happy-nails-supply-stockton-a2b32b76",0,1,0.00,1.0
"/stores/hm-beauty-supply-dallas-c265ed68",0,1,0.00,9.0
"/stores/king-s-wigs-beauty-supply-4-sacramento-5bc06014",0,1,0.00,3.0
"/stores/kut-n-zone-houston-77054-af7d4d31",0,1,0.00,7.0
"/stores/lauren-renee-skin-care-college-station-a057a545",0,1,0.00,18.0
"/stores/n-h-beauty-supply-riverside-1979163d",0,1,0.00,10.0
"/stores/nigel-beauty-emporium-glendale-bde93330",0,1,0.00,9.0
"/stores/oakland-nails-beauty-supply-san-francisco-8048d27a",0,1,0.00,8.0
"/stores/popshelf-houston-77062-36cb550e",0,1,0.00,4.0
"/stores/proeventexas-cypress-e36630ae",0,1,0.00,10.0
"/stores/purrrfect-just-for-you-wig-boutique-beauty-supply-fontana-a3b39feb",0,1,0.00,9.0
"/stores/qtt-beauty-supply-pasadena-a6958417",0,1,0.00,6.0
"/stores/rose-and-thorn-barber-supply-riverside-ddfe9534",0,1,0.00,9.0
"/stores/sally-beauty-houston-77073-64b8f25c",0,1,0.00,7.0
"/stores/saloncentric-fremont-f5fabf28",0,1,0.00,10.0
"/stores/saloncentric-huntington-beach-a560ec0f",0,1,0.00,8.0
"/stores/saloncentric-san-francisco-b9112c7a",0,1,0.00,12.0
"/stores/socal-nails-anaheim-c834deff",0,1,0.00,6.0
"/stores/star-beauty-supply-sacramento-90311fe4",0,1,0.00,4.0
"/stores/super-exclusive-barber-shop-2-houston-77073-a8c4d8a0",0,1,0.00,7.0
"/stores/super-exclusive-barber-shop-houston-77073-0888877f",0,1,0.00,1.0
"/stores/the-additude-shop-nail-supply-san-jose-4f1d485f",0,1,0.00,6.0
"/stores/tigi-beauty-supply-san-bernardino-c2df6577",0,1,0.00,11.0
"/stores/yash-beauty-tools-los-angeles-ac2982f3",0,1,0.00,1.0
"/sugar-land",0,1,0.00,11.0
"/texas-cosmetology-exam-intelligence-prep",0,1,0.00,11.0
"/texas/austin/78756",0,1,0.00,17.0
"/texas/austin/78758",0,1,0.00,16.0
"/texas/baytown",0,1,0.00,11.0
"/texas/conroe/77301",0,1,0.00,12.0
"/texas/conroe/77303",0,1,0.00,14.0
"/texas/cypress/77068",0,1,0.00,13.0
"/texas/dallas/75080",0,1,0.00,83.0
"/texas/dallas/75209",0,1,0.00,6.0
"/texas/el-paso/79905",0,1,0.00,9.0
"/texas/el-paso/79911",0,1,0.00,11.0
"/texas/fort-worth",0,1,0.00,10.0
"/texas/fort-worth/76119",0,1,0.00,10.0
"/texas/fort-worth/76132",0,1,0.00,12.0
"/texas/fort-worth/76179",0,1,0.00,8.0
"/texas/frisco/75033",0,1,0.00,8.0
"/texas/frisco/75034",0,1,0.00,6.0
"/texas/frisco/75035",0,1,0.00,6.0
"/texas/houston/77070",0,1,0.00,10.0
"/texas/houston/insights/market-analysis/76-vintage-cutz",0,1,0.00,11.0
"/texas/houston/insights/market-analysis/a-shaving-grace",0,1,0.00,48.0
"/texas/houston/insights/market-analysis/all-naps-matter",0,1,0.00,6.0
"/texas/houston/insights/market-analysis/angel-barber-studio",0,1,0.00,9.0
"/texas/houston/insights/market-analysis/barber-king-hair-cut-straight-shave-beard-trim-and-color-hair-color-full-body-waxing-males-and-female",0,1,0.00,3.0
"/texas/houston/insights/market-analysis/barberia-guatemala",0,1,0.00,11.0
"/texas/houston/insights/market-analysis/barberia-ramirez-suarez",0,1,0.00,3.0
"/texas/houston/insights/market-analysis/beast-wit-da-clippers",0,1,0.00,9.0
"/texas/houston/insights/market-analysis/best-barbershop",0,1,0.00,8.0
"/texas/houston/insights/market-analysis/bevans-grooming",0,1,0.00,7.0
"/texas/houston/insights/market-analysis/by-the-blade-barbershop",0,1,0.00,8.0
"/texas/houston/insights/market-analysis/cash-rd-barbershop",0,1,0.00,10.0
"/texas/houston/insights/market-analysis/chaz-the-barber",0,1,0.00,6.0
"/texas/houston/insights/market-analysis/city-boyz-barber-shop",0,1,0.00,8.0
"/texas/houston/insights/market-analysis/clippers-blades-hair-cafe",0,1,0.00,5.0
"/texas/houston/insights/market-analysis/comb-studios-barbershop",0,1,0.00,8.0
"/texas/houston/insights/market-analysis/crew-cutz-barbershop",0,1,0.00,6.0
"/texas/houston/insights/market-analysis/crist-d-barber-shop",0,1,0.00,7.0
"/texas/houston/insights/market-analysis/cut-creations-family-barber-shop",0,1,0.00,8.0
"/texas/houston/insights/market-analysis/d-z-barbershop",0,1,0.00,29.0
"/texas/houston/insights/market-analysis/diamond-barber-and-beauty-salon",0,1,0.00,5.0
"/texas/houston/insights/market-analysis/domain-barber-studio",0,1,0.00,81.0
"/texas/houston/insights/market-analysis/el-padrino-barbershop",0,1,0.00,10.0
"/texas/houston/insights/market-analysis/exclusive-fadez",0,1,0.00,10.0
"/texas/houston/insights/market-analysis/executive-choice-barber-shop",0,1,0.00,10.0
"/texas/houston/insights/market-analysis/fade-the-city-barbershop",0,1,0.00,6.0
"/texas/houston/insights/market-analysis/flycutz-barbershop",0,1,0.00,9.0
"/texas/houston/insights/market-analysis/good-cutz-barber-lounge",0,1,0.00,4.0
"/texas/houston/insights/market-analysis/guilbeau-s-barber-shop-beauty-salon",0,1,0.00,2.0
"/texas/houston/insights/market-analysis/hair-by-paul",0,1,0.00,5.0
"/texas/houston/insights/market-analysis/henry-s-barber-shop",0,1,0.00,7.0
"/texas/houston/insights/market-analysis/hollywood-cutting-up-barbershop",0,1,0.00,5.0
"/texas/houston/insights/market-analysis/hourani-s-barbershop",0,1,0.00,8.0
"/texas/houston/insights/market-analysis/house-of-fades-spring",0,1,0.00,11.0
"/texas/houston/insights/market-analysis/houston-s-finest-barber-shop",0,1,0.00,7.0
"/texas/houston/insights/market-analysis/i-i-barber-co-",0,1,0.00,11.0
"/texas/houston/insights/market-analysis/icu-lookin-barber-studio-llc",0,1,0.00,8.0
"/texas/houston/insights/market-analysis/inspired-cutz",0,1,0.00,10.0
"/texas/houston/insights/market-analysis/j-s-barbershop",0,1,0.00,11.0
"/texas/houston/insights/market-analysis/kustom-kuts",0,1,0.00,11.0
"/texas/houston/insights/market-analysis/line-up-barbershop",0,1,0.00,6.0
"/texas/houston/insights/market-analysis/line-up-barbershop-vip",0,1,0.00,9.0
"/texas/houston/insights/market-analysis/los-gents-barbershop",0,1,0.00,6.0
"/texas/houston/insights/market-analysis/lu-s-barber-shop-haircut-shave-pearland",0,1,0.00,3.0
"/texas/houston/insights/market-analysis/mark-s-barbershop",0,1,0.00,8.0
"/texas/houston/insights/market-analysis/mr-dunn-s-barber-shop",0,1,0.00,6.0
"/texas/houston/insights/market-analysis/mustache-cut-barber-shop",0,1,0.00,10.0
"/texas/houston/insights/market-analysis/nautikas-barber-shop",0,1,0.00,13.0
"/texas/houston/insights/market-analysis/neno-stylo-barber-shop",0,1,0.00,4.0
"/texas/houston/insights/market-analysis/new-style-barber-shop",0,1,0.00,3.0
"/texas/houston/insights/market-analysis/original-talent-barbershop",0,1,0.00,5.0
"/texas/houston/insights/market-analysis/phyl-s-house-of-fades-salon",0,1,0.00,9.0
"/texas/houston/insights/market-analysis/premium-barbershop",0,1,0.00,13.0
"/texas/houston/insights/market-analysis/puri-barber",0,1,0.00,3.0
"/texas/houston/insights/market-analysis/renaissanceman-barbershop",0,1,0.00,11.0
"/texas/houston/insights/market-analysis/rhythm-blues-barber-shop",0,1,0.00,37.0
"/texas/houston/insights/market-analysis/rush-hour-fades",0,1,0.00,13.0
"/texas/houston/insights/market-analysis/sarita-s-barbershop-salon",0,1,0.00,6.0
"/texas/houston/insights/market-analysis/southside-barbershop",0,1,0.00,8.0
"/texas/houston/insights/market-analysis/streetcutz-barbershop",0,1,0.00,6.0
"/texas/houston/insights/market-analysis/studio-21-hair-design-barber-salon",0,1,0.00,8.0
"/texas/houston/insights/market-analysis/super-exclusive-barber-shop",0,1,0.00,8.0
"/texas/houston/insights/market-analysis/tae-ur-barber",0,1,0.00,9.0
"/texas/houston/insights/market-analysis/the-fade-doctor-barber-studio-den",0,1,0.00,9.0
"/texas/houston/insights/market-analysis/the-most-honorable",0,1,0.00,10.0
"/texas/houston/insights/market-analysis/the-neighborhood-barber",0,1,0.00,6.0
"/texas/houston/insights/market-analysis/the-vibe-barber-studio",0,1,0.00,12.0
"/texas/houston/insights/market-analysis/tino-barber-shop",0,1,0.00,9.0
"/texas/houston/insights/market-analysis/true-blade-barbers-and-braids",0,1,0.00,8.0
"/texas/houston/insights/market-analysis/twins-cut-n-up",0,1,0.00,5.0
"/texas/houston/insights/market-analysis/universal-barbering-of-houston",0,1,0.00,7.0
"/texas/houston/insights/market-analysis/vegas-barber-shop-beauty-salon",0,1,0.00,7.0
"/texas/houston/insights/market-analysis/wilson-s-barbershop-llc",0,1,0.00,11.0
"/texas/houston/insights/market-analysis/workshop-barber-studio",0,1,0.00,11.0
"/texas/houston/insights/market-analysis/xander-zhaircut-z",0,1,0.00,10.0
"/texas/humble",0,1,0.00,16.0
"/texas/katy/77449",0,1,0.00,9.0
"/texas/laredo",0,1,0.00,12.0
"/texas/laredo/78040",0,1,0.00,11.0
"/texas/league-city/77573",0,1,0.00,21.0
"/texas/mckinney/75070",0,1,0.00,35.0
"/texas/pearland",0,1,0.00,23.0
"/texas/pflugerville/78660",0,1,0.00,40.0
"/texas/plano",0,1,0.00,36.0
"/texas/plano/75023",0,1,0.00,11.0
"/texas/san-antonio/78221",0,1,0.00,9.0
"/texas/spring/77373",0,1,0.00,7.0
"/texas/sugar-land/77498",0,1,0.00,11.0
"/tools/ai-booth-station/007-barbershop",0,1,0.00,8.0
"/tools/ai-booth-station/afterhours-barbershop",0,1,0.00,42.0
"/tools/ai-booth-station/barberia-gt",0,1,0.00,6.0
"/tools/ai-booth-station/blendycity",0,1,0.00,10.0
"/tools/ai-booth-station/capones-barbershop",0,1,0.00,14.0
"/tools/ai-booth-station/cartel-barbers-barbershop",0,1,0.00,1.0
"/tools/ai-booth-station/chop-up-jay",0,1,0.00,4.0
"/tools/ai-booth-station/chuchu-barber-shop",0,1,0.00,8.0
"/tools/ai-booth-station/chuy-s-chop-shop",0,1,0.00,33.0
"/tools/ai-booth-station/clipperboy-hd",0,1,0.00,3.0
"/tools/ai-booth-station/clipps-barber-shop",0,1,0.00,5.0
"/tools/ai-booth-station/cutz-barbershop",0,1,0.00,4.0
"/tools/ai-booth-station/elite-barber-co-",0,1,0.00,59.0
"/tools/ai-booth-station/epicfades-haircuts-by-appointment-only",0,1,0.00,4.0
"/tools/ai-booth-station/expert-barber-beauty",0,1,0.00,9.0
"/tools/ai-booth-station/fadedbyrob",0,1,0.00,20.0
"/tools/ai-booth-station/fades-by-deauntae",0,1,0.00,10.0
"/tools/ai-booth-station/firme-barbershop",0,1,0.00,6.0
"/tools/ai-booth-station/five-star-elite-fades-barber-shop",0,1,0.00,9.0
"/tools/ai-booth-station/good-vibes-barber-co-",0,1,0.00,8.0
"/tools/ai-booth-station/guilbeau-s-barber-shop-beauty-salon",0,1,0.00,4.0
"/tools/ai-booth-station/haam-s-barbershop",0,1,0.00,4.0
"/tools/ai-booth-station/hn-504-hair-cuts",0,1,0.00,15.0
"/tools/ai-booth-station/igetchafresh-barber-studio",0,1,0.00,10.0
"/tools/ai-booth-station/jc-barber-services",0,1,0.00,8.0
"/tools/ai-booth-station/jerry-s-style-shop",0,1,0.00,5.0
"/tools/ai-booth-station/king-s-cut-",0,1,0.00,8.0
"/tools/ai-booth-station/koncepts-of-barbering",0,1,0.00,4.0
"/tools/ai-booth-station/kuts-from-tj-barber-suite",0,1,0.00,8.0
"/tools/ai-booth-station/little-barber",0,1,0.00,4.0
"/tools/ai-booth-station/luis-gabriel-cuban-barber-shop",0,1,0.00,9.0
"/tools/ai-booth-station/m-fadez",0,1,0.00,8.0
"/tools/ai-booth-station/mankind-barbers",0,1,0.00,8.0
"/tools/ai-booth-station/manny-s-barbershop",0,1,0.00,1.0
"/tools/ai-booth-station/monterrey-barber-hair-salon",0,1,0.00,10.0
"/tools/ai-booth-station/pja-barber-lounge",0,1,0.00,51.0
"/tools/ai-booth-station/priority-cuts-barbershop",0,1,0.00,4.0
"/tools/ai-booth-station/ray-zorsharp-barbershop",0,1,0.00,5.0
"/tools/ai-booth-station/sheared-the-barbershop-midtown-houston",0,1,0.00,5.0
"/tools/ai-booth-station/smokin-mirrors-barbershop",0,1,0.00,7.0
"/tools/ai-booth-station/the-boss-haircut",0,1,0.00,3.0
"/tools/ai-booth-station/the-stage-barbershop-nrg",0,1,0.00,11.0
"/tools/ai-booth-station/tradesmen-barber-heights-",0,1,0.00,4.0
"/tools/ai-booth-station/unique-blendz-barbershop",0,1,0.00,8.0
"/tools/ai-booth-station/upper-kutz-barbershop-and-beauty-salon",0,1,0.00,2.0
"/tools/ai-booth-station/wild-boars-barbershop",0,1,0.00,10.0
"/tools/barbershop-search",0,1,0.00,1.0
"/tools/barbershop-search",0,1,0.00,86.0
"/tools/barbershop-search",0,1,0.00,6.0
"/tools/barbershop-search",0,1,0.00,7.0
"/tools/barbershop-search",0,1,0.00,10.0
"/tools/barbershop-search",0,1,0.00,9.0
"/tools/foot-traffic-radar",0,1,0.00,5.0
"/tools/foot-traffic-radar/barber-stylist-modern-image-dallas-tx",0,1,0.00,9.0
"/tools/shop-site-template/shop-website-customizer/022fa000-1853-41a2-98b4-6a71441bec6d",0,1,0.00,8.0
"/tools/shop-site-template/shop-website-customizer/0ed90438-70ca-4d3a-af84-dfeacfb2d5eb",0,1,0.00,9.0
"/tools/shop-site-template/shop-website-customizer/0faff3ea-b636-4888-8af2-e5b3edfc8fea",0,1,0.00,9.0
"/tools/shop-site-template/shop-website-customizer/1996b073-4a5c-4726-8655-7cb24b5e1317",0,1,0.00,29.0
"/tools/shop-site-template/shop-website-customizer/1b2534ce-ccc1-43c0-b97d-ebba44947f27",0,1,0.00,8.0
"/tools/shop-site-template/shop-website-customizer/1ec9f14a-831b-4c6c-8688-e609acda34a3",0,1,0.00,10.0
"/tools/shop-site-template/shop-website-customizer/22e4e983-5211-46a0-b1c5-489648ca010e",0,1,0.00,8.0
"/tools/shop-site-template/shop-website-customizer/22f48976-999b-4aec-a610-04ec83880779",0,1,0.00,1.0
"/tools/shop-site-template/shop-website-customizer/23012c51-c3f1-4cd5-ba82-b81deadf1170",0,1,0.00,8.0
"/tools/shop-site-template/shop-website-customizer/23a7025d-80c5-427b-8eb5-e9f640b1be64",0,1,0.00,7.0
"/tools/shop-site-template/shop-website-customizer/2af6ed10-e615-4417-9c61-8896e337264e",0,1,0.00,10.0
"/tools/shop-site-template/shop-website-customizer/2e523395-04e4-416e-94bd-ed35efcd5c1c",0,1,0.00,6.0
"/tools/shop-site-template/shop-website-customizer/2f0523be-8884-4ff4-8181-618037e4c053",0,1,0.00,8.0
"/tools/shop-site-template/shop-website-customizer/3cd9e6b9-3ac5-4c7f-9291-0364c650e433",0,1,0.00,6.0
"/tools/shop-site-template/shop-website-customizer/3f1adb6d-e475-46a2-b58c-feebb7292322",0,1,0.00,10.0
"/tools/shop-site-template/shop-website-customizer/40991bb5-c7a5-4bdf-85e1-4e46337fd9a0",0,1,0.00,43.0
"/tools/shop-site-template/shop-website-customizer/5566e90c-911b-4bc3-b821-66feec5b169a",0,1,0.00,6.0
"/tools/shop-site-template/shop-website-customizer/5566e90c-911b-4bc3-b821-66feec5b169a/customizer",0,1,0.00,5.0
"/tools/shop-site-template/shop-website-customizer/59eaedd0-f103-45b3-a615-2eed7f966934",0,1,0.00,10.0
"/tools/shop-site-template/shop-website-customizer/5b006c45-9b57-4c65-8069-9b3218dd5f28",0,1,0.00,2.0
"/tools/shop-site-template/shop-website-customizer/5dc577f7-4b0c-4b09-bd6e-980aeb593e74",0,1,0.00,7.0
"/tools/shop-site-template/shop-website-customizer/5eb10db9-55ba-4189-9146-6351e0a515c6",0,1,0.00,5.0
"/tools/shop-site-template/shop-website-customizer/6034ce09-d057-4024-b389-e4c00ba34504",0,1,0.00,8.0
"/tools/shop-site-template/shop-website-customizer/67abc114-1852-459a-9a9e-89fb90bd7578",0,1,0.00,5.0
"/tools/shop-site-template/shop-website-customizer/6ba639aa-052c-460e-9606-dd6cbc0d8a3c",0,1,0.00,8.0
"/tools/shop-site-template/shop-website-customizer/6bcf580e-9b08-4ce5-9e83-db57362185f5",0,1,0.00,2.0
"/tools/shop-site-template/shop-website-customizer/74d8a1d6-37fc-44ad-8962-fcb4a05ce821",0,1,0.00,6.0
"/tools/shop-site-template/shop-website-customizer/7524f53d-ac5d-4b9c-8735-c4ce282a3ff2",0,1,0.00,8.0
"/tools/shop-site-template/shop-website-customizer/79242e71-3f65-4c68-bb13-c77d0ca83fdc/customizer",0,1,0.00,48.0
"/tools/shop-site-template/shop-website-customizer/7ec42803-6af3-40dd-8f48-c75720695fea",0,1,0.00,5.0
"/tools/shop-site-template/shop-website-customizer/87e684ba-f3d8-4361-8ee0-6184d5e53f48",0,1,0.00,9.0
"/tools/shop-site-template/shop-website-customizer/898b26fc-f464-4109-be9e-7af7a3c0d763",0,1,0.00,10.0
"/tools/shop-site-template/shop-website-customizer/9002f73e-1dca-4483-8912-45ba4c1e3ffc",0,1,0.00,1.0
"/tools/shop-site-template/shop-website-customizer/9c383676-1303-46e1-b988-5e399a4f2da9",0,1,0.00,22.0
"/tools/shop-site-template/shop-website-customizer/9dfd9d30-3780-4f91-8be1-1ffa1442c0e0",0,1,0.00,52.0
"/tools/shop-site-template/shop-website-customizer/a0bcb97f-98b1-4512-a4fe-b0d9c80c6a5e",0,1,0.00,7.0
"/tools/shop-site-template/shop-website-customizer/a1d9321d-89e2-40f3-a27c-5710cc03cdff",0,1,0.00,10.0
"/tools/shop-site-template/shop-website-customizer/a4cbe1dc-9bdb-4d76-ac59-8f3866bde965",0,1,0.00,1.0
"/tools/shop-site-template/shop-website-customizer/a4e956c5-2f3d-4507-a4ba-e5fac94c0c9b",0,1,0.00,12.0
"/tools/shop-site-template/shop-website-customizer/a9c8df38-701d-4605-ba27-5c019143a6aa",0,1,0.00,9.0
"/tools/shop-site-template/shop-website-customizer/b5c90cdd-8916-4113-af45-485a62bc61b9",0,1,0.00,5.0
"/tools/shop-site-template/shop-website-customizer/b5dfeeae-b713-4879-9f58-bc697b66ac5c",0,1,0.00,11.0
"/tools/shop-site-template/shop-website-customizer/bab47b46-d2a3-4e1b-be57-d080bb569f43",0,1,0.00,1.0
"/tools/shop-site-template/shop-website-customizer/bd596786-ae73-4108-b584-c04e5c4d09ae",0,1,0.00,10.0
"/tools/shop-site-template/shop-website-customizer/c0ca010c-6443-4f85-9062-cc05185a4a0c",0,1,0.00,10.0
"/tools/shop-site-template/shop-website-customizer/c4d471a9-ce95-4df0-88c0-758b3359e1d4/customizer",0,1,0.00,8.0
"/tools/shop-site-template/shop-website-customizer/c85aec3b-6421-49bf-b518-cbdf79694609",0,1,0.00,10.0
"/tools/shop-site-template/shop-website-customizer/cd70a5a7-98a1-47b4-b8be-f81de0cdf1b7",0,1,0.00,9.0
"/tools/shop-site-template/shop-website-customizer/d365ea92-7b4f-4aee-9c3c-ea78c313fdd7",0,1,0.00,9.0
"/tools/shop-site-template/shop-website-customizer/d8069c3c-3ef4-43a1-bbe3-944611d67cfd",0,1,0.00,8.0
"/tools/shop-site-template/shop-website-customizer/dba4d037-e956-4035-a1d6-44bcf5cb3a00",0,1,0.00,10.0
"/tools/shop-site-template/shop-website-customizer/e48e282f-8712-4081-aad5-2696b49aaa6f",0,1,0.00,8.0
"/tools/shop-site-template/shop-website-customizer/e49f75f4-75cf-47bb-86eb-d7bb985476f1",0,1,0.00,9.0
"/tools/shop-site-template/shop-website-customizer/e4f88ae7-14a8-4cd0-89e2-428f64688c10",0,1,0.00,10.0
"/tools/shop-site-template/shop-website-customizer/e61fde33-becc-451f-a8ad-711efd958e4d",0,1,0.00,1.0
"/tools/shop-site-template/shop-website-customizer/e69b27b3-fd1c-47e5-97b9-93cb7a6bdf95",0,1,0.00,11.0
"/tools/shop-site-template/shop-website-customizer/e69cd32d-5fc3-4802-baf4-81a669697907",0,1,0.00,14.0
"/tools/shop-site-template/shop-website-customizer/eff1bd6f-7ca6-4a76-a8fb-d485a43ab053/customizer",0,1,0.00,4.0
"/tools/shop-site-template/shop-website-customizer/f3ac7921-eb84-4e4d-a2dd-0b4b91090399",0,1,0.00,41.0
"/tools/shop-site-template/shop-website-customizer/f4342643-5c96-4f3e-b43e-d8bdcbbf69aa",0,1,0.00,8.0
"/tools/shop-site-template/shop-website-customizer/f65b9b32-ddaa-4fd2-bbee-9d382cdb5a37",0,1,0.00,11.0
"/tools/shop-site-template/shop-website-customizer/f937480f-c489-4d0f-84c9-ab2136b8e355",0,1,0.00,12.0
"/tools/shop-site-template/shop-website-customizer/fab97268-1178-4fc4-b6ed-114310ebb6eb/customizer",0,1,0.00,8.0
"/tyler/75703",0,1,0.00,4.0
"/waco/76710",0,1,0.00,7.0