bucket,path,clicks,impressions,ctr,position
"Insight Articles (/insights/*)","/insights/opening-your-own-shop-in-texas",0,981,0.00,14.0
"School Profiles (/schools/*)","/schools/aveda-arts-sciences-institute-houston-shenandoah-1294bc4e",0,403,0.00,34.9
"School Profiles (/schools/*)","/schools/aveda-arts-sciences-institute-houston-conroe-d069cc98",0,298,0.00,37.6
"School Profiles (/schools/*)","/schools/all-about-beauty-academy-llc-plano-69491560",0,254,0.00,7.9
"School Profiles (/schools/*)","/schools/the-salon-professional-academy-whitehouse-66a6f922",0,253,0.00,9.3
"School Profiles (/schools/*)","/schools/fort-bend-tech-education-center-sugar-land-a1e3fc9a",0,241,0.00,15.7
"School Profiles (/schools/*)","/schools/heb-barber-academy-fort-worth-6ffb6238",0,233,0.00,7.0
"School Profiles (/schools/*)","/schools/aveda-arts-sciences-institute-houston-katy-9c0a2057",0,231,0.00,43.4
"School Profiles (/schools/*)","/schools/v-a-beauty-academy-llc-sherman-30ab0d17",25,208,12.02,3.6
"School Asset Pages (exam/license/tools)","/texas-barber-practical-exam-kit-list",8,206,3.88,6.4
"School Profiles (/schools/*)","/schools/eyes-on-me-advanced-barber-college-watauga-078ddd40",6,204,2.94,3.5
"School Profiles (/schools/*)","/schools/collectiv-academy-fort-worth-fea8890d",0,202,0.00,10.1
"School Profiles (/schools/*)","/schools/riva-institute-of-cosmetology-llc-weslaco-0497a759",0,195,0.00,8.4
"School Profiles (/schools/*)","/schools/arlington-beauty-college-arlington-71c8eec1",1,193,0.52,15.0
"School Profiles (/schools/*)","/schools/aveda-arts-sciences-institute-austin-austin-1f687500",0,186,0.00,10.7
"School Profiles (/schools/*)","/schools/ogle-school-beauty-and-cosmetology-houston-stafford-katy-5cd766c1",0,167,0.00,9.0
"School Profiles (/schools/*)","/schools/milan-institute-of-cosmetology-denton-63613bcd",0,161,0.00,9.8
"School Profiles (/schools/*)","/schools/south-plains-college-levelland-a9accca2",3,160,1.88,8.7
"School Profiles (/schools/*)","/schools/milan-institute-of-cosmetology-plano-dfc02942",0,160,0.00,10.2
"School Profiles (/schools/*)","/schools/ogle-school-beauty-and-cosmetology-north-houston-willowbrook-houston-fe676980",1,158,0.63,9.6
"School Profiles (/schools/*)","/schools/avenue-five-institute-austin-724cee6e",0,157,0.00,13.2
"School Profiles (/schools/*)","/schools/enstyle-beauty-academy-houston-05f8df2c",0,154,0.00,4.9
"School Profiles (/schools/*)","/schools/williams-barber-college-fort-worth-9254819c",0,154,0.00,8.9
"School Profiles (/schools/*)","/schools/mei-barber-school-brownsville-2c88e548",0,149,0.00,7.0
"School Profiles (/schools/*)","/schools/jackson-barber-college-houston-5de20baa",0,148,0.00,7.7
"School Profiles (/schools/*)","/schools/career-schools-of-texas-dallas-3e1e292a",0,146,0.00,8.2
"School Profiles (/schools/*)","/schools/capelli-beauty-and-barber-college-el-paso-80cbdd3b",0,144,0.00,10.6
"School Profiles (/schools/*)","/schools/the-pulse-academy-llc-pittsburg-7b841a18",0,140,0.00,5.1
"School Profiles (/schools/*)","/schools/next-top-barber-academy-laredo-3801a80e",0,138,0.00,8.4
"School Profiles (/schools/*)","/schools/the-salon-professional-academy-georgetown-9ccc3926",0,136,0.00,9.0
"School Profiles (/schools/*)","/schools/lubbock-hair-academy-lubbock-14750caf",0,134,0.00,8.8
"School Profiles (/schools/*)","/schools/william-edge-institute-new-braunfels-a0916eeb",0,134,0.00,8.7
"School Profiles (/schools/*)","/schools/versatile-barber-beauty-academy-huntsville-67d22780",0,132,0.00,9.5
"School Profiles (/schools/*)","/schools/chi-lonestar-college-houston-e0c516aa",0,130,0.00,8.3
"School Profiles (/schools/*)","/schools/epcc-cosmetology-program-salon-el-paso-5f26d2d3",5,129,3.88,9.0
"School Profiles (/schools/*)","/schools/boss-nail-academy-richardson-6f71e68a",0,127,0.00,5.4
"School Profiles (/schools/*)","/schools/ogle-school-beauty-and-cosmetology-san-antonio-san-antonio-a75d49ef",0,124,0.00,10.9
"School Profiles (/schools/*)","/schools/l-l-beauty-institute-llc-abilene-8d832db1",0,123,0.00,7.5
"School Profiles (/schools/*)","/schools/pathway-vocational-academy-lumberton-lumberton-db2b7878",0,120,0.00,8.5
"School Profiles (/schools/*)","/schools/caviar-academy-of-cosmetology-lubbock-d803123a",0,119,0.00,7.5
"School Profiles (/schools/*)","/schools/dfw-skin-institute-dallas-5a83479d",0,119,0.00,9.2
"Insight Articles (/insights/*)","/insights/booth-rent-vs-commission",0,117,0.00,12.3
"Insight Articles (/insights/*)","/insights/texas-esthetician-nail-technician-exam-guide",2,112,1.79,23.6
"School Profiles (/schools/*)","/schools/onyx-nail-institute-llc-donna-791ebe02",0,112,0.00,3.1
"School Profiles (/schools/*)","/schools/acres-homes-barber-college-houston-45b5fb33",0,108,0.00,7.6
"School Profiles (/schools/*)","/schools/mei-academy-of-cosmetology-brownsville-b55f7b6c",0,107,0.00,7.1
"Insight Articles (/insights/*)","/insights/texas-barber-cosmetology-license-requirements",0,105,0.00,23.1
"School Profiles (/schools/*)","/schools/coastal-bend-college-pleasanton-pleasanton-f4ccf06c",0,105,0.00,9.9
"School Profiles (/schools/*)","/schools/sloan-beauty-school-llc-mission-5dfe338a",0,104,0.00,8.0
"School Profiles (/schools/*)","/schools/rm-barber-cosmetology-school-llc-lockhart-138ed7be",8,103,7.77,4.4
"School Asset Pages (exam/license/tools)","/texas-cosmetology-practical-exam-kit-list",4,103,3.88,7.2
"School Profiles (/schools/*)","/schools/mod-and-black-academy-llc-odessa-85c01c07",0,102,0.00,6.5
"School Profiles (/schools/*)","/schools/nuvani-institute-del-rio-del-rio-2653ee2d",0,99,0.00,9.2
"School Profiles (/schools/*)","/schools/the-strand-institute-of-beauty-esthetics-corpus-christi-d82ac6c7",0,99,0.00,7.9
"School Profiles (/schools/*)","/schools/hair-expressions-barber-school-llc-corpus-christi-24ee5aec",0,98,0.00,10.3
"School Profiles (/schools/*)","/schools/one-le-chic-beauty-academy-houston-acc0d683",0,98,0.00,8.5
"School Profiles (/schools/*)","/schools/abesfades-barber-academy-mount-pleasant-949be3c2",0,96,0.00,6.3
"School Profiles (/schools/*)","/schools/beauty-models-school-arlington-e75668c8",1,95,1.05,5.8
"School Profiles (/schools/*)","/schools/clio-professionals-beauty-school-houston-acab1d9b",0,95,0.00,4.4
"School Profiles (/schools/*)","/schools/you-me-beauty-school-carrollton-a4e0c183",0,95,0.00,8.9
"School Profiles (/schools/*)","/schools/texas-fadez-barber-college-duncanville-c5c07247",1,94,1.06,8.6
"School Profiles (/schools/*)","/schools/bonjour-beauty-university-mesquite-14c5ad6e",0,94,0.00,6.4
"School Profiles (/schools/*)","/schools/colour-beauty-school-houston-bd9ab3b1",0,94,0.00,8.1
"School Profiles (/schools/*)","/schools/lash-boss-university-austin-3216ca01",0,92,0.00,7.7
"School Profiles (/schools/*)","/schools/legacy-beauty-academy-tomball-ee2c9843",0,92,0.00,9.3
"School Profiles (/schools/*)","/schools/united-beauty-college-carrollton-a7782570",0,92,0.00,9.5
"School Profiles (/schools/*)","/schools/ivy-beauty-institute-frisco-9e224db4",0,91,0.00,9.3
"School Profiles (/schools/*)","/schools/bloom-beauty-academy-llc-weatherford-37b6f39b",0,90,0.00,8.5
"School Profiles (/schools/*)","/schools/clarendon-college-amarillo-center-amarillo-4e5fbc81",0,89,0.00,8.8
"School Profiles (/schools/*)","/schools/vogue-college-of-cosmetology-mcallen-32e755fd",1,88,1.14,11.6
"School Profiles (/schools/*)","/schools/behind-the-chair-institute-houston-db5f1c0f",0,87,0.00,8.2
"School Profiles (/schools/*)","/schools/epic-barber-college-houston-77ef6ce8",0,87,0.00,8.6
"School Profiles (/schools/*)","/schools/ranger-college-of-cosmetology-early-173a5830",0,87,0.00,8.1
"School Profiles (/schools/*)","/schools/jays-barber-styling-llc-college-mckinney-9b96eec1",3,86,3.49,4.9
"School Profiles (/schools/*)","/schools/deluxe-barber-college-austin-6098eece",1,85,1.18,8.2
"School Profiles (/schools/*)","/schools/the-premium-barber-academy-irving-84520bd2",1,85,1.18,8.0
"School Profiles (/schools/*)","/schools/milan-institute-of-cosmetology-el-paso-e7d40fa8",0,84,0.00,10.6
"School Profiles (/schools/*)","/schools/most-high-barber-college-san-antonio-8d0e54e7",0,84,0.00,7.3
"School Profiles (/schools/*)","/schools/ucas-univ-of-cosmetology-arts-sciences-brownsville-11a99f14",0,84,0.00,11.5
"School Profiles (/schools/*)","/schools/b-l-cosmetology-school-houston-9bc19b08",0,81,0.00,9.1
"School Profiles (/schools/*)","/schools/baytown-beauty-barber-college-baytown-35f36faa",0,81,0.00,9.9
"School Profiles (/schools/*)","/schools/lamar-state-college-port-arthur-port-arthur-54b91944",2,79,2.53,8.9
"School Profiles (/schools/*)","/schools/sol-barber-styling-academy-dallas-570e1037",0,78,0.00,7.9
"School Profiles (/schools/*)","/schools/brighton-barber-institute-fort-worth-9639dabb",0,77,0.00,8.1
"School Profiles (/schools/*)","/schools/glam-beauty-academy-llc-midland-29c93f78",0,77,0.00,11.6
"School Profiles (/schools/*)","/schools/mike-s-barber-school-llc-edinburg-87a24662",0,77,0.00,8.6
"School Profiles (/schools/*)","/schools/s-j-barber-beauty-academy-seagoville-6b61cf49",0,77,0.00,6.9
"School Profiles (/schools/*)","/schools/ys-academy-cosmetology-spa-llc-mcallen-29c56023",0,77,0.00,9.7
"School Profiles (/schools/*)","/schools/bgm-science-of-beauty-and-business-llc-garland-ec8589bb",1,76,1.32,7.7
"School Profiles (/schools/*)","/schools/5-star-barber-academy-seagoville-7e7a5047",0,76,0.00,6.4
"School Profiles (/schools/*)","/schools/dooney-s-barber-beauty-academy-dallas-c7bbd7c7",0,76,0.00,9.1
"School Profiles (/schools/*)","/schools/abilene-barber-academy-abilene-5115e199",0,75,0.00,7.7
"School Profiles (/schools/*)","/schools/cultural-technical-institute-llc-cti-el-paso-4acde421",0,75,0.00,9.6
"School Profiles (/schools/*)","/schools/west-texas-barber-academy-lubbock-9e105114",0,75,0.00,8.4
"School Profiles (/schools/*)","/schools/torito-liza-beauty-academy-houston-996ca42e",4,74,5.41,4.5
"School Profiles (/schools/*)","/schools/paul-mitchell-the-school-clear-lake-webster-6b97ba1d",0,74,0.00,9.9
"School Profiles (/schools/*)","/schools/upscale-barber-academy-waxahachie-0d0892cd",4,72,5.56,8.5
"School Profiles (/schools/*)","/schools/l-makeup-institute-southlake-b957131c",1,72,1.39,15.6
"School Profiles (/schools/*)","/schools/oz-barber-and-piercing-academy-dallas-5bd68eba",2,71,2.82,7.8
"School Profiles (/schools/*)","/schools/249-beauty-college-houston-73e93b5e",0,71,0.00,8.7
"School Profiles (/schools/*)","/schools/bella-beauty-college-waco-campus-waco-cabf527f",0,71,0.00,9.6
"School Profiles (/schools/*)","/schools/mystros-barber-academy-missouri-city-0ac97d4f",0,71,0.00,8.6
"School Profiles (/schools/*)","/schools/sloan-beauty-academy-addison-27740f6c",0,71,0.00,7.0
"School Profiles (/schools/*)","/schools/texas-college-of-cosmetology-san-angelo-96c96d17",0,70,0.00,10.9
"School Profiles (/schools/*)","/schools/hollywood-beauty-school-garland-28069773",0,69,0.00,6.8
"School Profiles (/schools/*)","/schools/ann-gee-s-barber-academy-midland-ada3813a",1,68,1.47,7.9
"School Profiles (/schools/*)","/schools/eyes-on-me-advanced-barber-school-kerrvi-kerrville-9ae12879",1,68,1.47,8.5
"School Profiles (/schools/*)","/schools/mission-beauty-institute-mission-cfe71369",1,68,1.47,7.6
"School Profiles (/schools/*)","/schools/rio-men-barber-school-mcallen-609946d8",1,68,1.47,3.3
"School Profiles (/schools/*)","/schools/xtreme-beauty-academy-llc-houston-e6c541b0",1,67,1.49,6.1
"School Profiles (/schools/*)","/schools/xotic-barber-academy-austin-03acdbde",0,67,0.00,8.3
"School Profiles (/schools/*)","/schools/the-facial-wellness-society-sugar-land-fbc32fba",0,66,0.00,13.8
"School Profiles (/schools/*)","/schools/odessa-college-odessa-83edec6d",2,65,3.08,13.9
"School Profiles (/schools/*)","/schools/elle-beauty-academy-llc-lakeland-52868c0d",1,65,1.54,9.1
"School Profiles (/schools/*)","/schools/beauty-kulture-academy-desoto-32ec2340",0,65,0.00,8.5
"School Profiles (/schools/*)","/schools/immaculate-cut-barber-institute-fort-worth-tx-fort-worth-536d663c",0,65,0.00,9.7
"School Profiles (/schools/*)","/schools/nuvani-institute-uvalde-uvalde-30c8aa31",0,65,0.00,9.5
"School Profiles (/schools/*)","/schools/texas-beauty-college-haltom-city-d6f9e55a",0,65,0.00,5.5
"School Profiles (/schools/*)","/schools/cut-shave-barber-college-san-antonio-12c422c5",0,64,0.00,10.1
"School Profiles (/schools/*)","/schools/expert-barber-beauty-academy-mc-kinney-953481e8",0,64,0.00,10.1
"School Profiles (/schools/*)","/schools/milan-institute-houston-houston-2b129599",0,64,0.00,9.0
"School Profiles (/schools/*)","/schools/lush-esthetics-institute-llc-lytle-1b8d8af0",1,63,1.59,9.2
"School Profiles (/schools/*)","/schools/empire-hair-institute-clute-107d9ff6",0,63,0.00,6.4
"School Profiles (/schools/*)","/schools/glam-beauty-academy-llc-odessa-2450a32b",0,63,0.00,17.4
"School Profiles (/schools/*)","/schools/meraki-institute-of-beauty-and-wellness-pharr-f7962ebc",0,63,0.00,6.3
"School Profiles (/schools/*)","/schools/royalty-lash-academy-llc-arlington-3f0bf8d0",0,63,0.00,6.9
"School Profiles (/schools/*)","/schools/white-elm-wellness-institute-college-station-59b011d4",0,63,0.00,9.0
"School Profiles (/schools/*)","/schools/empire-beauty-academy-of-paris-texas-paris-bdeafbdd",0,62,0.00,9.9
"School Profiles (/schools/*)","/schools/fademasterz-barber-academy-temple-e97b2e4e",0,62,0.00,9.1
"School Profiles (/schools/*)","/schools/vernon-college-wichita-falls-fe75e1f3",3,61,4.92,7.8
"School Profiles (/schools/*)","/schools/texas-institute-of-nails-esthetics-tyler-9df15f49",2,61,3.28,13.0
"School Profiles (/schools/*)","/schools/college-of-the-mainland-texas-city-dbf2c952",1,61,1.64,7.0
"School Profiles (/schools/*)","/schools/brazen-beauty-academy-san-antonio-77ba9960",0,61,0.00,7.5
"School Profiles (/schools/*)","/schools/man-barbershop-academy-mcallen-f09d575f",0,61,0.00,4.6
"School Profiles (/schools/*)","/schools/ogle-school-hair-skin-nails-houston-b6bcf873",2,60,3.33,10.3
"School Profiles (/schools/*)","/schools/lee-college-cosmetology-baytown-eae680a6",1,60,1.67,10.2
"School Profiles (/schools/*)","/schools/trendz-barber-academy-lubbock-ee4d320b",1,60,1.67,8.9
"School Profiles (/schools/*)","/schools/paul-mitchell-the-barber-school-san-antonio-0726213e",0,60,0.00,11.6
"School Profiles (/schools/*)","/schools/sleeping-beauty-lash-institute-salon-llc-austin-7d8fbd7e",0,59,0.00,9.2
"School Profiles (/schools/*)","/schools/texasfadez-barber-college-oakcliff-dallas-1d5fb3e3",0,59,0.00,9.6
"School Profiles (/schools/*)","/schools/vogue-college-san-antonio-san-antonio-70a0aaa1",0,59,0.00,11.3
"School Profiles (/schools/*)","/schools/dallas-barber-and-stylist-college-arlington-d0d9994f",0,58,0.00,9.4
"School Profiles (/schools/*)","/schools/heights-beauty-college-pasadena-288e0eec",1,57,1.75,6.9
"School Profiles (/schools/*)","/schools/wade-gordon-hairdressing-academy-amarillo-3978a308",1,57,1.75,9.7
"School Profiles (/schools/*)","/schools/360-degrees-beauty-academy-1-inc-houston-d4ea7c83",0,57,0.00,12.8
"School Profiles (/schools/*)","/schools/the-beauty-point-academy-san-antonio-e6860309",0,57,0.00,8.5
"School Profiles (/schools/*)","/schools/graham-s-barber-college-dallas-8ed1aa54",1,56,1.79,8.2
"School Profiles (/schools/*)","/schools/houston-training-schools-inc-houston-eef29938",1,56,1.79,15.9
"School Profiles (/schools/*)","/schools/midland-college-midland-b5ddae77",1,56,1.79,10.2
"School Profiles (/schools/*)","/schools/a-m-barber-academy-fort-worth-fort-worth-4a4f3911",0,56,0.00,10.1
"School Profiles (/schools/*)","/schools/houston-barber-school-houston-846273a2",0,54,0.00,8.7
"School Profiles (/schools/*)","/schools/lashing-out-ink-academy-llc-harker-heights-ff01c3b2",0,54,0.00,9.2
"School Profiles (/schools/*)","/schools/v-s-vogue-beauty-academy-grand-prairie-cdac4880",0,54,0.00,9.0
"Insight Articles (/insights/*)","/insights/booth-rental-contract-requirements-texas",0,53,0.00,9.3
"School Profiles (/schools/*)","/schools/academy-of-aesthetics-and-laser-flower-mound-69d97a36",0,53,0.00,8.2
"School Profiles (/schools/*)","/schools/allure-academy-llc-henderson-87a6c60b",0,53,0.00,9.8
"School Profiles (/schools/*)","/schools/paul-mitchell-the-school-san-antonio-san-antonio-b469e84d",0,53,0.00,14.3
"School Profiles (/schools/*)","/schools/the-hair-academy-odessa-125925d3",0,53,0.00,5.9
"School Profiles (/schools/*)","/schools/tre-s-barber-institute-austin-3f5af657",0,53,0.00,9.8
"School Profiles (/schools/*)","/schools/dallas-barber-and-stylist-college-dallas-79a22e6d",0,52,0.00,9.0
"School Profiles (/schools/*)","/schools/diamond-beauty-academy-llc-garland-8085fd80",0,52,0.00,9.7
"School Profiles (/schools/*)","/schools/impact-barber-academy-south-texas-llc-corpus-christi-f9695c35",0,52,0.00,6.7
"School Profiles (/schools/*)","/schools/ibeauty-academy-llc-longview-3388f23f",0,51,0.00,5.4
"School Profiles (/schools/*)","/schools/weatherford-college-wise-county-bridgeport-94347fd9",0,51,0.00,9.5
"School Profiles (/schools/*)","/schools/state-barber-cosmetology-school-fort-worth-b51cf924",1,50,2.00,16.3
"School Profiles (/schools/*)","/schools/the-lbl-beauty-academy-irving-2526f2a8",1,50,2.00,11.0
"School Profiles (/schools/*)","/schools/dallas-blends-barber-academy-garland-dallas-60c8b0f6",0,50,0.00,12.3
"School Profiles (/schools/*)","/schools/ogle-school-beauty-and-cosmetology-north-houston-willowbrook-cypress-6f61a5a6",0,50,0.00,10.0
"School Profiles (/schools/*)","/schools/victoria-cosmetology-academy-houston-f9c8d6c8",0,50,0.00,6.3
"School Profiles (/schools/*)","/schools/bladesmith-barber-college-denton-b39daba1",1,49,2.04,9.2
"School Profiles (/schools/*)","/schools/trale-beauty-academy-lewisville-d82cc884",1,49,2.04,13.6
"School Profiles (/schools/*)","/schools/el-pipo-barber-college-el-paso-a9ef3227",0,49,0.00,9.8
"School Profiles (/schools/*)","/schools/golden-touch-academy-lancaster-e48ed53c",0,49,0.00,7.3
"School Profiles (/schools/*)","/schools/academy-of-hair-design-jasper-194e2082",1,48,2.08,10.5
"School Profiles (/schools/*)","/schools/panola-college-carthage-45f93424",1,48,2.08,7.7
"School Profiles (/schools/*)","/schools/bella-beauty-college-corpus-campus-corpus-christi-bcbb6b69",0,48,0.00,10.6
"School Profiles (/schools/*)","/schools/laredo-chi-academy-beauty-school-laredo-b4577dea",0,48,0.00,10.7
"School Profiles (/schools/*)","/schools/top-secret-beauty-spa-academy-llc-houston-e624f2c9",0,48,0.00,24.1
"School Profiles (/schools/*)","/schools/bella-cosmetology-and-barber-college-greenville-ad511996",0,47,0.00,10.3
"School Profiles (/schools/*)","/schools/houston-city-college-alief-bissonne-houston-7c95b031",0,47,0.00,9.9
"School Profiles (/schools/*)","/schools/mclennan-community-college-waco-11d20c34",2,46,4.35,7.2
"School Profiles (/schools/*)","/schools/align-beauty-school-garland-17dd049b",0,46,0.00,8.5
"School Profiles (/schools/*)","/schools/behx-beauty-academy-nacogdoches-dd808fab",0,46,0.00,8.4
"School Profiles (/schools/*)","/schools/manuel-theresa-s-school-of-hair-design-bryan-6f73e2d5",0,46,0.00,12.6
"School Profiles (/schools/*)","/schools/trendsetters-barber-and-beauty-college-san-antonio-69054628",0,46,0.00,9.7
"School Profiles (/schools/*)","/schools/dapper-g-barber-college-san-antonio-e9c997f8",1,45,2.22,12.0
"School Profiles (/schools/*)","/schools/m-y-barber-school-cleveland-7830a674",1,45,2.22,4.7
"School Profiles (/schools/*)","/schools/the-men-barber-school-rr-round-rock-b24ad201",1,45,2.22,6.6
"School Profiles (/schools/*)","/schools/bronx-barber-college-el-paso-2c959063",0,45,0.00,8.3
"School Profiles (/schools/*)","/schools/dallas-career-academy-llc-dallas-af969de6",0,45,0.00,9.5
"School Profiles (/schools/*)","/schools/jays-technical-institute-inc-port-arthur-67a15fd6",0,45,0.00,9.4
"School Profiles (/schools/*)","/schools/kalon-beauty-institute-dallas-4bb94a29",0,45,0.00,4.1
"School Profiles (/schools/*)","/schools/878-barber-school-san-antonio-03406646",1,44,2.27,8.3
"School Profiles (/schools/*)","/schools/dallas-skin-institute-inc-amarillo-f34b7d99",0,44,0.00,14.5
"School Profiles (/schools/*)","/schools/hill-college-johnson-county-campus-cleburne-b16e0eb7",0,44,0.00,8.4
"School Profiles (/schools/*)","/schools/houston-school-of-esthetics-and-massage-katy-5644b704",0,44,0.00,10.2
"School Profiles (/schools/*)","/schools/latin-america-beauty-school-bellaire-74f734b2",0,44,0.00,7.9
"School Profiles (/schools/*)","/schools/lone-star-college-kingwood-kingwood-2d6835d4",0,44,0.00,8.9
"School Profiles (/schools/*)","/schools/maverick-barber-school-san-antonio-fe913026",0,44,0.00,8.3
"School Profiles (/schools/*)","/schools/san-jacinto-college-north-campus-houston-c61a8ee1",0,44,0.00,10.0
"School Profiles (/schools/*)","/schools/fade-em-all-barber-college-san-antonio-439bd3a1",0,43,0.00,7.2
"School Profiles (/schools/*)","/schools/hands-on-approach-school-of-massage-and-spa-corpus-christi-e4a6a074",0,43,0.00,9.7
"School Profiles (/schools/*)","/schools/mireya-s-beauty-institution-harlingen-3ee9a65c",0,43,0.00,5.8
"School Profiles (/schools/*)","/schools/ogle-school-beauty-and-cosmetology-fort-worth-fort-worth-da2f807a",0,43,0.00,9.1
"School Profiles (/schools/*)","/schools/riverside-barber-beauty-institute-fort-worth-fd58d81c",0,43,0.00,8.3
"School Profiles (/schools/*)","/schools/aveda-arts-sciences-institute-dallas-dallas-e6be9d41",1,42,2.38,10.6
"School Profiles (/schools/*)","/schools/dallas-blends-barber-academy-duncanville-dallas-1d31c230",1,42,2.38,8.4
"School Profiles (/schools/*)","/schools/deleon-barber-and-beauty-academy-llc-bastrop-6dd4a426",1,42,2.38,7.7
"School Profiles (/schools/*)","/schools/bellezza-cantu-skincare-institute-grand-prairie-3dac7832",0,42,0.00,8.9
"School Profiles (/schools/*)","/schools/dallas-beauty-and-barber-academy-dallas-36885788",0,42,0.00,12.0
"School Profiles (/schools/*)","/schools/flavous-beauty-academy-llc-mckinney-9c026126",0,42,0.00,9.1
"School Profiles (/schools/*)","/schools/km-beauty-and-barber-institute-garland-6f18e1a0",0,42,0.00,11.0
"School Profiles (/schools/*)","/schools/milan-institute-of-cosmetology-san-antonio-south-san-antonio-7077379a",0,42,0.00,10.8
"School Profiles (/schools/*)","/schools/montana-barber-institute-el-paso-1b893688",0,42,0.00,7.4
"School Profiles (/schools/*)","/schools/ogle-school-beauty-and-cosmetology-central-dallas-dallas-fdf9a9b4",0,42,0.00,10.0
"School Profiles (/schools/*)","/schools/north-central-texas-college-gainesville-4043c09d",2,41,4.88,7.6
"School Profiles (/schools/*)","/schools/360-barber-college-sulphur-springs-0dce1349",1,41,2.44,4.2
"School Profiles (/schools/*)","/schools/the-salon-professional-academy-lewisville-e10a39ea",1,41,2.44,10.1
"School Profiles (/schools/*)","/schools/elegance-barber-styling-academy-dallas-03148639",0,41,0.00,8.7
"School Profiles (/schools/*)","/schools/face-it-beauty-school-llc-pearland-1bbeb2eb",0,41,0.00,7.1
"School Profiles (/schools/*)","/schools/invictus-career-college-dallas-4f9f1c34",0,41,0.00,7.7
"School Profiles (/schools/*)","/schools/mannequin-beauty-school-llc-spring-fcafe134",0,41,0.00,9.7
"School Profiles (/schools/*)","/schools/frank-phillips-college-perryton-campus-perryton-089ebe63",1,40,2.50,7.5
"School Profiles (/schools/*)","/schools/grayson-county-college-denison-9ce0709a",1,40,2.50,8.7
"School Profiles (/schools/*)","/schools/elite-beauty-academy-houston-5ae69f58",0,40,0.00,9.2
"School Profiles (/schools/*)","/schools/meraki-institute-llc-willis-04cd0fc7",0,40,0.00,10.1
"School Profiles (/schools/*)","/schools/ogle-school-hair-skin-nails-denton-e061d074",0,40,0.00,10.6
"School Profiles (/schools/*)","/schools/professional-skin-care-academy-llc-waxahachie-7bc5e2eb",0,40,0.00,10.9
"School Profiles (/schools/*)","/schools/the-men-barber-school-austin-3516d64f",0,40,0.00,6.0
"School Profiles (/schools/*)","/schools/yahweh-beauty-academy-killeen-998377f8",0,40,0.00,16.5
"School Profiles (/schools/*)","/schools/coastal-bend-college-beeville-e8538fb9",2,39,5.13,7.4
"School Profiles (/schools/*)","/schools/dallas-barber-stylist-college-dallas-b1be74f4",0,39,0.00,7.8
"School Profiles (/schools/*)","/schools/gulf-coast-barber-college-league-city-36526f46",0,39,0.00,8.9
"School Profiles (/schools/*)","/schools/progress-beauty-college-houston-c3abe52d",0,39,0.00,5.9
"Insight Articles (/insights/*)","/insights/texas-barber-school-length-vs-apprenticeship",0,38,0.00,16.7
"School Profiles (/schools/*)","/schools/community-barber-school-conroe-8544eca4",0,38,0.00,8.4
"School Profiles (/schools/*)","/schools/el-paso-community-college-el-paso-b999f13c",0,38,0.00,9.7
"School Profiles (/schools/*)","/schools/premier-barber-school-houston-houston-bbec540a",0,38,0.00,9.1
"School Profiles (/schools/*)","/schools/salon-boutique-academy-addison-65c6cced",0,38,0.00,13.3
"School Profiles (/schools/*)","/schools/trinity-valley-community-college-terrell-7bddba1e",0,38,0.00,7.7
"School Profiles (/schools/*)","/schools/89-beauty-school-cypress-39b2b899",1,37,2.70,8.9
"School Profiles (/schools/*)","/schools/its-academy-of-beauty-el-paso-el-paso-8566431f",1,37,2.70,15.9
"School Profiles (/schools/*)","/schools/opal-naomi-cosmetology-academy-llc-cedar-hill-53d945fb",1,37,2.70,6.1
"School Profiles (/schools/*)","/schools/bella-beauty-college-airport-campus-austin-6f2f2170",0,37,0.00,9.9
"School Profiles (/schools/*)","/schools/boss-nail-academy-wylie-2a3683d0",0,37,0.00,7.9
"School Profiles (/schools/*)","/schools/lester-s-beauty-academy-llc-elgin-1dc9f833",0,37,0.00,7.0
"School Profiles (/schools/*)","/schools/mca-skin-care-academy-llc-amarillo-74d701f1",0,37,0.00,9.8
"School Profiles (/schools/*)","/schools/the-beauty-pro-university-arlington-964b4311",0,37,0.00,9.5
"School Profiles (/schools/*)","/schools/tint-school-of-makeup-cosmetology-plano-260a4e10",0,37,0.00,8.5
"School Profiles (/schools/*)","/schools/viva-de-beauty-professional-academy-llc-arlington-377c3ec8",0,37,0.00,12.2
"School Profiles (/schools/*)","/schools/image-academy-cos-esthetician-barber-llc-houston-9eec65dd",0,36,0.00,10.8
"School Profiles (/schools/*)","/schools/immaculate-cut-barber-institute-fort-worth-tx-fort-worth-078ca2d9",0,36,0.00,7.7
"School Profiles (/schools/*)","/schools/master-barbers-institute-dallas-3a55ad06",0,36,0.00,11.1
"School Profiles (/schools/*)","/schools/mid-cities-barber-college-grand-prairie-bccefadd",0,36,0.00,8.9
"School Profiles (/schools/*)","/schools/southeast-texas-career-institute-silsbee-c05a23fe",0,36,0.00,8.8
"School Profiles (/schools/*)","/schools/adia-beauty-llc-grand-prairie-d5867a20",1,35,2.86,8.3
"School Profiles (/schools/*)","/schools/clarendon-college-pampa-center-pampa-5d42827f",1,35,2.86,8.5
"School Profiles (/schools/*)","/schools/fort-bend-barber-college-rosenberg-bf633f52",1,35,2.86,8.2
"School Profiles (/schools/*)","/schools/amenti-beauty-academy-llc-odessa-c672209d",0,35,0.00,10.8
"School Profiles (/schools/*)","/schools/faded-culture-academy-san-antonio-402022f6",0,35,0.00,9.1
"School Profiles (/schools/*)","/schools/kalibur-barber-college-fort-worth-8702e6b3",0,35,0.00,8.7
"School Profiles (/schools/*)","/schools/lamar-state-college-port-arthur-beaumont-6e0856e8",0,35,0.00,15.3
"School Profiles (/schools/*)","/schools/navarro-college-cosmetology-waxahachie-8f665739",0,35,0.00,9.4
"School Profiles (/schools/*)","/schools/paul-mitchell-the-school-austin-austin-5390a711",2,34,5.88,13.1
"School Profiles (/schools/*)","/schools/lagrone-academy-denton-4a44da63",1,34,2.94,8.7
"School Profiles (/schools/*)","/schools/next-level-barber-institute-llc-bay-city-0511dd0a",1,34,2.94,8.6
"School Profiles (/schools/*)","/schools/trimsetters-barber-academy-inc-greenville-debff1d8",1,34,2.94,5.7
"School Profiles (/schools/*)","/schools/beauty-of-all-races-academy-llc-desoto-885f7ab2",0,34,0.00,7.5
"School Profiles (/schools/*)","/schools/d-luz-beauty-academy-esthetician-school-houston-katy-1c72d392",0,34,0.00,7.3
"School Profiles (/schools/*)","/schools/ogle-school-hair-skin-nails-dallas-9bc7044c",0,34,0.00,14.5
"School Profiles (/schools/*)","/schools/rgv-cosmetology-school-san-benito-c0b210da",0,34,0.00,9.7
"School Profiles (/schools/*)","/schools/wichita-falls-barber-academy-wichita-falls-229243df",0,34,0.00,9.7
"School Profiles (/schools/*)","/schools/avenue-five-institute-austin-5d1ea5c0",1,33,3.03,20.6
"School Profiles (/schools/*)","/schools/up-next-barber-college-huntsville-e546dd5e",1,33,3.03,7.0
"School Profiles (/schools/*)","/schools/barber-institute-of-texas-lewisville-lewisville-d88278ba",0,33,0.00,9.7
"School Profiles (/schools/*)","/schools/chop-it-up-barbershop-college-san-antonio-73502138",0,33,0.00,8.8
"School Profiles (/schools/*)","/schools/deluxe-barber-college-san-antonio-30196e06",0,33,0.00,14.2
"School Profiles (/schools/*)","/schools/frank-phillips-jr-college-borger-7d62d2ed",0,33,0.00,9.2
"School Profiles (/schools/*)","/schools/groveton-high-school-groveton-5d20990a",0,33,0.00,7.0
"School Profiles (/schools/*)","/schools/i-t-s-academy-of-beauty-irving-irving-27c46529",0,33,0.00,7.8
"School Profiles (/schools/*)","/schools/m-j-academy-llc-dallas-f813edde",0,33,0.00,9.4
"School Profiles (/schools/*)","/schools/mesa-barber-school-inc-houston-9a9d6934",0,33,0.00,9.2
"School Profiles (/schools/*)","/schools/the-shimaa-academy-arlington-51ac3c50",0,33,0.00,7.6
"School Profiles (/schools/*)","/schools/high-class-barber-academy-llc-ingleside-ca0735e8",5,32,15.63,5.1
"School Profiles (/schools/*)","/schools/neecee-s-barber-college-abilene-5e004f40",1,32,3.13,12.8
"School Profiles (/schools/*)","/schools/tri-state-cosmetology-institute-el-paso-56fb8181",1,32,3.13,14.8
"Insight Articles (/insights/*)","/insights/booth-rent-taxes-and-llc-texas",0,32,0.00,9.7
"School Profiles (/schools/*)","/schools/barbers-trade-school-inc-beaumont-97b9527f",0,32,0.00,10.1
"School Profiles (/schools/*)","/schools/dallas-skin-institute-inc-austin-e8ca4f76",0,32,0.00,10.9
"School Profiles (/schools/*)","/schools/duvalls-school-of-cosmetology-bedford-8f8ca382",0,32,0.00,8.3
"School Profiles (/schools/*)","/schools/katy-esthetician-academy-katy-dac8ab44",0,32,0.00,8.2
"School Profiles (/schools/*)","/schools/premier-barber-school-houston-87b709a3",0,32,0.00,11.2
"School Profiles (/schools/*)","/schools/the-salon-professional-academy-of-san-an-san-antonio-e7f20d5d",0,32,0.00,10.6
"School Profiles (/schools/*)","/schools/baldwin-beauty-schools-austin-2c37d6e7",1,31,3.23,12.0
"School Profiles (/schools/*)","/schools/all-about-beauty-academy-dallas-0547fc33",0,31,0.00,9.2
"School Profiles (/schools/*)","/schools/allstar-beauty-college-houston-2742e833",0,31,0.00,6.5
"School Profiles (/schools/*)","/schools/aveda-arts-sciences-institute-san-antonio-san-antonio-11cb99a9",0,31,0.00,11.8
"School Profiles (/schools/*)","/schools/caprock-school-of-cosmetology-slaton-2b2ec70f",0,31,0.00,9.1
"School Profiles (/schools/*)","/schools/ebony-essence-school-of-hair-design-caldwell-eff482ae",0,31,0.00,8.1
"School Profiles (/schools/*)","/schools/gulf-coast-barber-college-texas-city-620d631d",0,31,0.00,10.7
"School Profiles (/schools/*)","/schools/manuel-theresa-s-school-of-hair-design-brenham-82cfdf66",0,31,0.00,14.2
"School Profiles (/schools/*)","/schools/milan-institute-houston-54167a2d",0,31,0.00,10.6
"School Profiles (/schools/*)","/schools/remington-college-houston-campus-league-city-bb38c770",0,31,0.00,10.5
"School Profiles (/schools/*)","/schools/top-of-the-line-barber-school-south-side-san-antonio-5eba8160",0,31,0.00,8.3
"School Profiles (/schools/*)","/schools/ucas-university-of-cosmetology-arts-sciences-san-antonio-5efdff7a",0,31,0.00,10.1
"School Profiles (/schools/*)","/schools/wichita-falls-career-education-center-wichita-falls-43dfb425",2,30,6.67,8.4
"School Profiles (/schools/*)","/schools/immaculate-cut-barber-institute-laredo-616c05c2",1,30,3.33,9.0
"School Profiles (/schools/*)","/schools/champions-barber-beauty-academy-waco-8e47cb99",0,30,0.00,8.0
"School Profiles (/schools/*)","/schools/exclusive-barber-academy-sugar-land-bc9bd23c",0,30,0.00,8.7
"School Profiles (/schools/*)","/schools/mogo-salon-academy-of-montgomery-conroe-96b84e40",0,30,0.00,9.1
"School Profiles (/schools/*)","/schools/nuvani-institute-austin-austin-0d0e511f",0,30,0.00,10.1
"School Profiles (/schools/*)","/schools/nuvani-institute-austin-austin-e6564d4d",0,30,0.00,9.2
"School Profiles (/schools/*)","/schools/phat-s-institute-of-beauty-llc-tyler-9432deb0",0,30,0.00,6.5
"School Profiles (/schools/*)","/schools/trinity-valley-community-college-athens-9c00871e",0,30,0.00,7.6
"School Profiles (/schools/*)","/schools/xclusiv-makeup-and-beauty-academy-mcallen-0ecb55d4",0,30,0.00,6.5
"School Profiles (/schools/*)","/schools/collin-county-community-college-district-plano-b5b8470b",1,29,3.45,7.9
"School Profiles (/schools/*)","/schools/d-lash-architect-elite-academy-llc-sunnyvale-8008efbf",1,29,3.45,8.1
"School Profiles (/schools/*)","/schools/signature-beauty-school-arlington-8a4897cf",1,29,3.45,14.1
"School Profiles (/schools/*)","/schools/bbolm-college-of-cosmetology-killeen-f0bce6a2",0,29,0.00,7.9
"School Profiles (/schools/*)","/schools/bella-bonded-llc-amarillo-bd0ac1b7",0,29,0.00,8.4
"School Profiles (/schools/*)","/schools/del-mar-college-corpus-christi-658dcb27",0,29,0.00,9.2
"School Profiles (/schools/*)","/schools/i-t-s-academy-of-beauty-wichita-falls-98befbf8",0,29,0.00,8.9
"School Profiles (/schools/*)","/schools/international-institute-of-aesthetic-art-allen-11e18300",0,29,0.00,16.4
"School Profiles (/schools/*)","/schools/m-j-beauty-academy-escuela-de-cosmetologia-dallas-garland-9cf2dd8b",0,29,0.00,2.9
"School Profiles (/schools/*)","/schools/nuvani-institute-eagle-pass-eagle-pass-ac91a22d",0,29,0.00,8.2
"School Profiles (/schools/*)","/schools/richerson-s-master-barber-academy-fort-worth-b2738972",0,29,0.00,9.5
"School Profiles (/schools/*)","/schools/school-enstyle-beauty-academy-houston-6144f146",0,29,0.00,8.0
"School Profiles (/schools/*)","/schools/wade-gordon-hairdressing-academy-lubbock-664234c8",0,29,0.00,12.5
"School Profiles (/schools/*)","/schools/luxury-aesthetics-llc-san-antonio-e9962626",1,28,3.57,5.6
"School Profiles (/schools/*)","/schools/uptown-institute-llc-katy-d000584a",1,28,3.57,19.2
"School Profiles (/schools/*)","/schools/all-around-barber-school-hutto-8c3a25c6",0,28,0.00,9.2
"School Profiles (/schools/*)","/schools/boss-nail-academy-san-antonio-2b2f7dc3",0,28,0.00,6.6
"School Profiles (/schools/*)","/schools/elete-college-of-barbering-llc-mcallen-aead7e20",0,28,0.00,7.8
"School Profiles (/schools/*)","/schools/empower-health-aesthetic-institute-garland-c922bb26",0,28,0.00,8.7
"School Profiles (/schools/*)","/schools/franklin-barber-institute-houston-db620a75",0,28,0.00,8.4
"School Profiles (/schools/*)","/schools/game-changers-barber-academy-san-antonio-2cc4c9ee",0,28,0.00,9.4
"School Profiles (/schools/*)","/schools/instituto-de-belleza-y-arte-barbering-mcallen-db7d1fcf",0,28,0.00,10.0
"School Profiles (/schools/*)","/schools/j-n-beauty-college-fort-worth-0cc23271",0,28,0.00,7.0
"School Profiles (/schools/*)","/schools/papito-blessedhands-barber-academy-fort-worth-74c59db7",0,28,0.00,6.2
"School Profiles (/schools/*)","/schools/princeton-isd-cate-center-frisco-2311201c",0,28,0.00,9.1
"School Profiles (/schools/*)","/schools/seguin-beauty-school-seguin-41605160",0,28,0.00,12.2
"School Profiles (/schools/*)","/schools/the-lash-room-academy-alice-1fb323c1",0,28,0.00,7.5
"School Profiles (/schools/*)","/schools/ucas-univ-of-cosmetology-arts-sciences-harlingen-8fbf3f77",0,28,0.00,11.5
"School Profiles (/schools/*)","/schools/acc-academy-of-cosmetology-lubbock-a97d9823",2,27,7.41,7.9
"School Profiles (/schools/*)","/schools/baldwin-beauty-schools-austin-296d98d3",0,27,0.00,19.8
"School Profiles (/schools/*)","/schools/graduate-america-college-garland-7d53e341",0,27,0.00,9.7
"School Profiles (/schools/*)","/schools/illumination-barber-school-llc-houston-6a028272",0,27,0.00,4.6
"School Profiles (/schools/*)","/schools/nova-career-institute-el-paso-f25447e3",0,27,0.00,8.4
"School Profiles (/schools/*)","/schools/ogle-school-beauty-and-cosmetology-fort-worth-irving-15bd77dc",0,27,0.00,9.4
"School Profiles (/schools/*)","/schools/paul-mitchell-the-school-austin-pflugerville-50c5b1d2",0,27,0.00,12.9
"School Profiles (/schools/*)","/schools/shimaa-academy-houston-houston-ed267c26",0,27,0.00,6.7
"School Profiles (/schools/*)","/schools/texas-barber-university-porter-e243b0d1",0,27,0.00,14.8
"School Profiles (/schools/*)","/schools/united-beauty-college-irving-8b05ce6d",0,27,0.00,10.0
"School Profiles (/schools/*)","/schools/vanders-cosmetology-school-llc-san-antonio-b9e8b476",0,27,0.00,4.9
"School Profiles (/schools/*)","/schools/allstar-beauty-college-diaz-houston-da095833",0,26,0.00,9.6
"School Profiles (/schools/*)","/schools/aveda-institute-san-antonio-san-antonio-4bc38f59",0,26,0.00,16.6
"School Profiles (/schools/*)","/schools/boss-beauty-makeup-academy-san-antonio-b1b49567",0,26,0.00,14.5
"School Profiles (/schools/*)","/schools/charles-sue-s-school-of-hair-design-college-station-62aecb90",0,26,0.00,9.2
"School Profiles (/schools/*)","/schools/clarendon-college-childress-center-childress-8b5b9358",0,26,0.00,8.6
"School Profiles (/schools/*)","/schools/impact-barber-academy-austin-austin-cf9feb28",0,26,0.00,12.1
"School Profiles (/schools/*)","/schools/milan-institute-of-cosmetology-san-antonio-south-san-antonio-a234b7eb",0,26,0.00,9.8
"School Profiles (/schools/*)","/schools/pearlands-innovative-school-of-beauty-pearland-eecf2da1",0,26,0.00,10.8
"School Profiles (/schools/*)","/schools/permian-basin-barber-college-pbbc-odessa-c32aab6b",0,26,0.00,9.7
"School Profiles (/schools/*)","/schools/a-plus-beauty-academy-llc-garland-405d8a19",0,25,0.00,11.0
"School Profiles (/schools/*)","/schools/advanced-skin-care-academy-llc-houston-122f5228",0,25,0.00,28.1
"School Profiles (/schools/*)","/schools/boss-lady-beauty-academy-waco-185d1558",0,25,0.00,19.0
"School Profiles (/schools/*)","/schools/compassion-beauty-school-llc-houston-d7fb162f",0,25,0.00,4.4
"School Profiles (/schools/*)","/schools/couture-beauty-academy-houston-97bf2db6",0,25,0.00,8.2
"School Profiles (/schools/*)","/schools/dallas-skin-institute-dallas-7879e81c",0,25,0.00,9.7
"School Profiles (/schools/*)","/schools/first-class-barber-college-eustace-5e8fd973",0,25,0.00,8.7
"School Profiles (/schools/*)","/schools/new-image-institute-of-cosmetology-llc-san-juan-d6945568",0,25,0.00,9.0
"School Profiles (/schools/*)","/schools/ogle-school-hair-skin-nails-stafford-5188a0c6",0,25,0.00,12.0
"School Profiles (/schools/*)","/schools/prime-time-technical-institute-canutillo-0cb79970",0,25,0.00,6.2
"School Profiles (/schools/*)","/schools/riverside-barber-beauty-institute-fort-worth-b9212002",0,25,0.00,7.5
"School Profiles (/schools/*)","/schools/southwest-barber-institute-el-paso-869ad858",1,24,4.17,9.3
"School Profiles (/schools/*)","/schools/bella-beauty-college-ben-white-campus-austin-12db93d9",0,24,0.00,9.8
"School Profiles (/schools/*)","/schools/champion-beauty-college-inc-houston-4469d312",0,24,0.00,7.6
"School Profiles (/schools/*)","/schools/dacs-academy-austin-803e6f05",0,24,0.00,5.5
"School Profiles (/schools/*)","/schools/esti-project-inc-san-antonio-b4a2e749",0,24,0.00,4.1
"School Profiles (/schools/*)","/schools/houston-training-school-houston-01f72c2e",0,24,0.00,14.3
"School Profiles (/schools/*)","/schools/kilgore-college-longview-longview-494e6d84",0,24,0.00,12.9
"School Profiles (/schools/*)","/schools/vxo-beauty-academy-plano-df91396a",0,24,0.00,10.3
"School Profiles (/schools/*)","/schools/williams-barber-college-fort-worth-67ec17ef",0,24,0.00,10.2
"School Profiles (/schools/*)","/schools/elliot-reed-beauty-institute-dallas-01e7a3c3",3,23,13.04,4.7
"School Profiles (/schools/*)","/schools/modern-barber-beauty-institute-college-station-6a686e6b",1,23,4.35,20.8
"School Profiles (/schools/*)","/schools/shear-genius-barber-school-houston-7af0d84c",1,23,4.35,4.2
"School Profiles (/schools/*)","/schools/adia-beauty-college-dallas-04fdd48f",0,23,0.00,7.3
"School Profiles (/schools/*)","/schools/cosmetology-out-of-state-school-irving-89b620d9",0,23,0.00,20.9
"School Profiles (/schools/*)","/schools/evvaylois-academy-school-of-beauty-brenham-2d87842a",0,23,0.00,7.2
"School Profiles (/schools/*)","/schools/excellence-cosmetology-school-llc-roma-9719838b",0,23,0.00,6.0
"School Profiles (/schools/*)","/schools/fort-bend-barber-college-sugar-land-f3e1c2aa",0,23,0.00,9.4
"School Profiles (/schools/*)","/schools/institute-of-cosmetology-houston-03cf9af9",0,23,0.00,25.7
"School Profiles (/schools/*)","/schools/maria-s-barber-school-round-rock-f0dae078",0,23,0.00,3.7
"School Profiles (/schools/*)","/schools/paul-mitchell-the-school-houston-houston-ba42c1c3",0,23,0.00,12.2
"School Profiles (/schools/*)","/schools/remington-college-north-houston-campus-houston-3a649b30",0,23,0.00,15.3
"School Profiles (/schools/*)","/schools/south-texas-vocational-technical-institute-of-san-antonio-tx-san-antonio-b97667e5",0,23,0.00,14.7
"School Profiles (/schools/*)","/schools/texas-ds-beauty-school-prosper-f8fdac9d",0,23,0.00,5.2
"School Asset Pages (exam/license/tools)","/tools/texas-cosmetology-exam-practice-deck",0,23,0.00,13.0
"School Profiles (/schools/*)","/schools/academy-of-barbers-iinstitute-ept-el-paso-4ea7730d",0,22,0.00,23.4
"School Profiles (/schools/*)","/schools/central-texas-beauty-college-2-round-rock-5d5ac9c2",0,22,0.00,13.4
"School Profiles (/schools/*)","/schools/collectiv-academy-dallas-e5859157",0,22,0.00,14.0
"School Profiles (/schools/*)","/schools/east-texas-barber-beauty-school-barbershop-hair-salon-fort-worth-dd87e7bc",0,22,0.00,8.0
"School Profiles (/schools/*)","/schools/franklin-institute-2-houston-6b7a2580",0,22,0.00,13.0
"School Profiles (/schools/*)","/schools/gnu-beauty-institute-houston-817b274f",0,22,0.00,12.5
"School Profiles (/schools/*)","/schools/seguin-high-school-seguin-0fd20544",0,22,0.00,9.7
"School Profiles (/schools/*)","/schools/total-escape-lavishing-lashes-academy-duncanville-3c8ba71f",0,22,0.00,6.0
"School Profiles (/schools/*)","/schools/ucas-university-of-cosmetology-arts-sciences-brownsville-aebbb4a2",0,22,0.00,7.9
"School Profiles (/schools/*)","/schools/vogue-college-of-cosmetology-san-antonio-e5dbb7b0",0,22,0.00,18.5
"School Profiles (/schools/*)","/schools/ecl-beauty-school-llc-houston-7a3cb9b9",3,21,14.29,3.8
"School Profiles (/schools/*)","/schools/central-texas-barber-college-killeen-34046f83",2,21,9.52,15.0
"School Profiles (/schools/*)","/schools/marqblendz-barber-academy-co-plano-069f1311",2,21,9.52,6.1
"School Profiles (/schools/*)","/schools/devida-lash-academy-mcallen-df71b02c",1,21,4.76,4.4
"School Profiles (/schools/*)","/schools/dynasty-barber-school-spring-39eaf48a",0,21,0.00,4.9
"School Profiles (/schools/*)","/schools/east-texas-lash-institute-tyler-1376c142",0,21,0.00,10.2
"School Profiles (/schools/*)","/schools/houston-barber-school-houston-661e5180",0,21,0.00,8.4
"School Profiles (/schools/*)","/schools/its-academy-of-beauty-fort-worth-fort-worth-aa5b5a91",0,21,0.00,18.5
"School Profiles (/schools/*)","/schools/r-e-cosmetology-school-ltd-baytown-2f22967e",0,21,0.00,19.3
"School Profiles (/schools/*)","/schools/the-903-school-of-barbering-pllc-sherman-84f47873",0,21,0.00,9.3
"School Profiles (/schools/*)","/schools/wharton-junior-college-wharton-25079106",0,21,0.00,8.9
"School Profiles (/schools/*)","/schools/blessed-hands-barber-cosmetology-college-corpus-christi-7d30cd79",1,20,5.00,13.6
"School Profiles (/schools/*)","/schools/melluzi-academy-pflugerville-d104be2d",1,20,5.00,10.1
"School Profiles (/schools/*)","/schools/san-jacinto-college-pasadena-f9792dda",1,20,5.00,10.1
"School Profiles (/schools/*)","/schools/amarillo-permanent-cosmetics-institute-amarillo-10a518db",0,20,0.00,15.6
"School Profiles (/schools/*)","/schools/becoming-better-training-academy-hempstead-54b38482",0,20,0.00,7.0
"School Profiles (/schools/*)","/schools/clarendon-college-clarendon-45ae5683",0,20,0.00,7.5
"School Profiles (/schools/*)","/schools/houston-gateway-academy-inc-houston-7ac87b7a",0,20,0.00,9.9
"School Profiles (/schools/*)","/schools/modern-beauty-institute-of-cosmetology-weslaco-e9998103",0,20,0.00,4.5
"School Profiles (/schools/*)","/schools/mtb-barber-academy-fort-worth-fbd87a8f",0,20,0.00,7.5
"School Profiles (/schools/*)","/schools/trinity-valley-community-col-palestine-29109cd6",0,20,0.00,9.3
"School Profiles (/schools/*)","/schools/vogue-college-of-cosmetology-lubbock-714518ae",0,20,0.00,8.2
"School Profiles (/schools/*)","/schools/bessemer-beauty-college-houston-bec08bbf",1,19,5.26,6.8
"School Profiles (/schools/*)","/schools/bill-r-johnson-career-tech-ed-center-crowley-7e6e6a64",1,19,5.26,9.8
"School Profiles (/schools/*)","/schools/dallas-blends-barber-academy-dallas-dfceff0f",1,19,5.26,13.7
"School Profiles (/schools/*)","/schools/headlines-barber-college-odessa-7c501f42",1,19,5.26,9.1
"School Profiles (/schools/*)","/schools/bellagio-academy-lewisville-f1081a11",0,19,0.00,7.9
"School Profiles (/schools/*)","/schools/contucci-llc-baytown-0e83dd65",0,19,0.00,8.3
"School Profiles (/schools/*)","/schools/darly-new-face-academy-dallas-4f3f1743",0,19,0.00,7.7
"School Profiles (/schools/*)","/schools/drop-dead-gorgeous-academy-beaumont-4719b6d7",0,19,0.00,7.7
"School Profiles (/schools/*)","/schools/erma-s-beauty-school-llc-cedar-creek-7d2ddd20",0,19,0.00,6.4
"School Profiles (/schools/*)","/schools/finetta-beauty-and-barber-academy-llc-hearne-387606ea",0,19,0.00,8.2
"School Profiles (/schools/*)","/schools/garland-beauty-school-garland-2fdd417b",0,19,0.00,7.7
"School Profiles (/schools/*)","/schools/glow-theory-academy-belton-8a2ceb68",0,19,0.00,7.8
"School Profiles (/schools/*)","/schools/i-lash-by-lauren-llc-tyler-8fa612ba",0,19,0.00,8.8
"School Profiles (/schools/*)","/schools/inspire-institute-of-barbering-cosmetology-plano-d916ae1e",0,19,0.00,8.5
"School Profiles (/schools/*)","/schools/paul-mitchell-the-school-dallas-carrollton-a3ee2979",0,19,0.00,10.6
"School Profiles (/schools/*)","/schools/pipo-academy-of-hair-design-el-paso-c0571266",0,19,0.00,8.1
"School Profiles (/schools/*)","/schools/salon-spa-institute-brownsville-f35e0a4a",0,19,0.00,25.4
"School Profiles (/schools/*)","/schools/the-lash-institute-weatherford-23e4feff",0,19,0.00,4.4
"School Profiles (/schools/*)","/schools/trend-barber-college-inc-houston-cde47331",0,19,0.00,9.1
"School Profiles (/schools/*)","/schools/visit-sugar-land-sugar-land-c261ec20",0,19,0.00,10.9
"School Profiles (/schools/*)","/schools/prospect-barber-institute-llc-mesquite-b7d7a1d2",2,18,11.11,6.7
"School Profiles (/schools/*)","/schools/advanced-beauty-college-austin-68ce6f0e",1,18,5.56,6.1
"School Profiles (/schools/*)","/schools/nu-beauty-school-plano-a8fb30be",1,18,5.56,5.8
"School Profiles (/schools/*)","/schools/zion-s-braiding-school-garland-802f31db",1,18,5.56,2.7
"School Profiles (/schools/*)","/schools/dale-jackson-career-center-lewisville-06c781b8",0,18,0.00,5.4
"School Profiles (/schools/*)","/schools/diamonds-cosmetology-college-sherman-6c9bef55",0,18,0.00,8.9
"School Profiles (/schools/*)","/schools/exclusiv-barber-beauty-academy-llc-tyler-4e4a31f6",0,18,0.00,8.4
"School Profiles (/schools/*)","/schools/laila-s-beauty-studio-college-station-83786288",0,18,0.00,9.1
"School Profiles (/schools/*)","/schools/learn-lash-repeat-training-academy-dallas-f401010e",0,18,0.00,7.3
"School Profiles (/schools/*)","/schools/miller-career-and-technology-center-katy-7fc6d2c6",0,18,0.00,10.2
"School Profiles (/schools/*)","/schools/texarkana-college-texarkana-cc1d7251",0,18,0.00,18.2
"School Profiles (/schools/*)","/schools/texas-lash-academy-llc-eagle-pass-9fdd8a20",0,18,0.00,9.3
"School Profiles (/schools/*)","/schools/trucco-beauty-institute-el-paso-ae5196de",0,18,0.00,10.1
"School Profiles (/schools/*)","/schools/vogue-international-academy-port-arthur-4011e5ed",0,18,0.00,7.8
"School Profiles (/schools/*)","/schools/a-m-barber-academy-fort-worth-fort-worth-67c2ee18",1,17,5.88,6.7
"School Profiles (/schools/*)","/schools/beauty-arts-cosmetology-institute-donna-a92ffac2",1,17,5.88,6.3
"School Profiles (/schools/*)","/schools/cleveland-high-school-cleveland-e18767c5",1,17,5.88,28.5
"School Profiles (/schools/*)","/schools/m-j-academy-llc-dallas-9098795b",1,17,5.88,6.4
"School Profiles (/schools/*)","/schools/tres-hermanas-beauty-academy-llc-dallas-c476246d",1,17,5.88,5.7
"School Profiles (/schools/*)","/schools/american-beauty-school-reynoso-houston-fbf69ad8",0,17,0.00,8.5
"School Profiles (/schools/*)","/schools/american-laser-aesthetics-institute-san-antonio-59298909",0,17,0.00,20.0
"School Profiles (/schools/*)","/schools/barber-arts-institute-donna-5d0ed937",0,17,0.00,6.1
"School Profiles (/schools/*)","/schools/bella-beauty-academy-san-antonio-af7e383b",0,17,0.00,10.1
"School Profiles (/schools/*)","/schools/career-schools-of-texas-houston-021dda43",0,17,0.00,19.3
"School Profiles (/schools/*)","/schools/choezen-careers-healthcare-training-ll-san-antonio-2bdfd4fd",0,17,0.00,8.2
"School Profiles (/schools/*)","/schools/cisco-college-cisco-9efa2fa1",0,17,0.00,7.2
"School Profiles (/schools/*)","/schools/dermology-college-of-aesthetics-and-wellness-houston-46efcb45",0,17,0.00,8.7
"School Profiles (/schools/*)","/schools/design-beauty-college-spring-c7e06a01",0,17,0.00,10.2
"School Profiles (/schools/*)","/schools/glamoureyes-more-llc-abilene-47946176",0,17,0.00,2.6
"School Profiles (/schools/*)","/schools/marshall-high-school-marshall-185944a8",0,17,0.00,7.6
"School Profiles (/schools/*)","/schools/mogo-salon-academy-of-montgomery-llc-montgomery-2f5a6a8a",0,17,0.00,9.4
"School Profiles (/schools/*)","/schools/natural-images-beauty-college-clute-55413005",0,17,0.00,9.3
"School Profiles (/schools/*)","/schools/north-east-texas-comm-college-mount-pleasant-60eec57e",0,17,0.00,10.4
"School Profiles (/schools/*)","/schools/ogle-school-beauty-and-cosmetology-fort-worth-fort-worth-eef531cf",0,17,0.00,15.4
"School Profiles (/schools/*)","/schools/ogle-school-hair-skin-nails-dallas-e1292066",0,17,0.00,14.6
"School Profiles (/schools/*)","/schools/pr-beauty-college-richardson-b719c1d1",0,17,0.00,9.6
"School Profiles (/schools/*)","/schools/the-glam-room-llc-mission-76f029ae",0,17,0.00,7.1
"School Profiles (/schools/*)","/schools/the-hair-mayor-beauty-college-missouri-city-42682902",0,17,0.00,11.3
"School Profiles (/schools/*)","/schools/the-skin-beauty-academy-llc-houston-a6177131",0,17,0.00,33.5
"School Profiles (/schools/*)","/schools/tonsorial-arts-barber-college-texarkana-901d51f0",0,17,0.00,12.6
"School Profiles (/schools/*)","/schools/top-of-the-line-barber-school-san-antonio-fe121ae5",0,17,0.00,9.7
"School Profiles (/schools/*)","/schools/ucas-univ-of-cosmetology-arts-sciences-mcallen-41bd5381",0,17,0.00,20.3
"School Profiles (/schools/*)","/schools/victoria-beauty-barber-college-victoria-7087c421",0,17,0.00,10.8
"School Profiles (/schools/*)","/schools/aisd-career-tech-center-arlington-601ea8ce",2,16,12.50,6.5
"School Profiles (/schools/*)","/schools/hairmosa-beauty-academy-inc-duncanville-789d215c",1,16,6.25,7.1
"School Profiles (/schools/*)","/schools/milan-institute-san-antonio-e6f3142e",1,16,6.25,14.9
"School Profiles (/schools/*)","/schools/vanguardia-universidad-de-belleza-llc-mcallen-1d9f5fa6",1,16,6.25,5.9
"School Profiles (/schools/*)","/schools/aaction-barber-styling-college-garland-9b31ac59",0,16,0.00,5.6
"School Profiles (/schools/*)","/schools/art-of-barber-academy-houston-97034898",0,16,0.00,11.5
"School Profiles (/schools/*)","/schools/hands-on-therapy-mesquite-f5cc58fd",0,16,0.00,10.4
"School Profiles (/schools/*)","/schools/lamar-institute-of-technology-beaumont-3373e2b6",0,16,0.00,6.8
"School Profiles (/schools/*)","/schools/lash-habit-academy-llc-san-antonio-13c34d0e",0,16,0.00,9.2
"School Profiles (/schools/*)","/schools/nevaeh-studios-cosmetology-barber-inst-frisco-00dbda81",0,16,0.00,15.3
"School Profiles (/schools/*)","/schools/san-benito-high-school-san-benito-0f4fa82d",0,16,0.00,14.0
"School Profiles (/schools/*)","/schools/swl-institute-mckinney-f0a2fc01",0,16,0.00,4.3
"School Profiles (/schools/*)","/schools/toni-guy-hairdressing-academy-plano-ed06a051",0,16,0.00,26.9
"School Profiles (/schools/*)","/schools/unity-blends-barber-academy-llc-houston-0a80c77b",0,16,0.00,6.7
"School Profiles (/schools/*)","/schools/you-can-too-ltd-friendswood-0d3d237b",0,16,0.00,3.9
"School Profiles (/schools/*)","/schools/lampasas-high-school-lampasas-af2c4718",1,15,6.67,6.7
"School Profiles (/schools/*)","/schools/southwest-texas-college-uvalde-ba6ffd96",1,15,6.67,11.6
"School Profiles (/schools/*)","/schools/a-m-barber-academy-fort-worth-05a82506",0,15,0.00,15.0
"School Profiles (/schools/*)","/schools/abrils-cosmetology-barber-school-houston-ac7c4f73",0,15,0.00,6.2
"School Profiles (/schools/*)","/schools/chop-it-up-barber-college-schertz-2f3b3044",0,15,0.00,8.7
"School Profiles (/schools/*)","/schools/dallas-barber-stylist-clg-dallas-26e189d3",0,15,0.00,8.3
"School Profiles (/schools/*)","/schools/elevation-barber-college-san-antonio-c2ce03d7",0,15,0.00,6.5
"School Profiles (/schools/*)","/schools/jay-s-technical-institute-of-houston-katy-f510b288",0,15,0.00,9.5
"School Profiles (/schools/*)","/schools/laredo-college-laredo-c7b80d2e",0,15,0.00,12.0
"School Profiles (/schools/*)","/schools/metroplex-beauty-school-mesquite-32f4cc86",0,15,0.00,10.8
"School Profiles (/schools/*)","/schools/navarro-college-corsicana-corsicana-4607fb4b",0,15,0.00,9.5
"School Profiles (/schools/*)","/schools/og-s-school-of-hair-design-killeen-a3d49462",0,15,0.00,11.4
"School Profiles (/schools/*)","/schools/ogle-school-beauty-and-cosmetology-houston-stafford-houston-72edfcd2",0,15,0.00,8.3
"School Profiles (/schools/*)","/schools/sharkey-s-cuts-for-kids-sugar-land-sugar-land-465f88fe",0,15,0.00,9.5
"School Profiles (/schools/*)","/schools/south-texas-barber-college-corpus-christi-31bf9dee",0,15,0.00,23.7
"School Profiles (/schools/*)","/schools/southern-careers-institute-san-antonio-4533fade",0,15,0.00,8.9
"School Profiles (/schools/*)","/schools/texas-barber-college-dallas-cd536d9e",0,15,0.00,8.7
"School Profiles (/schools/*)","/schools/joshua-isd-tx-16cf5ef7",2,14,14.29,6.2
"School Profiles (/schools/*)","/schools/vietnamese-american-beauty-college-pflugerville-e1ea625a",1,14,7.14,8.5
"School Profiles (/schools/*)","/schools/waxahachie-high-school-waxahachie-6eafad8d",1,14,7.14,8.9
"Insight Articles (/insights/*)","/insights/highest-paying-barbershops-houston",0,14,0.00,7.8
"School Profiles (/schools/*)","/schools/abc-beauty-academy-richardson-1847911c",0,14,0.00,9.6
"School Profiles (/schools/*)","/schools/allgood-beauty-institute-llc-frisco-5eaffdfd",0,14,0.00,7.4
"School Profiles (/schools/*)","/schools/bevelle-barber-school-austin-79d50c62",0,14,0.00,8.1
"School Profiles (/schools/*)","/schools/central-texas-beauty-college-temple-d95dd01e",0,14,0.00,30.2
"School Profiles (/schools/*)","/schools/cisco-college-cosmetology-and-barber-hawley-499a56af",0,14,0.00,7.9
"School Profiles (/schools/*)","/schools/clarendon-college-clarendon-ea2bce35",0,14,0.00,8.2
"School Profiles (/schools/*)","/schools/coursemax-pflugerville-c5754011",0,14,0.00,7.3
"School Profiles (/schools/*)","/schools/exposito-school-of-hair-design-amarillo-c155bdde",0,14,0.00,7.1
"School Profiles (/schools/*)","/schools/hairology-institute-of-cosmetology-san-antonio-3069de97",0,14,0.00,16.6
"School Profiles (/schools/*)","/schools/icon-school-of-barbering-llc-houston-4bbba1ad",0,14,0.00,5.0
"School Profiles (/schools/*)","/schools/t-c-p-beauty-college-tx-c2acc22a",0,14,0.00,12.8
"School Profiles (/schools/*)","/schools/the-barber-education-academy-inc-laredo-1e815f84",0,14,0.00,7.5
"School Profiles (/schools/*)","/schools/weatherford-college-weatherford-747553bd",0,14,0.00,8.6
"School Profiles (/schools/*)","/schools/windham-school-district-huntsville-e23c3594",0,14,0.00,9.5
"School Profiles (/schools/*)","/schools/keller-center-for-advanced-keller-179ed02e",2,13,15.38,6.1
"School Profiles (/schools/*)","/schools/ala-beauty-academy-duncanville-dbde61c9",0,13,0.00,7.5
"School Profiles (/schools/*)","/schools/amore-beauty-academy-garland-6ebebff8",0,13,0.00,9.1
"School Profiles (/schools/*)","/schools/avencia-beauty-academy-dallas-4d0b0929",0,13,0.00,6.2
"School Profiles (/schools/*)","/schools/fade-fellas-barber-school-llc-carrollton-2d3661bb",0,13,0.00,12.7
"School Profiles (/schools/*)","/schools/huntsville-hs-cosmetology-huntsville-d4a52149",0,13,0.00,10.0
"School Profiles (/schools/*)","/schools/modern-barber-college-houston-ec3c18c4",0,13,0.00,18.8
"School Profiles (/schools/*)","/schools/ogle-school-beauty-and-cosmetology-houston-stafford-sugar-land-e9a3d910",0,13,0.00,8.8
"School Profiles (/schools/*)","/schools/olvera-cosmetology-and-barber-academy-llc-farmersville-c813fd8a",0,13,0.00,7.2
"School Profiles (/schools/*)","/schools/pearland-s-innovative-school-of-beauty-of-silverlake-pearland-2ad734f8",0,13,0.00,7.8
"School Profiles (/schools/*)","/schools/port-neches-groves-high-port-neches-0fc88447",0,13,0.00,1.3
"School Profiles (/schools/*)","/schools/r-c-beauty-college-pflugerville-d6d0609e",0,13,0.00,9.8
"School Profiles (/schools/*)","/schools/radiant-academy-llc-fort-worth-21155525",0,13,0.00,6.8
"School Profiles (/schools/*)","/schools/regency-beauty-institute-arlington-arlington-3bd5e296",0,13,0.00,37.6
"School Profiles (/schools/*)","/schools/sinclair-s-career-cosmetology-school-fort-worth-e30e1ba3",0,13,0.00,8.2
"School Profiles (/schools/*)","/schools/the-professional-cosmetology-academy-laredo-c33822c1",0,13,0.00,9.4
"School Profiles (/schools/*)","/schools/vista-college-beaumont-beaumont-043d3dab",0,13,0.00,13.8
"School Profiles (/schools/*)","/schools/galaxy-beauty-school-llc-richardson-aa385ebf",2,12,16.67,3.1
"School Profiles (/schools/*)","/schools/mc-kinney-high-school-mckinney-5f684986",2,12,16.67,7.2
"School Profiles (/schools/*)","/schools/lala-blush-medical-tattooing-clinic-medspa-pflugerville-f4dc0e2c",1,12,8.33,7.3
"School Profiles (/schools/*)","/schools/a-touch-of-class-manicure-school-llc-houston-10a28334",0,12,0.00,7.3
"School Profiles (/schools/*)","/schools/abc-beauty-academy-financial-aids-is-available-for-those-who-qualify-garland-d2f7a570",0,12,0.00,5.5
"School Profiles (/schools/*)","/schools/academy-of-hair-design-lufkin-c7578b15",0,12,0.00,33.3
"School Profiles (/schools/*)","/schools/alliance-barber-academy-llc-brownsville-259afe95",0,12,0.00,7.9
"School Profiles (/schools/*)","/schools/baytown-beauty-barber-college-baytown-ff621ab5",0,12,0.00,9.3
"School Profiles (/schools/*)","/schools/brighton-barber-institute-dallas-346881a3",0,12,0.00,11.4
"School Profiles (/schools/*)","/schools/cortiva-institute-arlington-418573b8",0,12,0.00,9.3
"School Profiles (/schools/*)","/schools/d-luz-beauty-academy-inc-houston-2b8861d1",0,12,0.00,5.5
"School Profiles (/schools/*)","/schools/dfw-lash-university-carrollton-a1352d6b",0,12,0.00,33.1
"School Profiles (/schools/*)","/schools/lash-rx-dallas-8987e117",0,12,0.00,10.3
"School Profiles (/schools/*)","/schools/lit-cypress-mauriceville-h-s-orange-69e10bbb",0,12,0.00,8.4
"School Profiles (/schools/*)","/schools/madison-barber-stylist-school-llc-tyler-b81412fe",0,12,0.00,8.8
"School Profiles (/schools/*)","/schools/pearland-beauty-and-barber-college-llc-pearland-e7736827",0,12,0.00,19.8
"School Profiles (/schools/*)","/schools/pearlands-innovative-school-of-beauty-texas-city-15569803",0,12,0.00,22.1
"School Profiles (/schools/*)","/schools/ridges-barber-college-cypress-74c2e297",0,12,0.00,7.3
"School Profiles (/schools/*)","/schools/sharp-cuts-barber-and-beauty-college-killeen-e99b7d58",0,12,0.00,10.3
"School Profiles (/schools/*)","/schools/south-garland-high-school-garland-b195a1e8",0,12,0.00,12.3
"School Profiles (/schools/*)","/schools/tri-state-cosmetology-institute-el-paso-4a99727c",0,12,0.00,7.0
"School Profiles (/schools/*)","/schools/vip-kings-barber-college-fort-worth-64380ff1",0,12,0.00,9.5
"School Profiles (/schools/*)","/schools/7a3cb9b9-d6e2-4552-8fb6-07f005f6484c",3,11,27.27,5.5
"School Profiles (/schools/*)","/schools/avedaarts-sciencesinstitutecorpuschristi-corpus-christi-991d925b",2,11,18.18,19.7
"School Profiles (/schools/*)","/schools/aspire-school-of-cosmetology-alice-7efe6b23",1,11,9.09,6.3
"School Profiles (/schools/*)","/schools/five-star-elite-fades-barber-college-humble-6a595960",1,11,9.09,6.5
"School Profiles (/schools/*)","/schools/humble-high-school-humble-22cd0b45",1,11,9.09,8.0
"School Profiles (/schools/*)","/schools/south-post-oak-barber-college-houston-a830678e",1,11,9.09,7.0
"School Profiles (/schools/*)","/schools/717-barber-academy-llc-frisco-631082e5",0,11,0.00,11.7
"School Profiles (/schools/*)","/schools/aesthetic-artistry-laser-training-center-san-antonio-f085cfe6",0,11,0.00,10.7
"School Profiles (/schools/*)","/schools/alpha-omega-gymnastics-dance-pearland-pearland-c63a4d71",0,11,0.00,9.4
"School Profiles (/schools/*)","/schools/american-beauty-school-houston-10dad9da",0,11,0.00,10.5
"School Profiles (/schools/*)","/schools/barber-life-academy-houston-e237f770",0,11,0.00,8.5
"School Profiles (/schools/*)","/schools/c-a-barber-cosmetology-school-conroe-4ef65644",0,11,0.00,16.3
"School Profiles (/schools/*)","/schools/cypress-woods-high-school-cypress-bfeb848f",0,11,0.00,4.5
"School Profiles (/schools/*)","/schools/el-pipo-barber-college-el-paso-c447c33f",0,11,0.00,13.2
"School Profiles (/schools/*)","/schools/g-a-beauty-barber-school-mcallen-f3ed7bfd",0,11,0.00,13.4
"School Profiles (/schools/*)","/schools/house-of-elegance-cosmetology-school-corpus-christi-76bdc533",0,11,0.00,7.0
"School Profiles (/schools/*)","/schools/jack-yates-sr-high-school-houston-fc8a2477",0,11,0.00,8.7
"School Profiles (/schools/*)","/schools/legend-s-barber-college-lufkin-e3af681c",0,11,0.00,8.9
"School Profiles (/schools/*)","/schools/lucky-s-university-barber-college-llc-midlothian-44afa715",0,11,0.00,7.1
"School Profiles (/schools/*)","/schools/palo-alto-college-san-antonio-d0c41e97",0,11,0.00,7.7
"School Profiles (/schools/*)","/schools/pearland-barber-college-pearland-1c627bbe",0,11,0.00,9.4
"School Profiles (/schools/*)","/schools/quality-barber-college-the-woodlands-b674e638",0,11,0.00,7.6
"School Profiles (/schools/*)","/schools/renew-barber-carrollton-6ac25402",0,11,0.00,33.8
"School Profiles (/schools/*)","/schools/seminole-high-school-seminole-3f02114c",0,11,0.00,7.5
"School Profiles (/schools/*)","/schools/southern-careers-institute-brownsville-brownsville-96acd788",0,11,0.00,12.5
"School Profiles (/schools/*)","/schools/the-oc-at-forney-isd-forney-90afe193",0,11,0.00,8.7
"School Profiles (/schools/*)","/schools/trend-barber-college-houston-ee08fc3a",0,11,0.00,23.3
"School Profiles (/schools/*)","/schools/weatherford-high-school-weatherford-40211246",0,11,0.00,8.9
"School Profiles (/schools/*)","/schools/wink-studios-lash-academy-arlington-f041b027",0,11,0.00,6.5
"School Profiles (/schools/*)","/schools/harlingen-cisd-cosmetology-harlingen-cab348d4",1,10,10.00,8.8
"School Profiles (/schools/*)","/schools/iepb-professional-cosmetology-inc-mcallen-dd678763",1,10,10.00,6.7
"School Profiles (/schools/*)","/schools/mount-pleasant-high-school-mt-pleasant-4a46d5c2",1,10,10.00,6.8
"School Profiles (/schools/*)","/schools/san-elizario-high-school-san-elizario-1c23dce8",1,10,10.00,10.2
"School Profiles (/schools/*)","/schools/splendora-high-school-splendora-1eb81f16",1,10,10.00,6.8
"School Profiles (/schools/*)","/schools/3d-lash-brow-salon-academy-dallas-e2a43a78",0,10,0.00,7.9
"School Profiles (/schools/*)","/schools/allure-microblading-academy-sugar-land-80cbd84a",0,10,0.00,15.8
"School Profiles (/schools/*)","/schools/brighton-barber-institute-fort-worth-2daae29e",0,10,0.00,8.0
"School Profiles (/schools/*)","/schools/community-barber-school-the-woodlands-884b318e",0,10,0.00,8.3
"School Profiles (/schools/*)","/schools/dallas-blends-barber-academy-garland-garland-581e9c1a",0,10,0.00,9.5
"School Profiles (/schools/*)","/schools/east-texas-cosmetology-college-lufkin-3ca6d7de",0,10,0.00,8.9
"School Profiles (/schools/*)","/schools/franklin-beauty-institute-houston-997668fc",0,10,0.00,10.6
"School Profiles (/schools/*)","/schools/hill-college-main-campus-hillsboro-91c05a6c",0,10,0.00,9.1
"School Profiles (/schools/*)","/schools/houston-brows-beauty-school-llc-houston-139c136e",0,10,0.00,4.0
"School Profiles (/schools/*)","/schools/illumination-barber-school-the-woodlands-72f60862",0,10,0.00,11.0
"School Profiles (/schools/*)","/schools/kings-kuts-barber-hair-styling-school-garland-7a39e2d3",0,10,0.00,6.9
"School Profiles (/schools/*)","/schools/michael-s-barber-hairstylists-academy-fort-worth-f2f25ec9",0,10,0.00,8.5
"School Profiles (/schools/*)","/schools/modern-barber-beauty-institute-college-station-ecb1c017",0,10,0.00,8.2
"School Profiles (/schools/*)","/schools/precious-beauty-academy-pasadena-009b7dd8",0,10,0.00,7.4
"School Profiles (/schools/*)","/schools/texas-city-high-school-texas-city-9bd2209b",0,10,0.00,14.1
"School Profiles (/schools/*)","/schools/tyler-isd-career-and-technology-center-tyler-5fd0b6e2",0,10,0.00,19.5
"School Profiles (/schools/*)","/schools/ucas-univ-of-cosmetology-arts-sciences-san-antonio-95a8a953",0,10,0.00,30.1
"School Profiles (/schools/*)","/schools/waller-high-school-waller-f2441f15",0,10,0.00,10.6
"School Profiles (/schools/*)","/schools/tonsore-master-academy-san-antonio-35a8bcc0",2,9,22.22,6.4
"School Profiles (/schools/*)","/schools/alamo-city-barber-college-san-antonio-8f87baca",1,9,11.11,10.1
"School Profiles (/schools/*)","/schools/kms-school-of-cosmetology-barber-llc-san-juan-a479f22e",1,9,11.11,12.7
"School Profiles (/schools/*)","/schools/ratteree-cdc-irving-2b0b4340",1,9,11.11,5.9
"School Profiles (/schools/*)","/schools/ann-webb-skin-institute-austin-27e29f0c",0,9,0.00,12.9
"School Profiles (/schools/*)","/schools/arcenio-s-barber-academy-dallas-f7749308",0,9,0.00,4.7
"School Profiles (/schools/*)","/schools/art-of-barber-academy-the-woodlands-257cb8f9",0,9,0.00,15.1
"School Profiles (/schools/*)","/schools/bale-beauty-academy-6-corp-arlington-a37ea1de",0,9,0.00,9.6
"School Profiles (/schools/*)","/schools/bela-beauty-studio-academy-katy-c3f9d364",0,9,0.00,2.7
"School Profiles (/schools/*)","/schools/career-schools-of-texas-houston-d1c2da3c",0,9,0.00,9.0
"School Profiles (/schools/*)","/schools/clio-professionals-beauty-school-humble-3e2f184a",0,9,0.00,10.1
"School Profiles (/schools/*)","/schools/empire-academy-friona-523dae4d",0,9,0.00,6.4
"School Profiles (/schools/*)","/schools/houston-city-college-central-houston-0906fb73",0,9,0.00,6.1
"School Profiles (/schools/*)","/schools/institute-of-modern-aesthetics-llc-san-antonio-2ad5b23d",0,9,0.00,22.3
"School Profiles (/schools/*)","/schools/katy-esthetician-academy-katy-818039e6",0,9,0.00,8.8
"School Profiles (/schools/*)","/schools/la-marque-high-school-la-marque-ef800211",0,9,0.00,33.8
"School Profiles (/schools/*)","/schools/latinos-barber-school-llc-houston-9901d62d",0,9,0.00,8.1
"School Profiles (/schools/*)","/schools/mclennan-community-college-cosmetology-and-highlander-salon-spa-waco-4fc358d9",0,9,0.00,8.0
"School Profiles (/schools/*)","/schools/r-c-beauty-college-pflugerville-ace6c69d",0,9,0.00,6.8
"School Profiles (/schools/*)","/schools/sam-houston-high-school-arlington-ec4c0dec",0,9,0.00,10.0
"School Profiles (/schools/*)","/schools/taft-high-school-san-antonio-db146462",0,9,0.00,10.0
"School Profiles (/schools/*)","/schools/triumph-training-institute-inc-arlington-18d04aa7",0,9,0.00,5.8
"School Profiles (/schools/*)","/schools/veterans-memorial-high-school-corpus-christi-e5900b0e",0,9,0.00,11.9
"School Profiles (/schools/*)","/schools/vision-to-reality-beauty-academy-houston-3116f992",0,9,0.00,6.6
"School Profiles (/schools/*)","/schools/vogue-international-academy-katy-e322ad4a",0,9,0.00,8.2
"School Profiles (/schools/*)","/schools/west-mesquite-high-school-mesquite-47df6831",0,9,0.00,8.7
"School Profiles (/schools/*)","/schools/el-paso-beauty-and-barber-academy-el-paso-a8d55597",2,8,25.00,8.9
"School Profiles (/schools/*)","/schools/bay-area-barber-cosmetology-college-baytown-3d4e3dc6",1,8,12.50,9.3
"School Profiles (/schools/*)","/schools/african-braiding-hair-braiding-school-houston-38aa7593",0,8,0.00,7.4
"School Profiles (/schools/*)","/schools/asapp-barber-shop-fort-worth-fab7c17e",0,8,0.00,13.3
"School Profiles (/schools/*)","/schools/aveda-institute-san-antonio-san-antonio-9fb3eb1c",0,8,0.00,31.9
"School Profiles (/schools/*)","/schools/bay-city-high-school-bay-city-87af3924",0,8,0.00,8.3
"School Profiles (/schools/*)","/schools/clear-creek-isd-tx-31de7f67",0,8,0.00,29.8
"School Profiles (/schools/*)","/schools/duncanville-high-school-duncanville-c5cdf463",0,8,0.00,7.0
"School Profiles (/schools/*)","/schools/epic-barber-college-the-woodlands-6ca0abe1",0,8,0.00,8.4
"School Profiles (/schools/*)","/schools/gorman-isd-tx-b915f0e7",0,8,0.00,50.4
"School Profiles (/schools/*)","/schools/hamilton-high-school-cosmetology-hamilton-78e6feea",0,8,0.00,8.0
"School Profiles (/schools/*)","/schools/house-of-fades-barber-college-athens-b7b11566",0,8,0.00,7.0
"School Profiles (/schools/*)","/schools/houston-barber-school-houston-2f4e6a50",0,8,0.00,7.5
"School Profiles (/schools/*)","/schools/iliana-s-beauty-academy-grand-prairie-5e3e7980",0,8,0.00,5.5
"School Profiles (/schools/*)","/schools/j-harris-barber-academy-llc-houston-0f9c9261",0,8,0.00,6.0
"School Profiles (/schools/*)","/schools/kai-watson-artistry-sugar-land-c031ea81",0,8,0.00,14.8
"School Profiles (/schools/*)","/schools/lancaster-high-school-lancaster-1185ff9e",0,8,0.00,6.6
"School Profiles (/schools/*)","/schools/le-chic-beauty-academy-sugar-land-7bfb1218",0,8,0.00,16.6
"School Profiles (/schools/*)","/schools/liberty-eylau-high-school-texarkana-77f67b9a",0,8,0.00,11.8
"School Profiles (/schools/*)","/schools/lubbock-public-schools-lubbock-fd0dcee4",0,8,0.00,29.3
"School Profiles (/schools/*)","/schools/mannequin-beauty-school-the-woodlands-66997979",0,8,0.00,7.3
"School Profiles (/schools/*)","/schools/palestine-high-school-palestine-7ea27c0b",0,8,0.00,8.4
"School Profiles (/schools/*)","/schools/paul-mitchell-the-school-clear-lake-sugar-land-7c52326f",0,8,0.00,15.1
"School Profiles (/schools/*)","/schools/paul-mitchell-the-school-san-antonio-san-antonio-0d7c9a47",0,8,0.00,13.1
"School Profiles (/schools/*)","/schools/r-l-turner-high-school-carrollton-e91b556b",0,8,0.00,8.0
"School Profiles (/schools/*)","/schools/ridica-cosmetology-barber-school-llc-humble-099ec98b",0,8,0.00,7.6
"School Profiles (/schools/*)","/schools/ritzy-lash-university-irving-237c9eab",0,8,0.00,4.5
"School Profiles (/schools/*)","/schools/san-jacinto-jr-college-south-houston-e41d9984",0,8,0.00,10.3
"School Profiles (/schools/*)","/schools/socorro-high-school-el-paso-0bbfb2bc",0,8,0.00,11.9
"School Profiles (/schools/*)","/schools/universal-barbering-of-houston-houston-98d93d21",0,8,0.00,8.5
"School Profiles (/schools/*)","/schools/ur-beauty-barber-academy-pearland-681f95d3",0,8,0.00,10.1
"School Profiles (/schools/*)","/schools/war-esthetics-institute-san-antonio-cbede110",0,8,0.00,8.9
"School Profiles (/schools/*)","/schools/a-r-c-institute-beauty-and-barbering-pasadena-dd1fc25c",2,7,28.57,6.0
"School Profiles (/schools/*)","/schools/bf-beauty-academy-dallas-4137c42c",2,7,28.57,3.4
"School Profiles (/schools/*)","/schools/interstate-barber-school-wichita-falls-c6479cf5",2,7,28.57,3.9
"School Profiles (/schools/*)","/schools/brackenridge-high-school-san-antonio-fc520214",1,7,14.29,7.7
"School Profiles (/schools/*)","/schools/bridgeland-high-school-cypress-fc8dbf7d",1,7,14.29,5.9
"School Profiles (/schools/*)","/schools/the-hair-group-beauty-school-dallas-b2d106bc",1,7,14.29,22.4
"School Profiles (/schools/*)","/schools/the-lash-school-san-antonio-be60a948",1,7,14.29,8.9
"School Asset Pages (exam/license/tools)","/barber-cos-continuing-education",0,7,0.00,36.3
"School Profiles (/schools/*)","/schools/acab1d9b-e3ac-4a8b-8ac0-a914ba39e535",0,7,0.00,7.0
"School Profiles (/schools/*)","/schools/advanced-beauty-academy-houston-dd56427e",0,7,0.00,8.7
"School Profiles (/schools/*)","/schools/barber-beauty-university-llc-dallas-821fd3af",0,7,0.00,11.0
"School Profiles (/schools/*)","/schools/bellere-institute-inc-houston-2edf8f1e",0,7,0.00,12.6
"School Profiles (/schools/*)","/schools/blanco-s-flawless-barber-school-carrollton-62ce5e0d",0,7,0.00,15.0
"School Profiles (/schools/*)","/schools/bn-career-institute-houston-eea11e33",0,7,0.00,7.3
"School Profiles (/schools/*)","/schools/bonham-high-school-bonham-5478dd8c",0,7,0.00,8.9
"School Profiles (/schools/*)","/schools/ceo-of-aesthetics-med-spa-academy-pflugerville-b0560b72",0,7,0.00,7.0
"School Profiles (/schools/*)","/schools/d-crockett-sr-high-school-austin-43888ee6",0,7,0.00,6.4
"School Profiles (/schools/*)","/schools/dunbar-high-school-fort-worth-1cbfa9f4",0,7,0.00,6.9
"School Profiles (/schools/*)","/schools/e-l-robertson-international-beauty-and-business-institute-sugar-land-e52de7d1",0,7,0.00,15.7
"School Profiles (/schools/*)","/schools/east-view-high-school-georgetown-63c32e92",0,7,0.00,11.4
"School Profiles (/schools/*)","/schools/eastlake-high-school-el-paso-a59ec4c6",0,7,0.00,6.3
"School Profiles (/schools/*)","/schools/edcouch-elsa-career-and-tech-center-tx-5e3cb558",0,7,0.00,8.7
"School Profiles (/schools/*)","/schools/fort-stockton-high-school-fort-stockton-87c4f2e7",0,7,0.00,23.0
"School Profiles (/schools/*)","/schools/gloria-s-barber-college-san-antonio-1e3d2802",0,7,0.00,10.3
"School Profiles (/schools/*)","/schools/houston-city-college-south-houston-21588a9b",0,7,0.00,9.1
"School Profiles (/schools/*)","/schools/howard-county-junior-college-san-angelo-9c1649e4",0,7,0.00,8.7
"School Profiles (/schools/*)","/schools/king-jr-s-barber-school-nacogdoches-1e0c026d",0,7,0.00,7.6
"School Profiles (/schools/*)","/schools/kla-beauty-arlington-22b685be",0,7,0.00,5.9
"School Profiles (/schools/*)","/schools/latin-america-beauty-school-sugar-land-c44c487b",0,7,0.00,11.4
"School Profiles (/schools/*)","/schools/longview-high-school-longview-b8517cc7",0,7,0.00,12.1
"School Profiles (/schools/*)","/schools/magnolia-high-school-magnolia-aaccb1dd",0,7,0.00,7.4
"School Profiles (/schools/*)","/schools/manor-senior-high-school-manor-cf6359e6",0,7,0.00,7.1
"School Profiles (/schools/*)","/schools/milan-institute-amarillo-d240598f",0,7,0.00,8.4
"School Profiles (/schools/*)","/schools/modern-image-institute-barber-stylist-richardson-184ad563",0,7,0.00,20.6
"School Profiles (/schools/*)","/schools/mt-vernon-isd-tx-b1d0a949",0,7,0.00,27.3
"School Profiles (/schools/*)","/schools/new-image-beauty-and-barber-school-harlingen-0bf65d9d",0,7,0.00,19.1
"School Profiles (/schools/*)","/schools/pipo-academy-of-hair-design-el-paso-a186cf81",0,7,0.00,11.0
"School Profiles (/schools/*)","/schools/rio-grande-high-school-rio-grande-city-5ab711ea",0,7,0.00,6.9
"School Profiles (/schools/*)","/schools/school-of-pmu-pflugerville-1c4e133a",0,7,0.00,7.6
"School Profiles (/schools/*)","/schools/the-salon-at-the-james-reese-center-sugar-land-ea0f238a",0,7,0.00,7.0
"School Profiles (/schools/*)","/schools/tuloso-midway-high-school-tx-b1205837",0,7,0.00,9.0
"School Profiles (/schools/*)","/schools/velma-b-s-beauty-academy-dallas-27bed601",0,7,0.00,5.0
"School Profiles (/schools/*)","/schools/zms-the-academy-los-angeles-b96fa110",0,7,0.00,8.1
"School Asset Pages (exam/license/tools)","/texas-barber-exam-intelligence-prep",0,7,0.00,12.9
"School Profiles (/schools/*)","/schools/4four-beauty-school-dallas-5c3d85e8",1,6,16.67,4.0
"School Profiles (/schools/*)","/schools/abilene-high-school-abilene-a56dc1d4",1,6,16.67,16.3
"School Profiles (/schools/*)","/schools/b-c-beauty-academy-fort-worth-5f681530",1,6,16.67,10.3
"School Profiles (/schools/*)","/schools/conroe-voc-high-school-conroe-dbdb45a7",1,6,16.67,8.2
"School Profiles (/schools/*)","/schools/el-dorado-high-school-el-paso-32df06ac",1,6,16.67,6.8
"School Profiles (/schools/*)","/schools/frank-chisum-regional-tech-center-eagle-pass-f1b5e90d",1,6,16.67,3.5
"School Profiles (/schools/*)","/schools/from-ordinary-to-extraordinary-houston-954b3d1d",1,6,16.67,20.0
"School Profiles (/schools/*)","/schools/la-grange-high-school-la-grange-4c624a5f",1,6,16.67,7.7
"School Profiles (/schools/*)","/schools/a-c-jones-high-school-beeville-4b070134",0,6,0.00,7.7
"School Profiles (/schools/*)","/schools/ace-academy-llc-dallas-fb31c5c6",0,6,0.00,8.5
"School Profiles (/schools/*)","/schools/advanced-barber-college-hair-designs-inc-weslaco-73e7848f",0,6,0.00,9.0
"School Profiles (/schools/*)","/schools/buffalo-high-school-buffalo-4171ac72",0,6,0.00,7.2
"School Profiles (/schools/*)","/schools/center-for-career-and-tech-ed-frisco-f26e0a2c",0,6,0.00,13.3
"School Profiles (/schools/*)","/schools/college-station-medical-assistant-school-bryan-college-station-e509ddc8",0,6,0.00,7.3
"School Profiles (/schools/*)","/schools/cosmetology-academy-of-texarkana-texarkana-d0345144",0,6,0.00,17.8
"School Profiles (/schools/*)","/schools/cutz-above-barber-college-san-antonio-8b2526fd",0,6,0.00,5.7
"School Profiles (/schools/*)","/schools/desoto-high-school-desoto-6fd141f2",0,6,0.00,8.3
"School Profiles (/schools/*)","/schools/duvall-s-school-of-cosmetology-fort-worth-5d4331cf",0,6,0.00,12.8
"School Profiles (/schools/*)","/schools/enrichment-barber-college-san-antonio-d86c285b",0,6,0.00,6.0
"School Profiles (/schools/*)","/schools/houston-city-college-southeast-houston-ebfa631e",0,6,0.00,20.0
"School Profiles (/schools/*)","/schools/iheart-lash-studio-pearland-71674963",0,6,0.00,10.5
"School Profiles (/schools/*)","/schools/inspired-by-beauty-institute-el-paso-5d0bf533",0,6,0.00,8.3
"School Profiles (/schools/*)","/schools/karoli-professional-beauty-san-diego-d94873c9",0,6,0.00,7.7
"School Profiles (/schools/*)","/schools/kisd-career-center-cosmetology-killeen-4d7dacdb",0,6,0.00,6.7
"School Profiles (/schools/*)","/schools/lashing-out-ink-academy-houston-0dd288b2",0,6,0.00,9.8
"School Profiles (/schools/*)","/schools/lifestyle-lash-academy-tyler-9127e83b",0,6,0.00,9.7
"School Profiles (/schools/*)","/schools/lucianis-victoria-beauty-academy-irving-7cc8c16b",0,6,0.00,2.2
"School Profiles (/schools/*)","/schools/mc-allen-high-school-mcallen-7bb6af9c",0,6,0.00,7.0
"School Profiles (/schools/*)","/schools/nacogdoches-high-school-nacogdoches-95f04374",0,6,0.00,20.2
"School Profiles (/schools/*)","/schools/navasota-high-school-navasota-610b4480",0,6,0.00,10.0
"School Profiles (/schools/*)","/schools/north-side-high-school-fort-worth-986c6014",0,6,0.00,9.0
"School Profiles (/schools/*)","/schools/prestige-barber-college-midland-7d2fd0a4",0,6,0.00,7.5
"School Profiles (/schools/*)","/schools/royal-high-school-brookshire-5fddd654",0,6,0.00,31.0
"School Profiles (/schools/*)","/schools/sadie-cook-academy-cosmetology-school-sugar-land-f870d0a7",0,6,0.00,13.2
"School Profiles (/schools/*)","/schools/skyline-high-school-dallas-c82163ac",0,6,0.00,10.3
"School Profiles (/schools/*)","/schools/southwest-legacy-high-school-von-ormy-61b5ebfa",0,6,0.00,7.7
"School Profiles (/schools/*)","/schools/trendsetters-barber-and-beauty-college-san-antonio-f09d0551",0,6,0.00,9.3
"School Profiles (/schools/*)","/schools/ucas-univ-of-cosmetology-arts-sciences-la-joya-3e814543",0,6,0.00,12.5
"School Profiles (/schools/*)","/schools/ultimate-performance-training-pflugerville-ebcd8f0d",0,6,0.00,8.5
"School Asset Pages (exam/license/tools)","/texas-school-benchmarking",0,6,0.00,43.2
"School Profiles (/schools/*)","/schools/bryan-high-school-bryan-10401c69",1,5,20.00,10.8
"School Profiles (/schools/*)","/schools/lake-highlands-high-school-dallas-d099d527",1,5,20.00,5.8
"School Profiles (/schools/*)","/schools/montwood-high-school-el-paso-24238470",1,5,20.00,5.8
"School Profiles (/schools/*)","/schools/southern-careers-institute-corpus-christi-9e6ca96f",1,5,20.00,6.4
"School Profiles (/schools/*)","/schools/americas-high-school-el-paso-c1e64b3f",0,5,0.00,6.8
"School Profiles (/schools/*)","/schools/andrews-isd-tx-0f19c0b5",0,5,0.00,9.8
"School Profiles (/schools/*)","/schools/bellmead-barber-and-cosmetolgy-sch-llc-bellmead-7e28926a",0,5,0.00,5.4
"School Profiles (/schools/*)","/schools/bisd-school-of-cosmetology-austin-005e7fdf",0,5,0.00,18.6
"School Profiles (/schools/*)","/schools/blade-craft-barber-academy-dallas-f1848391",0,5,0.00,18.0
"School Profiles (/schools/*)","/schools/caney-creek-high-school-conroe-2f83c4e0",0,5,0.00,6.6
"School Profiles (/schools/*)","/schools/career-technology-institute-victoria-6cd2144e",0,5,0.00,10.8
"School Profiles (/schools/*)","/schools/chavelas-school-of-cosmetology-midland-d581a2ae",0,5,0.00,16.2
"School Profiles (/schools/*)","/schools/cna-training-institute-sugar-land-1a4db982",0,5,0.00,9.8
"School Profiles (/schools/*)","/schools/distinctive-academy-llc-houston-ed478d14",0,5,0.00,7.6
"School Profiles (/schools/*)","/schools/fmc-carswell-fort-worth-054b2680",0,5,0.00,12.6
"School Profiles (/schools/*)","/schools/fmc-fort-worth-fort-worth-ddc9dfc3",0,5,0.00,10.4
"School Profiles (/schools/*)","/schools/heritage-career-institute-carrollton-e3b3384b",0,5,0.00,10.4
"School Profiles (/schools/*)","/schools/houston-city-college-northline-houston-c409b5f5",0,5,0.00,10.4
"School Profiles (/schools/*)","/schools/houston-math-science-technology-center-houston-727b8884",0,5,0.00,13.6
"School Profiles (/schools/*)","/schools/hypnotize-barber-academy-dallas-b4d2933a",0,5,0.00,6.8
"School Profiles (/schools/*)","/schools/international-institute-of-aesthetic-arts-and-beauty-mckinney-c633dab8",0,5,0.00,21.8
"School Profiles (/schools/*)","/schools/jama-s-beauty-barber-college-inc-los-angeles-90d6309e",0,5,0.00,8.2
"School Profiles (/schools/*)","/schools/jb-hensler-college-and-career-academy-manvel-3085a2dd",0,5,0.00,7.6
"School Profiles (/schools/*)","/schools/klein-cain-high-school-houston-0fa282f4",0,5,0.00,10.8
"School Profiles (/schools/*)","/schools/legendz-barber-college-sugar-land-430a32fc",0,5,0.00,8.2
"School Profiles (/schools/*)","/schools/letty-s-barbering-and-cosmetology-college-los-angeles-2bae62eb",0,5,0.00,8.6
"School Profiles (/schools/*)","/schools/lm-lash-lounge-academy-llc-godley-71fbdb51",0,5,0.00,6.6
"School Profiles (/schools/*)","/schools/milby-high-school-houston-7aa61460",0,5,0.00,18.2
"School Profiles (/schools/*)","/schools/monterey-high-school-lubbock-7b70bb32",0,5,0.00,16.4
"School Profiles (/schools/*)","/schools/neihule-academy-of-beauty-los-angeles-bd03acff",0,5,0.00,7.4
"School Profiles (/schools/*)","/schools/ogle-school-hair-skin-nails-hurst-e4cead69",0,5,0.00,12.2
"School Profiles (/schools/*)","/schools/paul-mitchell-the-school-sherman-oaks-los-angeles-87d1bdcd",0,5,0.00,8.4
"School Profiles (/schools/*)","/schools/poteet-high-school-cosmetology-poteet-4270d41d",0,5,0.00,6.0
"School Profiles (/schools/*)","/schools/psja-cosmetology-at-ballew-pharr-f9357a36",0,5,0.00,4.8
"School Profiles (/schools/*)","/schools/quinlan-ford-high-school-quinlan-52b9dd6a",0,5,0.00,6.6
"School Profiles (/schools/*)","/schools/rankin-isd-tx-aff02abb",0,5,0.00,6.0
"School Profiles (/schools/*)","/schools/robert-e-lee-high-school-baytown-775ca186",0,5,0.00,8.8
"School Profiles (/schools/*)","/schools/summit-salon-academy-mabank-mabank-3bad93b5",0,5,0.00,9.6
"School Profiles (/schools/*)","/schools/the-texas-lash-institute-college-station-f850fec9",0,5,0.00,7.6
"School Profiles (/schools/*)","/schools/touch-makeup-academy-houston-6b1a814c",0,5,0.00,28.2
"School Profiles (/schools/*)","/schools/wharton-high-school-wharton-92214ccd",0,5,0.00,9.2
"School Profiles (/schools/*)","/schools/colour-beauty-school-katy-b752a038",1,4,25.00,13.8
"School Profiles (/schools/*)","/schools/cypress-springs-high-school-cypress-732e123d",1,4,25.00,10.5
"School Profiles (/schools/*)","/schools/edinburg-h-s-career-edinburg-3b97675e",1,4,25.00,17.8
"School Profiles (/schools/*)","/schools/goldstar-barber-academy-bryan-da695c5a",1,4,25.00,1.8
"School Profiles (/schools/*)","/schools/ngs-academy-llc-dallas-3f97f7aa",1,4,25.00,4.3
"School Asset Pages (exam/license/tools)","/cosmetology-schools-houston",0,4,0.00,40.5
"Insight Articles (/insights/*)","/insights/thecut-sovereign-intelligence-audit",0,4,0.00,5.5
"School Profiles (/schools/*)","/schools/77ef6ce8-d4ed-4612-9630-0b048a459f03",0,4,0.00,8.3
"School Profiles (/schools/*)","/schools/89-beauty-school-katy-77a8c621",0,4,0.00,15.0
"School Profiles (/schools/*)","/schools/aaction-barber-and-styling-college-dallas-00c745d4",0,4,0.00,4.0
"School Profiles (/schools/*)","/schools/advanced-beauty-academy-pasadena-6ef70c38",0,4,0.00,12.0
"School Profiles (/schools/*)","/schools/b1-careers-houston-1192f596",0,4,0.00,5.8
"School Profiles (/schools/*)","/schools/barbara-jordan-high-school-houston-9660d891",0,4,0.00,55.0
"School Profiles (/schools/*)","/schools/beauty-soul-utions-nirvana-house-of-aest-leander-dae3a33f",0,4,0.00,6.3
"School Profiles (/schools/*)","/schools/burkburnett-high-school-burkburnett-c5f4829c",0,4,0.00,7.3
"School Profiles (/schools/*)","/schools/canyon-isd-cosmetology-canyon-a97dd374",0,4,0.00,3.8
"School Profiles (/schools/*)","/schools/charles-sue-s-school-of-hair-design-bryan-9ae4924a",0,4,0.00,8.8
"School Profiles (/schools/*)","/schools/clarendon-college-clarendon-c9be9e78",0,4,0.00,8.5
"School Profiles (/schools/*)","/schools/community-isd-tx-6cc6deef",0,4,0.00,20.3
"School Profiles (/schools/*)","/schools/conroe-career-tech-cosmetology-conroe-e650f4fb",0,4,0.00,37.3
"School Profiles (/schools/*)","/schools/crandall-isd-tx-af7ae4b1",0,4,0.00,10.3
"School Profiles (/schools/*)","/schools/crystal-city-high-school-ccisd-crystal-city-81fe2708",0,4,0.00,6.0
"School Profiles (/schools/*)","/schools/d-s-barber-academy-lumberton-a1af9181",0,4,0.00,8.5
"School Profiles (/schools/*)","/schools/davis-high-school-houston-c72cac1d",0,4,0.00,52.5
"School Profiles (/schools/*)","/schools/dickinson-high-school-dickinson-8ddb3b94",0,4,0.00,19.3
"School Profiles (/schools/*)","/schools/eisenhower-high-school-houston-2b305542",0,4,0.00,8.0
"School Profiles (/schools/*)","/schools/elevation-barber-college-san-antonio-a25f1bf0",0,4,0.00,9.0
"School Profiles (/schools/*)","/schools/expert-do-inc-carrollton-674bde20",0,4,0.00,5.5
"School Profiles (/schools/*)","/schools/franklin-barber-institute-2-pearland-96fdad7a",0,4,0.00,11.0
"School Profiles (/schools/*)","/schools/gal-beauty-academy-mckinney-0c714576",0,4,0.00,4.8
"School Profiles (/schools/*)","/schools/horizon-high-school-el-paso-1bf99349",0,4,0.00,6.8
"School Profiles (/schools/*)","/schools/houston-community-college-southwest-college-missouri-city-88459918",0,4,0.00,18.3
"School Profiles (/schools/*)","/schools/inner-g-complete-agency-atl-db7a5fc1",0,4,0.00,5.5
"School Profiles (/schools/*)","/schools/institute-of-makeup-artistry-f-x-of-san-antonio-llc-san-antonio-53b598ff",0,4,0.00,19.5
"School Profiles (/schools/*)","/schools/iowa-park-high-school-iowa-park-2fae65d5",0,4,0.00,6.5
"School Profiles (/schools/*)","/schools/james-madison-high-school-san-antonio-11bc8f83",0,4,0.00,5.8
"School Profiles (/schools/*)","/schools/klein-oak-high-school-klein-5bae0a95",0,4,0.00,7.8
"School Profiles (/schools/*)","/schools/magnolia-west-high-school-magnolia-6010157e",0,4,0.00,9.8
"School Profiles (/schools/*)","/schools/manuel-theresa-s-school-hair-college-station-783204a5",0,4,0.00,9.8
"School Profiles (/schools/*)","/schools/mt-training-center-desoto-5ad73b24",0,4,0.00,7.0
"School Profiles (/schools/*)","/schools/mystros-barber-academy-houston-ed68626f",0,4,0.00,17.8
"School Profiles (/schools/*)","/schools/nixon-high-school-laredo-47f8c400",0,4,0.00,23.8
"School Profiles (/schools/*)","/schools/nu-generation-advanced-esthetics-academy-el-paso-0490d1e2",0,4,0.00,6.8
"School Profiles (/schools/*)","/schools/pebble-hills-high-school-el-paso-dd38157a",0,4,0.00,7.3
"School Profiles (/schools/*)","/schools/prolific-barber-academy-llc-lubbock-b70b8132",0,4,0.00,33.3
"School Profiles (/schools/*)","/schools/querageous-enterprises-llc-spring-e21c1584",0,4,0.00,10.0
"School Profiles (/schools/*)","/schools/rains-high-cosmetology-school-emory-a3b19a4c",0,4,0.00,9.0
"School Profiles (/schools/*)","/schools/stone-co-climbing-college-station-21dcc0dc",0,4,0.00,8.0
"School Profiles (/schools/*)","/schools/svega-taekwondo-brazilian-jiu-jitsu-and-training-center-pflugerville-3c3f7ffe",0,4,0.00,5.8
"School Profiles (/schools/*)","/schools/the-salon-and-spa-at-southern-careers-institute-brownsville-brownsville-120f9639",0,4,0.00,8.0
"School Profiles (/schools/*)","/schools/trend-barber-college-sugar-land-2778d509",0,4,0.00,10.5
"School Profiles (/schools/*)","/schools/trend-barber-college-sugar-land-d392de04",0,4,0.00,32.3
"School Profiles (/schools/*)","/schools/trimble-tech-high-school-fort-worth-6665b205",0,4,0.00,7.8
"School Profiles (/schools/*)","/schools/vidor-high-school-tx-1d61b23a",0,4,0.00,7.5
"School Profiles (/schools/*)","/schools/jersey-village-high-school-jersey-village-62344c1c",1,3,33.33,5.0
"School Profiles (/schools/*)","/schools/teague-independent-school-district-tx-4a09ccc8",1,3,33.33,3.7
"School Profiles (/schools/*)","/schools/249-beauty-college-houston-5e198b78",0,3,0.00,10.3
"School Profiles (/schools/*)","/schools/89-beauty-school-cypress-19bb93ae",0,3,0.00,11.0
"School Profiles (/schools/*)","/schools/9bc19b08-1fcc-4b21-acdc-7c7b0fd7e73c",0,3,0.00,9.3
"School Profiles (/schools/*)","/schools/academy-of-barbers-frisco-b807f29e",0,3,0.00,27.7
"School Profiles (/schools/*)","/schools/alice-high-school-alice-6391c51e",0,3,0.00,15.3
"School Profiles (/schools/*)","/schools/barber-studio-6-bishop-arts-district-dallas-9bf42149",0,3,0.00,9.3
"School Profiles (/schools/*)","/schools/barcelona-beauty-academy-and-salon-hurst-acafbc2f",0,3,0.00,5.7
"School Profiles (/schools/*)","/schools/beauty-art-makeup-academy-pearland-e3bf0ca6",0,3,0.00,8.0
"School Profiles (/schools/*)","/schools/bella-beauty-college-waco-afbd9dee",0,3,0.00,28.0
"School Profiles (/schools/*)","/schools/bisd-career-beaumont-3884ec80",0,3,0.00,5.7
"School Profiles (/schools/*)","/schools/buinger-career-tech-education-academy-bedford-06f646eb",0,3,0.00,29.0
"School Profiles (/schools/*)","/schools/career-technical-high-school-houston-c42b98d2",0,3,0.00,14.0
"School Profiles (/schools/*)","/schools/cureosity-academy-of-art-longview-4dc0bce2",0,3,0.00,8.0
"School Profiles (/schools/*)","/schools/cy-fair-high-school-cypress-c3f07c15",0,3,0.00,7.3
"School Profiles (/schools/*)","/schools/cypress-creek-high-school-houston-8478863f",0,3,0.00,43.3
"School Profiles (/schools/*)","/schools/cypress-lakes-high-school-katy-81773076",0,3,0.00,10.0
"School Profiles (/schools/*)","/schools/deleon-barber-atlanta-44e8efe7",0,3,0.00,5.7
"School Profiles (/schools/*)","/schools/donna-north-high-school-donna-3b9049be",0,3,0.00,3.0
"School Profiles (/schools/*)","/schools/ennis-high-school-ennis-100737d0",0,3,0.00,9.0
"School Profiles (/schools/*)","/schools/fbf69ad8-048c-4c07-9319-1db1cef27131",0,3,0.00,7.0
"School Profiles (/schools/*)","/schools/free-world-jiu-jitsu-pflugerville-bb73b758",0,3,0.00,10.0
"School Profiles (/schools/*)","/schools/glance-lash-academy-fort-worth-c058b1a7",0,3,0.00,25.0
"School Profiles (/schools/*)","/schools/h-m-aesthetics-llc-plano-2b73e2c2",0,3,0.00,3.3
"School Profiles (/schools/*)","/schools/icon-school-of-barbering-houston-48d3cd87",0,3,0.00,2.3
"School Profiles (/schools/*)","/schools/image-academy-memorial-houston-0289791c",0,3,0.00,11.3
"School Profiles (/schools/*)","/schools/infinite-glow-academy-los-angeles-da46c921",0,3,0.00,11.3
"School Profiles (/schools/*)","/schools/james-earl-rudder-high-school-bryan-9ab313e2",0,3,0.00,9.7
"School Profiles (/schools/*)","/schools/jasmine-beauty-school-san-diego-088d32ae",0,3,0.00,9.0
"School Profiles (/schools/*)","/schools/jay-s-technical-institute-houston-3b00d34e",0,3,0.00,10.0
"School Profiles (/schools/*)","/schools/john-a-dubiski-career-high-school-grand-prairie-6092fba6",0,3,0.00,20.7
"School Profiles (/schools/*)","/schools/klein-forest-high-school-houston-1c0dc936",0,3,0.00,9.7
"School Profiles (/schools/*)","/schools/langham-creek-high-school-houston-9fc68f84",0,3,0.00,15.3
"School Profiles (/schools/*)","/schools/le-chic-beauty-academy-katy-fb288a03",0,3,0.00,9.0
"School Profiles (/schools/*)","/schools/league-city-medical-assistant-school-south-shore-league-city-b9c5737f",0,3,0.00,9.3
"School Profiles (/schools/*)","/schools/lee-high-school-baytown-dad4b90c",0,3,0.00,7.0
"School Profiles (/schools/*)","/schools/legendz-barber-academy-grand-prairie-0ac40637",0,3,0.00,11.0
"School Profiles (/schools/*)","/schools/lexies-lash-and-beauty-academy-llc-saginaw-c07a097d",0,3,0.00,6.3
"School Profiles (/schools/*)","/schools/marmel-beauty-academy-los-angeles-0a73c145",0,3,0.00,10.0
"School Profiles (/schools/*)","/schools/michael-vincent-academy-los-angeles-a0b61f76",0,3,0.00,9.0
"School Profiles (/schools/*)","/schools/modern-barber-college-the-woodlands-da76ea70",0,3,0.00,8.0
"School Profiles (/schools/*)","/schools/modern-image-institute-barber-stylist-richardson-dallas-53b82508",0,3,0.00,25.7
"School Profiles (/schools/*)","/schools/momentum-beauty-academy-fort-worth-48a77eb3",0,3,0.00,6.0
"School Profiles (/schools/*)","/schools/natural-images-beauty-college-pearland-1c46f87a",0,3,0.00,33.3
"School Profiles (/schools/*)","/schools/navii-esthetics-amarillo-74bad7f2",0,3,0.00,14.0
"School Profiles (/schools/*)","/schools/next-generation-barber-academy-llc-waco-7f45d5b4",0,3,0.00,8.7
"School Profiles (/schools/*)","/schools/orange-academy-of-beauty-orange-0f77eb7a",0,3,0.00,5.0
"School Profiles (/schools/*)","/schools/pro-fades-barber-academy-dallas-c2bdee72",0,3,0.00,6.0
"School Profiles (/schools/*)","/schools/quality-barber-college-houston-2f31a0fc",0,3,0.00,7.0
"School Profiles (/schools/*)","/schools/querageous-barber-school-houston-668dd976",0,3,0.00,8.0
"School Profiles (/schools/*)","/schools/r-s-institute-tx-06d8f51f",0,3,0.00,7.3
"School Profiles (/schools/*)","/schools/riverside-trade-and-industry-houston-6b90929f",0,3,0.00,14.3
"School Profiles (/schools/*)","/schools/robstown-high-school-robstown-16d7284d",0,3,0.00,9.0
"School Profiles (/schools/*)","/schools/rusk-high-school-rusk-194d81d2",0,3,0.00,8.3
"School Profiles (/schools/*)","/schools/sebring-career-schools-houston-houston-ef43474a",0,3,0.00,4.7
"School Profiles (/schools/*)","/schools/shears-of-steele-jensen-beach-0196668c",0,3,0.00,10.3
"School Profiles (/schools/*)","/schools/shelby-college-center-center-5e93d394",0,3,0.00,6.0
"School Profiles (/schools/*)","/schools/southwest-high-school-san-antonio-572a1b2e",0,3,0.00,34.3
"School Profiles (/schools/*)","/schools/temple-high-school-temple-e97f80ee",0,3,0.00,8.0
"School Profiles (/schools/*)","/schools/texan-s-barber-school-lufkin-b405bcc5",0,3,0.00,7.3
"School Profiles (/schools/*)","/schools/trimble-tech-high-school-fort-worth-d092d4e1",0,3,0.00,7.3
"School Profiles (/schools/*)","/schools/visionz-barber-mesa-bb0edf04",0,3,0.00,7.0
"School Profiles (/schools/*)","/schools/vogue-international-careers-port-arthur-239ab584",0,3,0.00,8.0
"School Profiles (/schools/*)","/schools/wharton-county-junior-college-richmond-0e6de254",0,3,0.00,8.3
"School Profiles (/schools/*)","/schools/wharton-county-tx-0f71dca1",0,3,0.00,7.0
"School Profiles (/schools/*)","/schools/women-s-empowerment-center-houston-1aa297c5",0,3,0.00,19.3
"School Profiles (/schools/*)","/schools/lmb-lash-academy-llc-fort-worth-3d9c4035",1,2,50.00,10.5
"School Profiles (/schools/*)","/schools/54167a2d-6c3e-4b7f-86d8-ddbdcae70aaf",0,2,0.00,10.0
"School Profiles (/schools/*)","/schools/89-beauty-school-houston-e6df5f0c",0,2,0.00,10.5
"School Profiles (/schools/*)","/schools/aldine-high-school-houston-58833594",0,2,0.00,25.5
"School Profiles (/schools/*)","/schools/andrews-high-school-andrews-55a53074",0,2,0.00,5.0
"School Profiles (/schools/*)","/schools/armstrong-mccall-league-city-3a54e4a6",0,2,0.00,10.0
"School Profiles (/schools/*)","/schools/armstrong-mccall-professional-beauty-supply-sugar-land-c46a6a78",0,2,0.00,9.5
"School Profiles (/schools/*)","/schools/asel-beauty-college-tustin-irvine-d4d3bf7f",0,2,0.00,7.5
"School Profiles (/schools/*)","/schools/bgm-science-of-beauty-university-dallas-64918a2d",0,2,0.00,10.5
"School Profiles (/schools/*)","/schools/boss-lady-beauty-academy-san-antonio-7beddf0b",0,2,0.00,7.0
"School Profiles (/schools/*)","/schools/bridge-city-sr-high-school-bridge-city-30d2da55",0,2,0.00,9.0
"School Profiles (/schools/*)","/schools/cameron-independent-school-district-tx-c53c2c59",0,2,0.00,39.0
"School Profiles (/schools/*)","/schools/car-vel-beauty-school-llc-houston-18543013",0,2,0.00,4.0
"School Profiles (/schools/*)","/schools/career-makers-school-san-antonio-2b93c1ab",0,2,0.00,6.0
"School Profiles (/schools/*)","/schools/cf-barber-academy-llc-austin-2020d563",0,2,0.00,8.5
"School Profiles (/schools/*)","/schools/cosmetica-beauty-and-barbering-academy-los-angeles-9a51b327",0,2,0.00,6.0
"School Profiles (/schools/*)","/schools/curly-q-s-niles-6f0f6c4f",0,2,0.00,6.0
"School Profiles (/schools/*)","/schools/cypress-park-high-school-cypress-16b26f05",0,2,0.00,5.0
"School Profiles (/schools/*)","/schools/cypress-ridge-high-school-houston-b2303271",0,2,0.00,8.5
"School Profiles (/schools/*)","/schools/d-mac-arthur-high-school-san-antonio-57b4e85e",0,2,0.00,15.5
"School Profiles (/schools/*)","/schools/dacs-chavarria-arlington-83b2f736",0,2,0.00,4.5
"School Profiles (/schools/*)","/schools/dallas-skin-institute-austin-campus-patsy-charles-connect-pflugerville-11263b5e",0,2,0.00,8.0
"School Profiles (/schools/*)","/schools/dapper-barber-academy-garland-d5165a3c",0,2,0.00,7.0
"School Profiles (/schools/*)","/schools/db7d1fcf-b324-43d2-bbf2-af4b30136d9f",0,2,0.00,7.5
"School Profiles (/schools/*)","/schools/denise-s-unlimited-salon-inc-corpus-christi-60df90fc",0,2,0.00,3.5
"School Profiles (/schools/*)","/schools/denison-high-school-denison-f1cea529",0,2,0.00,9.5
"School Profiles (/schools/*)","/schools/design-beauty-college-spring-6dfaa30a",0,2,0.00,6.0
"School Profiles (/schools/*)","/schools/divine-beauty-bar-hair-loss-institute-houston-4500b9c4",0,2,0.00,5.0
"School Profiles (/schools/*)","/schools/edgewood-academy-tx-061ec3ca",0,2,0.00,8.5
"School Profiles (/schools/*)","/schools/edvance-academy-school-of-beauty-pasadena-b75c978e",0,2,0.00,10.5
"School Profiles (/schools/*)","/schools/fairfield-high-school-fairfield-9a131805",0,2,0.00,3.5
"School Profiles (/schools/*)","/schools/five-star-elite-fades-barber-college-houston-962f8d1e",0,2,0.00,10.5
"School Profiles (/schools/*)","/schools/glam-spa-life-esthetics-academy-mesquite-86debe9a",0,2,0.00,6.0
"School Profiles (/schools/*)","/schools/hair-restoration-institute-of-dfw-fort-worth-46c37ce4",0,2,0.00,11.0
"School Profiles (/schools/*)","/schools/harlandale-high-school-san-antonio-2009ad67",0,2,0.00,10.0
"School Profiles (/schools/*)","/schools/hereford-high-school-hereford-f33ccf28",0,2,0.00,7.0
"School Profiles (/schools/*)","/schools/hm-consultations-llc-lubbock-8a47b421",0,2,0.00,9.5
"School Profiles (/schools/*)","/schools/jack-c-hays-high-school-buda-37b6c983",0,2,0.00,9.5
"School Profiles (/schools/*)","/schools/klein-collins-high-school-spring-561fda09",0,2,0.00,6.5
"School Profiles (/schools/*)","/schools/la-joya-i-s-d-tx-57ec336c",0,2,0.00,10.0
"School Profiles (/schools/*)","/schools/la-voute-beauty-academy-los-angeles-f69cdaed",0,2,0.00,5.5
"School Profiles (/schools/*)","/schools/lamesa-high-school-lamesa-4b8be5d5",0,2,0.00,10.0
"School Profiles (/schools/*)","/schools/lash-artist-academy-satelier-beauty-fort-worth-0012f499",0,2,0.00,35.5
"School Profiles (/schools/*)","/schools/lashin-out-with-extensions-academy-garland-b5b4f3cf",0,2,0.00,8.5
"School Profiles (/schools/*)","/schools/leander-high-school-leander-5e5eed02",0,2,0.00,7.0
"School Profiles (/schools/*)","/schools/lubbock-cooper-high-lubbock-c333ed22",0,2,0.00,5.5
"School Profiles (/schools/*)","/schools/miller-career-technology-center-katy-4e8ebdd9",0,2,0.00,53.5
"School Profiles (/schools/*)","/schools/mn-empire-llc-center-point-6abe55bc",0,2,0.00,16.0
"School Profiles (/schools/*)","/schools/navarro-high-school-seguin-0182d9a9",0,2,0.00,3.0
"School Profiles (/schools/*)","/schools/new-cagney-high-school-new-caney-aa560c5d",0,2,0.00,8.5
"School Profiles (/schools/*)","/schools/paul-mitchell-the-school-clear-lake-pearland-759e251b",0,2,0.00,6.0
"School Profiles (/schools/*)","/schools/pearland-s-innovative-school-of-beauty-pasadena-093225d9",0,2,0.00,11.5
"School Profiles (/schools/*)","/schools/porter-high-school-porter-2475e345",0,2,0.00,5.0
"School Profiles (/schools/*)","/schools/postquam-austin-pflugerville-22b7d29d",0,2,0.00,5.5
"School Profiles (/schools/*)","/schools/progreso-high-school-progreso-a114e349",0,2,0.00,7.5
"School Profiles (/schools/*)","/schools/red-oak-high-school-red-oak-41dd75d7",0,2,0.00,14.5
"School Profiles (/schools/*)","/schools/rising-aesthetic-institute-llc-spring-cf3f05c6",0,2,0.00,2.5
"School Profiles (/schools/*)","/schools/romero-beauty-academy-llc-fort-worth-c94ae382",0,2,0.00,8.0
"School Profiles (/schools/*)","/schools/rzj-enterprises-llc-texas-city-0f02d05e",0,2,0.00,40.0
"School Profiles (/schools/*)","/schools/skin-adore-academy-llc-laredo-30d7ab43",0,2,0.00,5.0
"School Profiles (/schools/*)","/schools/sponsored-college-station-27112777",0,2,0.00,23.5
"School Profiles (/schools/*)","/schools/spring-branch-guthrie-center-houston-d5a9bb2e",0,2,0.00,9.0
"School Profiles (/schools/*)","/schools/texas-aesthetics-academy-pflugerville-91c33cf6",0,2,0.00,8.5
"School Profiles (/schools/*)","/schools/texas-college-of-cosmetology-abilene-73253394",0,2,0.00,12.0
"School Profiles (/schools/*)","/schools/the-facial-wellness-society-conroe-bae60e56",0,2,0.00,11.0
"School Profiles (/schools/*)","/schools/total-transformation-institute-of-cosmetology-san-marcos-9c9d4094",0,2,0.00,12.0
"School Profiles (/schools/*)","/schools/trooth-men-s-grooming-lounge-sugar-land-a45c1d0b",0,2,0.00,9.5
"School Profiles (/schools/*)","/schools/universal-barbering-of-houston-the-woodlands-f1e87479",0,2,0.00,17.5
"School Profiles (/schools/*)","/schools/universal-college-of-beauty-los-angeles-1a2aa68b",0,2,0.00,5.5
"School Profiles (/schools/*)","/schools/vip-kings-barber-college-fort-worth-e6f38e28",0,2,0.00,25.5
"School Profiles (/schools/*)","/schools/west-orange-stark-high-school-west-orange-d0349fa0",0,2,0.00,4.5
"School Profiles (/schools/*)","/schools/willis-high-school-cosmetology-center-willis-b99f87a1",0,2,0.00,7.5
"School Profiles (/schools/*)","/schools/mountain-view-high-school-el-paso-48236b7e",1,1,100.00,3.0
"Insight Articles (/insights/*)","/insights/abc-fitness-sovereign-intelligence-audit",0,1,0.00,34.0
"Insight Articles (/insights/*)","/insights/autonomous-concierge-roi-analysis",0,1,0.00,7.0
"School Asset Pages (exam/license/tools)","/program-advisory-committee-kit",0,1,0.00,6.0
"School Profiles (/schools/*)","/schools/01f72c2e-b14a-448e-a7a3-694c1b89f097",0,1,0.00,2.0
"School Profiles (/schools/*)","/schools/1-nail-academy-garland-8555bdb8",0,1,0.00,11.0
"School Profiles (/schools/*)","/schools/18543013-3a2f-4180-8d20-6294a4a8c45d",0,1,0.00,4.0
"School Profiles (/schools/*)","/schools/1st-academy-of-beauty-los-angeles-38e73d80",0,1,0.00,7.0
"School Profiles (/schools/*)","/schools/360-degrees-beauty-academy-1-houston-1f83fa20",0,1,0.00,6.0
"School Profiles (/schools/*)","/schools/a91df9f1-73b0-43a1-9c8a-7c1166df7a03",0,1,0.00,5.0
"School Profiles (/schools/*)","/schools/aaa-beauty-college-san-diego-5d6e39a6",0,1,0.00,9.0
"School Profiles (/schools/*)","/schools/allgood-beauty-institute-frisco-ae4f81d9",0,1,0.00,7.0
"School Profiles (/schools/*)","/schools/alva-beauty-collective-chula-vista-16f531bb",0,1,0.00,9.0
"School Profiles (/schools/*)","/schools/american-beauty-academy-los-angeles-bcfec6d7",0,1,0.00,12.0
"School Profiles (/schools/*)","/schools/aml-academy-makeup-hair-glendale-dbcfb24c",0,1,0.00,10.0
"School Profiles (/schools/*)","/schools/angleton-independent-school-district-tx-58341626",0,1,0.00,8.0
"School Profiles (/schools/*)","/schools/associated-barber-college-san-diego-63f02c78",0,1,0.00,9.0
"School Profiles (/schools/*)","/schools/b-t-washington-high-school-houston-f7594717",0,1,0.00,3.0
"School Profiles (/schools/*)","/schools/bamboo-advance-beauty-college-san-francisco-694ab0dc",0,1,0.00,8.0
"School Profiles (/schools/*)","/schools/barber-life-academy-humble-f36f64ad",0,1,0.00,6.0
"School Profiles (/schools/*)","/schools/berkner-high-school-richardson-a694b932",0,1,0.00,2.0
"School Profiles (/schools/*)","/schools/birdville-center-of-technology-north-richland-hills-ca2c90f3",0,1,0.00,21.0
"School Profiles (/schools/*)","/schools/bk-cosmo-college-of-cosmetology-kerrville-53f23098",0,1,0.00,4.0
"School Profiles (/schools/*)","/schools/blessed-hands-barber-cosmetology-college-corpus-christi-187008ee",0,1,0.00,12.0
"School Profiles (/schools/*)","/schools/blueprint-barbershop-sugar-land-2b0a648e",0,1,0.00,11.0
"School Profiles (/schools/*)","/schools/borner-s-barber-college-pasadena-glendale-6eac2c3e",0,1,0.00,10.0
"School Profiles (/schools/*)","/schools/boss-beauty-makeup-academy-dallas-37d94482",0,1,0.00,27.0
"School Profiles (/schools/*)","/schools/burbank-high-school-san-antonio-17cae3c5",0,1,0.00,11.0
"School Profiles (/schools/*)","/schools/burleson-high-school-burleson-8f92318f",0,1,0.00,8.0
"School Profiles (/schools/*)","/schools/california-hair-design-academy-san-diego-8d7507b3",0,1,0.00,10.0
"School Profiles (/schools/*)","/schools/career-center-east-lewisville-002d61e7",0,1,0.00,39.0
"School Profiles (/schools/*)","/schools/cinema-makeup-school-los-angeles-92d2bafe",0,1,0.00,4.0
"School Profiles (/schools/*)","/schools/cosmetica-latina-edu-inc-long-beach-06a23d99",0,1,0.00,9.0
"School Profiles (/schools/*)","/schools/cpr-certification-labs-round-rock-pflugerville-pflugerville-6718abdc",0,1,0.00,7.0
"School Profiles (/schools/*)","/schools/crossroads-barber-academy-victoria-5635c057",0,1,0.00,10.0
"School Profiles (/schools/*)","/schools/cypress-ranch-high-school-cypress-49b30b03",0,1,0.00,6.0
"School Profiles (/schools/*)","/schools/dacs-academy-austin-61fbf580",0,1,0.00,8.0
"School Profiles (/schools/*)","/schools/db5f1c0f-4b81-48db-922a-4fe6bf582cad",0,1,0.00,9.0
"School Profiles (/schools/*)","/schools/denver-city-high-school-denver-city-7c20e8ff",0,1,0.00,5.0
"School Profiles (/schools/*)","/schools/diamond-beauty-college-los-angeles-106ceb96",0,1,0.00,10.0
"School Profiles (/schools/*)","/schools/donna-high-school-donna-884334b3",0,1,0.00,9.0
"School Profiles (/schools/*)","/schools/el-campo-high-school-el-campo-69fca315",0,1,0.00,3.0
"School Profiles (/schools/*)","/schools/enrichment-barber-college-san-antonio-9075a455",0,1,0.00,11.0
"School Profiles (/schools/*)","/schools/gonzales-high-school-gonzales-874431b7",0,1,0.00,5.0
"School Profiles (/schools/*)","/schools/greenville-high-school-greenville-2c3e6673",0,1,0.00,7.0
"School Profiles (/schools/*)","/schools/greenwood-high-school-midland-60bc806c",0,1,0.00,1.0
"School Profiles (/schools/*)","/schools/holmes-high-school-san-antonio-2598958f",0,1,0.00,8.0
"School Profiles (/schools/*)","/schools/image-academy-memorial-katy-37b58dad",0,1,0.00,9.0
"School Profiles (/schools/*)","/schools/institute-of-cosmetology-esthetics-massage-missouri-city-2eb26432",0,1,0.00,10.0
"School Profiles (/schools/*)","/schools/international-barber-college-2-garland-56fea59a",0,1,0.00,2.0
"School Profiles (/schools/*)","/schools/international-college-of-beauty-arts-and-sciences-los-angeles-d524d23e",0,1,0.00,8.0
"School Profiles (/schools/*)","/schools/jean-percy-school-of-barbering-llc-cypress-875c761c",0,1,0.00,7.0
"School Profiles (/schools/*)","/schools/jean-percy-school-of-barbering-llc-katy-603acdbc",0,1,0.00,10.0
"School Profiles (/schools/*)","/schools/kc-salon-kc-student-clinic-los-angeles-eef890c5",0,1,0.00,7.0
"School Profiles (/schools/*)","/schools/klein-tx-4e77fbc5",0,1,0.00,11.0
"School Profiles (/schools/*)","/schools/la-vida-laser-aesthetics-institute-houston-4ea7a3e8",0,1,0.00,7.0
"School Profiles (/schools/*)","/schools/lehman-high-school-kyle-083dd5fd",0,1,0.00,3.0
"School Profiles (/schools/*)","/schools/master-blends-barber-school-llc-little-elm-1a783c47",0,1,0.00,2.0
"School Profiles (/schools/*)","/schools/michael-s-barber-hairstylists-academy-irving-e3f9b39a",0,1,0.00,12.0
"School Profiles (/schools/*)","/schools/palmview-high-school-palmview-8a290b32",0,1,0.00,7.0
"School Profiles (/schools/*)","/schools/palomar-institute-of-cosmetology-san-diego-e5850247",0,1,0.00,10.0
"School Profiles (/schools/*)","/schools/pardon-my-license-pearland-c4c6128b",0,1,0.00,12.0
"School Profiles (/schools/*)","/schools/paul-mitchell-the-school-pasadena-los-angeles-c73d4e12",0,1,0.00,11.0
"School Profiles (/schools/*)","/schools/pecos-barstow-toyah-isd-tx-0a2fef65",0,1,0.00,9.0
"School Profiles (/schools/*)","/schools/razors-school-of-barber-design-montgomery-5c7def97",0,1,0.00,9.0
"School Profiles (/schools/*)","/schools/rgccisd-grulla-high-school-rio-grande-city-1024bd83",0,1,0.00,11.0
"School Profiles (/schools/*)","/schools/rice-high-school-rice-66e0f2e2",0,1,0.00,3.0
"School Profiles (/schools/*)","/schools/rio-grande-city-cisd-grulla-tx-bc6b3843",0,1,0.00,9.0
"School Profiles (/schools/*)","/schools/rzj-plano-c454da3c",0,1,0.00,9.0
"School Profiles (/schools/*)","/schools/south-plains-college-plainview-2505dff6",0,1,0.00,11.0
"School Profiles (/schools/*)","/schools/south-post-oak-barber-college-the-woodlands-5e53994d",0,1,0.00,13.0
"School Profiles (/schools/*)","/schools/southern-california-college-of-barber-and-beauty-san-diego-970ca353",0,1,0.00,11.0
"School Profiles (/schools/*)","/schools/southern-careers-institute-bryan-63ebae03",0,1,0.00,7.0
"School Profiles (/schools/*)","/schools/sponsored-amarillo-4505bfd4",0,1,0.00,18.0
"School Profiles (/schools/*)","/schools/texas-college-of-cosmetology-lubbock-e12e4c93",0,1,0.00,7.0
"School Profiles (/schools/*)","/schools/the-blessings-medical-aesthetics-llc-cypress-21922dd6",0,1,0.00,4.0
"School Profiles (/schools/*)","/schools/the-hook-up-barber-university-mission-a8d654cb",0,1,0.00,8.0
"School Profiles (/schools/*)","/schools/the-institute-of-beauty-konnections-houston-d1619f15",0,1,0.00,8.0
"School Profiles (/schools/*)","/schools/toni-and-guy-hairdressing-academ-houston-houston-8f64b902",0,1,0.00,54.0
"School Profiles (/schools/*)","/schools/top-secret-beauty-spa-academy-houston-236278bd",0,1,0.00,6.0
"School Profiles (/schools/*)","/schools/trein-club-fort-bend-brazilian-jiu-jitsu-sugar-land-ab1e5d4d",0,1,0.00,10.0
"School Profiles (/schools/*)","/schools/trucco-beauty-institute-el-paso-3a9c2cbd",0,1,0.00,6.0
"School Profiles (/schools/*)","/schools/urban-barber-college-modesto-modesto-af405c1d",0,1,0.00,8.0
"School Profiles (/schools/*)","/schools/urban-barber-college-san-jose-1a71115e",0,1,0.00,7.0
"School Profiles (/schools/*)","/schools/wow-lash-brow-academy-spring-ea0d3415",0,1,0.00,7.0
"School Asset Pages (exam/license/tools)","/texas-cosmetology-exam-intelligence-prep",0,1,0.00,11.0