query,clicks,impressions,ctr_pct,position
"k beauty salon houston",7,128,5.47,4.0
"4343 telephone rd houston tx 77087",4,61,6.56,6.9
"inner g complete agency",4,16,25.00,1.0
"a-n-h salon",3,113,2.65,2.1
"barber school near me",3,47,6.38,5.6
"beauty empire",3,291,1.03,25.5
"k beauty beechnut",3,27,11.11,3.4
"natural hair of katy",3,581,0.52,3.4
"new star beauty",3,41,7.32,2.3
"upscale barber academy",3,36,8.33,11.1
"yes beauty supply moreno valley",3,38,7.89,1.1
"barber school",2,21,9.52,6.9
"barber schools",2,9,22.22,8.1
"barbers near me",2,15,13.33,1.7
"beauty empire 30",2,44,4.55,3.2
"beauty island",2,50,4.00,1.9
"beauty supply near me",2,437,0.46,2.9
"coco bella fresno tx",2,19,10.53,1.9
"coco bella hair beauty n°1",2,17,11.76,2.9
"cosmetology school",2,19,10.53,6.3
"epcc cosmetology",2,40,5.00,8.0
"gio hair salon",2,136,1.47,5.4
"hair by kenny",2,142,1.41,3.7
"hair salon",2,19,10.53,6.3
"hair salons near me",2,97,2.06,4.4
"hair store near me",2,99,2.02,3.2
"its a hair studio",2,9,22.22,2.2
"luxyl beauty supply",2,227,0.88,4.7
"nail supply near me",2,40,5.00,2.2
"palace beauty pflugerville",2,7,28.57,3.4
"pinks beauty supply",2,116,1.72,7.6
"r&c beauty college",2,28,7.14,4.7
"rumoured salon",2,139,1.44,7.1
"timberlodge parlor",2,6,33.33,11.3
"trimsetters barber academy",2,24,8.33,5.6
"unlimited barber shop",2,5,40.00,3.8
"uptown beauty and beyond",2,109,1.83,10.0
"ziba hair salon",2,14,14.29,3.4
"#1 hair salon",1,11,9.09,7.7
"1 of 1 barber studio",1,2,50.00,7.0
"11169 beechnut st 77072",1,8,12.50,10.8
"13215 w little york rd houston tx 77041",1,1,100.00,8.0
"144 salon",1,265,0.38,6.0
"1923 barber parlor",1,5,20.00,12.2
"2000 barber shop",1,1,100.00,6.0
"7015 w tidwell rd",1,5,20.00,9.0
"7qi ao salon",1,3,33.33,10.3
"8555 westheimer rd",1,2,50.00,6.0
"878 barber school",1,34,2.94,9.1
"89 beauty school photos",1,1,100.00,7.0
"a & e beauty supply",1,56,1.79,8.5
"a cut above",1,8,12.50,5.3
"a n h salon",1,22,4.55,1.8
"a-n-h salon photos",1,35,2.86,6.3
"adara hair salon",1,69,1.45,7.3
"adore hair dye",1,2,50.00,2.5
"aesop montrose",1,30,3.33,4.7
"aguilar beauty & products",1,19,5.26,3.7
"aliana barber shop",1,55,1.82,8.4
"amber salon and spa",1,17,5.88,2.9
"anan beauty",1,13,7.69,9.6
"anh hair salon",1,30,3.33,3.1
"anh salon",1,132,0.76,2.0
"anna hair salon sugar land reviews",1,7,14.29,3.9
"arijana pjetrovic",1,1,100.00,16.0
"arlington beauty college",1,113,0.88,7.2
"arukas hair plano",1,18,5.56,7.7
"as barber studio",1,11,9.09,11.0
"asian hair salon near me",1,2,50.00,1.0
"ayza threading",1,13,7.69,6.5
"barber college",1,1,100.00,1.0
"barber near me",1,35,2.86,2.3
"barber practical exam kit list",1,3,33.33,3.3
"barber school fort worth",1,4,25.00,3.5
"barber school round rock",1,7,14.29,9.7
"barber shops brownsville tx",1,5,20.00,7.4
"barber shops near me",1,81,1.23,3.4
"barber supplies",1,3,33.33,1.0
"barbershop houston",1,3,33.33,1.0
"beautician mix beauty supply",1,58,1.72,6.7
"beauty bar houston",1,21,4.76,6.3
"beauty elements",1,16,6.25,8.0
"beauty kulture academy reviews",1,42,2.38,10.6
"beauty mart waco tx",1,7,14.29,6.3
"beauty pop store",1,9,11.11,9.0
"beauty salon near me",1,11,9.09,3.4
"beauty school katy",1,2,50.00,9.0
"beauty school near me",1,12,8.33,5.3
"beauty schools near me",1,17,5.88,3.7
"beauty supply",1,85,1.18,2.4
"beauty supply humble texas",1,9,11.11,16.0
"beauty supply near me open now",1,9,11.11,3.2
"bellas salon and spa",1,1,100.00,1.0
"belleza cantu",1,14,7.14,6.9
"bessemer beauty college",1,12,8.33,7.7
"best barber supply store near me",1,2,50.00,5.0
"bg hair salon",1,17,5.88,5.7
"bgm science of beauty and business reviews",1,7,14.29,8.3
"black beauty supply near me",1,10,10.00,2.5
"black owned beauty supply near me",1,40,2.50,4.6
"bladesmith barber college",1,26,3.85,7.7
"blended and bare",1,17,5.88,4.8
"blendz by jenn",1,22,4.55,6.4
"bless beauty",1,83,1.20,5.3
"bless up barbershop",1,170,0.59,10.4
"blessed beauty",1,10,10.00,1.3
"blessing beauty salon",1,3,33.33,4.7
"bliss nail bar college station reviews",1,232,0.43,5.4
"blowouts near me",1,1,100.00,1.0
"blush beaumont",1,14,7.14,4.4
"braid shops near me now",1,1,100.00,10.0
"braiders near me",1,3,33.33,5.0
"braids of katy",1,167,0.60,1.2
"brazos bombshell salon",1,13,7.69,4.2
"brow tint and lamination",1,1,100.00,1.0
"burmese curly crochet human hair near me",1,1,100.00,1.0
"carmen's beauty salon",1,14,7.14,6.6
"cc beauty supply",1,296,0.34,6.4
"cheap beauty supply near me",1,1,100.00,1.0
"chico barber shop",1,2,50.00,9.5
"cici beauty supply",1,2,50.00,1.0
"cindy hair salon san jose",1,65,1.54,6.5
"city nails beauty supplies # 2 fontana",1,12,8.33,4.2
"city nails supply",1,55,1.82,8.9
"clarendon college cosmetology",1,10,10.00,7.6
"clear lake city barbershop",1,4,25.00,10.0
"complaints",1,1,100.00,5.0
"cosmetology practical exam supply list",1,2,50.00,4.5
"cosmetology school oakland",1,10,10.00,8.8
"cream for face",1,1,100.00,7.0
"cursos de pestañas cerca de mi",1,3,33.33,1.7
"dazzles hair studio",1,27,3.70,3.7
"dominican hair salon houston",1,4,25.00,11.8
"doras hair salon",1,10,10.00,6.8
"dulce hair salon",1,9,11.11,4.0
"dumose",1,3,33.33,8.0
"east quarter barber, downtown dallas, texas",1,30,3.33,2.6
"ebony beauty mart",1,168,0.60,6.6
"ebony's beauty supply",1,145,0.69,5.0
"elegant barber supply",1,20,5.00,1.2
"elham hair salon",1,16,6.25,5.3
"elizabeth hair salon",1,4,25.00,1.0
"empire barbershop oxnard reviews",1,7,14.29,4.4
"escuela",1,1,100.00,1.0
"escuela de cosmetologia",1,2,50.00,4.5
"esperanza hair salon",1,19,5.26,5.8
"essential beauty supply photos",1,3,33.33,4.7
"esthetician school",1,13,7.69,5.9
"esthetician school san antonio",1,7,14.29,34.0
"esthetician schooling",1,1,100.00,2.0
"eyebrow threading near me",1,24,4.17,2.2
"eyebrow threading near me now",1,1,100.00,1.0
"eyes on me barber",1,1,100.00,3.0
"eyes on me barber college",1,47,2.13,3.9
"facials near me",1,3,33.33,1.0
"faded up",1,2,50.00,5.5
"fatima hair braiding",1,3,33.33,3.0
"flaired beauty",1,3,33.33,7.0
"frank chisum",1,1,100.00,3.0
"fresno nail supply",1,61,1.64,6.9
"fs cut & color mckinney (fantastic sams hair salon)",1,23,4.35,6.8
"g fadez",1,9,11.11,8.9
"gel nail polish",1,2,50.00,3.5
"glenpro",1,30,3.33,1.9
"gloss & glam hair salon & head spa ✂",1,82,1.22,10.6
"hair 360 salon",1,4,25.00,6.3
"hair beauty supply store near me",1,3,33.33,1.0
"hair by michael farris",1,12,8.33,7.0
"hair by michael farris photos",1,7,14.29,4.3
"hair by rosie",1,4,25.00,9.8
"hair by vincent",1,18,5.56,6.1
"hair dye",1,1,100.00,2.0
"hair gallery",1,18,5.56,6.7
"hair king beauty supplies",1,37,2.70,2.0
"hair school dallas",1,2,50.00,23.0
"hair school salon near me",1,1,100.00,1.0
"hair wash and blow dry near me",1,1,100.00,3.0
"hair wigs",1,1,100.00,1.0
"hair world",1,103,0.97,6.1
"haircut for $20 near me",1,1,100.00,1.0
"haircut near me",1,38,2.63,6.4
"hairitage studios",1,3,33.33,8.7
"hali hair",1,4,25.00,7.0
"harlow beauty and hair salon",1,12,8.33,8.7
"harmony beauty supply",1,102,0.98,7.4
"hasan beauty club",1,31,3.23,5.1
"head spa near me",1,6,16.67,1.0
"hello beauty",1,111,0.90,3.8
"hema the barber",1,14,7.14,2.6
"hermosita salon and spa reviews",1,6,16.67,8.8
"hip beauty",1,123,0.81,3.6
"hip beauty supply",1,43,2.33,4.7
"houston barber expo 2026",1,11,9.09,6.1
"houston nail supply",1,2,50.00,3.0
"impressions hair salon",1,7,14.29,8.1
"indian facial near me",1,1,100.00,1.0
"inova hair salon",1,3,33.33,2.0
"isa beauty supply",1,2,50.00,9.5
"j&m hair salon",1,14,7.14,6.6
"jade beauty salon",1,12,8.33,5.4
"james beauty supply photos",1,4,25.00,7.5
"jennis beauty supply",1,4,25.00,6.5
"jenny beauty supply",1,36,2.78,6.5
"jolla bella beauty supply photos",1,1,100.00,10.0
"joy wigs",1,15,6.67,1.1
"k beauty salon beechnut",1,38,2.63,3.6
"k beauty salon houston reviews",1,59,1.69,3.9
"kbg barbershop",1,44,2.27,7.5
"kern wig and beauty",1,31,3.23,2.3
"la belleza hair salon",1,2,50.00,3.0
"la perla dominican salon",1,36,2.78,5.6
"lady's beauty care reviews",1,1,100.00,6.0
"lala blush",1,5,20.00,6.4
"lash extensions baytown",1,2,50.00,1.0
"lash lift near me",1,1,100.00,4.0
"lavish salon pflugerville",1,14,7.14,7.7
"lee college cosmetology",1,34,2.94,10.4
"luxe nail bar missouri city reviews",1,25,4.00,4.9
"maha threading",1,94,1.06,2.0
"mahogany beauty supply",1,31,3.23,9.4
"manicurist school near me",1,4,25.00,1.0
"maria's beauty salon",1,3,33.33,6.3
"maribel hair salon spring tx",1,12,8.33,3.9
"mark vang hair design",1,1,100.00,15.0
"marmel beauty academy",1,25,4.00,9.7
"mcc cosmetology",1,11,9.09,6.2
"metime nail bar",1,65,1.54,6.7
"michelle's barber shop",1,7,14.29,10.0
"mike's barber school",1,29,3.45,8.3
"miriam salon de belleza",1,1,100.00,1.0
"mobile barber",1,1,100.00,26.0
"modern salon cypress",1,37,2.70,9.7
"momo the barber sf",1,25,4.00,2.8
"montys barbershop",1,12,8.33,8.4
"nail academy near me",1,1,100.00,1.0
"nail salon near me",1,18,5.56,2.8
"nail shop near me open now",1,1,100.00,1.0
"nail stores supply near me",1,1,100.00,1.0
"nail supply store",1,25,4.00,3.1
"nail tech school",1,2,50.00,5.0
"nail tech school near me",1,10,10.00,3.7
"nail.tech school near me",1,1,100.00,1.0
"nails near me",1,8,12.50,5.9
"nd beauty studio",1,4,25.00,1.5
"neas market",1,10,10.00,5.2
"nefertiti san jose",1,9,11.11,6.6
"newlooks salon sugar land",1,48,2.08,4.5
"noelle salon",1,2,50.00,2.0
"northwest beauty supply",1,19,5.26,2.8
"ogle beauty school",1,29,3.45,10.6
"orlando salon",1,331,0.30,6.0
"oz barber",1,1,100.00,8.0
"oz barber and piercing academy",1,20,5.00,8.0
"paloma beauty heights",1,1,100.00,27.0
"paris hair salon",1,38,2.63,6.2
"parlour near me",1,2,50.00,1.0
"peace of mind hair studio",1,7,14.29,5.1
"peluqueria near me",1,1,100.00,1.0
"peluquerías cerca de mi ubicación",1,1,100.00,1.0
"perfect barber pearland reviews",1,1,100.00,5.0
"peters dominican barber shop",1,6,16.67,22.5
"pink beauty supply compton",1,40,2.50,4.8
"pitts barber shop",1,28,3.57,8.9
"polo hair salon",1,15,6.67,9.3
"premium barber academy",1,11,9.09,7.2
"prostylist",1,4,25.00,9.0
"pulido barbershop",1,2,50.00,4.5
"q harris",1,7,14.29,6.3
"qtt beauty supply",1,109,0.92,4.8
"quality reflection studio",1,43,2.33,6.3
"rio men barber school",1,32,3.13,2.7
"rm barber cosmetology school",1,10,10.00,9.7
"rm barber-cosmetology school lockhart",1,15,6.67,6.7
"rockboyz",1,1,100.00,11.0
"rodem hair studio",1,116,0.86,7.3
"ruby salon",1,21,4.76,6.6
"salice barber supply",1,51,1.96,2.2
"salin 360",1,1,100.00,7.0
"salon 123",1,52,1.92,8.4
"salon de belleza cerca de mi",1,17,5.88,2.8
"salon garcia",1,4,25.00,5.5
"salon mirage and med spa",1,26,3.85,7.3
"salon of india",1,426,0.23,4.7
"salon of india photos",1,47,2.13,7.3
"salon picasso",1,27,3.70,5.5
"salon service group katy",1,18,5.56,5.6
"salón laura",1,2,50.00,1.0
"saul hair studio",1,22,4.55,6.4
"sbk studios",1,14,7.14,6.1
"sergio salon",1,4,25.00,6.0
"services offered by salon of india",1,45,2.22,7.9
"shine beauty supply",1,71,1.41,8.0
"shine beauty supply marbach",1,23,4.35,3.3
"shine on heights",1,35,2.86,7.8
"shirley hair studio",1,6,16.67,5.7
"shirleys beauty salon",1,1,100.00,2.0
"silk press near me",1,8,12.50,2.1
"sleek beauty studio",1,24,4.17,6.5
"smoke n beauty",1,2,50.00,1.0
"solid gold beauty supply near me",1,14,7.14,3.0
"spanish salon near me",1,1,100.00,1.0
"star beauty supply",1,87,1.15,9.7
"stars hair salon",1,73,1.37,6.0
"steel and lacquer reviews",1,18,5.56,5.9
"studio 9 salon",1,5,20.00,13.2
"supreme beauty supply",1,1189,0.08,8.2
"tailored by taylor",1,3,33.33,6.7
"teo nail supply",1,96,1.04,3.9
"texas barber practical exam kit list",1,23,4.35,5.5
"textures and tones salon reviews",1,11,9.09,6.8
"the barber factory barbershop killeen",1,51,1.96,9.9
"the beauty touch salon",1,60,1.67,5.7
"the crescent salon",1,18,5.56,6.7
"the fade lab barbershop costa mesa",1,73,1.37,8.7
"the glam beauty bar",1,1,100.00,6.0
"the hair magician",1,20,5.00,6.0
"the iccy way grooming houston",1,5,20.00,4.0
"the make over studio",1,2,50.00,7.5
"the neighborhood barbershop and salon",1,9,11.11,7.4
"the orlando salon",1,644,0.16,7.3
"the vault beauty",1,111,0.90,5.7
"threading near me",1,5,20.00,2.8
"top g barbershop",1,1,100.00,7.0
"tovi barbershop photos",1,6,16.67,10.0
"trill kutz",1,6,16.67,9.0
"tulio barber",1,2,50.00,4.0
"twin beauty supply",1,32,3.13,9.3
"uni hair salon",1,3,33.33,6.7
"unique beauty lounge",1,46,2.17,2.8
"urban flow barber shop",1,30,3.33,5.8
"urbana hair salon",1,3,33.33,3.7
"v salon",1,108,0.93,5.5
"vd vegas",1,26,3.85,3.0
"vincent hair salon",1,10,10.00,6.6
"vogue college of cosmetology",1,56,1.79,10.9
"wade gordon hairdressing academy reviews",1,33,3.03,7.8
"walk in haircut near me",1,1,100.00,2.0
"wash and blow dry near me",1,1,100.00,4.0
"wholesale salon products",1,1,100.00,1.0
"wigs near me",1,4,25.00,1.5
"women barbershop near me",1,1,100.00,10.0
"xo hair salon",1,1,100.00,8.0
"yes beauty supply",1,158,0.63,3.1
"zebra hair salon",1,2,50.00,2.5
"zeeba salon",1,148,0.68,4.1
"ziba salon",1,50,2.00,5.8
"zions braiding school",1,2,50.00,1.0
"""100 sharpstown ctr ste 2020"" ""keny beauty salon llc""",0,32,0.00,1.0
"""14405 walters rd"" ""ste 825""",0,2,0.00,4.5
"""1739 sw loop 410, san antonio, tx 78227""",0,2,0.00,11.0
"""3845 cypress creek pkwy"" ""77014""",0,2,0.00,10.0
"""415 westheimer rd #210"" houston salon",0,1,0.00,2.0
"""415 westheimer rd #210, houston, tx 77006""",0,1,0.00,3.0
"""415 westheimer rd #210, houston, tx 77006"" salon",0,5,0.00,3.2
"""7 qi ao salon"" ""77036""",0,3,0.00,6.0
"""7 qi ao salon"" ""houston""",0,5,0.00,15.6
"""7355 lankershim blvd a20"" beauty supply",0,1,0.00,10.0
"""7937+8fp"" barber",0,1,0.00,1.0
"""98478 72571"" ""nyra beauty lounge""",0,1,0.00,11.0
"""9847872571"" ""nyra beauty lounge""",0,9,0.00,9.1
"""afterhours barbershop"" ""2124 n main st c""",0,8,0.00,10.8
"""afterhours barbershop"" ""77009""",0,15,0.00,23.3
"""afterhours barbershop"" ""houston""",0,5,0.00,18.6
"""alamo city barber college"" ""78250""",0,1,0.00,12.0
"""alchemy salon houston inc."" ""houston""",0,1,0.00,2.0
"""all american barbershop llc"" ""525 san pedro ave""",0,1,0.00,9.0
"""all american barbershop llc"" ""78212""",0,1,0.00,11.0
"""all american barbershop llc"" ""san antonio""",0,4,0.00,17.0
"""american beauty college"" ""91790""",0,1,0.00,18.0
"""ann webb skin institute"" ""78759""",0,1,0.00,17.0
"""asila beauty supply"" haltom city tx phone email contact",0,1,0.00,10.0
"""aveda arts & sciences institute austin"" ""6001 middle fiskville rd""",0,4,0.00,6.8
"""aveda arts & sciences institute austin"" ""78752""",0,7,0.00,20.3
"""aveda arts & sciences institute austin"" ""austin""",0,4,0.00,7.0
"""aveda arts & sciences"" ""78752""",0,3,0.00,51.7
"""avenue five institute"" ""500 e ben white blvd bldg e ste 100""",0,3,0.00,5.7
"""avenue five institute"" ""78704""",0,7,0.00,40.9
"""avenue five institute"" ""78757""",0,4,0.00,127.5
"""avenue five institute"" ""austin""",0,2,0.00,23.5
"""baldwin beauty schools"" ""78704""",0,8,0.00,51.6
"""barber shop at the adolphus"" ""dallas""",0,3,0.00,9.3
"""beauty hair studio by kim"" ""houston""",0,2,0.00,8.0
"""behold the beauty"" ""77002""",0,5,0.00,5.6
"""behold the beauty"" ""houston""",0,4,0.00,11.5
"""bella beauty college"" ""4631 airport blvd unit 101""",0,4,0.00,2.0
"""bella beauty college"" ""623 w ben white blvd""",0,3,0.00,8.7
"""bella beauty college"" ""78704""",0,11,0.00,31.7
"""bella beauty college"" ""78751""",0,10,0.00,32.2
"""bella beauty college"" ""austin""",0,9,0.00,32.8
"""blake charles salon"" ""94108""",0,2,0.00,33.0
"""booksy"" ""gmv""",0,8,0.00,5.1
"""central texas beauty college"" ""78664""",0,2,0.00,13.5
"""clarendon college"" ""amarillo""",0,4,0.00,12.8
"""code salon"" ""94114""",0,2,0.00,17.5
"""collective hair co"" ""77027""",0,1,0.00,3.0
"""ct hair by candy"" ""77077""",0,1,0.00,18.0
"""ct hair by candy"" ""houston""",0,5,0.00,19.4
"""cut & shave barber"" ""78219""",0,1,0.00,8.0
"""dallas fades barbershop"" ""124 n peak st""",0,6,0.00,26.3
"""dallas fades barbershop"" ""75226""",0,6,0.00,19.0
"""dallas fades barbershop"" ""dallas""",0,4,0.00,23.5
"""deluxe barber college"" ""78217""",0,1,0.00,15.0
"""deseo beauty lounge color"" ""2720 w 5th st""",0,3,0.00,4.7
"""deseo beauty lounge color"" ""76107""",0,4,0.00,6.8
"""deseo beauty lounge color"" ""fort worth""",0,6,0.00,11.3
"""edu beauty salon"" ""77301""",0,2,0.00,2.0
"""edu beauty salon"" ""conroe""",0,4,0.00,19.3
"""eliana's garden"" ""20 years""",0,1,0.00,6.0
"""eliana's garden"" article author",0,2,0.00,7.0
"""five star barbershop"" barbershop chain",0,3,0.00,9.3
"""frends beauty"" ""5244 laurel canyon blvd""",0,7,0.00,9.1
"""geiser barbering"" ""78701""",0,1,0.00,7.0
"""geiser barbering"" ""austin""",0,3,0.00,36.0
"""hairandbeauty""",0,1,0.00,9.0
"""heights beauty college"" ""77506""",0,2,0.00,5.0
"""house of beauty fort worth"" ""1633 rogers rd""",0,3,0.00,15.7
"""house of beauty fort worth"" ""76107""",0,3,0.00,16.3
"""house of beauty fort worth"" ""fort worth""",0,4,0.00,24.3
"""houston community college - southwest college"" ""1600 texas pkwy""",0,2,0.00,5.0
"""houston community college - southwest college"" ""77489""",0,2,0.00,4.0
"""houston community college - southwest college"" ""missouri city""",0,2,0.00,8.5
"""hue salon houston"" ""houston""",0,3,0.00,9.3
"""hue salon"" ""77006""",0,4,0.00,10.3
"""hue salon"" ""houston""",0,5,0.00,10.4
"""josephine's day spa & salon - eldridge"" ""77077""",0,3,0.00,2.3
"""josephine's day spa & salon - eldridge"" ""houston""",0,3,0.00,9.3
"""keny beauty salon llc"" ""100 sharpstown ctr ste 2020""",0,29,0.00,1.0
"""keny beauty salon llc"" ""100 sharpstown ctr ste 2020, houston, tx 77036-5000"" business registration",0,29,0.00,5.4
"""keny beauty salon llc"" ""100 sharpstown ctr ste 2020, houston, tx 77036-5000"" llc or corporation or registered",0,25,0.00,1.3
"""keny beauty salon llc"" ""100 sharpstown ctr ste 2020, houston, tx 77036-5000"" secretary of state",0,27,0.00,1.0
"""keny beauty salon llc"" ""100 sharpstown ctr ste 2020, houston, tx 77036-5000"" yelp or ""google maps"" or bbb",0,26,0.00,1.3
"""keny beauty salon llc"" business address",0,42,0.00,1.0
"""keny beauty salon llc"" contact address location",0,41,0.00,1.3
"""keny beauty salon"" ""100 sharpstown ctr ste 2020, houston, tx 77036-5000"" business registration",0,23,0.00,4.5
"""keny beauty salon"" ""100 sharpstown ctr ste 2020, houston, tx 77036-5000"" secretary of state",0,25,0.00,2.0
"""king's cut"" barbershop",0,8,0.00,8.0
"""legends the barbershop"" ""369 n fairfax ave unit a""",0,1,0.00,5.0
"""legends the barbershop"" ""90036""",0,2,0.00,11.0
"""legends the barbershop"" ""los angeles""",0,1,0.00,7.0
"""linh's beauty salon"" ""4316 e belknap st, fort worth, tx 76117""",0,2,0.00,3.5
"""linh's beauty salon"" ""76117""",0,4,0.00,8.3
"""linh's beauty salon"" ""fort worth""",0,3,0.00,9.3
"""lux beauty"" ""77009""",0,1,0.00,12.0
"""lux beauty"" ""houston""",0,1,0.00,24.0
"""luxury barber lounge"" ""92101""",0,1,0.00,20.0
"""marbella salon"" ""415 westheimer rd #210""",0,1,0.00,8.0
"""marbella salon"" ""77006""",0,2,0.00,14.0
"""marbella salon"" ""houston""",0,1,0.00,5.0
"""milan institute of cosmetology - san antonio south"" ""605 sw military dr""",0,4,0.00,5.8
"""milan institute of cosmetology - san antonio south"" ""78221""",0,6,0.00,7.8
"""milan institute of cosmetology - san antonio south"" ""san antonio""",0,5,0.00,17.8
"""milan institute of cosmetology"" ""78221""",0,1,0.00,10.0
"""ml2 hair design"" ""77036""",0,2,0.00,13.0
"""ml2 hair design"" ""9889 bellaire blvd ste 320, houston, tx 77036""",0,3,0.00,2.0
"""ml2 hair design"" ""houston""",0,6,0.00,13.7
"""most high barber college"" ""78214""",0,1,0.00,4.0
"""neo dubois hair salon"" ""12637 westheimer rd #180""",0,3,0.00,2.0
"""neo dubois hair salon"" ""77077""",0,4,0.00,11.0
"""neo dubois hair salon"" ""houston""",0,7,0.00,18.9
"""nigel beauty emporium"" ""11252 magnolia blvd""",0,4,0.00,9.5
"""nyra beauty lounge"" ""9:30 am - 7:30 pm""",0,2,0.00,7.5
"""nyra beauty lounge"" ""9:30 am – 7:30 pm""",0,3,0.00,4.3
"""ogle school - beauty and cosmetology (san antonio)"" ""78216""",0,1,0.00,4.0
"""ogle school - beauty and cosmetology (san antonio)"" ""san antonio""",0,1,0.00,5.0
"""ortahaus barber co."" ""77007""",0,3,0.00,9.3
"""ortahaus barber co."" ""920 studemont st ste 600""",0,1,0.00,2.0
"""ortahaus barber co."" ""houston""",0,2,0.00,20.0
"""patrick evan salon"" ""94108""",0,2,0.00,17.5
"""paul mitchell the school austin"" ""(512) 251-1644""",0,10,0.00,15.9
"""paul mitchell the school austin"" ""78759""",0,5,0.00,20.6
"""paul mitchell the school austin"" ""9503 research blvd bldg 3 suite 310""",0,7,0.00,11.6
"""paul mitchell the school austin"" ""austin""",0,3,0.00,29.0
"""paul mitchell the school san antonio"" ""78259""",0,1,0.00,12.0
"""paul mitchell the school san antonio"" ""san antonio""",0,1,0.00,30.0
"""paul mitchell the school"" ""78259""",0,1,0.00,18.0
"""paul mitchell the school"" ""78759""",0,5,0.00,96.6
"""paul mitchell""",0,1,0.00,43.0
"""phenix salon suites - midtown"" ""77002""",0,7,0.00,15.3
"""phenix salon suites - midtown"" ""houston""",0,7,0.00,21.1
"""poppa burger"" ""77009""",0,1,0.00,47.0
"""princess beauty supply"" ""7567 laurel canyon blvd""",0,7,0.00,5.0
"""princess beauty supply"" ""north hollywood""",0,6,0.00,8.3
"""princess beauty supply"" ""north hollywood"" beauty supply",0,1,0.00,7.0
"""princess beauty supply"" ""north hollywood"" beauty supply store",0,1,0.00,4.0
"""princess beauty supply"" north hollywood",0,1,0.00,8.0
"""princess beauty supply"" north hollywood beauty supply store",0,1,0.00,7.0
"""randle’s barbershop"" ""77002""",0,6,0.00,12.8
"""randle’s barbershop"" ""houston""",0,3,0.00,27.0
"""red's barber shop"" ""77002""",0,5,0.00,14.8
"""red's barber shop"" ""houston""",0,4,0.00,16.3
"""revamp salon"" ""94103""",0,3,0.00,34.3
"""sally beauty""",0,1,0.00,41.0
"""salon per se"" ""77036""",0,3,0.00,8.0
"""salon per se"" ""9630 clarewood dr unit a-6, houston, tx 77036""",0,4,0.00,2.3
"""salon per se"" ""houston""",0,5,0.00,25.8
"""salon rose"" ""1210 w clay st ste 19""",0,4,0.00,3.0
"""salon rose"" ""77019""",0,6,0.00,8.2
"""salon rose"" ""houston""",0,3,0.00,12.0
"""salon village"" ""1801 s dairy ashford rd unit 102""",0,2,0.00,3.0
"""salon village"" ""77077""",0,5,0.00,23.4
"""salon village"" ""houston""",0,3,0.00,14.0
"""salons by jc"" -site:reddit.com -site:twitter.com -site:x.com -site:wykop.pl -site:tripadvisor.com -site:youtube.com -site:yelp.com -site:booking.com -site:facebook.com -site:instagram.com -site:tiktok.com",0,13,0.00,1.0
"""saul hair studio"" ""77002""",0,4,0.00,4.8
"""saul hair studio"" ""houston""",0,5,0.00,12.4
"""scissors & scotch"" ""75201""",0,3,0.00,11.3
"""scissors & scotch"" ""77007""",0,3,0.00,18.0
"""scissors & scotch"" ""dallas""",0,1,0.00,44.0
"""scissors & scotch"" ""houston""",0,4,0.00,24.5
"""secret salon 316"" ""77036""",0,6,0.00,9.5
"""secret salon 316"" ""houston""",0,3,0.00,10.7
"""sheared the barbershop - midtown houston"" ""3100 fannin st unit 105""",0,3,0.00,1.7
"""sheared the barbershop - midtown houston"" ""77004""",0,3,0.00,3.7
"""sheared the barbershop - midtown houston"" ""houston""",0,3,0.00,13.0
"""shears & blade executive barberia"" ""78701""",0,2,0.00,6.5
"""shears & blade executive barberia"" ""austin""",0,3,0.00,12.7
"""shine beauty"" ""1739 sw loop 410"" or ""san antonio marketplace""",0,21,0.00,2.1
"""shine beauty"" ""1739 sw loop 410"" or ""san antonio marketplace"" san antonio",0,8,0.00,1.1
"""shine beauty"" ""1739 sw loop 410"" san antonio",0,8,0.00,2.4
"""shine beauty"" ""san antonio marketplace"" or ""1739 sw loop 410""",0,20,0.00,1.6
"""shine beauty"" or ""aaron rents"" ""1739 sw loop 410"" san antonio",0,7,0.00,2.0
"""shine beauty"" or ""golden cash exchange"" or ""star nails and spa"" ""1739 sw loop 410"" or ""san antonio marketplace""",0,7,0.00,6.6
"""shine beauty"" or ""sally's beauty supply"" ""1739 sw loop 410"" san antonio",0,1,0.00,3.0
"""shine beauty"" or ""shine beauty supply"" ""1739 sw loop 410"" or ""san antonio marketplace""",0,13,0.00,3.2
"""shine beauty"" or ""shine beauty supply"" ""1739 sw loop 410"" or ""san antonio marketplace"" san antonio",0,7,0.00,2.7
"""shine beauty"" or ""shine beauty supply"" ""1739 sw loop 410"" san antonio",0,9,0.00,1.7
"""shine beauty"" or ""shine beauty"" ""1739 sw loop 410"" or ""san antonio marketplace""",0,6,0.00,2.7
"""shine beauty"" or ""shine beauty"" ""1739 sw loop 410"" san antonio",0,12,0.00,2.4
"""shine beauty"" or ""shine beauty"" ""san antonio marketplace"" or ""1739 sw loop 410""",0,6,0.00,2.3
"""shine beauty"" or ""star nails and spa"" or ""golden cash exchange"" ""1739 sw loop 410"" or ""san antonio marketplace""",0,3,0.00,6.3
"""shine beauty"" or ""united fashions of texas"" or ""melrose #40"" ""1739 sw loop 410"" or ""san antonio marketplace""",0,6,0.00,4.5
"""shine beauty"" or ""united fashions of texas"" or ""melrose #40"" ""1739 sw loop 410"" san antonio",0,5,0.00,6.2
"""shine beauty"" or ""united fashions of texas"" or ""melrose #40"" ""san antonio marketplace"" or ""1739 sw loop 410""",0,2,0.00,7.0
"""shine beauty"" or ""united fashions of texas"" or ""melrose"" ""1739 sw loop 410"" san antonio",0,4,0.00,10.0
"""southern tangles salon"" ""77304""",0,4,0.00,9.3
"""southern tangles salon"" ""conroe""",0,5,0.00,20.8
"""sport clips haircuts"" -site:reddit.com -site:twitter.com -site:x.com -site:wykop.pl -site:tripadvisor.com -site:youtube.com -site:yelp.com -site:booking.com -site:facebook.com -site:instagram.com -site:tiktok.com",0,3,0.00,2.0
"""strada salon & day spa"" ""95125""",0,2,0.00,23.0
"""strada salon & day spa"" ""san jose""",0,2,0.00,24.0
"""studio a salon"" ""77009""",0,4,0.00,8.8
"""studio a salon"" ""803 usener st""",0,4,0.00,9.5
"""studio a salon"" ""houston""",0,4,0.00,21.0
"""studio s",0,1,0.00,8.0
"""style city beauty bar"" ""77082""",0,3,0.00,8.7
"""style city beauty bar"" ""houston""",0,4,0.00,9.5
"""styles barber lounge"" ""111 e 11th st""",0,2,0.00,11.0
"""styles barber lounge"" ""90015""",0,6,0.00,24.7
"""styles barber lounge"" ""los angeles""",0,2,0.00,25.0
"""supercuts"" ""500 dallas st t08""",0,5,0.00,2.0
"""supercuts"" ""77002""",0,11,0.00,7.2
"""supercuts"" ""houston""",0,12,0.00,35.7
"""supercuts"" | ""regis salon"" | ""cost cutters"" | ""smartstyle hair salons"" | ""regiscorp.com""",0,2,0.00,8.0
"""switch hair studio"" ""204 n main st, conroe, tx 77301""",0,2,0.00,3.0
"""switch hair studio"" ""77301""",0,3,0.00,12.3
"""switch hair studio"" ""conroe""",0,4,0.00,16.5
"""texas class"" -""driver’s license"" -""starfleet"" -""athlete"" -""baseball"" -""basketball"" -""championship"" -""drivers license"" -""fleet"" -""football"" -""golf"" -""ship"" -""ships"" -""star trek"" -""starship"" -""startrek"" -""varsity"" -""wrestling"" -site:reddit.com -site:twitter.com -site:x.com -site:wykop.pl -site:tripadvisor.com -site:youtube.com -site:yelp.com -site:booking.com -site:facebook.com -site:instagram.com -site:tiktok.com",0,10,0.00,5.8
"""texas college of cosmetology"" ""abilene""",0,1,0.00,12.0
"""the beauty bar"" ""77027""",0,1,0.00,4.0
"""the gents place barbershop"" ""76107""",0,8,0.00,10.4
"""the gents place barbershop"" ""fort worth""",0,13,0.00,23.5
"""the goat92 barbershop"" ""78212""",0,1,0.00,7.0
"""the king hair salon"" ""houston""",0,6,0.00,13.3
"""the mee hair design studio"" ""+90 543 212 29 63""",0,2,0.00,10.0
"""the men barber school"" ""78758""",0,6,0.00,44.5
"""the pegasus barbershop"" ""75201""",0,5,0.00,8.0
"""the pegasus barbershop"" ""dallas""",0,7,0.00,22.4
"""the salon professional academy"" ""78232""",0,1,0.00,10.0
"""therapy hair studio"" ""77027""",0,6,0.00,13.2
"""therapy hair studio"" ""houston""",0,2,0.00,7.5
"""topline beauty college"" """"",0,1,0.00,14.0
"""topline beauty college"" ""92704""",0,1,0.00,13.0
"""topline beauty college"" ""santa ana""",0,1,0.00,20.0
"""tre's barber institute"" ""78758""",0,4,0.00,30.3
"""ucas university of cosmetology"" ""78201""",0,2,0.00,10.5
"""urban city barbershop • the beard experts"" ""san antonio""",0,2,0.00,5.0
"""veyra"" beauty",0,1,0.00,10.0
"""victory barber lounge"" ""2425 w parker rd #6""",0,1,0.00,6.0
"""victory barber lounge"" ""75010""",0,1,0.00,17.0
"""victory barber lounge"" ""carrollton""",0,2,0.00,18.5
"""walmart supercenter"" ""75062""",0,1,0.00,61.0
"""wendy's""",0,3,0.00,25.0
"""xin life makeup specialty store""",0,1,0.00,11.0
"#1 beauty supply",0,3,0.00,7.0
"#1 hair salon photos",0,4,0.00,9.0
"#1 hair salon reviews",0,4,0.00,8.0
"(713) 914-9991",0,1,0.00,28.0
"+1 (214) 821-0819",0,12,0.00,8.4
"-site:facebook.com -site:fb.me -site:youtube.com -site:youtu.be -site:youtube.be -site:twitter.com -site:instagram.com -site:tiktok.com -site:vm.tiktok.com -site:t.co -site:x.com -site:reddit.com ""the secret society""",0,12,0.00,5.1
"007 barber",0,1,0.00,17.0
"007 barbershop",0,4,0.00,13.0
"007 barbershop reviews",0,4,0.00,9.0
"007 beauty supply",0,56,0.00,1.7
"1 hair salon",0,3,0.00,5.0
"1 nail",0,1,0.00,1.0
"1 nail supply",0,1,0.00,43.0
"1 nails supply 45 south houston",0,9,0.00,4.0
"10 barber",0,1,0.00,42.0
"10 hairdressing",0,1,0.00,54.0
"100 grand barbershop",0,2,0.00,4.5
"101 barber",0,6,0.00,6.5
"101 barber company",0,1,0.00,11.0
"101 barber company reviews",0,5,0.00,7.6
"101 barbers",0,1,0.00,8.0
"1011 w bay area blvd",0,5,0.00,8.6
"1011 w bay area blvd webster tx 77598",0,2,0.00,8.5
"10252 almeda genoa rd",0,12,0.00,9.8
"10300 louetta rd houston tx 77070",0,1,0.00,27.0
"10350 south post oak",0,1,0.00,7.0
"1050 w rankin rd houston tx 77067",0,3,0.00,9.3
"1051 heights blvd",0,1,0.00,11.0
"10511 jones rd houston tx 77065",0,6,0.00,10.2
"10511 jones road",0,2,0.00,10.0
"10541 cypress creek pkwy",0,1,0.00,20.0
"10553 homestead rd",0,1,0.00,7.0
"10553 homestead rd houston tx",0,5,0.00,9.0
"10553 homestead rd houston tx 77016",0,2,0.00,9.0
"10600 bellaire blvd houston tx 77072",0,1,0.00,9.0
"10660 jones rd",0,2,0.00,11.0
"10660 jones rd houston tx 77065",0,1,0.00,10.0
"10761 pebble hills",0,3,0.00,9.0
"10800 bellaire blvd",0,5,0.00,9.6
"10804 bellaire blvd houston",0,2,0.00,12.0
"10804 bellaire blvd houston tx 77072",0,6,0.00,9.8
"10815 beechnut st",0,2,0.00,9.0
"10850 louetta rd",0,1,0.00,13.0
"10850 louetta rd houston tx 77070",0,1,0.00,13.0
"10868 kuykendahl rd the woodlands tx 77381",0,1,0.00,25.0
"10904 scarsdale blvd",0,1,0.00,10.0
"10911 bammel n houston rd",0,12,0.00,9.8
"10920 almeda rd",0,3,0.00,10.3
"10920 almeda rd houston tx 77045",0,1,0.00,11.0
"10950 bissonnet st",0,1,0.00,11.0
"10haus barber tools",0,1,0.00,56.0
"10haus beauty store",0,1,0.00,28.0
"10haus professional salon supplies",0,1,0.00,65.0
"110 milby st",0,1,0.00,19.0
"11030 bissonnet st",0,5,0.00,8.6
"11078 veterans memorial dr",0,25,0.00,12.2
"11078 veterans memorial dr houston tx 77067",0,8,0.00,9.6
"11106 veterans memorial dr",0,3,0.00,10.7
"11169 beechnut st",0,2,0.00,10.5
"11169 beechnut st houston tx 77072",0,1,0.00,2.0
"11239 crown park dr houston",0,11,0.00,10.5
"1130 grand oak blvd",0,2,0.00,8.5
"11312 westheimer rd",0,1,0.00,10.0
"11400 misty valley dr houston tx 77066",0,1,0.00,12.0
"1141 uptown park blvd",0,1,0.00,32.0
"1150 durham dr houston tx 77007",0,2,0.00,36.5
"11611 aldine westfield rd",0,2,0.00,10.0
"11693 westheimer rd",0,1,0.00,11.0
"11716 hempstead rd",0,10,0.00,7.5
"11734 barker cypress rd",0,6,0.00,9.8
"118 vintage park blvd houston tx",0,1,0.00,9.0
"11800 jones rd houston tx",0,1,0.00,11.0
"11800 jones rd houston tx 77070",0,1,0.00,14.0
"11800 jones rd, houston tx 77070",0,2,0.00,10.5
"119 barber",0,1,0.00,32.0
"119 barber shop",0,1,0.00,36.0
"11916 bissonnet st",0,15,0.00,8.4
"11936 bellaire blvd",0,1,0.00,11.0
"11980 westheimer houston tx 77077",0,2,0.00,28.5
"12033 veterans memorial dr",0,1,0.00,10.0
"12149 fm 1960",0,2,0.00,11.0
"1217 chicago ave mcallen tx",0,10,0.00,7.7
"12180 antoine dr",0,15,0.00,9.3
"12182 veterans memorial dr",0,10,0.00,9.2
"122 vintage park blvd",0,3,0.00,12.0
"1220 salon",0,1,0.00,54.0
"12228 antoine",0,1,0.00,10.0
"12228 antoine dr",0,4,0.00,9.3
"12228 antoine dr houston tx 77066",0,13,0.00,8.3
"12228 antoine dr.",0,1,0.00,11.0
"12228 antoine drive",0,2,0.00,9.5
"12228 antoine drive e houston 77066",0,2,0.00,8.5
"12228 antonie dr e houston tx 77066",0,8,0.00,10.8
"12230 w lake houston pkwy",0,4,0.00,15.8
"12230 w lake houston pkwy houston tx 77044",0,2,0.00,9.0
"123 hair",0,1,0.00,7.0
"123 hair salon",0,2,0.00,9.0
"123 salon",0,3,0.00,9.3
"12333 sowden rd ste b houston tx 77080",0,1,0.00,11.0
"12375 bissonnet st",0,2,0.00,10.5
"12403 hillcroft street houston tx",0,4,0.00,10.0
"12403 veterans memorial dr",0,20,0.00,9.1
"12515 north freeway d, houston, tx 77060",0,3,0.00,10.0
"12536 westheimer",0,3,0.00,10.7
"12536 westheimer rd",0,13,0.00,9.5
"12555 wallisville rd",0,7,0.00,8.7
"12600 bissonnet st houston tx 77099",0,1,0.00,15.0
"12637 westheimer rd",0,14,0.00,9.9
"12730 whittington dr",0,15,0.00,9.5
"12788 fountain lake circle stafford, tx 77477",0,2,0.00,9.0
"12805 cullen blvd houston tx 77047",0,1,0.00,11.0
"12950 south post oak",0,1,0.00,10.0
"12974-a willow chase drive houston, tx 77070",0,2,0.00,11.0
"1304 fulton ave",0,1,0.00,10.0
"13040 fm 529",0,1,0.00,9.0
"13155 westheimer rd houston tx 77077",0,2,0.00,11.0
"1319 cypress creek pkwy",0,3,0.00,8.0
"1319 fm 1960",0,16,0.00,7.6
"13215 w little york rd",0,8,0.00,6.6
"13250 fm 529",0,1,0.00,18.0
"13250 fm 529 rd ste e houston, tx 77041",0,1,0.00,3.0
"13346 briar forest dr",0,4,0.00,10.5
"13465 inwood rd",0,1,0.00,19.0
"13610 bellaire blvd",0,11,0.00,6.3
"13655 bissonnet street",0,1,0.00,10.0
"13705 tx-249",0,46,0.00,4.6
"13705 tx-249 a, houston, tx 77086",0,4,0.00,5.0
"13705 tx249, houston, 77086",0,55,0.00,7.3
"1376 collier rd nw atlanta ga 30318",0,3,0.00,8.0
"13803 bissonnet st",0,5,0.00,9.2
"13803 bissonnet st, houston, tx 77083",0,4,0.00,8.8
"13939 westheimer rd",0,1,0.00,7.0
"1404 w walnut hill ln",0,1,0.00,43.0
"1424 w price rd",0,8,0.00,9.6
"1424 w price rd brownsville tx",0,1,0.00,12.0
"14243 stuebner airline rd",0,6,0.00,10.5
"14251 chambers rd. tustin, ca",0,4,0.00,9.8
"1428 wooded acres dr",0,1,0.00,8.0
"144 hair salon",0,6,0.00,6.3
"144 salon photos",0,11,0.00,9.5
"144 salon reviews",0,30,0.00,8.5
"14455 cullen blvd",0,1,0.00,15.0
"14519 cullen blvd",0,8,0.00,9.6
"14520 memorial dr houston tx 77079",0,1,0.00,21.0
"14520 memorial drive",0,1,0.00,25.0
"14610 tomball pkwy 77086",0,1,0.00,6.0
"14637 beechnut st",0,9,0.00,7.4
"14901 tomball parkway",0,5,0.00,8.8
"14919 stuebner airline rd",0,3,0.00,9.3
"15 salon",0,1,0.00,4.0
"1507 w 18th st",0,2,0.00,8.0
"15203 knoll trail drive",0,1,0.00,26.0
"1531 eldridge pkwy",0,1,0.00,35.0
"15703 longenbaugh dr",0,3,0.00,11.0
"1600 texas parkway missouri city tx 77489",0,1,0.00,13.0
"1609 spring cypress rd",0,6,0.00,8.3
"1609 spring cypress rd spring tx 77388",0,1,0.00,10.0
"1609 spring cypress rd spring, tx 77388",0,2,0.00,8.0
"1615 grand ave pkwy pflugerville tx 78660",0,1,0.00,18.0
"16151 cairnway dr houston tx 77084",0,1,0.00,7.0
"1617 westheimer rd",0,1,0.00,11.0
"16272 imperial valley dr",0,4,0.00,10.0
"16281 imperial valley dr",0,4,0.00,16.5
"16282 imperial valley dr",0,3,0.00,10.7
"1644 irving blvd dallas tx",0,10,0.00,8.4
"16513 fm 529",0,2,0.00,7.5
"16630 imperial valley dr",0,1,0.00,29.0
"1689 kendall dr san bernardino",0,5,0.00,11.0
"1711 spring green boulevard katy tx 77494",0,1,0.00,11.0
"1718 n fry rd",0,1,0.00,11.0
"1718 n fry rd houston tx 77084",0,1,0.00,11.0
"1739 sw loop 410 san antonio tx 78227",0,1,0.00,10.0
"1739 sw loop 410 san antonio, tx 78227",0,1,0.00,11.0
"1739 sw loop 410, san antonio, tx 78227",0,2,0.00,10.0
"17440 fm 529",0,12,0.00,11.0
"17904 w little york",0,2,0.00,9.5
"17907 kuykendahl rd",0,4,0.00,9.3
"17907 kuykendahl rd spring tx 77379",0,1,0.00,11.0
"18 8 fine men's salons",0,4,0.00,10.0
"18 8 salon the woodlands",0,2,0.00,48.0
"18 8 the woodlands",0,1,0.00,16.0
"18 8 woodlands",0,1,0.00,18.0
"18 8 woodlands reviews",0,10,0.00,6.5
"18/8 fine men's salons - preston hollow village",0,1,0.00,95.0
"180 hair",0,3,0.00,11.0
"180 hair salon",0,1,0.00,6.0
"180 salon",0,3,0.00,5.3
"180 w houston",0,1,0.00,36.0
"1801 s dairy ashford rd, suite a-5 (salon village), houston, tx 77077",0,4,0.00,8.8
"1808 antoine dr",0,5,0.00,11.0
"1815 barber",0,1,0.00,29.0
"18311 clay rd houston tx 77084",0,1,0.00,25.0
"1832 wirt rd houston tx 77055",0,1,0.00,8.0
"18420 fm 529",0,3,0.00,10.0
"1900 strawberry rd pasadena tx",0,1,0.00,12.0
"19005 fm 529",0,1,0.00,40.0
"1901 galveston rd houston tx 77012",0,3,0.00,6.3
"1923 barber",0,8,0.00,10.6
"1923 barber shop",0,1,0.00,8.0
"1926 el dorado boulevard",0,1,0.00,12.0
"19507 north freeway",0,2,0.00,50.0
"1960 beauty supply",0,3,0.00,27.3
"1b beauty supply",0,6,0.00,4.7
"1nicecut",0,2,0.00,9.0
"1st & 10 barber shop",0,1,0.00,10.0
"1st academy of beauty",0,11,0.00,8.8
"1st and 10 barber",0,1,0.00,8.0
"1st and 10 barber shop",0,3,0.00,13.0
"1st class barbershop",0,1,0.00,45.0
"1st hair by lena",0,37,0.00,4.2
"1st hair by lena (call to book appointments, walk-ins are also welcome)",0,1,0.00,8.0
"1st hair by lena (call to book appointments, walk-ins are also welcome) photos",0,3,0.00,7.3
"1st hair by lena reviews",0,70,0.00,5.7
"2 blends deer park",0,21,0.00,8.3
"2 blendz",0,10,0.00,7.1
"2 blendz barber shop",0,2,0.00,15.5
"2 blendz deer park",0,4,0.00,10.5
"2 blendz reviews",0,4,0.00,7.8
"2 blendz spencer",0,4,0.00,9.3
"2 each its own salon",0,4,0.00,5.0
"2 fresh",0,1,0.00,67.0
"2 relentless",0,4,0.00,7.3
"2 relentless barbershop",0,1,0.00,11.0
"20 barber shop",0,1,0.00,10.0
"2000 cuts salon",0,9,0.00,5.8
"2000 haircut",0,1,0.00,1.0
"2000 reflection bay dr",0,15,0.00,9.3
"2000 reflection bay drive pearland tx",0,6,0.00,10.3
"2000s hair salon",0,1,0.00,7.0
"201 harwood rd bedford tx 76021",0,1,0.00,10.0
"202 beauty lounge",0,14,0.00,6.6
"202 beauty lounge photos",0,3,0.00,6.3
"202 beauty lounge reviews",0,13,0.00,5.0
"202 beauty lounge waco",0,6,0.00,7.8
"202 salon",0,7,0.00,5.7
"2020 cuts",0,7,0.00,10.4
"2026",0,1,0.00,2.0
"20260 katy freeway",0,3,0.00,9.3
"20260 katy fwy katy tx 77449",0,1,0.00,9.0
"2030 gessner rd houston tx 77080",0,12,0.00,10.3
"2046 cypress creek pkwy",0,1,0.00,7.0
"209 salon",0,4,0.00,7.0
"209 salon and extensions studio",0,1,0.00,7.0
"209 salon and extensions studio mckinney",0,4,0.00,5.5
"209 salon mckinney",0,7,0.00,8.4
"209 salon mckinney tx",0,4,0.00,8.0
"209 salon prosper",0,1,0.00,38.0
"209 salon reviews",0,2,0.00,8.0
"20twenty barbershop",0,2,0.00,22.0
"2100 travis street houston tx 77002",0,1,0.00,47.0
"2101 chihuahua st",0,7,0.00,8.6
"2101 smith st houston tx 77002",0,1,0.00,11.0
"2111 spring cypress rd, spring, tx 77388",0,1,0.00,55.0
"212 barber",0,1,0.00,41.0
"21777 merchants way, katy, tx 77449",0,1,0.00,13.0
"21803 morton rd",0,32,0.00,10.3
"21803 morton rd katy tx 77449",0,45,0.00,9.0
"22 hair",0,7,0.00,8.3
"22 hair salon",0,120,0.00,3.6
"22 hair salon houston",0,13,0.00,5.8
"22 hair salon photos",0,9,0.00,6.8
"22 hair salon 明利",0,38,0.00,4.5
"22 hair salon 明利 photos",0,8,0.00,7.3
"22 haircut",0,1,0.00,8.0
"22 salon",0,6,0.00,3.5
"22 salon houston",0,2,0.00,8.5
"22"" hair",0,1,0.00,2.0
"220 s wayside dr",0,2,0.00,10.5
"220 s wayside dr houston tx 77011",0,1,0.00,11.0
"2200 edwards st",0,4,0.00,22.8
"2200 edwards st houston tx 77007",0,1,0.00,11.0
"2200 edwards street houston tx",0,1,0.00,14.0
"2215 cypress creek pkwy",0,25,0.00,6.5
"2215 cypress creek pkwy houston tx 77090",0,8,0.00,6.1
"2220 commerce st",0,5,0.00,10.2
"2222 n prairie creek rd",0,3,0.00,7.7
"22619 aldine westfield rd",0,1,0.00,10.0
"22hair",0,1,0.00,12.0
"23135 morton ranch rd",0,1,0.00,10.0
"2390 central blvd brownsville tx",0,1,0.00,10.0
"24 hour beauty supply",0,2,0.00,1.0
"24 hour beauty supply near me",0,2,0.00,3.0
"24 hr beauty supply",0,1,0.00,1.0
"24 hr beauty supply store",0,2,0.00,7.0
"24/7 barbershop",0,1,0.00,47.0
"24/7 beauty supply",0,1,0.00,20.0
"2410 e riverside dr",0,1,0.00,10.0
"2410 e riverside dr austin tx 78741",0,1,0.00,9.0
"2420 texas parkway",0,4,0.00,7.8
"2425 w walnut st garland tx",0,1,0.00,44.0
"2440 b south stemmons freeway, lewisville, tx 75067",0,2,0.00,10.0
"24551 katy fwy, houston, tx 77094",0,1,0.00,11.0
"24826 morton ranch rd",0,3,0.00,9.3
"249 beauty college",0,48,0.00,8.8
"249 beauty college reviews",0,3,0.00,9.3
"24hr beauty supply",0,3,0.00,1.0
"2509 washington ave",0,6,0.00,4.5
"2549 s king rd",0,1,0.00,10.0
"25719 northwest freeway",0,1,0.00,10.0
"2602a eldridge parkway south, houston tx 77082",0,5,0.00,10.6
"2611 cypress creek pkwy",0,3,0.00,8.7
"2643 winrock blvd",0,16,0.00,7.1
"2643 winrock blvd houston tx",0,1,0.00,9.0
"2715 e del mar",0,1,0.00,25.0
"2808 milam st houston tx 77006",0,1,0.00,9.0
"281-498-4615",0,3,0.00,11.7
"2815296295",0,72,0.00,1.0
"2850 wallingford dr",0,15,0.00,8.4
"2850 wallingford dr houston tx 77042",0,5,0.00,9.6
"2854 34th st lubbock tx",0,8,0.00,8.8
"2855 mangum rd",0,1,0.00,5.0
"2855 mangum rd houston tx 77092",0,5,0.00,10.0
"2855 mangum road houston tx 77092",0,3,0.00,16.7
"2857 katy freeway",0,1,0.00,10.0
"2857 katy freeway ulta",0,8,0.00,8.6
"2870 gessner rd",0,1,0.00,15.0
"290 barber supply",0,29,0.00,4.7
"290 barber supply houston",0,16,0.00,4.6
"2900 herbert st dallas tx",0,5,0.00,10.8
"2910 s beckley ave",0,1,0.00,19.0
"2923 macarthur view san antonio tx 78217",0,1,0.00,21.0
"2964 w wheatland rd",0,2,0.00,10.0
"2blendz",0,22,0.00,7.9
"2girls1brush beauty reviews",0,10,0.00,10.1
"3 barbers",0,1,0.00,11.0
"3 bellas",0,1,0.00,14.0
"3 bs barber",0,1,0.00,8.0
"3 dimensions barbershop",0,1,0.00,6.0
"3 edge salon",0,1,0.00,22.0
"30 degree barber shop",0,1,0.00,21.0
"3025 kirby drive",0,6,0.00,10.0
"3025 kirby drive houston tx 77098",0,10,0.00,10.4
"3030 thousand oaks",0,2,0.00,9.0
"3030 thousand oaks dr",0,1,0.00,10.0
"3046 lavon dr garland tx",0,1,0.00,21.0
"3046 lavon dr garland tx 75040",0,1,0.00,19.0
"3055 sage rd houston tx 77056",0,1,0.00,21.0
"313 rankin rd",0,2,0.00,10.5
"32 degree",0,4,0.00,2.8
"32 degrees",0,66,0.00,4.9
"32 degrees barbershop",0,3,0.00,19.3
"3207 greenhouse rd",0,3,0.00,8.0
"321 barber",0,2,0.00,46.5
"3242 grand ave oakland ca",0,2,0.00,8.5
"32degrees",0,3,0.00,5.3
"3317 finley rd irving tx 75062",0,1,0.00,18.0
"3327 cypress creek pkwy",0,13,0.00,3.3
"3403 cypress creek parkway",0,4,0.00,6.0
"34th street barber shop",0,4,0.00,8.3
"3503 s sam houston pkwy e",0,5,0.00,9.6
"360 beauty academy",0,11,0.00,15.1
"360 beauty salon",0,1,0.00,5.0
"360 beauty spa",0,1,0.00,5.0
"360 color bar",0,1,0.00,36.0
"360 colour bar",0,1,0.00,8.0
"360 degree hair salon",0,1,0.00,8.0
"360 degree hair studio",0,1,0.00,47.0
"360 degree salon",0,1,0.00,6.0
"360 degrees beauty academy",0,6,0.00,10.7
"360 degrees beauty academy #1",0,14,0.00,8.9
"360 degrees beauty academy #1 reviews",0,16,0.00,9.3
"360 degrees beauty academy 1",0,1,0.00,61.0
"360 degrees hair studio",0,1,0.00,48.0
"360 glam",0,1,0.00,4.0
"360 glam babe hair co",0,7,0.00,7.4
"360 glam babe hair co reviews",0,4,0.00,3.8
"360 hair salon",0,5,0.00,9.8
"360 hair studio",0,1,0.00,10.0
"360 hair studio houston",0,3,0.00,12.7
"360 pro beauty",0,9,0.00,7.6
"360 salon",0,4,0.00,8.0
"360 the colour bar salon",0,1,0.00,5.0
"360 the colour bar salon reviews",0,1,0.00,6.0
"360glambabe",0,2,0.00,9.0
"3648 cypress creek pkwy",0,3,0.00,20.3
"365 hair salon",0,1,0.00,5.0
"365 mini salon",0,7,0.00,9.1
"365 mini salon reviews",0,39,0.00,9.7
"365 mini salon russian manicure, nail studio, nail salons near me, houston tx",0,4,0.00,10.3
"365 salon",0,2,0.00,9.5
"369 barbershop",0,1,0.00,3.0
"3701 w alabama st",0,2,0.00,18.5
"3703 irvington blvd",0,5,0.00,9.4
"3724 fm 1960",0,1,0.00,11.0
"3727 dilido rd",0,1,0.00,18.0
"3753 mission ave oceanside ca 92058",0,1,0.00,38.0
"3901 bellaire blvd",0,22,0.00,10.2
"3915 san pedro ave san antonio tx 78212",0,1,0.00,11.0
"3918 aldine",0,1,0.00,5.0
"3930 ego",0,10,0.00,8.1
"3930 ego salon",0,3,0.00,10.7
"3d bella",0,1,0.00,39.0
"3d lashes",0,1,0.00,8.0
"3d makeover beauty salon",0,2,0.00,16.0
"3rd coast salon",0,1,0.00,5.0
"3rd ward finest kutz",0,2,0.00,11.5
"3x xpression braiding hair",0,1,0.00,1.0
"4 him barbershop",0,2,0.00,13.5
"4 u hair salon",0,3,0.00,3.0
"4 u salon",0,3,0.00,2.0
"4.0 cuts",0,2,0.00,9.0
"40 fm 1960 w",0,3,0.00,7.0
"404 university dr e",0,3,0.00,10.3
"409 barber studio",0,1,0.00,6.0
"409 barbershop",0,6,0.00,5.7
"411 broadway ave dallas tx 75212",0,1,0.00,25.0
"412 n sam houston pkwy e",0,7,0.00,10.1
"4135 belt line rd",0,1,0.00,33.0
"415 westheimer rd #210 houston tx 77006 713 523 6905 salon",0,1,0.00,10.0
"4201 cypress creek 77068",0,1,0.00,10.0
"4343 telephone rd",0,10,0.00,9.0
"4343 telephone rd suite a houston tx 77087",0,9,0.00,5.8
"4343 telephone rd, houston, tx 77087",0,10,0.00,5.6
"440 s vermont ave",0,1,0.00,9.0
"45 and edgebrook houston tx",0,2,0.00,35.0
"4642 kostoryz",0,1,0.00,18.0
"4654 hwy 6 n 77084",0,1,0.00,11.0
"4710 n cedar ave fresno ca",0,1,0.00,11.0
"4715 hwy 6 north",0,3,0.00,7.0
"4800 preston park blvd plano tx 75093",0,1,0.00,11.0
"485 e wetmore st manteca ca",0,1,0.00,18.0
"489 pearl st beaumont tx",0,5,0.00,8.6
"4928 fulton",0,1,0.00,19.0
"4him barbershop",0,33,0.00,6.9
"4u beauty",0,3,0.00,12.0
"4u beauty supply",0,2,0.00,4.0
"4ubeauty",0,1,0.00,11.0
"5 star barber",0,3,0.00,18.3
"5 star barber academy",0,12,0.00,5.6
"5 star barber shop",0,1,0.00,1.0
"5 star barbershop",0,1,0.00,6.0
"5 star beauty",0,2,0.00,6.0
"5 star fadez",0,2,0.00,23.0
"5 star salon",0,3,0.00,2.3
"50/50 barber",0,1,0.00,61.0
"5002 s lake houston pkwy houston tx 77049",0,1,0.00,2.0
"501 barber shop",0,1,0.00,53.0
"5016 allen st",0,2,0.00,9.5
"5022 hwy 90 alt, sugar land",0,1,0.00,66.0
"504 barber shop",0,2,0.00,23.0
"504 hair salon",0,2,0.00,10.0
"504 salon",0,2,0.00,8.0
"505 barber",0,1,0.00,6.0
"505 barber studio",0,11,0.00,8.9
"505 barbershop",0,1,0.00,7.0
"51 hair salon",0,1,0.00,11.0
"511 mason rd katy tx",0,4,0.00,6.3
"5128688079",0,4,0.00,8.5
"5140 richmond avenue",0,4,0.00,9.3
"5145 lake ridge pkwy",0,1,0.00,44.0
"518 barber shop",0,1,0.00,6.0
"5205 fredericksburg rd",0,2,0.00,23.0
"5225 w san fernando rd, los angeles, ca 90039",0,5,0.00,8.0
"5250 paredes line rd",0,1,0.00,9.0
"530 wells fargo dr 77090",0,1,0.00,23.0
"5400 pinemont dr",0,7,0.00,10.7
"5404 almeda houston tx 77004",0,2,0.00,9.0
"5404 almeda rd",0,34,0.00,7.0
"5404 almeda rd houston tx 77004",0,4,0.00,8.5
"5404 almeda rd, houston, tx 77004",0,1,0.00,9.0
"5404 almeda road houston tx 77004",0,1,0.00,7.0
"5413 aldine bender rd",0,18,0.00,8.2
"5455 allendale rd",0,10,0.00,10.7
"555 hair salon",0,1,0.00,7.0
"555 salon",0,3,0.00,7.0
"5609 uvalde rd",0,1,0.00,8.0
"5609 uvalde rd houston tx 77049",0,1,0.00,10.0
"562 barber shop",0,1,0.00,12.0
"562 barber supply",0,17,0.00,4.5
"5635 telephone rd",0,24,0.00,9.4
"57 barber shop",0,1,0.00,33.0
"5701 bingle rd",0,10,0.00,10.4
"5701 bingle rd houston tx 77092",0,12,0.00,10.2
"5757 westheimer rd houston tx 77057",0,1,0.00,11.0
"5800 uvalde houston tx 77049",0,2,0.00,12.0
"5800 uvalde rd houston tx 77049",0,1,0.00,9.0
"5800 uvalde road houston tx 77049",0,2,0.00,9.0
"5900 elm st houston tx 77081",0,3,0.00,6.7
"5909 scott st houston tx 77021",0,2,0.00,10.0
"5909 scott street",0,14,0.00,9.5
"5910 scott st",0,1,0.00,11.0
"5911 university ave",0,1,0.00,8.0
"5950 fm 1960",0,8,0.00,6.9
"5999 custer rd #105, frisco, tx 75035",0,1,0.00,11.0
"59th street barber shop",0,22,0.00,10.5
"5d salon",0,1,0.00,50.0
"5th st barber shop",0,2,0.00,8.0
"5th street barber shop",0,2,0.00,7.0
"60/40 commission split salon",0,2,0.00,30.5
"60d galvanized nails",0,1,0.00,14.0
"610 and lockwood",0,9,0.00,10.0
"610 beauty supply",0,50,0.00,7.1
"6111 fm 1960",0,18,0.00,9.7
"6125 fm 1960 rd w",0,13,0.00,10.2
"6240 bissonnet st houston tx 77081",0,13,0.00,6.4
"6306 fairbanks n houston",0,1,0.00,9.0
"6340 spencer hwy pasadena tx",0,3,0.00,8.7
"6465 calder ave, beaumont, tx 77706",0,3,0.00,12.0
"6518 brittmoore rd",0,6,0.00,10.0
"6520 polaris drive laredo tx",0,2,0.00,10.5
"6580 southwest freeway",0,1,0.00,10.0
"6580 southwest fwy houston tx 77074",0,1,0.00,7.0
"66 hair salon",0,1,0.00,9.0
"66 haircut barbershop",0,1,0.00,2.0
"6601 hillcroft st houston tx 77081",0,8,0.00,10.5
"6603 spring stuebner rd",0,1,0.00,10.0
"6603 spring stuebner rd spring tx 77389",0,1,0.00,10.0
"6611 bissonnet st houston tx 77074",0,4,0.00,8.8
"6633 hillcroft",0,1,0.00,11.0
"6633 hillcroft st houston tx 77081",0,12,0.00,11.0
"67 barber",0,1,0.00,4.0
"67 barber shop",0,1,0.00,14.0
"6700 alma rd suite 100, mckinney, tx 75070",0,7,0.00,11.1
"6780 abrams rd",0,1,0.00,23.0
"6810 ruben torres brownsville tx",0,3,0.00,9.0
"6817 homestead",0,2,0.00,10.0
"6818 barbershop",0,18,0.00,8.0
"6848 spencer hwy",0,1,0.00,7.0
"691 e business 77 san benito tx 78586",0,6,0.00,7.3
"6920 cypress creek pkwy",0,1,0.00,30.0
"6935 cypress creek pkwy",0,4,0.00,8.3
"6935 fm 1960",0,1,0.00,10.0
"6bes",0,41,0.00,8.4
"6bes barbershop",0,7,0.00,7.0
"6element barbershop",0,1,0.00,49.0
"7 beauty supply",0,1,0.00,9.0
"7 fades barbershop",0,1,0.00,31.0
"7 qi ao",0,3,0.00,5.0
"7 qi ao salon",0,19,0.00,8.4
"7 qi ao salon photos",0,14,0.00,7.8
"7 qi ao salon reviews",0,31,0.00,9.6
"7-65 igora vibrance",0,1,0.00,6.0
"7.99 haircut 1960",0,1,0.00,1.0
"7019 boone rd",0,2,0.00,8.5
"7030 addicks clodine houston tx 77083",0,3,0.00,9.0
"707 hair factory",0,1,0.00,84.0
"713-492-4243",0,4,0.00,11.5
"717 barber",0,1,0.00,20.0
"717 barber studio",0,1,0.00,35.0
"717 barbershop",0,1,0.00,52.0
"719 s cockrell hill rd",0,3,0.00,10.3
"719 s cockrell hill rd duncanville tx 75137",0,2,0.00,11.0
"720 collective",0,1,0.00,9.0
"7210 lawndale st",0,1,0.00,10.0
"7219 fairmont pkwy",0,1,0.00,25.0
"7303 breen dr",0,2,0.00,14.0
"7310 bowie street houston tx 77012",0,2,0.00,11.0
"7310 bowie street, houston, tx 77012",0,1,0.00,12.0
"734 se military dr",0,28,0.00,10.4
"734 se military dr san antonio tx 78214",0,1,0.00,12.0
"737 barbershop",0,19,0.00,11.1
"737 barbershop reviews",0,13,0.00,5.2
"77068",0,1,0.00,2.0
"77070",0,1,0.00,1.0
"7765 9th ave port arthur tx",0,7,0.00,10.1
"786 barber",0,1,0.00,3.0
"786 barber studio",0,7,0.00,4.0
"786 barber studio webster",0,2,0.00,7.5
"786 barber studio webster reviews",0,5,0.00,4.4
"7871 westminster blvd westminster ca",0,1,0.00,9.0
"7fades",0,4,0.00,10.8
"7fades barbershop",0,1,0.00,7.0
"7fades reviews",0,3,0.00,7.3
"80 salon",0,1,0.00,36.0
"806 barber",0,1,0.00,26.0
"806 barber & beauty",0,1,0.00,36.0
"806 barber and beauty",0,4,0.00,12.5
"806 e airtex dr",0,3,0.00,8.3
"806 east airtex drive houston",0,22,0.00,7.0
"8103 airline dr houston tx 77037",0,2,0.00,9.5
"812112 - beauty salons",0,3,0.00,87.7
"8130 kirby dr",0,1,0.00,10.0
"824 broadway san antonio tx",0,1,0.00,9.0
"8261 richmond ave",0,1,0.00,11.0
"8261 richmond ave houston tx 77063",0,1,0.00,10.0
"8305 almeda genoa rd",0,1,0.00,9.0
"8308 salon",0,1,0.00,11.0
"831 barber supply",0,12,0.00,4.8
"8322305213",0,2,0.00,1.0
"8389 almeda rd",0,1,0.00,8.0
"8401 westheimer rd houston tx 77063",0,2,0.00,14.0
"8405 almeda genoa",0,1,0.00,13.0
"8433 fm 1464 richmond tx 77407",0,1,0.00,20.0
"8501 long point rd houston tx 77055",0,1,0.00,11.0
"8501 s sam houston pkwy e houston tx 77075",0,4,0.00,18.5
"8511 n houston rosslyn rd",0,6,0.00,11.0
"8511 n houston rosslyn rd houston tx 77088",0,2,0.00,11.0
"8511 north houston rosslyn",0,1,0.00,11.0
"8535 ce king parkway",0,6,0.00,9.5
"8600 wurzbach",0,1,0.00,59.0
"8600 wurzbach rd san antonio tx 78240",0,1,0.00,25.0
"8615 tidwell rd houston tx 77028",0,1,0.00,11.0
"8616 cullen blvd",0,17,0.00,5.8
"875 dnd gel polish",0,1,0.00,6.0
"8795 antoine dr",0,1,0.00,10.0
"8795 antoine dr houston tx 77088",0,6,0.00,8.3
"88 blendz surprise",0,1,0.00,17.0
"88 cent store",0,1,0.00,10.0
"8811 westheimer rd",0,7,0.00,9.3
"8821 antoine dr houston tx 77088",0,1,0.00,55.0
"89 beauty school",0,19,0.00,10.3
"89 beauty school reviews",0,4,0.00,11.0
"8904 mesa dr houston tx",0,7,0.00,6.3
"9 to 9 beauty supply",0,3,0.00,5.0
"9009 bruton rd dallas tx 75217",0,2,0.00,6.5
"901 hair salon",0,1,0.00,1.0
"901 salon",0,55,0.00,4.8
"901 salon & boutique",0,173,0.00,5.7
"901 salon and boutique",0,10,0.00,3.1
"903 barber shop",0,3,0.00,11.7
"903 cuts",0,19,0.00,10.1
"903 cutz",0,4,0.00,10.0
"903 cutz reviews",0,34,0.00,8.5
"903cutz",0,2,0.00,12.0
"903cutz reviews",0,95,0.00,9.0
"9050 viscount el paso tx",0,1,0.00,11.0
"90713",0,1,0.00,3.0
"9110 jones rd",0,1,0.00,26.0
"9127 cullen blvd houston tx",0,1,0.00,10.0
"91303 zip",0,1,0.00,42.0
"91601-1",0,1,0.00,63.0
"919 hunter dr el paso tx 79915",0,2,0.00,53.0
"919 northwood dr baytown tx 77521",0,18,0.00,10.1
"9241: search analytics",0,1,0.00,11.0
"9436 n houston rosslyn rd",0,13,0.00,6.5
"951 barber shop",0,1,0.00,8.0
"951 barbershop",0,24,0.00,9.9
"95128",0,1,0.00,6.0
"9515 broadway st",0,1,0.00,49.0
"9660 fallbrook dr",0,1,0.00,10.0
"9660 fallbrook dr, houston, tx",0,5,0.00,10.6
"9660 fallbrook dr, houston, tx 77064",0,2,0.00,8.0
"9730 katy freeway",0,1,0.00,21.0
"9801 anderson mill rd",0,1,0.00,14.0
"9889 bellaire blvd, suite 320, houston, tx 77036",0,2,0.00,9.0
"99 beauty",0,1,0.00,45.0
"99 cent hair store",0,1,0.00,5.0
"9salon",0,1,0.00,50.0
"@222anahi",0,1,0.00,10.0
"@alexbarber",0,1,0.00,5.0
"a & a hair salon",0,1,0.00,9.0
"a & b hair salon",0,2,0.00,9.0
"a & d hair salon",0,3,0.00,16.0
"a & e beauty supplies",0,1,0.00,9.0
"a & g salon",0,1,0.00,37.0
"a & i hair salon",0,1,0.00,5.0
"a & k beauty supply & discount store",0,1,0.00,15.0
"a & n hair salon",0,1,0.00,3.0
"a & r barbershop",0,1,0.00,4.0
"a & r beauty",0,1,0.00,6.0
"a & r beauty supply",0,1,0.00,27.0
"a 1 beauty supply store",0,1,0.00,32.0
"a 1 hair store",0,2,0.00,18.5
"a and a hair salon",0,1,0.00,8.0
"a and a salon",0,2,0.00,5.0
"a and b beauty salon",0,2,0.00,1.0
"a and co salon",0,1,0.00,5.0
"a and d hair salon",0,6,0.00,10.2
"a and d salon",0,1,0.00,10.0
"a and e beauty",0,8,0.00,9.4
"a and e beauty supply",0,91,0.00,8.4
"a and g hair salon",0,1,0.00,30.0
"a and g nails",0,1,0.00,5.0
"a and h salon",0,1,0.00,2.0
"a and k beauty supply",0,1,0.00,25.0
"a and m barber academy",0,3,0.00,9.3
"a beauty",0,2,0.00,53.0
"a better ce cosmetology",0,2,0.00,35.0
"a cortar barbershop",0,2,0.00,9.0
"a cut above barbershop",0,12,0.00,11.5
"a cut above beauty salon",0,1,0.00,5.0
"a cut above the rest north san bernardino",0,2,0.00,7.0
"a cut above weslaco tx",0,1,0.00,25.0
"a la moda barbershop",0,6,0.00,9.7
"a list barbershop",0,2,0.00,48.5
"a n a salon",0,1,0.00,21.0
"a n salon",0,2,0.00,27.5
"a new look hair salon",0,4,0.00,15.0
"a one beauty supply",0,1,0.00,22.0
"a otro nivel barber shop",0,1,0.00,6.0
"a plus beauty academy",0,7,0.00,8.1
"a qué hora cierra sally",0,2,0.00,11.0
"a salon",0,4,0.00,5.5
"a salon and spa",0,2,0.00,14.0
"a salons",0,1,0.00,57.0
"a shaving grace barber shop",0,1,0.00,61.0
"a shaving grace barber shop katy",0,18,0.00,6.7
"a shaving grace barber shop pearland",0,6,0.00,11.3
"a shaving grace barber shop reviews",0,1,0.00,20.0
"a shaving grace pearland",0,18,0.00,10.2
"a shaving grace pearland reviews",0,11,0.00,5.5
"a terrible beauty store",0,1,0.00,3.0
"a touch of beauty",0,1,0.00,8.0
"a touch of class manicure school",0,2,0.00,7.5
"a touch of class manicure school photos",0,2,0.00,10.5
"a touch of heaven salon",0,2,0.00,14.5
"a touch of jazz barbershop",0,2,0.00,40.0
"a touch of magic hair salon",0,3,0.00,7.7
"a touch of magic hair salon photos",0,1,0.00,6.0
"a unique barber shop",0,1,0.00,10.0
"a unique barbershop",0,13,0.00,12.8
"a vibe called hair",0,42,0.00,1.5
"a vibe called hair - houston walk in hair salon offering extensions & silk press photos",0,10,0.00,8.1
"a vibe called hair photos",0,3,0.00,10.0
"a vibe called hair reviews",0,10,0.00,6.2
"a wild hair salon bryan tx",0,5,0.00,10.8
"a wild hair salon college station",0,4,0.00,7.8
"a&a hair salon",0,1,0.00,6.0
"a&a hairloft",0,1,0.00,52.0
"a&a salon",0,1,0.00,6.0
"a&c hair company",0,1,0.00,60.0
"a&d barber shop",0,1,0.00,2.0
"a&d beauty salon",0,4,0.00,6.5
"a&d beauty supply",0,1,0.00,7.0
"a&d hair salon",0,8,0.00,7.0
"a&d salon",0,3,0.00,11.7
"a&e beauty",0,8,0.00,7.6
"a&e beauty supply",0,119,0.00,8.8
"a&e beauty supply pearland",0,61,0.00,8.5
"a&e beauty supply pearland tx",0,2,0.00,9.5
"a&e beauty supply photos",0,3,0.00,6.3
"a&e beauty supply reviews",0,30,0.00,9.1
"a&e hair salon",0,1,0.00,10.0
"a&e stores",0,1,0.00,10.0
"a&f hair salon",0,1,0.00,3.0
"a&h beauty salon",0,1,0.00,39.0
"a&h hair salon",0,1,0.00,26.0
"a&h salon",0,1,0.00,4.0
"a&m barber",0,1,0.00,10.0
"a&m barber academy",0,25,0.00,8.7
"a&m barber academy fort worth",0,12,0.00,10.3
"a&m barber lounge",0,2,0.00,8.0
"a&m barbershop the classic",0,1,0.00,10.0
"a&m barbershop the classic reviews",0,2,0.00,11.5
"a&n beauty salon",0,4,0.00,9.0
"a&n hair salon",0,1,0.00,35.0
"a&r barber",0,7,0.00,10.9
"a&r barber shop",0,3,0.00,5.7
"a&r beauty supply",0,5,0.00,7.2
"a&r gentlemen's barbershop",0,7,0.00,5.3
"a&r hair salon",0,3,0.00,8.7
"a&r salon",0,2,0.00,8.5
"a&r scissors",0,3,0.00,9.3
"a&s hair",0,1,0.00,8.0
"a&s hair salon",0,2,0.00,4.5
"a&t salon",0,1,0.00,45.0
"a's barber shop",0,1,0.00,12.0
"a's barber studio",0,1,0.00,13.0
"a-1 beauty supply",0,2,0.00,16.0
"a-1 cuts",0,6,0.00,7.3
"a-beauty",0,5,0.00,43.4
"a-list barbershop",0,1,0.00,38.0
"a-n-h salon houston",0,15,0.00,3.9
"a-n-h salon reviews",0,37,0.00,4.1
"a-unique barbershop",0,7,0.00,12.0
"a1 barber",0,1,0.00,8.0
"a1 barber shop",0,2,0.00,11.5
"a1 barber supply",0,3,0.00,7.0
"a1 barbers",0,2,0.00,12.0
"a1 barbershop",0,1,0.00,11.0
"a1 beauty",0,3,0.00,9.3
"a1 beauty supplies",0,1,0.00,27.0
"a1 beauty supply",0,24,0.00,7.1
"a1 beauty supply inc photos",0,1,0.00,11.0
"a1 cuts",0,1,0.00,7.0
"a1 cuts barbershop",0,2,0.00,6.5
"a1 cutz barbershop",0,2,0.00,5.0
"a1 fadez",0,1,0.00,5.0
"a1 hair store",0,1,0.00,13.0
"a1 haircut",0,1,0.00,9.0
"a1 shop near me",0,1,0.00,4.0
"a9 salon",0,4,0.00,65.0
"aa beauty plus",0,1,0.00,40.0
"aa hair salon",0,1,0.00,7.0
"aa salon",0,1,0.00,8.0
"aaa beauty college",0,33,0.00,7.8
"aaa beauty college reviews",0,5,0.00,6.2
"aaa beauty school",0,1,0.00,8.0
"aalam salon frisco",0,1,0.00,15.0
"aalam salon frisco reviews",0,4,0.00,6.5
"aalam the salon",0,3,0.00,3.3
"aalon centric",0,1,0.00,7.0
"aan dora salon",0,1,0.00,26.0
"aandora salon",0,1,0.00,38.0
"aaron beauty",0,1,0.00,6.0
"aaron salon",0,2,0.00,12.0
"aaron styles fort worth",0,1,0.00,1.0
"aaron's beauty salon",0,2,0.00,6.5
"aaron's salon",0,1,0.00,7.0
"aarons hair salon",0,1,0.00,12.0
"aarons salon",0,2,0.00,28.0
"aarti beauty salon",0,26,0.00,6.9
"aarti salon",0,9,0.00,7.3
"ab fadez",0,15,0.00,7.3
"ab wg shop",0,2,0.00,8.5
"ab-wg shop",0,1,0.00,12.0
"aba beauty",0,1,0.00,14.0
"aba hair salon",0,2,0.00,4.5
"aba salon",0,27,0.00,3.7
"aba salons",0,22,0.00,5.5
"abbey beauty supply",0,1,0.00,44.0
"abbs barber",0,3,0.00,10.0
"abbs barbershop",0,1,0.00,10.0
"abby rose hair salon",0,1,0.00,37.0
"abby rose hairdresser",0,1,0.00,48.0
"abc barber shop",0,3,0.00,9.0
"abc barbershop",0,1,0.00,11.0
"abc beauty academy",0,4,0.00,9.8
"abc cosmetology",0,1,0.00,10.0
"abc cosmetology school",0,1,0.00,12.0
"abc school of cosmetology",0,1,0.00,10.0
"abelia salon",0,1,0.00,27.0
"abella salon",0,1,0.00,2.0
"abes fades",0,35,0.00,7.2
"abes fades barber academy",0,1,0.00,9.0
"abes salon",0,1,0.00,8.0
"abesfades",0,12,0.00,6.3
"abilene barber academy",0,37,0.00,5.9
"abilene cosmetology",0,1,0.00,31.0
"abilene cosmetology school",0,1,0.00,33.0
"abis hair salon",0,4,0.00,7.5
"abliss beauty bar",0,11,0.00,8.6
"about unisex salon",0,1,0.00,61.0
"above all barber shop",0,10,0.00,6.6
"above all barbershop fresno",0,4,0.00,10.0
"above the rest academy",0,6,0.00,9.7
"above the rest barber",0,2,0.00,9.5
"above the rest barber and beauty salon llc",0,6,0.00,9.3
"above the rest barber shop",0,7,0.00,19.4
"above the rest barbering & cosmetology academy",0,7,0.00,9.7
"above the rest barbershop",0,23,0.00,8.7
"abrams beauty supply",0,9,0.00,6.0
"abrams hair & beauty supply",0,6,0.00,5.0
"abril salon",0,2,0.00,6.5
"abs barberstudio 5.0 abbs fontana reviews",0,3,0.00,11.0
"academy barber",0,1,0.00,10.0
"academy barber college",0,1,0.00,7.0
"academy barber school",0,1,0.00,11.0
"academy barber shop",0,1,0.00,1.0
"academy hair",0,1,0.00,12.0
"academy haircut",0,1,0.00,7.0
"academy in ca modesto",0,2,0.00,45.5
"academy in california modesto",0,2,0.00,56.0
"academy memorial",0,1,0.00,3.0
"academy of aesthetics and laser",0,23,0.00,8.3
"academy of career training",0,1,0.00,66.0
"academy of cosmetology lubbock",0,4,0.00,17.0
"academy of hair design",0,2,0.00,11.0
"academy of hair design son",0,1,0.00,15.0
"academy of skin and beauty reviews",0,4,0.00,21.0
"academy skin care",0,2,0.00,50.5
"academy skincare",0,1,0.00,15.0
"acc cosmetology",0,2,0.00,6.5
"accente salon",0,1,0.00,11.0
"accents barbershop",0,3,0.00,7.7
"accredited cosmetology schools near me",0,1,0.00,34.0
"ace academy",0,3,0.00,7.3
"ace academy llc",0,1,0.00,6.0
"ace barber",0,1,0.00,10.0
"ace barbershop",0,3,0.00,9.7
"ace beauty academy",0,1,0.00,10.0
"ace of fades",0,10,0.00,6.8
"ace of fades barberhouse katy",0,2,0.00,11.5
"ace of fades barberhouse katy reviews",0,8,0.00,10.3
"ace of fades katy",0,2,0.00,11.5
"ace of fades palmdale",0,24,0.00,7.2
"ace of fadez",0,3,0.00,9.7
"ace of fadz",0,2,0.00,10.0
"aces & eights barber shop",0,2,0.00,12.0
"aces and eights barber shop",0,1,0.00,8.0
"aces and eights barber shop reviews",0,14,0.00,8.2
"aces and eights barbershop",0,1,0.00,17.0
"aco hair salon",0,1,0.00,11.0
"acortar barbershop",0,2,0.00,15.0
"acres home barber college",0,31,0.00,4.9
"acres homes barber college",0,43,0.00,8.6
"acrylic liquid near me",0,1,0.00,17.0
"acrylic monomer",0,1,0.00,5.0
"acrylic monomer near me",0,1,0.00,16.0
"acrylic powder near me",0,1,0.00,11.0
"active barbers",0,1,0.00,61.0
"ad barber shop",0,1,0.00,7.0
"ad barbershop",0,7,0.00,8.6
"ad barbershop katy",0,5,0.00,7.8
"adair hair salon",0,2,0.00,5.0
"adam robles",0,5,0.00,8.6
"adan hair products",0,1,0.00,6.0
"adara",0,1,0.00,1.0
"adara hair",0,2,0.00,7.5
"adara hair & nail salon",0,14,0.00,7.6
"adara hair and nail salon",0,4,0.00,6.5
"adara salon",0,7,0.00,14.1
"adaras salon",0,1,0.00,12.0
"addis salon",0,1,0.00,5.0
"addison 75001",0,1,0.00,62.0
"addison beauty school",0,3,0.00,9.0
"additional requirements for a mobile shop license include",0,2,0.00,12.0
"additional requirements for a mobile shop license include:",0,11,0.00,9.4
"additude nail shop",0,1,0.00,7.0
"additude shop",0,8,0.00,6.1
"address",0,1,0.00,15.0
"adel beauty",0,1,0.00,10.0
"adela beauty salon",0,1,0.00,7.0
"adela hair",0,1,0.00,7.0
"adela hair salon",0,5,0.00,6.2
"adela salon",0,1,0.00,7.0
"adela's beauty salon",0,1,0.00,7.0
"adept style unisex salon",0,1,0.00,53.0
"adi beauty",0,1,0.00,8.0
"adi beauty salon",0,1,0.00,8.0
"adi salon",0,2,0.00,7.0
"adi's",0,2,0.00,5.5
"adi's beauty salon",0,2,0.00,1.0
"adia beauty college",0,58,0.00,7.3
"adira beauty salon",0,1,0.00,6.0
"adis",0,7,0.00,1.3
"adis beauty salon",0,23,0.00,2.9
"adis hair salon",0,3,0.00,2.7
"adis salon",0,3,0.00,16.0
"adolfo's barber shop",0,1,0.00,11.0
"adolph barber shop",0,3,0.00,18.7
"adolph's barber shop",0,4,0.00,23.8
"adolphs",0,1,0.00,4.0
"adolphs barbershop",0,2,0.00,10.5
"adolphus barber",0,7,0.00,9.3
"adolphus barber shop",0,27,0.00,8.9
"adonis barber",0,1,0.00,1.0
"adonis hair salon",0,1,0.00,43.0
"adonis salon",0,1,0.00,36.0
"adonis salon and spa",0,3,0.00,60.3
"adora beauty salon",0,1,0.00,8.0
"adora hair",0,11,0.00,7.0
"adora hair down",0,1,0.00,23.0
"adora hair salon",0,6,0.00,7.0
"adora hair studio",0,3,0.00,9.3
"adora salon and spa",0,1,0.00,51.0
"adora's",0,1,0.00,4.0
"adore beauty salon",0,1,0.00,4.0
"adore hair salon",0,4,0.00,3.8
"adore salon",0,3,0.00,3.7
"adore salon and spa",0,13,0.00,5.7
"adorehair",0,1,0.00,5.0
"adorn beauty salon",0,1,0.00,4.0
"adrian beauty",0,5,0.00,9.0
"adrian beauty college",0,3,0.00,9.3
"adrian beauty college tracy",0,5,0.00,9.4
"adrian hair",0,1,0.00,26.0
"adrian hair design",0,2,0.00,4.0
"adrian salon",0,1,0.00,23.0
"adrian's barber shop",0,2,0.00,10.0
"adrian's beauty college of tracy",0,4,0.00,11.0
"adrian's hair design",0,11,0.00,4.9
"adrian's hair design reviews",0,5,0.00,3.2
"adrian's hair salon",0,7,0.00,7.9
"adrian's salon",0,1,0.00,16.0
"adriana's hair",0,1,0.00,42.0
"adriana's hair salon",0,1,0.00,47.0
"adrians beauty college",0,1,0.00,17.0
"adrians beauty college of tracy",0,2,0.00,13.0
"adrians beauty college of tracy reviews",0,10,0.00,7.9
"adrians beauty college tracy",0,4,0.00,9.5
"adrians beauty college tracy ca",0,3,0.00,9.7
"adrians salon",0,1,0.00,4.0
"adrien hair",0,1,0.00,30.0
"adrienne's hair salon",0,2,0.00,44.0
"advance beauty academy",0,1,0.00,56.0
"advance beauty college",0,1,0.00,29.0
"advance salon",0,1,0.00,30.0
"advanced beauty academy",0,6,0.00,8.2
"advanced beauty academy reviews",0,1,0.00,11.0
"advanced beauty college",0,1,0.00,75.0
"advanced beauty school",0,5,0.00,5.6
"advanced cosmetology school bakersfield",0,1,0.00,27.0
"advanced cosmetology school fresni",0,4,0.00,34.0
"advanced cosmetology school merced",0,2,0.00,15.0
"advanced cosmetology school san antonio",0,2,0.00,53.5
"advanced cosmetology school vacaville",0,2,0.00,37.0
"advanced cosmetology training bakersfield",0,2,0.00,44.0
"advanced cosmetology training san antonio",0,1,0.00,62.0
"advanced esthetician school amarillo",0,4,0.00,36.8
"advanced esthetician school san antonio",0,2,0.00,72.5
"advanced esthetician training san antonio",0,1,0.00,76.0
"advanced hairdressing",0,1,0.00,54.0
"advanced salon concepts",0,1,0.00,48.0
"ady barber",0,15,0.00,8.9
"ady barber and beauty shop",0,12,0.00,8.3
"ady barbershop",0,5,0.00,7.4
"adys beauty salon",0,1,0.00,2.0
"ae beauty",0,4,0.00,11.0
"ae beauty supply",0,13,0.00,9.0
"ae hair care",0,1,0.00,8.0
"ae hair studio",0,1,0.00,2.0
"ae studios",0,1,0.00,8.0
"aebeauty",0,1,0.00,10.0
"aesop",0,8,0.00,4.5
"aesop boutiques",0,1,0.00,3.0
"aesop fillmore",0,33,0.00,9.2
"aesop fillmore street",0,13,0.00,7.5
"aesop fillmore street, 2450 fillmore st, san francisco, ca 94115",0,35,0.00,5.1
"aesop hand soap",0,1,0.00,6.0
"aesop hours",0,1,0.00,6.0
"aesop houston",0,13,0.00,6.2
"aesop jackson square",0,1,0.00,48.0
"aesop locations",0,1,0.00,1.0
"aesop montrose, 1665 westheimer rd suite b, houston, tx 77006",0,33,0.00,1.2
"aesop near me",0,3,0.00,11.0
"aesop near me now",0,1,0.00,8.0
"aesop san francisco",0,4,0.00,19.0
"aesop shop",0,1,0.00,1.0
"aesop store",0,3,0.00,8.7
"aesthetic artistry san antonio",0,1,0.00,20.0
"aesthetic spa jersey village texas",0,47,0.00,29.1
"aesthetic spa jersey village tx",0,54,0.00,23.8
"aesthetic spa klein texas",0,2,0.00,52.5
"aesthetic spa klein tx",0,1,0.00,81.0
"aesthetician school",0,1,0.00,4.0
"aesthetician school near me",0,1,0.00,7.0
"aesthetics hair salon",0,1,0.00,3.0
"aesthetics one",0,1,0.00,30.0
"af beauty",0,1,0.00,11.0
"affectt",0,1,0.00,10.0
"afreezm braiding hair",0,3,0.00,11.0
"afreezm hair",0,1,0.00,8.0
"african american beauty supply near me",0,3,0.00,10.3
"african american beauty supply store near me",0,1,0.00,6.0
"african american hair supply store near me",0,1,0.00,1.0
"african beauty store near me",0,3,0.00,5.0
"african beauty stores near me",0,1,0.00,1.0
"african beauty supply near me",0,4,0.00,7.0
"african beauty supply store",0,2,0.00,24.0
"african beauty supply store near me",0,1,0.00,6.0
"african beauty supply stores near me",0,1,0.00,1.0
"african braid shop",0,1,0.00,1.0
"african braiding beaumont tx",0,2,0.00,16.5
"african braiding houston",0,1,0.00,1.0
"african braiding near me",0,3,0.00,2.0
"african braiding shop near me",0,1,0.00,5.0
"african braids hairstyles near me",0,1,0.00,1.0
"african braids near me",0,1,0.00,5.0
"african hair braiding near me",0,1,0.00,5.0
"african hair braiding tyler tx",0,1,0.00,3.0
"african hair products shop near me",0,1,0.00,6.0
"african hair salon near me",0,1,0.00,21.0
"african loctician near me",0,1,0.00,2.0
"african queen braiding",0,1,0.00,8.0
"african queen braids",0,1,0.00,11.0
"african queen hair braiding",0,19,0.00,10.4
"african queen hair braiding reviews",0,8,0.00,4.8
"african salon near me",0,2,0.00,2.5
"afro beauty",0,11,0.00,5.6
"afro beauty and braids",0,1,0.00,10.0
"afro beauty hair",0,1,0.00,30.0
"afro beauty supply",0,2,0.00,6.0
"afro hair barber shop near me",0,1,0.00,1.0
"afro wig",0,5,0.00,5.8
"afros and fades",0,1,0.00,6.0
"aftermath barbershop",0,2,0.00,8.5
"aga nails",0,4,0.00,6.5
"aga salon",0,2,0.00,10.5
"aggelos hair",0,9,0.00,7.7
"aggelos hair salon",0,8,0.00,10.1
"aggieland barber",0,4,0.00,7.0
"aggieland barber & beauty supply",0,38,0.00,4.4
"aggieland barber shop",0,14,0.00,7.2
"aggieland barber supply",0,10,0.00,5.5
"aguilar barber shop",0,3,0.00,10.0
"aguilar barbershop",0,1,0.00,39.0
"aguilar beauty salon",0,3,0.00,2.7
"aguilar hair salon",0,5,0.00,1.4
"aguilar salon",0,7,0.00,2.3
"aguilar's barber shop",0,1,0.00,7.0
"aguilars barbershop",0,1,0.00,10.0
"ah hair",0,2,0.00,10.5
"ah hair salon",0,2,0.00,33.5
"ahmet's barber & hair styling",0,1,0.00,35.0
"ahn salon",0,1,0.00,1.0
"aia beauty studio",0,10,0.00,8.0
"aia beauty studio frisco",0,4,0.00,7.0
"aia beauty studio reviews",0,9,0.00,6.6
"aia frisco",0,6,0.00,10.8
"aia salon",0,2,0.00,6.0
"aida hair salon",0,1,0.00,5.0
"aida hair studio",0,1,0.00,8.0
"aidas hair salon",0,2,0.00,6.0
"aiden ochoa",0,7,0.00,7.4
"aircuts near me",0,2,0.00,1.0
"aire salon",0,1,0.00,17.0
"airline barber shop",0,5,0.00,9.2
"airline barbershop corpus christi",0,2,0.00,12.5
"airtex nails",0,1,0.00,13.0
"aisha beauty",0,1,0.00,21.0
"aisha beauty salon & spa",0,1,0.00,25.0
"aisha beauty salon and spa",0,1,0.00,32.0
"aisha hair salon",0,1,0.00,10.0
"aisha houston",0,1,0.00,7.0
"aisha salon",0,1,0.00,75.0
"aisha salon fry rd",0,7,0.00,6.6
"aisha salon highway 6",0,2,0.00,17.5
"aisha salon houston",0,2,0.00,10.5
"aisha salon hwy 6",0,2,0.00,18.0
"aisha salon katy",0,1,0.00,15.0
"aisha salon westheimer",0,38,0.00,8.8
"aisha salon wilcrest",0,11,0.00,8.0
"aisha spa",0,5,0.00,20.6
"aisha spa and salon",0,1,0.00,14.0
"aisha's beauty salon",0,1,0.00,11.0
"aisha's hair salon",0,1,0.00,8.0
"aisha's salon and spa cypress",0,6,0.00,9.8
"aisha's salon and spa cypress reviews",0,6,0.00,5.5
"aisha's salon and spa houston",0,14,0.00,8.4
"aisha's salon and spa houston reviews",0,71,0.00,5.3
"aisha's salon wilcrest",0,2,0.00,7.5
"aisha's wilcrest",0,3,0.00,9.0
"aishas westheimer",0,11,0.00,9.0
"aisling hair salon",0,2,0.00,7.0
"aisling salon",0,3,0.00,6.7
"aisling salon and spa",0,8,0.00,11.1
"aizah salon",0,14,0.00,7.6
"aizah’s salon and spa reviews",0,14,0.00,6.2
"aizah’s salon and spa webster",0,2,0.00,8.0
"aj barber lounge",0,1,0.00,40.0
"aj hair store",0,3,0.00,6.3
"ajeet mundan & barber shop",0,2,0.00,10.0
"ajeet mundan reviews",0,22,0.00,8.8
"akali hair",0,2,0.00,33.0
"akalonnie salon reviews",0,2,0.00,6.0
"akzentz builder gel",0,1,0.00,4.0
"akzentz hard gel nearby",0,1,0.00,5.0
"al beauty salon",0,1,0.00,15.0
"ala barber supply",0,3,0.00,5.3
"ala beauty",0,5,0.00,7.2
"ala beauty corp-salon equipment warehouse",0,27,0.00,5.6
"ala beauty corp-salon equipment warehouse photos",0,2,0.00,10.0
"ala beauty supply",0,6,0.00,10.0
"ala plano",0,1,0.00,10.0
"ala salon",0,2,0.00,5.0
"ala salon equipment warehouse",0,1,0.00,6.0
"ala salon equipment warehouse photos",0,4,0.00,7.0
"ala warehouse",0,1,0.00,5.0
"alamo barber",0,9,0.00,9.7
"alamo barber & beauty supply",0,16,0.00,8.9
"alamo barber and beauty",0,3,0.00,10.0
"alamo barber and beauty supply",0,38,0.00,8.4
"alamo barber beauty supply",0,1,0.00,7.0
"alamo barber shop",0,1,0.00,9.0
"alamo barber shop san antonio",0,10,0.00,1.0
"alamo barber supply",0,217,0.00,9.0
"alamo barbershop",0,8,0.00,3.8
"alamo beauty supply",0,7,0.00,10.1
"alamo city barber college",0,2,0.00,17.0
"alamo city barber supply",0,2,0.00,11.0
"alamobarber",0,8,0.00,7.9
"alan hair",0,2,0.00,20.5
"alan hairdressing",0,1,0.00,14.0
"alan murphy hair salon",0,6,0.00,9.0
"alan murphy salon",0,7,0.00,12.4
"alan murphy salon vintage park",0,3,0.00,9.0
"alan murphy salon, houston, tx, united states, review",0,1,0.00,8.0
"alana's salon",0,1,0.00,30.0
"alanis barbershop mesquite",0,3,0.00,9.0
"alanis barbershop reviews",0,1,0.00,10.0
"alanis salon",0,1,0.00,30.0
"alarcon beauty salon",0,5,0.00,5.4
"alb hair",0,1,0.00,37.0
"alba brows",0,1,0.00,9.0
"alba hair salon",0,1,0.00,4.0
"alba salon",0,1,0.00,1.0
"alba's beauty salon",0,3,0.00,8.0
"alba's hair salon",0,2,0.00,8.5
"albas hair salon",0,8,0.00,4.1
"alcala hair studio",0,1,0.00,46.0
"alchemist barber",0,8,0.00,10.1
"alchemist barbershop",0,27,0.00,10.7
"alchemy beauty salon",0,1,0.00,9.0
"alchemy hair salon",0,2,0.00,65.5
"alchemy houston",0,7,0.00,31.1
"alchemy of hair",0,1,0.00,66.0
"alchemy salon",0,19,0.00,11.9
"alchemy salon & spa",0,2,0.00,58.0
"alchemy salon and spa",0,2,0.00,50.5
"alchemy salon by the barber's daughter reviews",0,1,0.00,30.0
"alchemy salon houston",0,4,0.00,17.0
"alchemy salon houston reviews",0,3,0.00,20.0
"alchemy salon photos",0,1,0.00,8.0
"aldo barber",0,8,0.00,10.4
"aldo barbershop",0,8,0.00,13.0
"aldos barbershop",0,2,0.00,10.0
"aleena beauty salon",0,1,0.00,10.0
"aleidas",0,1,0.00,2.0
"alejandra barber",0,4,0.00,6.3
"alejandra beauty salon",0,4,0.00,6.3
"alejandra salon",0,1,0.00,17.0
"alejandra salon de belleza",0,2,0.00,10.5
"alejandra's beauty salon",0,3,0.00,9.3
"alejandro barber",0,2,0.00,6.0
"alera hair salon",0,1,0.00,45.0
"alex barber shop",0,1,0.00,7.0
"alex barbershop",0,1,0.00,11.0
"alex beauty",0,1,0.00,7.0
"alex burton salon",0,5,0.00,11.2
"alex burton salons",0,3,0.00,9.3
"alex burton salons sugar land",0,5,0.00,10.4
"alex cuts",0,1,0.00,55.0
"alex hair",0,8,0.00,18.9
"alex hair design",0,1,0.00,22.0
"alex hair houston",0,13,0.00,8.2
"alex hair salon",0,11,0.00,13.4
"alex hair studio",0,7,0.00,13.0
"alex haircuts",0,1,0.00,8.0
"alex hairdresser",0,1,0.00,15.0
"alex salon",0,2,0.00,5.0
"alex salon near me",0,1,0.00,5.0
"alex's barber shop",0,4,0.00,7.0
"alex's hair salon",0,2,0.00,19.0
"alex's hairdressers",0,1,0.00,24.0
"alexa beauty",0,1,0.00,22.0
"alexa beauty salon",0,2,0.00,7.5
"alexa xiola",0,1,0.00,12.0
"alexa's beauty salon",0,1,0.00,7.0
"alexander and broderick barbershop",0,13,0.00,8.1
"alexander and broderick barbershop houston reviews",0,10,0.00,5.3
"alexbarber",0,4,0.00,5.3
"alexis barber shop",0,1,0.00,26.0
"alexis beauty salon",0,1,0.00,11.0
"alexis salon",0,1,0.00,8.0
"alexis the barber",0,2,0.00,10.5
"alexs barber",0,1,0.00,7.0
"alexs barbershop",0,2,0.00,7.0
"alf cosmetics",0,2,0.00,1.0
"alfa beauty salon",0,1,0.00,28.0
"alfaparf milano",0,1,0.00,8.0
"alfaro barber shop",0,1,0.00,6.0
"alfredo barber",0,1,0.00,11.0
"alfredo hair salon",0,1,0.00,11.0
"alfredo james hair",0,1,0.00,21.0
"alfredo james hair design",0,4,0.00,15.3
"alfredo james hair design photos",0,3,0.00,11.3
"alfredo james hair design reviews",0,65,0.00,7.3
"alfredo james hair design san antonio",0,1,0.00,9.0
"alfredo james hair salon",0,1,0.00,15.0
"alfredo's salon",0,1,0.00,11.0
"algie hailey's barber shop",0,1,0.00,26.0
"ali baba barber",0,12,0.00,8.3
"ali barber",0,10,0.00,6.3
"ali barber irving",0,12,0.00,5.8
"ali barber near me",0,5,0.00,6.4
"ali barber shop",0,6,0.00,13.0
"ali barbers",0,1,0.00,6.0
"ali beauty salon",0,1,0.00,23.0
"ali hair",0,1,0.00,9.0
"ali hair cut",0,1,0.00,8.0
"ali hair salon",0,1,0.00,9.0
"ali hair studio",0,2,0.00,19.5
"ali hair stylist",0,1,0.00,28.0
"ali haircut",0,2,0.00,6.0
"ali hairdressers",0,2,0.00,32.5
"ali salon",0,3,0.00,25.7
"ali the barber",0,2,0.00,6.0
"ali z beauty salon",0,11,0.00,12.9
"ali's hair salon",0,2,0.00,7.5
"aliana barber",0,42,0.00,9.3
"aliana barbershop",0,646,0.00,9.1
"aliana barbershop reviews",0,52,0.00,9.9
"alibaba barber",0,31,0.00,11.5
"alibaba barber reviews",0,9,0.00,12.2
"alibaba barber shop",0,6,0.00,15.2
"alibaba barber sugar land",0,1,0.00,49.0
"alibaba barbershop",0,2,0.00,13.0
"alibaba haircut",0,4,0.00,14.0
"alicia beauty salon",0,3,0.00,15.7
"alicia hair salon",0,1,0.00,7.0
"alicia salon",0,1,0.00,20.0
"alicia's beauty salon",0,5,0.00,8.6
"alicia's beauty shop",0,1,0.00,5.0
"alicia's hair salon",0,2,0.00,7.0
"alicia's salon",0,2,0.00,28.0
"alida beauty salon",0,1,0.00,47.0
"alief barber shop",0,2,0.00,11.0
"alief bissonnet campus",0,3,0.00,12.3
"aliehs salon",0,7,0.00,10.0
"align beauty school",0,19,0.00,8.1
"alina barbershop",0,4,0.00,11.8
"alis barber shop",0,1,0.00,4.0
"alis barbers",0,2,0.00,36.0
"alis hair salon",0,5,0.00,5.6
"alisado brasileño cerca de mi",0,1,0.00,1.0
"alisha salon and spa",0,1,0.00,11.0
"alisha's salon",0,2,0.00,11.0
"all about beauty",0,2,0.00,11.5
"all about beauty academy",0,255,0.00,7.6
"all about beauty academy photos",0,12,0.00,9.8
"all about beauty academy plano",0,18,0.00,7.9
"all about beauty academy reviews",0,35,0.00,10.4
"all about u hair salon",0,1,0.00,25.0
"all about u salon",0,1,0.00,9.0
"all about you beauty and academy",0,1,0.00,41.0
"all about you salon",0,3,0.00,7.0
"all above barbershop",0,2,0.00,6.0
"all american barber academy",0,10,0.00,10.0
"all american barbershop",0,2,0.00,8.0
"all around barber school",0,22,0.00,10.0
"all barber shops near me",0,1,0.00,3.0
"all cut up hair salon",0,1,0.00,71.0
"all eyes on me salon",0,12,0.00,7.6
"all for one barbershop",0,1,0.00,9.0
"all hair salons",0,1,0.00,63.0
"all hustle barbers co",0,17,0.00,7.1
"all in barbershop",0,3,0.00,9.0
"all in one beauty supply",0,8,0.00,6.0
"all inclusive barber shop",0,1,0.00,57.0
"all pro barbershop",0,3,0.00,32.3
"all pro cutz",0,2,0.00,23.5
"all pros",0,1,0.00,10.0
"all pros barber",0,1,0.00,11.0
"all pros barber shop",0,1,0.00,48.0
"all star barber shop",0,2,0.00,5.5
"all star barbershop",0,3,0.00,8.3
"all star beauty",0,4,0.00,9.3
"all star beauty supply",0,30,0.00,5.9
"all star beauty supply & salon",0,1,0.00,4.0
"all star fades",0,8,0.00,8.9
"all star fades by preston",0,17,0.00,8.2
"all star fadez",0,62,0.00,8.7
"all star fadez barber shop",0,3,0.00,11.0
"all star hair",0,1,0.00,4.0
"all star kutz",0,3,0.00,11.0
"all style barbershop",0,1,0.00,50.0
"allbeauty",0,1,0.00,2.0
"alleys glam haus",0,2,0.00,6.0
"allgood beauty institute",0,1,0.00,8.0
"alliance beauty",0,1,0.00,8.0
"alliance cutz",0,3,0.00,9.7
"allstar beauty college",0,37,0.00,7.0
"allstar beauty supply",0,2,0.00,4.5
"allstar fades",0,8,0.00,9.4
"allure academy",0,26,0.00,9.2
"allure academy henderson tx",0,13,0.00,7.2
"allure beauty lounge",0,2,0.00,29.0
"allure beauty parlour",0,1,0.00,28.0
"allure beauty salon",0,2,0.00,19.5
"allure day spa",0,20,0.00,6.9
"allure hair",0,1,0.00,7.0
"allure hair studio",0,7,0.00,6.7
"allure hours",0,1,0.00,10.0
"allure institute of makeup artistry",0,2,0.00,55.5
"allure massage",0,1,0.00,10.0
"allure salon",0,4,0.00,6.5
"allure salon and spa",0,1,0.00,3.0
"allure salons",0,2,0.00,9.0
"allure spa",0,1,0.00,10.0
"allure studio",0,3,0.00,17.7
"almighty barbershop",0,1,0.00,46.0
"almighty cutz",0,1,0.00,21.0
"almighty haircut",0,1,0.00,12.0
"alo beauty supply",0,6,0.00,1.0
"alo cosmetics",0,1,0.00,4.0
"alo hours",0,1,0.00,11.0
"alo nail beauty supply",0,8,0.00,1.8
"alo nail supply",0,38,0.00,3.3
"alo nail tech supply",0,20,0.00,3.1
"alo nails",0,2,0.00,1.0
"alo sacramento",0,41,0.00,7.9
"alo store nearby",0,3,0.00,6.7
"alo store sacramento",0,10,0.00,9.9
"alo supply",0,4,0.00,1.0
"alo tech",0,1,0.00,1.0
"aloe nail",0,1,0.00,1.0
"aloe vera lotion for dry skin",0,1,0.00,6.0
"alondra",0,15,0.00,14.1
"alondra beauty salon",0,1,0.00,6.0
"alondra hair salon",0,7,0.00,6.7
"alondra salon",0,3,0.00,8.0
"alondras",0,2,0.00,1.0
"alondras beauty salon",0,8,0.00,3.8
"alondras hair salon",0,2,0.00,7.0
"alpha and omega barber",0,1,0.00,53.0
"alpha barber",0,1,0.00,10.0
"alpha barber shop",0,1,0.00,9.0
"alpha barbers",0,7,0.00,6.4
"alpha barbershop san antonio",0,3,0.00,9.0
"alpha blades barbershop",0,2,0.00,52.5
"alpha haircut",0,1,0.00,8.0
"alpha omega gymnastics & dance",0,4,0.00,9.8
"alpha omega gymnastics pearland",0,2,0.00,12.5
"alpha omega pearland",0,1,0.00,10.0
"alpine hair salon",0,3,0.00,6.0
"alpine rose salon",0,72,0.00,6.8
"alpine rose salon league city",0,9,0.00,6.8
"alpine rose salon reviews",0,31,0.00,5.4
"alpine salon",0,3,0.00,6.0
"alt hair salons near me",0,1,0.00,5.0
"altadena beauty supply",0,1,0.00,10.0
"altar hair salon",0,1,0.00,2.0
"altar kutz beauty & barbershop llc houston",0,3,0.00,7.7
"alter image salon",0,1,0.00,9.0
"alteration houston",0,1,0.00,1.0
"alterations",0,2,0.00,1.5
"alterations near me",0,2,0.00,1.0
"altered images color salon & day spa",0,1,0.00,6.0
"altered images hair salon",0,2,0.00,12.5
"altered images pearland",0,8,0.00,7.5
"altered images salon",0,9,0.00,7.1
"altered images salon reviews",0,5,0.00,5.8
"alternative hair salons near me",0,1,0.00,1.0
"altier salon",0,4,0.00,9.0
"alton's old school",0,3,0.00,5.0
"altons barber shop",0,1,0.00,11.0
"altons barber shop dallas",0,2,0.00,20.5
"altons old school barbershop",0,1,0.00,8.0
"alum rock barber",0,2,0.00,9.0
"alum rock barber and beauty supply inc",0,6,0.00,2.7
"alum rock barber and beauty supply, inc. photos",0,1,0.00,6.0
"alum rock barber supply",0,35,0.00,2.1
"alum rock beauty",0,2,0.00,4.0
"alum rock beauty supply",0,66,0.00,2.7
"alum rock beauty supply inc",0,1,0.00,1.0
"alum rock beauty supply san jose",0,6,0.00,3.5
"alum rock booth rental",0,1,0.00,51.0
"alum-rock-beauty-supply-inc",0,14,0.00,1.4
"alva beauty",0,1,0.00,11.0
"alva beauty collective",0,8,0.00,11.9
"alva beauty collective reviews",0,12,0.00,8.8
"alva beauty school",0,2,0.00,6.5
"always faded",0,2,0.00,7.5
"always faded barber shop",0,2,0.00,15.0
"alx hair studio",0,3,0.00,8.0
"aly beauty salon",0,4,0.00,7.5
"aly beauty salon location",0,1,0.00,6.0
"aly hair salon",0,1,0.00,18.0
"alya salon & spa",0,1,0.00,54.0
"alys beauty salon",0,3,0.00,6.0
"alys salon",0,2,0.00,19.0
"ama lash",0,1,0.00,8.0
"ama lash bar",0,6,0.00,4.3
"ama lash bar photos",0,3,0.00,3.3
"ama lash bar reviews",0,5,0.00,7.2
"ama lashes",0,2,0.00,23.0
"amalash bar",0,2,0.00,11.0
"amalashbar",0,1,0.00,1.0
"amanda's hair solutions",0,2,0.00,31.5
"amaranth salon",0,1,0.00,37.0
"amarillo barber",0,1,0.00,31.0
"amarillo barbershop",0,1,0.00,19.0
"amarillo cosmetology school",0,1,0.00,12.0
"amarillo cosmetology schools",0,1,0.00,24.0
"amarillo dry bar",0,1,0.00,12.0
"amarillo hair salon",0,1,0.00,21.0
"amarillo lash bar",0,2,0.00,10.0
"amazing beauty",0,1,0.00,1.0
"amazing beauty bar",0,14,0.00,7.5
"amazing beauty salon",0,2,0.00,11.0
"amazing beauty studio",0,2,0.00,28.0
"amazing bladez houston",0,14,0.00,10.0
"amazing hair",0,3,0.00,8.3
"amazing hair salon",0,5,0.00,18.6
"amazing hair studio",0,1,0.00,4.0
"amazing salon",0,1,0.00,21.0
"amazon human hair wigs",0,1,0.00,5.0
"ambassador hair studio",0,1,0.00,28.0
"amber beauty lounge",0,1,0.00,19.0
"amber beauty salon",0,1,0.00,20.0
"amber hair salon",0,1,0.00,3.0
"amber salon",0,5,0.00,10.2
"amber's beauty salon",0,1,0.00,28.0
"ambers salon",0,1,0.00,29.0
"ambience spa and salon",0,1,0.00,11.0
"ambitions barber shop",0,2,0.00,19.0
"ambitionz barber shop",0,1,0.00,48.0
"ambitious barber shop",0,1,0.00,32.0
"ambitious barbershop",0,1,0.00,8.0
"ambitious cuts barbershop",0,1,0.00,12.0
"ambitious edge",0,12,0.00,11.5
"ambitious edge barbershop",0,1,0.00,47.0
"ambitious edge barbershop mission viejo",0,7,0.00,9.6
"ambitious edge mission viejo",0,4,0.00,11.5
"ambrose barber",0,1,0.00,26.0
"ambrose barber shop",0,6,0.00,8.0
"amelia beauty salon",0,1,0.00,41.0
"amelia's hair salon",0,1,0.00,4.0
"amelias hair salon",0,1,0.00,5.0
"amen beauty supply",0,31,0.00,8.6
"amenti beauty",0,1,0.00,16.0
"amenti beauty academy",0,8,0.00,9.1
"american barber",0,2,0.00,7.0
"american barber and beauty academy",0,1,0.00,55.0
"american barber shop",0,3,0.00,6.7
"american barber shop baytown",0,2,0.00,6.0
"american barbershop santa ana reviews",0,7,0.00,10.9
"american beauty academy",0,22,0.00,10.9
"american beauty academy panorama city ca",0,28,0.00,11.0
"american beauty academy photos",0,2,0.00,9.5
"american beauty academy van nuys",0,8,0.00,12.0
"american beauty college palmdale",0,1,0.00,23.0
"american beauty college reviews",0,9,0.00,10.1
"american beauty hair salon",0,11,0.00,4.3
"american beauty hair store",0,3,0.00,11.0
"american beauty institute",0,17,0.00,9.6
"american beauty institute reviews",0,6,0.00,9.0
"american beauty institute san diego",0,2,0.00,9.0
"american beauty salon",0,1,0.00,3.0
"american beauty school",0,6,0.00,7.2
"american beauty school houston",0,13,0.00,10.3
"american beauty school photos",0,2,0.00,11.0
"american beauty supply",0,3,0.00,4.0
"american beauty supply store",0,1,0.00,12.0
"american hair & beauty supply",0,1,0.00,5.0
"american hair and beauty supply",0,1,0.00,16.0
"american hairlines barbershop",0,5,0.00,9.6
"american laser & aesthetics institute",0,4,0.00,13.0
"american laser institute",0,5,0.00,35.8
"american manicure",0,1,0.00,6.0
"american nails supply",0,1,0.00,3.0
"american salon",0,1,0.00,7.0
"american vintage barbershop reviews",0,1,0.00,10.0
"american vintage long beach",0,3,0.00,7.3
"americano barber co",0,2,0.00,12.5
"americano barber co.",0,1,0.00,14.0
"americas barber shop",0,1,0.00,67.0
"amica hair",0,1,0.00,6.0
"amir barber",0,1,0.00,12.0
"amir barber shop",0,4,0.00,9.3
"amir barbers",0,7,0.00,6.9
"amir barbers amarillo reviews",0,1,0.00,1.0
"amira spa",0,1,0.00,21.0
"amira's spa and salon missouri city",0,5,0.00,7.2
"amira's spa and salon missouri city reviews",0,1,0.00,4.0
"amiras spa and salon",0,1,0.00,7.0
"aml academy",0,3,0.00,7.0
"ammonia free hair dye",0,1,0.00,9.0
"ammy hair",0,1,0.00,7.0
"amp'd salon",0,1,0.00,94.0
"amplify barber shop",0,1,0.00,53.0
"amy and joe",0,1,0.00,10.0
"amy and joe beauty bar",0,2,0.00,8.0
"amy beauty bar",0,2,0.00,8.0
"amy beauty supply",0,1,0.00,35.0
"amy hair art",0,8,0.00,6.9
"amy hair salon",0,1,0.00,6.0
"amy salon",0,1,0.00,4.0
"amy's barber shop reviews",0,2,0.00,4.5
"amy's beauty salon",0,1,0.00,6.0
"amy's hair art",0,9,0.00,6.9
"amy's hair salon",0,5,0.00,7.6
"amys barber",0,1,0.00,7.0
"amys barbershop",0,13,0.00,8.8
"amys hair salon",0,2,0.00,9.5
"an establishment that is attached to a residence must have an _________ that is separate and distinct from the residential entrance",0,2,0.00,9.5
"an establishment that is attached to a residence must have an _________ that is separate and distinct from the residential entrance.",0,10,0.00,10.7
"an hair",0,1,0.00,8.0
"an hair salon",0,3,0.00,28.3
"an salon",0,16,0.00,8.5
"an's nail supply",0,9,0.00,4.7
"ana karina's beauty salon",0,1,0.00,35.0
"ana's beauty salon",0,1,0.00,3.0
"ana's hair design",0,1,0.00,7.0
"ana's hair salon",0,1,0.00,34.0
"ana's hair studio",0,1,0.00,31.0
"anaelis",0,5,0.00,6.0
"anaelis beauty salon",0,10,0.00,7.4
"anaheim shave parlor",0,20,0.00,10.1
"anahi salon",0,4,0.00,27.3
"anahi's",0,1,0.00,18.0
"anahi.htx",0,54,0.00,7.6
"anahis salon",0,1,0.00,8.0
"anan beauty supply",0,25,0.00,9.8
"anan beauty supply on broadway",0,8,0.00,57.1
"anarcho barber",0,20,0.00,10.1
"anas hair",0,1,0.00,11.0
"anas hair design",0,2,0.00,5.5
"anas hair salon",0,3,0.00,3.7
"ana’s hair salon",0,1,0.00,6.0
"ancient barber tools",0,1,0.00,3.0
"and hair salons",0,2,0.00,48.5
"and salon",0,2,0.00,4.5
"anderson cox and company",0,1,0.00,68.0
"anderson lane barber shop",0,6,0.00,16.7
"andi's hair salon",0,1,0.00,49.0
"andis clipper",0,1,0.00,4.0
"andrade barbershop",0,3,0.00,8.3
"andrea beauty",0,1,0.00,5.0
"andrea beauty salon",0,10,0.00,4.8
"andrea beauty studio",0,3,0.00,13.3
"andrea hair salon",0,3,0.00,11.3
"andrea haircut",0,1,0.00,7.0
"andrea salon de belleza",0,1,0.00,8.0
"andrea's hair salon",0,2,0.00,18.0
"andrea's salon",0,2,0.00,6.0
"andreas beauty salon",0,3,0.00,5.7
"andreas hair salon",0,3,0.00,7.3
"andy beauty supply",0,1,0.00,55.0
"andy cuts",0,4,0.00,17.3
"andy hair salon",0,27,0.00,6.4
"andy hair salon houston",0,20,0.00,6.8
"andy's cuts barbershop",0,1,0.00,16.0
"andys cuts",0,1,0.00,21.0
"andys salon",0,1,0.00,7.0
"andy’s hair salon",0,1,0.00,11.0
"anedena salon",0,1,0.00,13.0
"angel beauti",0,1,0.00,4.0
"angel beauty",0,16,0.00,8.1
"angel beauty japantown",0,2,0.00,1.0
"angel beauty san jose",0,5,0.00,5.6
"angel beauty store",0,1,0.00,9.0
"angel beauty supplies",0,1,0.00,28.0
"angel beauty supply",0,134,0.00,3.8
"angel beauty supply fresno",0,2,0.00,7.5
"angel beauty supply near me",0,1,0.00,7.0
"angel beauty supply oakland",0,15,0.00,2.7
"angel beauty supply photos",0,4,0.00,6.0
"angel beauty supply store",0,1,0.00,20.0
"angel beuty",0,1,0.00,10.0
"angel blendz",0,2,0.00,2.5
"angel hair by maryjane",0,1,0.00,8.0
"angel hair salon",0,8,0.00,9.4
"angel hair store",0,7,0.00,3.4
"angel hair studio",0,2,0.00,7.0
"angel nail supply",0,1,0.00,5.0
"angel salon",0,18,0.00,9.6
"angel salon and co",0,1,0.00,10.0
"angel salon and spa",0,3,0.00,10.0
"angel salon bellaire",0,1,0.00,12.0
"angel salon de belleza",0,1,0.00,5.0
"angel salon houston",0,7,0.00,9.1
"angel salon near me",0,2,0.00,8.0
"angel spa sugar land",0,1,0.00,18.0
"angel supply",0,1,0.00,7.0
"angel the barber",0,3,0.00,6.3
"angel touch hair salon",0,1,0.00,36.0
"angel touch nail supply",0,14,0.00,7.4
"angel's beauty supply",0,1,0.00,30.0
"angela beauty supply",0,3,0.00,26.3
"angela hair salon",0,2,0.00,10.0
"angelic beauty spa",0,2,0.00,17.5
"angelic hair salon",0,1,0.00,6.0
"angelica academy",0,1,0.00,6.0
"angelina beauty salon",0,1,0.00,33.0
"angelina salon",0,1,0.00,38.0
"angelique beauty salon",0,1,0.00,28.0
"angelo barber",0,1,0.00,7.0
"angelo barber shop",0,2,0.00,6.5
"angelo barbershop",0,1,0.00,39.0
"angelo cuts",0,1,0.00,43.0
"angelos barber shop",0,1,0.00,49.0
"angels beauty",0,4,0.00,19.5
"angels beauty salon",0,1,0.00,2.0
"angels beauty supply",0,41,0.00,6.4
"angels beauty supply stockton",0,1,0.00,24.0
"angels hair salon",0,2,0.00,10.0
"angels hair store",0,1,0.00,5.0
"angels of beauty",0,2,0.00,26.5
"angels salon",0,2,0.00,16.0
"angels salon and spa",0,1,0.00,24.0
"angie barber",0,1,0.00,2.0
"angie hair salon",0,1,0.00,9.0
"angie hair studio",0,1,0.00,7.0
"angie's barber academy",0,2,0.00,11.0
"angle beauty",0,1,0.00,6.0
"angles beauty",0,1,0.00,5.0
"anh beauty salon",0,3,0.00,1.7
"anh hair",0,6,0.00,9.5
"anh hair studio",0,1,0.00,3.0
"anh salon houston",0,59,0.00,2.4
"anhs beauty salon",0,1,0.00,40.0
"ani hair salon",0,9,0.00,6.1
"ani houston",0,2,0.00,8.0
"ani salon",0,2,0.00,8.0
"ani's beauty salon",0,2,0.00,25.5
"ania's hair salon",0,1,0.00,41.0
"anila salon",0,1,0.00,26.0
"anila's beauty salon",0,2,0.00,33.5
"animal cuts near me",0,1,0.00,87.0
"anis beauty salon",0,1,0.00,5.0
"anis hair salon",0,6,0.00,6.7
"anis salon",0,1,0.00,5.0
"anisha salon",0,1,0.00,39.0
"anisha's salon",0,1,0.00,36.0
"anita beauty salon",0,1,0.00,37.0
"anita salon",0,2,0.00,37.0
"anita's beauty salon",0,1,0.00,46.0
"anita's hair salon",0,1,0.00,11.0
"anita's salon",0,1,0.00,11.0
"ann james beauty supply",0,4,0.00,12.8
"ann private cuts",0,1,0.00,10.0
"ann webb institute",0,1,0.00,22.0
"ann webb skin institute",0,1,0.00,22.0
"ann's private cuts",0,2,0.00,8.5
"anna beauty supply",0,1,0.00,7.0
"anna hair salon",0,9,0.00,3.6
"anna hair salon sugar land",0,10,0.00,4.3
"anna salon",0,1,0.00,5.0
"annamazing hair boutique",0,1,0.00,48.0
"annas hair",0,1,0.00,6.0
"annas hair salon",0,4,0.00,10.0
"annas salon",0,1,0.00,11.0
"anne hair salon",0,2,0.00,6.5
"anne kelley houston stylist",0,16,0.00,8.0
"anne salon",0,1,0.00,52.0
"anngee's barber academy",0,18,0.00,8.0
"annie beauty salon",0,3,0.00,11.3
"annie hair studio",0,4,0.00,45.0
"annie's beauty salon",0,1,0.00,37.0
"annie's hair salon",0,1,0.00,10.0
"annie's hair shop",0,1,0.00,47.0
"annie's hair studio",0,4,0.00,42.8
"annie's salon",0,2,0.00,6.0
"annies salon",0,1,0.00,10.0
"anns a list hair salon",0,1,0.00,61.0
"anointed beauty",0,1,0.00,23.0
"anointed hands and feet",0,1,0.00,37.0
"anointed hands beauty salon",0,4,0.00,6.3
"anointed hands beauty salon & supply",0,1,0.00,17.0
"anomaly barbershop",0,3,0.00,11.0
"anomaly barbershop san jose",0,10,0.00,7.8
"anomaly by /paradox/",0,16,0.00,9.2
"anomaly by /paradox/ reviews",0,5,0.00,5.8
"anomaly by /paradox/ san jose reviews",0,1,0.00,6.0
"anomaly by paradox",0,98,0.00,8.6
"anomaly paradox",0,5,0.00,10.8
"anomaly san jose",0,5,0.00,9.2
"anomaly studio san jose",0,2,0.00,9.5
"ans nail supply",0,3,0.00,5.7
"anthony barber shop",0,1,0.00,10.0
"anthony barbershop",0,1,0.00,9.0
"anthony beauty supply",0,2,0.00,28.0
"anthony ramos",0,3,0.00,103.7
"anthony sorto",0,1,0.00,1.0
"anthony the barber",0,19,0.00,8.6
"anthony's barber",0,1,0.00,12.0
"anthony's barber shop",0,8,0.00,9.1
"anthony's barber shop sacramento",0,2,0.00,15.5
"anthony's barbershop sacramento",0,2,0.00,12.5
"anthony's hair inc",0,1,0.00,58.0
"anthony's salon",0,2,0.00,8.5
"anthony's salon corpus christi",0,3,0.00,11.0
"anthonys barber",0,1,0.00,10.0
"anthonys barber shop",0,1,0.00,7.0
"anthonys spa",0,1,0.00,10.0
"antoine hair salon",0,17,0.00,6.6
"antoine hairdresser",0,1,0.00,25.0
"antoine salon",0,2,0.00,14.5
"antoine's hair salon",0,1,0.00,12.0
"antoinette hair",0,1,0.00,48.0
"antoinette hair salon",0,3,0.00,15.3
"antoinette's hair design",0,2,0.00,15.5
"antonia's beauty salon",0,1,0.00,13.0
"antonia's hair salon",0,1,0.00,11.0
"antonio barber",0,2,0.00,13.5
"antonio the barber",0,2,0.00,10.0
"antonio's barber supply",0,15,0.00,8.4
"antonios barber supply",0,2,0.00,9.0
"anue beauty",0,8,0.00,7.5
"anue beauty supply",0,30,0.00,8.3
"anus beauty",0,1,0.00,5.0
"anwarcutz6",0,2,0.00,6.0
"any hair salon near me",0,1,0.00,1.0
"any kut",0,1,0.00,27.0
"anya hairdressers",0,2,0.00,52.0
"anya salon",0,1,0.00,44.0
"anya's hair",0,1,0.00,58.0
"anya's salon",0,1,0.00,24.0
"anytime cutz",0,1,0.00,14.0
"ap barber shop",0,2,0.00,18.0
"ap barbershop",0,1,0.00,23.0
"ap the barber",0,1,0.00,6.0
"apartments near san bernardino ca",0,1,0.00,1.0
"apex barbershop",0,1,0.00,7.0
"apex precision barbershop",0,8,0.00,9.0
"apex precision barbershop moreno valley",0,30,0.00,7.2
"apoets clips",0,1,0.00,11.0
"aports clips",0,1,0.00,8.0
"application for establishment license",0,1,0.00,37.0
"appointment",0,1,0.00,1.0
"april and company",0,1,0.00,40.0
"april hair",0,1,0.00,5.0
"april hair salon",0,6,0.00,4.8
"ar beauty salon",0,1,0.00,57.0
"ara beauty salon",0,1,0.00,6.0
"ara salon",0,1,0.00,48.0
"arabic barber",0,2,0.00,2.0
"arabic barber shop near me",0,3,0.00,23.7
"arabic beauty store near me",0,1,0.00,34.0
"arabic salon",0,1,0.00,10.0
"araceli beauty salon",0,1,0.00,28.0
"araceli hair salon",0,1,0.00,33.0
"aracelis hair salon",0,2,0.00,38.0
"aracely salon",0,3,0.00,5.3
"aracely's beauty salon",0,9,0.00,17.6
"aracelys hair salon",0,2,0.00,6.0
"aracelys salon",0,1,0.00,13.0
"arca hair",0,39,0.00,8.1
"arca salon",0,6,0.00,16.5
"arch threading",0,3,0.00,6.3
"arch threading & hair salon",0,1,0.00,9.0
"archetype hair salon",0,2,0.00,8.5
"archies barbershop",0,1,0.00,2.0
"ardell lashes",0,2,0.00,7.0
"are beauty supply stores open on sunday",0,3,0.00,9.7
"areedo",0,52,0.00,7.9
"areedo barbershop",0,18,0.00,6.7
"areedo barbershop reviews",0,8,0.00,3.4
"arelis salon",0,1,0.00,3.0
"arely beauty salon",0,1,0.00,18.0
"arely salon",0,1,0.00,8.0
"arelys beauty salon",0,4,0.00,6.3
"arelys salon",0,2,0.00,13.0
"arena hair",0,4,0.00,13.0
"arena hair salon",0,8,0.00,5.9
"arena hairdressers",0,1,0.00,19.0
"arena salon",0,21,0.00,8.7
"arena salon ii",0,11,0.00,7.3
"argyle league",0,52,0.00,9.2
"argyle league houston",0,2,0.00,9.5
"ari barber shop",0,1,0.00,7.0
"ari beauty",0,3,0.00,11.3
"ari beauty salon",0,3,0.00,8.3
"ari beauty supply",0,5,0.00,1.0
"ari collection hair bundles",0,1,0.00,5.0
"ari hair",0,2,0.00,10.5
"ari hair and h beauty supply",0,6,0.00,1.0
"ari hair salon",0,1,0.00,5.0
"ari salon reviews",0,17,0.00,5.9
"ari's",0,1,0.00,6.0
"ari's beauty salon",0,1,0.00,3.0
"ari's beauty salon houston",0,4,0.00,3.0
"ari's hair salon",0,2,0.00,16.5
"aria",0,2,0.00,5.5
"aria hair",0,1,0.00,11.0
"aria nail lounge",0,22,0.00,3.1
"aria nail lounge reviews",0,12,0.00,6.6
"aria nail lounge tyler tx",0,3,0.00,5.3
"aria nails",0,16,0.00,1.6
"aria nails tyler tx",0,1,0.00,1.0
"ariana boutique",0,4,0.00,1.5
"ariana hair",0,2,0.00,33.0
"ariana hair boutique",0,1,0.00,1.0
"ariana hair salon",0,1,0.00,7.0
"ariana salon",0,1,0.00,25.0
"ariana's beauty salon",0,1,0.00,30.0
"ariana's boutique",0,1,0.00,11.0
"arianna",0,2,0.00,4.5
"arianna boutique",0,1,0.00,29.0
"arianna hair",0,1,0.00,28.0
"arianna hair boutique",0,6,0.00,20.3
"arianna hair boutique katy texas",0,1,0.00,5.0
"arianna hair boutique katy texas photos",0,2,0.00,18.5
"arianna hair boutique katy texas reviews",0,26,0.00,8.9
"arianna hair boutique reviews",0,1,0.00,18.0
"arianna hair boutique 리뷰",0,6,0.00,11.3
"arianna hair boutique, katy, texas",0,1,0.00,16.0
"arianna hair salon",0,1,0.00,27.0
"aribeauty",0,1,0.00,6.0
"aris beauty",0,3,0.00,33.7
"aris beauty salon",0,7,0.00,3.7
"aris's",0,1,0.00,78.0
"arisha massage",0,1,0.00,57.0
"aritaum",0,1,0.00,8.0
"aritaum houston",0,7,0.00,9.6
"aritaum store",0,1,0.00,9.0
"arlington beauty school",0,12,0.00,22.1
"armstrong beauty supply hours",0,1,0.00,11.0
"armstrong beauty supply near me",0,1,0.00,19.0
"armstrong beauty supply store",0,1,0.00,16.0
"armstrong hours",0,1,0.00,5.0
"armstrong mcall near me",0,1,0.00,30.0
"armstrong mccall 529",0,23,0.00,7.7
"armstrong mccall baytown",0,4,0.00,10.0
"armstrong mccall beauty supply houston",0,6,0.00,12.0
"armstrong mccall burleson",0,1,0.00,20.0
"armstrong mccall cerca de mi",0,2,0.00,27.5
"armstrong mccall conroe",0,7,0.00,8.7
"armstrong mccall corpus christi",0,1,0.00,26.0
"armstrong mccall edgebrook",0,1,0.00,23.0
"armstrong mccall georgetown",0,1,0.00,26.0
"armstrong mccall harlingen",0,1,0.00,27.0
"armstrong mccall houston",0,10,0.00,30.8
"armstrong mccall houston tx",0,1,0.00,23.0
"armstrong mccall katy",0,5,0.00,9.6
"armstrong mccall league city",0,8,0.00,10.5
"armstrong mccall louetta",0,6,0.00,5.3
"armstrong mccall near me",0,8,0.00,20.0
"armstrong mccall pearland",0,4,0.00,11.5
"armstrong mccall professional beauty supply houston",0,9,0.00,6.8
"armstrong mccall round rock",0,8,0.00,9.3
"armstrong mccall spring",0,4,0.00,9.0
"armstrong mccall westheimer",0,5,0.00,10.8
"armstrong store",0,3,0.00,6.0
"armstrong store hours",0,1,0.00,5.0
"army haircut",0,1,0.00,5.0
"arnies barber",0,1,0.00,35.0
"arochi barber",0,1,0.00,1.0
"arochis",0,4,0.00,3.0
"arochis barber shop",0,3,0.00,1.0
"arochis barbershop",0,4,0.00,6.3
"arra hair salon",0,2,0.00,54.5
"array hair",0,1,0.00,7.0
"array salon",0,3,0.00,15.3
"array salon and spa",0,1,0.00,45.0
"arredo barber shop",0,2,0.00,1.0
"art & beauty",0,3,0.00,1.0
"art & beauty salon",0,4,0.00,6.3
"art and beauty",0,2,0.00,9.0
"art and beauty salon",0,65,0.00,2.3
"art and style barbershop",0,4,0.00,8.3
"art and style barbershop reviews",0,2,0.00,6.5
"art beauty salon",0,3,0.00,8.0
"art hair and nails",0,1,0.00,10.0
"art of barber academy",0,18,0.00,9.1
"art of beauty lounge",0,1,0.00,30.0
"art of face",0,1,0.00,8.0
"art of mens grooming",0,2,0.00,9.0
"art salon",0,2,0.00,9.0
"art's barber shop",0,1,0.00,5.0
"arte hair",0,6,0.00,12.7
"arte latino beauty salon",0,8,0.00,6.9
"arthur sebastian hair salon",0,1,0.00,18.0
"arti salon near me",0,4,0.00,8.3
"artisan hair salon",0,5,0.00,7.8
"artisan loft salon",0,31,0.00,7.1
"artisan salon",0,1,0.00,9.0
"artist group salon",0,1,0.00,57.0
"artistic edge",0,17,0.00,6.5
"artistic edge hair salon",0,1,0.00,24.0
"artistic edge salon and spa",0,1,0.00,82.0
"artistik edge",0,16,0.00,7.3
"artistik edge dallas",0,1,0.00,7.0
"artistik edge hair salon",0,1,0.00,7.0
"artistik edge hair studio",0,2,0.00,7.0
"artistik edge reviews",0,6,0.00,6.2
"artistik edge salon",0,1,0.00,5.0
"artistik hair salon",0,1,0.00,25.0
"artistry beauty",0,8,0.00,10.3
"artistry beauty salon",0,16,0.00,5.9
"artistry hair salon",0,4,0.00,4.0
"artistry hours",0,1,0.00,8.0
"artistry nail",0,2,0.00,5.5
"artistry nail supply",0,4,0.00,15.0
"artistry nail supply photos",0,2,0.00,7.5
"artistry salon",0,5,0.00,10.0
"artistry spa salon",0,1,0.00,30.0
"artistry with an edge salon",0,1,0.00,34.0
"arts barber academy",0,1,0.00,36.0
"arts barber shop",0,7,0.00,6.7
"arty hair",0,13,0.00,11.5
"arty hair salon",0,92,0.00,9.9
"arty hair salon number",0,1,0.00,30.0
"arty hair salon photos",0,3,0.00,10.3
"arty hair salon reviews",0,14,0.00,9.1
"arty hair salon san francisco",0,2,0.00,13.5
"arty hair salon sf",0,4,0.00,12.8
"arty hair sf",0,2,0.00,15.0
"arty hair studio",0,3,0.00,17.3
"arty salon",0,8,0.00,10.1
"arty salon sf",0,1,0.00,16.0
"arty san francisco",0,1,0.00,28.0
"arty sf",0,1,0.00,17.0
"artys hair salon",0,6,0.00,10.3
"arukas hair",0,3,0.00,9.7
"arukas hair salon",0,6,0.00,8.0
"ary beauty salon",0,1,0.00,18.0
"arys beauty salon",0,1,0.00,19.0
"as beauty supply",0,5,0.00,29.0
"as blades",0,1,0.00,1.0
"asel beauty college",0,11,0.00,8.1
"asel beauty college tustin",0,1,0.00,10.0
"ash latte",0,1,0.00,1.0
"ash latte wet n wavy",0,1,0.00,5.0
"ashford and parker",0,11,0.00,10.2
"ashford and parker hair studio",0,2,0.00,5.5
"ashine hair",0,2,0.00,4.0
"ashine hair bundles",0,2,0.00,8.5
"ashley beauty",0,1,0.00,4.0
"ashley beauty salon",0,2,0.00,5.0
"ashley hair",0,2,0.00,5.5
"ashley hair company",0,3,0.00,15.7
"ashley hair salon",0,44,0.00,2.1
"ashley hair studio",0,1,0.00,4.0
"ashley hairstyle",0,1,0.00,1.0
"ashley mitchell salon",0,58,0.00,9.4
"ashley mitchell salon and spa",0,15,0.00,8.5
"ashley nicole salon",0,1,0.00,11.0
"ashley salon",0,11,0.00,1.5
"ashley's hair appointment part two",0,1,0.00,10.0
"ashley's hair salon",0,3,0.00,7.3
"ashleys hair salon",0,3,0.00,5.0
"ashleyshairshop",0,2,0.00,9.0
"asian barber near me",0,1,0.00,1.0
"asian beauty store",0,1,0.00,1.0
"asian hair salon",0,1,0.00,1.0
"asian hair salon men",0,1,0.00,1.0
"asian hair salons near me",0,1,0.00,8.0
"assets+barber",0,1,0.00,11.0
"associate barbers",0,1,0.00,51.0
"associated barber college reviews",0,2,0.00,7.0
"astoria hair",0,1,0.00,2.0
"asylum salon reviews",0,2,0.00,4.0
"at what time does sally beauty supply close",0,1,0.00,11.0
"atalier",0,1,0.00,11.0
"atelier",0,41,0.00,8.3
"atelier art of cut",0,25,0.00,9.2
"atelier barber co",0,1,0.00,83.0
"atelier beauty salon",0,1,0.00,10.0
"atelier corpus",0,3,0.00,7.3
"atelier corpus christi",0,22,0.00,8.4
"atelier hair",0,2,0.00,26.5
"atelier hair salon",0,7,0.00,8.9
"atelier houston",0,1,0.00,31.0
"atelier salin",0,1,0.00,7.0
"atelier salon",0,116,0.00,7.2
"atelier salon corpus",0,8,0.00,7.6
"atelier salon corpus christi",0,25,0.00,7.9
"atelier salon corpus christi photos",0,14,0.00,9.1
"atelier salon corpus christi reviews",0,35,0.00,4.7
"atelier salon corpus christi tx",0,9,0.00,7.0
"atelier salon photos",0,1,0.00,5.0
"athletic barber shop",0,1,0.00,8.0
"atilier salon",0,1,0.00,11.0
"atlanta barber & beauty supply",0,4,0.00,10.5
"atlanta barber & beauty supply atlanta ga",0,1,0.00,12.0
"atlanta barber and beauty supplies",0,1,0.00,19.0
"atlanta barber and beauty supply",0,9,0.00,8.9
"atlanta barber and beauty supply reviews",0,7,0.00,9.7
"atlanta barber beauty supply",0,15,0.00,9.7
"atlanta barber supplies",0,1,0.00,22.0
"atlanta barber supply",0,12,0.00,8.0
"atlanta barber supply store",0,3,0.00,18.3
"atlanta beauty barber supply",0,1,0.00,22.0
"atlantabarber.com",0,1,0.00,48.0
"atlas beauty",0,1,0.00,24.0
"atlas hair",0,1,0.00,5.0
"atlas hair salon",0,3,0.00,10.7
"atlas salon",0,6,0.00,8.2
"atleir salon",0,2,0.00,5.0
"atlier hair",0,1,0.00,11.0
"atlier salon",0,3,0.00,7.0
"atrium hair",0,1,0.00,7.0
"atrium hair salon",0,1,0.00,24.0
"atrium salon",0,1,0.00,39.0
"attitude nail shop",0,11,0.00,7.6
"attitude shop",0,2,0.00,9.5
"attitude shop nails",0,2,0.00,7.0
"attitudes paris",0,2,0.00,9.0
"attitudeshop",0,1,0.00,8.0
"atudio a",0,1,0.00,10.0
"august barbershop",0,1,0.00,24.0
"aumbrey hair",0,1,0.00,6.0
"aurea hair salon",0,1,0.00,6.0
"aurea salon",0,14,0.00,7.4
"aurea salon katy",0,7,0.00,8.1
"aurea salon reviews",0,24,0.00,9.7
"aurea studios",0,1,0.00,9.0
"aurelia nail",0,12,0.00,5.6
"aurelia nail lounge",0,28,0.00,8.4
"aurelia nail lounge mckinney",0,2,0.00,8.5
"aurelia nail lounge reviews",0,42,0.00,6.6
"aurelia nails",0,4,0.00,8.8
"aurelia nails mckinney",0,1,0.00,9.0
"aurelia salon",0,1,0.00,5.0
"aurora beauty",0,3,0.00,8.3
"aurora beauty salon",0,1,0.00,4.0
"aurora hair",0,1,0.00,8.0
"aurora hair salon",0,3,0.00,6.7
"aurora salon",0,1,0.00,8.0
"auroras salon",0,1,0.00,9.0
"austin",0,1,0.00,2.0
"austin beauty school",0,1,0.00,34.0
"austin haircut co braker lane",0,1,0.00,98.0
"austin nail supply",0,1,0.00,1.0
"austin the barber",0,1,0.00,3.0
"austin trevino",0,1,0.00,5.0
"authentic cuts",0,1,0.00,43.0
"authentic cuts barbershop",0,3,0.00,8.0
"authentic cutz",0,4,0.00,11.5
"authentic cutz barber shop houston spring",0,15,0.00,8.9
"authentic kutz",0,1,0.00,29.0
"av salon cypress",0,2,0.00,31.5
"ava beauty salon",0,2,0.00,10.0
"avalon barber",0,10,0.00,11.0
"avalon barber shop",0,6,0.00,11.7
"avalon barbershop",0,7,0.00,8.0
"avalon hair designs",0,3,0.00,8.3
"avalon hair designs reviews",0,17,0.00,5.4
"avalon hair salon",0,17,0.00,7.8
"avalon hair salon san antonio",0,1,0.00,11.0
"avalon salons and spa reviews",0,3,0.00,5.7
"avanti beauty academy",0,1,0.00,51.0
"avara's academy of hair design",0,1,0.00,60.0
"avatar nail polish",0,1,0.00,4.0
"aveda academy",0,4,0.00,31.3
"aveda arts",0,14,0.00,9.5
"aveda arts & sciences institute austin",0,8,0.00,8.9
"aveda arts & sciences institute corpus christi",0,2,0.00,54.5
"aveda arts & sciences institute dallas",0,4,0.00,17.0
"aveda arts & sciences institute dallas reviews",0,19,0.00,9.8
"aveda arts & sciences institute houston",0,42,0.00,8.4
"aveda arts & sciences institute houston photos",0,2,0.00,11.0
"aveda arts & sciences institute houston reviews",0,5,0.00,12.2
"aveda arts and science",0,2,0.00,20.0
"aveda arts and science institute",0,1,0.00,8.0
"aveda arts and sciences",0,2,0.00,12.0
"aveda arts and sciences institute",0,1,0.00,29.0
"aveda arts and sciences institutes",0,1,0.00,32.0
"aveda arts institute",0,1,0.00,37.0
"aveda austin",0,2,0.00,35.0
"aveda ballston",0,1,0.00,58.0
"aveda beauty school",0,145,0.00,44.2
"aveda beauty schools",0,1,0.00,50.0
"aveda college",0,7,0.00,14.9
"aveda concept salon and spa",0,1,0.00,76.0
"aveda corpus",0,2,0.00,53.0
"aveda corpus christi reviews",0,1,0.00,8.0
"aveda cosmetology",0,12,0.00,24.1
"aveda cosmetology institute",0,2,0.00,40.0
"aveda cosmetology school",0,175,0.00,47.1
"aveda cosmetology school locations",0,1,0.00,38.0
"aveda cosmotology school",0,1,0.00,40.0
"aveda hair institute",0,3,0.00,7.3
"aveda hair salon houston",0,1,0.00,34.0
"aveda hair salon houston tx",0,1,0.00,35.0
"aveda hair school",0,8,0.00,10.9
"aveda hair school austin",0,9,0.00,8.1
"aveda houston",0,2,0.00,14.5
"aveda institute",0,475,0.00,53.0
"aveda institute address",0,2,0.00,12.0
"aveda institute austin",0,21,0.00,9.2
"aveda institute austin reviews",0,5,0.00,12.2
"aveda institute dallas",0,1,0.00,19.0
"aveda institute dallas appointment",0,1,0.00,45.0
"aveda institute houston",0,205,0.00,8.1
"aveda institute houston tx",0,3,0.00,10.7
"aveda institute locations",0,1,0.00,11.0
"aveda institute prices",0,1,0.00,13.0
"aveda institute san antonio",0,5,0.00,12.0
"aveda institute san antonio financial aid",0,1,0.00,56.0
"aveda institute san antonio reviews",0,1,0.00,12.0
"aveda institute san antonio tx",0,2,0.00,13.0
"aveda institute san diego",0,1,0.00,12.0
"aveda institute san jose",0,1,0.00,12.0
"aveda institute sf",0,2,0.00,24.0
"aveda institute shenandoah",0,3,0.00,23.7
"aveda institute texas",0,1,0.00,40.0
"aveda institute the woodlands",0,2,0.00,30.5
"aveda institute woodlands",0,1,0.00,35.0
"aveda institute-san antonio",0,3,0.00,11.0
"aveda institutes",0,3,0.00,42.0
"aveda institution",0,2,0.00,12.0
"aveda nail school",0,16,0.00,52.2
"aveda park lane",0,1,0.00,31.0
"aveda products near me",0,1,0.00,9.0
"aveda salon amarillo",0,8,0.00,8.9
"aveda salon conroe tx",0,1,0.00,12.0
"aveda salon cypress tx",0,1,0.00,29.0
"aveda salon frisco tx",0,1,0.00,54.0
"aveda salon hillcrest",0,1,0.00,11.0
"aveda salon san diego",0,2,0.00,10.0
"aveda school",0,412,0.00,40.0
"aveda school austin",0,15,0.00,8.4
"aveda school houston",0,17,0.00,8.1
"aveda school of beauty",0,1,0.00,36.0
"aveda school of cosmetology",0,1,0.00,47.0
"aveda school san antonio",0,5,0.00,12.0
"aveda school san jose",0,3,0.00,7.3
"aveda schools",0,1,0.00,28.0
"aveda shenandoah",0,2,0.00,9.5
"aveda shenandoah texas",0,2,0.00,25.5
"aveda shenandoah tx",0,1,0.00,14.0
"aveda sxhool",0,1,0.00,11.0
"aveda the woodlands",0,3,0.00,19.0
"aveda training school",0,1,0.00,11.0
"aveda university",0,2,0.00,39.0
"aveda williston",0,1,0.00,60.0
"aveeda institute",0,1,0.00,44.0
"avenue 5 austin",0,4,0.00,25.0
"avenue 5 austin tx",0,1,0.00,27.0
"avenue 5 beauty school",0,8,0.00,17.0
"avenue 5 institute",0,18,0.00,11.6
"avenue beauty salon",0,4,0.00,7.3
"avenue five",0,3,0.00,28.0
"avenue five austin",0,1,0.00,20.0
"avenue five institute",0,15,0.00,22.3
"avenue five institute austin",0,10,0.00,15.3
"avenue five institute austin reviews",0,23,0.00,11.1
"avenue five institute reviews",0,5,0.00,12.0
"avenue five institute south",0,4,0.00,27.0
"avenue five institute south austin",0,1,0.00,29.0
"avenue salon",0,19,0.00,8.5
"avenue salon and spa",0,1,0.00,10.0
"avenue salon beauty & spa",0,22,0.00,12.1
"avenue salon beauty & spa photos",0,3,0.00,10.3
"avenue salon beauty & spa reviews",0,80,0.00,10.1
"avenue salon katy",0,23,0.00,7.2
"avenue salon photos",0,1,0.00,5.0
"avenue salon plano",0,1,0.00,10.0
"average barber booth rent",0,2,0.00,13.5
"average booth rent for barbers",0,7,0.00,32.7
"avery bella salon",0,1,0.00,40.0
"averys barber shop",0,1,0.00,39.0
"aveta hair and beauty",0,1,0.00,8.0
"avl academy",0,52,0.00,5.9
"avl academy reviews",0,15,0.00,7.4
"avl school",0,1,0.00,10.0
"avo barbershop",0,6,0.00,10.2
"avon cosmetics",0,1,0.00,5.0
"avos barbershop",0,13,0.00,11.0
"ax barbershop",0,2,0.00,10.5
"aya beauty",0,1,0.00,6.0
"ayesha beauty salon",0,3,0.00,9.3
"aysha beauty salon",0,3,0.00,8.0
"aysun",0,1,0.00,3.0
"aysun beauty",0,10,0.00,5.5
"aziz barber shop",0,1,0.00,21.0
"aziz barbershop",0,1,0.00,19.0
"aziz cuts",0,1,0.00,18.0
"aziz cuts salon & barbershop",0,2,0.00,13.5
"aziz salon",0,1,0.00,14.0
"azul beauty salon",0,1,0.00,5.0
"a’s barber studio",0,1,0.00,11.0
"b & b barber shop",0,1,0.00,8.0
"b & b beauty supply",0,2,0.00,5.5
"b and b barbers",0,2,0.00,9.0
"b and b beauty supply",0,3,0.00,8.3
"b b beauty supply",0,1,0.00,7.0
"b bails",0,1,0.00,9.0
"b bar nails",0,2,0.00,9.0
"b beautiful hair salon",0,1,0.00,7.0
"b for beauty",0,1,0.00,70.0
"b haircut",0,2,0.00,10.5
"b haute salon",0,1,0.00,48.0
"b nail",0,5,0.00,7.2
"b nail bar",0,161,0.00,8.8
"b nail bar photos",0,2,0.00,11.5
"b nail bar review",0,5,0.00,5.8
"b nail bar reviews",0,169,0.00,4.7
"b nail bar sherman",0,3,0.00,8.0
"b nail bar sherman tx",0,4,0.00,9.3
"b nail salon",0,4,0.00,9.0
"b nail spa",0,2,0.00,9.0
"b nails",0,34,0.00,9.7
"b nails amarillo",0,1,0.00,7.0
"b nails amarillo tx",0,11,0.00,9.5
"b nails bar",0,1,0.00,9.0
"b nails sherman tx",0,1,0.00,8.0
"b parlor",0,10,0.00,13.0
"b parlor salon",0,4,0.00,27.3
"b parlor san francisco",0,3,0.00,10.3
"b parlor sf",0,1,0.00,10.0
"b&b barber",0,3,0.00,9.7
"b&b barbershop",0,1,0.00,18.0
"b&b beauty",0,2,0.00,6.0
"b&b beauty supply",0,4,0.00,6.3
"b&b hair",0,1,0.00,15.0
"b&b hair studio",0,2,0.00,9.0
"b.o.s.s barber & beauty headquarters #4",0,15,0.00,2.9
"b1 careers",0,1,0.00,6.0
"b4 and after",0,3,0.00,8.0
"babay doll",0,1,0.00,6.0
"baber near me",0,1,0.00,1.0
"baby dll",0,1,0.00,6.0
"baby doll",0,15,0.00,5.5
"baby doll beauty salon",0,1,0.00,8.0
"baby dolls",0,17,0.00,5.0
"baby dolls beauty salon",0,3,0.00,10.7
"baby dolls houston",0,3,0.00,9.7
"baby dolls photos",0,1,0.00,3.0
"baby dolls salon",0,1,0.00,10.0
"babydoll beauty salon",0,1,0.00,12.0
"babydoll salon",0,1,0.00,9.0
"babydolls beauty salon",0,7,0.00,7.3
"babydolls beauty salon reviews",0,7,0.00,7.9
"babyliss clippers",0,2,0.00,6.0
"babylon barber shop",0,7,0.00,8.6
"babylon barbers",0,1,0.00,7.0
"babylon barbershop",0,7,0.00,8.4
"babylon barbershop anaheim",0,5,0.00,8.0
"babylon barbershop reviews",0,14,0.00,8.6
"back beauty",0,1,0.00,7.0
"back to naturel",0,3,0.00,8.3
"back to school nails",0,1,0.00,2.0
"backroom barbershop",0,2,0.00,12.0
"backroom barbershop reviews",0,7,0.00,10.4
"bad boyz barber shop",0,2,0.00,10.0
"bad boyz barber shop reviews",0,2,0.00,6.5
"bad boyz barbershop",0,1,0.00,8.0
"badom",0,2,0.00,23.5
"badom barber shop",0,20,0.00,12.3
"bakersfield barber college",0,1,0.00,27.0
"bakersfield barber supply",0,31,0.00,7.6
"bakersfield beauty co",0,1,0.00,13.0
"bakersfield beauty school",0,1,0.00,55.0
"bakersfield beauty supply",0,1,0.00,21.0
"bakersfield milan institute",0,3,0.00,15.0
"balayage bar and boutique",0,2,0.00,14.5
"balayage corpus christi",0,4,0.00,9.5
"balayage houston",0,1,0.00,1.0
"balayage salon",0,1,0.00,9.0
"balayage salon & spa",0,1,0.00,9.0
"balayage salon and spa",0,30,0.00,7.1
"balayage salon and spa reviews",0,8,0.00,4.4
"balayage touch up",0,1,0.00,2.0
"balayage trophy club tx",0,1,0.00,65.0
"balboa beauty",0,33,0.00,4.1
"balboa beauty supply",0,22,0.00,2.0
"bald cap near me",0,1,0.00,1.0
"baldwin beauty",0,4,0.00,26.8
"baldwin beauty 2020",0,1,0.00,14.0
"baldwin beauty school",0,10,0.00,12.1
"baldwin beauty school austin",0,2,0.00,16.5
"baldwin beauty schools",0,3,0.00,8.7
"bale beauty academy",0,3,0.00,9.3
"bale beauty academy 6 corp.",0,7,0.00,9.7
"bale beauty academy reviews",0,4,0.00,11.3
"bam beauty bar plano",0,1,0.00,22.0
"bam hair salon",0,1,0.00,8.0
"bam hair studio",0,1,0.00,9.0
"bam legacy west",0,1,0.00,13.0
"bam legacy west reviews",0,6,0.00,7.8
"bam plano",0,2,0.00,4.0
"bam salon reviews",0,1,0.00,10.0
"bamboo advance beauty college",0,25,0.00,8.1
"bandes braids",0,2,0.00,1.0
"bang haircut near me",0,1,0.00,1.0
"bangle nails",0,1,0.00,6.0
"bany doll",0,1,0.00,7.0
"bao nail tx",0,1,0.00,3.0
"bar beautiful",0,1,0.00,6.0
"barber",0,22,0.00,2.6
"barber & associates",0,2,0.00,63.5
"barber & beauty supply",0,1,0.00,52.0
"barber academy",0,4,0.00,8.0
"barber academy huntsville alabama",0,3,0.00,54.7
"barber academy near me",0,2,0.00,4.0
"barber academy san jose",0,3,0.00,37.0
"barber accessories near me",0,2,0.00,11.5
"barber airbrush kit",0,1,0.00,8.0
"barber anatomy",0,1,0.00,61.0
"barber and barista",0,1,0.00,7.0
"barber and beauty academy",0,1,0.00,9.0
"barber and beauty spot",0,2,0.00,11.0
"barber and beauty supply",0,1,0.00,5.0
"barber and beauty world supplies",0,18,0.00,4.6
"barber and co huntington beach",0,3,0.00,10.7
"barber and cosmetology school",0,1,0.00,1.0
"barber angel",0,1,0.00,11.0
"barber antonio",0,2,0.00,26.5
"barber ap",0,1,0.00,12.0
"barber around me",0,1,0.00,1.0
"barber barr",0,1,0.00,14.0
"barber beaumont",0,1,0.00,27.0
"barber beauty mckinney",0,1,0.00,11.0
"barber ben",0,1,0.00,33.0
"barber blade near me",0,1,0.00,47.0
"barber blades near me",0,1,0.00,56.0
"barber booster seat near me",0,1,0.00,12.0
"barber booth",0,4,0.00,26.8
"barber booth rent",0,4,0.00,14.0
"barber booth rental",0,6,0.00,17.8
"barber booth rental cost",0,3,0.00,20.7
"barber bosch",0,1,0.00,3.0
"barber brands",0,1,0.00,90.0
"barber brownsville tx",0,1,0.00,1.0
"barber business license",0,1,0.00,66.0
"barber cerca de mi",0,2,0.00,2.0
"barber certificate online san antonio",0,4,0.00,37.3
"barber chair belmont",0,1,0.00,8.0
"barber chairs nearby",0,1,0.00,1.0
"barber champions",0,1,0.00,4.0
"barber chop",0,2,0.00,7.0
"barber classes near me",0,1,0.00,4.0
"barber clippers near me",0,4,0.00,47.5
"barber collection",0,3,0.00,7.7
"barber college bakersfield",0,1,0.00,34.0
"barber college dallas",0,1,0.00,1.0
"barber college in san antonio",0,1,0.00,34.0
"barber college killeen tx",0,1,0.00,31.0
"barber college lancaster rd dallas tx",0,9,0.00,11.0
"barber college near me",0,16,0.00,4.1
"barber college near me within 5 mi",0,1,0.00,1.0
"barber college on bellfort",0,19,0.00,9.2
"barber college on ferguson",0,3,0.00,9.3
"barber college on lancaster road",0,18,0.00,11.4
"barber college on mesa",0,5,0.00,7.8
"barber college pearland",0,2,0.00,10.5
"barber college san antonio",0,1,0.00,41.0
"barber college station",0,1,0.00,1.0
"barber college vacaville",0,1,0.00,75.0
"barber colleges in dallas",0,1,0.00,1.0
"barber color",0,2,0.00,70.5
"barber company hb",0,2,0.00,9.5
"barber concierge",0,1,0.00,11.0
"barber continuing education",0,3,0.00,28.7
"barber convention 2026",0,3,0.00,44.0
"barber conventions",0,1,0.00,46.0
"barber corpus christi",0,1,0.00,22.0
"barber cosmetology",0,1,0.00,12.0
"barber cosmetology license",0,1,0.00,10.0
"barber craft",0,9,0.00,9.3
"barber craft reviews",0,1,0.00,10.0
"barber dani",0,9,0.00,4.2
"barber depot near me",0,6,0.00,36.0
"barber domain",0,1,0.00,10.0
"barber drip",0,1,0.00,8.0
"barber empire",0,7,0.00,8.3
"barber enhancement spray near me",0,2,0.00,62.5
"barber equipment near me",0,1,0.00,1.0
"barber equipment store near me",0,2,0.00,76.5
"barber equipment stores",0,1,0.00,72.0
"barber events 2026",0,1,0.00,1.0
"barber experience",0,3,0.00,79.3
"barber expert",0,1,0.00,49.0
"barber expo",0,3,0.00,40.7
"barber expo 2025",0,3,0.00,57.0
"barber expo 2026",0,12,0.00,32.1
"barber expos",0,2,0.00,10.5
"barber factory",0,1,0.00,7.0
"barber fidi",0,1,0.00,1.0
"barber financial district",0,1,0.00,35.0
"barber for black hair near me",0,1,0.00,1.0
"barber frisco",0,8,0.00,37.5
"barber frisco co",0,1,0.00,67.0
"barber garland",0,2,0.00,42.0
"barber haus austin",0,1,0.00,10.0
"barber hmz",0,1,0.00,11.0
"barber hours tdlr",0,1,0.00,49.0
"barber house barber shop",0,1,0.00,43.0
"barber houston",0,1,0.00,1.0
"barber in houston",0,1,0.00,41.0
"barber in san francisco",0,1,0.00,1.0
"barber in sherman tx",0,1,0.00,10.0
"barber inside",0,1,0.00,20.0
"barber institute",0,2,0.00,11.5
"barber institute of texas",0,2,0.00,10.0
"barber jb",0,2,0.00,39.0
"barber josh op",0,1,0.00,28.0
"barber kit",0,7,0.00,6.1
"barber kit near me",0,2,0.00,34.5
"barber lab",0,2,0.00,9.0
"barber lab experience",0,1,0.00,60.0
"barber labs",0,1,0.00,10.0
"barber lady",0,1,0.00,35.0
"barber legend",0,1,0.00,52.0
"barber legends",0,2,0.00,44.0
"barber license in texas",0,1,0.00,68.0
"barber license renewal",0,3,0.00,56.3
"barber license requirements",0,1,0.00,57.0
"barber life academy",0,16,0.00,8.3
"barber listers location",0,2,0.00,7.0
"barber los angeles",0,2,0.00,56.0
"barber lounge corpus christi",0,2,0.00,12.0
"barber mart",0,1,0.00,13.0
"barber naics code",0,1,0.00,67.0
"barber nando dallas",0,52,0.00,4.9
"barber near me for kids",0,1,0.00,1.0
"barber near me open tomorrow",0,1,0.00,2.0
"barber oakley",0,1,0.00,33.0
"barber of the king",0,1,0.00,6.0
"barber on the lake",0,1,0.00,8.0
"barber one",0,8,0.00,12.4
"barber one reviews",0,1,0.00,10.0
"barber oscar",0,1,0.00,9.0
"barber pad",0,10,0.00,9.0
"barber paradise",0,1,0.00,27.0
"barber parkdale",0,1,0.00,83.0
"barber patchway",0,1,0.00,97.0
"barber plug dallas",0,8,0.00,7.6
"barber practical exam kit",0,1,0.00,9.0
"barber products",0,1,0.00,11.0
"barber products near me",0,3,0.00,16.0
"barber programs near me",0,1,0.00,2.0
"barber provision",0,5,0.00,5.2
"barber rent",0,1,0.00,20.0
"barber repair shop",0,1,0.00,5.0
"barber salon outlet",0,1,0.00,11.0
"barber salon supply",0,3,0.00,1.3
"barber school abilene tx",0,2,0.00,1.0
"barber school arlington tx",0,1,0.00,35.0
"barber school atlanta",0,1,0.00,48.0
"barber school austin",0,2,0.00,20.5
"barber school austin tx",0,1,0.00,41.0
"barber school bakersfield",0,1,0.00,17.0
"barber school baytown",0,4,0.00,10.3
"barber school beaumont tx",0,2,0.00,11.5
"barber school brownsville tx",0,17,0.00,5.4
"barber school conroe tx",0,3,0.00,7.0
"barber school corpus christi",0,16,0.00,11.8
"barber school cost houston",0,2,0.00,31.0
"barber school cypress tx",0,1,0.00,12.0
"barber school dallas",0,2,0.00,2.0
"barber school denton",0,18,0.00,9.9
"barber school directory",0,2,0.00,25.0
"barber school edinburg tx",0,30,0.00,10.2
"barber school el paso",0,17,0.00,27.6
"barber school el paso tx",0,1,0.00,2.0
"barber school fort worth tx",0,1,0.00,1.0
"barber school fresno ca",0,3,0.00,13.7
"barber school frisco",0,1,0.00,12.0
"barber school garland tx",0,5,0.00,10.2
"barber school glendale az",0,16,0.00,10.6
"barber school haircut",0,1,0.00,17.0
"barber school harlingen",0,1,0.00,8.0
"barber school hours",0,2,0.00,9.0
"barber school houston",0,5,0.00,3.0
"barber school houston texas",0,2,0.00,2.0
"barber school houston tx",0,1,0.00,2.0
"barber school huntsville tx",0,3,0.00,10.3
"barber school hurst tx",0,2,0.00,18.0
"barber school hutto",0,4,0.00,9.5
"barber school in atlanta",0,1,0.00,42.0
"barber school in austin",0,1,0.00,39.0
"barber school in san diego",0,14,0.00,47.1
"barber school irving tx",0,1,0.00,11.0
"barber school killeen tx",0,2,0.00,15.0
"barber school kit",0,1,0.00,6.0
"barber school laredo tx",0,1,0.00,10.0
"barber school longview tx",0,1,0.00,11.0
"barber school marbach",0,1,0.00,10.0
"barber school mcallen tx",0,7,0.00,6.3
"barber school mckinney",0,24,0.00,7.8
"barber school merced ca",0,2,0.00,50.0
"barber school midland tx",0,11,0.00,8.0
"barber school near me open now",0,1,0.00,2.0
"barber school near me within 5 mi",0,1,0.00,4.0
"barber school pasadena",0,1,0.00,9.0
"barber school pasadena tx",0,2,0.00,11.5
"barber school pearland",0,2,0.00,19.0
"barber school plano",0,2,0.00,6.5
"barber school reseda",0,4,0.00,11.8
"barber school riverbank",0,1,0.00,11.0
"barber school rosenberg tx",0,9,0.00,7.8
"barber school san antonio",0,4,0.00,45.8
"barber school san antonio tx",0,1,0.00,42.0
"barber school sherman tx",0,3,0.00,10.0
"barber school spring tx",0,2,0.00,5.0
"barber school sugar land",0,4,0.00,8.5
"barber school temple tx",0,6,0.00,11.8
"barber school texas",0,1,0.00,38.0
"barber school victoria tx",0,1,0.00,10.0
"barber school waxahachie",0,1,0.00,9.0
"barber school weslaco",0,5,0.00,8.8
"barber school wichita falls",0,1,0.00,12.0
"barber schools arlington tx",0,1,0.00,70.0
"barber schools in corpus christi texas",0,7,0.00,33.3
"barber schools in el paso",0,3,0.00,16.7
"barber schools in houston tx",0,1,0.00,5.0
"barber schools in lubbock",0,1,0.00,28.0
"barber schools in my area",0,1,0.00,5.0
"barber schools in odessa texas",0,1,0.00,90.0
"barber schools in san antonio",0,1,0.00,26.0
"barber schools in texas",0,1,0.00,3.0
"barber schools near me",0,7,0.00,9.7
"barber schools san francisco",0,1,0.00,26.0
"barber scissors near me",0,2,0.00,33.5
"barber sf",0,1,0.00,1.0
"barber shack",0,1,0.00,8.0
"barber shark",0,1,0.00,9.0
"barber shears near me",0,1,0.00,35.0
"barber sherman tx",0,1,0.00,6.0
"barber shop",0,6,0.00,2.3
"barber shop amarillo",0,2,0.00,26.0
"barber shop amarillo tx",0,1,0.00,32.0
"barber shop around me",0,1,0.00,3.0
"barber shop at the adolphus",0,5,0.00,9.2
"barber shop austin tx",0,2,0.00,31.0
"barber shop baytown",0,5,0.00,14.8
"barber shop bonney lake",0,1,0.00,40.0
"barber shop brownsville",0,1,0.00,24.0
"barber shop clear lake",0,1,0.00,21.0
"barber shop connect",0,1,0.00,27.0
"barber shop corpus christi",0,1,0.00,34.0
"barber shop david",0,2,0.00,28.0
"barber shop deep ellum dallas",0,1,0.00,69.0
"barber shop deluxe",0,4,0.00,6.5
"barber shop domain",0,1,0.00,34.0
"barber shop dtla",0,1,0.00,49.0
"barber shop duncanville",0,1,0.00,14.0
"barber shop ella",0,1,0.00,7.0
"barber shop equipment near me",0,1,0.00,89.0
"barber shop for kids",0,1,0.00,1.0
"barber shop frisco",0,1,0.00,50.0
"barber shop frisco tx",0,2,0.00,55.5
"barber shop galleria",0,1,0.00,1.0
"barber shop garland texas",0,1,0.00,50.0
"barber shop garland tx",0,1,0.00,45.0
"barber shop humble tx",0,2,0.00,5.0
"barber shop in california",0,1,0.00,10.0
"barber shop in castle hills",0,2,0.00,15.5
"barber shop in denton tx",0,1,0.00,11.0
"barber shop in garland tx",0,1,0.00,43.0
"barber shop in houston tx",0,1,0.00,1.0
"barber shop in mesquite",0,1,0.00,40.0
"barber shop in mesquite tx",0,3,0.00,70.3
"barber shop in san antonio",0,1,0.00,56.0
"barber shop irving",0,2,0.00,25.0
"barber shop laredo tx",0,1,0.00,1.0
"barber shop license renewal",0,3,0.00,75.0
"barber shop license texas",0,4,0.00,34.5
"barber shop los angeles",0,1,0.00,39.0
"barber shop los angeles california",0,2,0.00,80.5
"barber shop near me",0,23,0.00,2.9
"barber shop near me black",0,1,0.00,76.0
"barber shop near me open now within 5 mi",0,1,0.00,2.0
"barber shop oak cliff",0,1,0.00,25.0
"barber shop open late",0,1,0.00,7.0
"barber shop open near me",0,1,0.00,1.0
"barber shop open now",0,1,0.00,4.0
"barber shop open now near me",0,1,0.00,1.0
"barber shop pearland",0,2,0.00,38.5
"barber shop permit texas",0,1,0.00,15.0
"barber shop plus",0,1,0.00,24.0
"barber shop premium",0,1,0.00,1.0
"barber shop rent a chair",0,1,0.00,32.0
"barber shop salon near me",0,1,0.00,2.0
"barber shop san antonio",0,3,0.00,55.3
"barber shop san bernardino",0,1,0.00,17.0
"barber shop san jose",0,2,0.00,5.5
"barber shop school",0,1,0.00,1.0
"barber shop service list",0,1,0.00,89.0
"barber shop services list",0,1,0.00,64.0
"barber shop sherman tx",0,2,0.00,31.0
"barber shop supplies near me",0,4,0.00,44.5
"barber shop supply store",0,3,0.00,70.0
"barber shop supply store near me",0,6,0.00,10.8
"barber shop supply warehouse",0,3,0.00,65.7
"barber shop to material",0,2,0.00,86.0
"barber shop tools near me",0,1,0.00,66.0
"barber shop vip",0,4,0.00,40.5
"barber shop waco",0,1,0.00,40.0
"barber shop wholesale supplies near me",0,1,0.00,8.0
"barber shops",0,6,0.00,2.5
"barber shops amarillo",0,1,0.00,17.0
"barber shops amarillo texas",0,1,0.00,30.0
"barber shops atlanta",0,1,0.00,103.0
"barber shops baytown",0,3,0.00,13.3
"barber shops beaumont",0,1,0.00,8.0
"barber shops beaumont tx",0,1,0.00,2.0
"barber shops corpus christi",0,2,0.00,20.5
"barber shops eagle pass",0,2,0.00,1.0
"barber shops el paso",0,1,0.00,9.0
"barber shops frisco",0,2,0.00,43.0
"barber shops google ads management agency",0,1,0.00,72.0
"barber shops houston",0,2,0.00,1.0
"barber shops in amarillo tx",0,6,0.00,30.7
"barber shops in baytown",0,2,0.00,9.0
"barber shops in california",0,1,0.00,23.0
"barber shops in cypress",0,1,0.00,1.0
"barber shops in dallas tx",0,1,0.00,81.0
"barber shops in frisco texas",0,2,0.00,66.5
"barber shops in houston tx",0,1,0.00,1.0
"barber shops in irving",0,1,0.00,23.0
"barber shops in irving tx",0,1,0.00,50.0
"barber shops in laredo",0,1,0.00,33.0
"barber shops in los angeles",0,2,0.00,69.0
"barber shops in san antonio",0,7,0.00,53.7
"barber shops in santa ana",0,1,0.00,1.0
"barber shops in the woodlands",0,1,0.00,22.0
"barber shops in the woodlands tx",0,2,0.00,49.5
"barber shops katy",0,1,0.00,1.0
"barber shops league city",0,2,0.00,12.5
"barber shops los angeles",0,1,0.00,46.0
"barber shops modesto",0,1,0.00,1.0
"barber shops near me for men",0,1,0.00,1.0
"barber shops near me open late",0,1,0.00,1.0
"barber shops near me open now",0,2,0.00,1.0
"barber shops near me within 5 mi",0,2,0.00,7.0
"barber shops nesr me",0,1,0.00,1.0
"barber shops open",0,1,0.00,1.0
"barber shops open near me",0,1,0.00,1.0
"barber shops pasadena tx",0,1,0.00,1.0
"barber shops pflugerville",0,1,0.00,1.0
"barber shops san antonio",0,12,0.00,53.3
"barber shops sherman tx",0,1,0.00,35.0
"barber shops spring tx",0,1,0.00,10.0
"barber shops the woodlands",0,2,0.00,20.5
"barber shops waco",0,1,0.00,39.0
"barber shops waco texas",0,1,0.00,36.0
"barber shops without a website",0,2,0.00,1.0
"barber shows 2026",0,1,0.00,58.0
"barber sinan",0,5,0.00,9.4
"barber specialties",0,3,0.00,26.0
"barber specialties inc",0,2,0.00,35.5
"barber store supplies",0,1,0.00,1.0
"barber store supply",0,1,0.00,15.0
"barber studio 6 bishop arts district",0,39,0.00,35.3
"barber styling institute",0,1,0.00,47.0
"barber suites plano",0,3,0.00,50.7
"barber suppliers near me",0,1,0.00,48.0
"barber supplies atlanta ga",0,1,0.00,22.0
"barber supplies co",0,1,0.00,71.0
"barber supplies near me",0,15,0.00,41.3
"barber supplies nearby",0,1,0.00,11.0
"barber supplies store",0,1,0.00,15.0
"barber supplies store near me",0,2,0.00,5.5
"barber supplies stores",0,1,0.00,69.0
"barber supplies stores near me",0,2,0.00,34.0
"barber supply",0,10,0.00,2.0
"barber supply & co",0,1,0.00,46.0
"barber supply 562",0,5,0.00,5.2
"barber supply atlanta",0,1,0.00,19.0
"barber supply co",0,2,0.00,73.0
"barber supply fort worth",0,7,0.00,9.4
"barber supply houston",0,4,0.00,12.5
"barber supply houston texas",0,1,0.00,25.0
"barber supply houston tx",0,2,0.00,15.5
"barber supply los angeles",0,1,0.00,1.0
"barber supply near me",0,37,0.00,14.5
"barber supply near me open now",0,4,0.00,14.3
"barber supply nearby",0,4,0.00,18.8
"barber supply san antonio",0,3,0.00,11.7
"barber supply san jose",0,1,0.00,12.0
"barber supply shop",0,1,0.00,72.0
"barber supply shop near me",0,3,0.00,25.3
"barber supply store",0,25,0.00,45.1
"barber supply store atlanta",0,1,0.00,17.0
"barber supply store houston",0,20,0.00,9.8
"barber supply store houston tx",0,10,0.00,43.0
"barber supply store near 90221",0,1,0.00,12.0
"barber supply store near me",0,65,0.00,17.2
"barber supply store near me open now",0,1,0.00,44.0
"barber supply stores",0,2,0.00,62.5
"barber supply stores near me",0,6,0.00,54.7
"barber supply warehouse",0,2,0.00,74.5
"barber supply.",0,1,0.00,4.0
"barber tape near me",0,1,0.00,10.0
"barber tools near me",0,5,0.00,21.0
"barber towels near me",0,1,0.00,8.0
"barber training",0,1,0.00,1.0
"barber tyler",0,1,0.00,38.0
"barber tyler tx",0,1,0.00,26.0
"barber waco",0,2,0.00,43.0
"barber waco tx",0,2,0.00,46.0
"barber warehouse",0,3,0.00,26.3
"barber warehouse near me",0,1,0.00,20.0
"barber websites",0,1,0.00,99.0
"barber west midtown",0,4,0.00,41.0
"barber wholesale",0,1,0.00,1.0
"barber wholesale near me",0,1,0.00,1.0
"barber zone",0,2,0.00,1.0
"barber&co",0,1,0.00,11.0
"barber+alibaba",0,1,0.00,10.0
"barber+interstate",0,1,0.00,8.0
"barber+traffic",0,2,0.00,6.5
"barbercompany",0,2,0.00,60.0
"barbercon",0,1,0.00,22.0
"barbercon 2026",0,2,0.00,10.0
"barbercon dallas",0,1,0.00,25.0
"barbercon dallas 2026",0,1,0.00,23.0
"barbercraft",0,4,0.00,9.8
"barberdoll",0,1,0.00,7.0
"barberhaus",0,1,0.00,6.0
"barberia antonio",0,1,0.00,7.0
"barberia cerca de mi",0,3,0.00,3.7
"barberia cubana cerca de mi",0,1,0.00,15.0
"barberia david",0,1,0.00,6.0
"barberia dominicana",0,1,0.00,10.0
"barberia don juan",0,2,0.00,11.0
"barberia elegance",0,1,0.00,8.0
"barberia gt",0,8,0.00,5.9
"barberia pacheco",0,1,0.00,6.0
"barberia serca de mi",0,1,0.00,1.0
"barberia vip",0,2,0.00,11.0
"barberias cerca de mi",0,1,0.00,1.0
"barbering",0,1,0.00,7.0
"barbering and cosmetology establishment license",0,3,0.00,3.0
"barbering and cosmetology school near me",0,1,0.00,70.0
"barbering machines",0,1,0.00,9.0
"barbering school bakersfield ca",0,2,0.00,27.0
"barbering school el paso",0,6,0.00,29.2
"barbering supplies",0,1,0.00,1.0
"barberism",0,2,0.00,1.0
"barberking.com",0,3,0.00,68.0
"barberlab experience",0,1,0.00,57.0
"barberland shaftesbury",0,1,0.00,35.0
"barbero cerca de mi ubicación",0,2,0.00,12.0
"barberology men's salon",0,1,0.00,46.0
"barberos cerca de mi",0,1,0.00,7.0
"barberpad",0,3,0.00,11.0
"barbers",0,2,0.00,2.5
"barbers brownsville tx",0,1,0.00,7.0
"barbers deer park",0,1,0.00,68.0
"barbers domain",0,4,0.00,10.3
"barbers frisco",0,1,0.00,40.0
"barbers garage",0,2,0.00,63.0
"barbers hair salons email list",0,6,0.00,55.2
"barbers houston tx",0,1,0.00,1.0
"barbers in baytown",0,1,0.00,11.0
"barbers in frisco",0,4,0.00,43.3
"barbers in houston",0,1,0.00,21.0
"barbers in la",0,1,0.00,1.0
"barbers in pearland",0,1,0.00,27.0
"barbers in pearland tx",0,1,0.00,35.0
"barbers in texas",0,1,0.00,1.0
"barbers inc san jose",0,3,0.00,12.3
"barbers incorporated",0,4,0.00,14.0
"barbers irving tx",0,1,0.00,26.0
"barbers mart",0,2,0.00,10.0
"barbers new me",0,1,0.00,1.0
"barbers on the lake",0,14,0.00,8.1
"barbers on the lake pearland",0,3,0.00,12.7
"barbers schools",0,1,0.00,24.0
"barbers schools near me",0,1,0.00,1.0
"barbers shops",0,1,0.00,1.0
"barbers waco",0,1,0.00,1.0
"barbers waco tx",0,1,0.00,43.0
"barbers warehouse",0,1,0.00,67.0
"barbers woodlands",0,8,0.00,42.0
"barbers x alkemy",0,1,0.00,16.0
"barbers x alkemy reviews",0,5,0.00,5.8
"barberschool near me",0,1,0.00,1.0
"barbershop",0,12,0.00,2.0
"barbershop 11",0,1,0.00,38.0
"barbershop 77018",0,1,0.00,4.0
"barbershop amarillo",0,1,0.00,10.0
"barbershop amarillo tx",0,1,0.00,25.0
"barbershop baytown",0,3,0.00,13.7
"barbershop baytown tx",0,1,0.00,27.0
"barbershop beaumont",0,1,0.00,1.0
"barbershop booth rent",0,2,0.00,24.0
"barbershop brownsville tx",0,1,0.00,13.0
"barbershop chair rental",0,1,0.00,9.0
"barbershop classes near me",0,1,0.00,1.0
"barbershop classic la",0,1,0.00,6.0
"barbershop college station",0,1,0.00,1.0
"barbershop commerce st dallas",0,15,0.00,41.1
"barbershop conroe tx",0,1,0.00,23.0
"barbershop cypress",0,1,0.00,41.0
"barbershop dallas",0,2,0.00,51.0
"barbershop delux",0,1,0.00,7.0
"barbershop deluxe",0,3,0.00,7.0
"barbershop denton",0,1,0.00,11.0
"barbershop downtown dallas",0,1,0.00,1.0
"barbershop duncanville",0,1,0.00,19.0
"barbershop el chino",0,1,0.00,15.0
"barbershop ella",0,2,0.00,9.0
"barbershop ely",0,1,0.00,45.0
"barbershop equipment near me",0,1,0.00,57.0
"barbershop for kids",0,1,0.00,19.0
"barbershop frisco",0,4,0.00,33.5
"barbershop garland",0,1,0.00,24.0
"barbershop garland tx",0,4,0.00,47.3
"barbershop heaven",0,3,0.00,12.0
"barbershop hiring near me",0,2,0.00,7.0
"barbershop in los angeles",0,1,0.00,49.0
"barbershop in preston hollow",0,1,0.00,52.0
"barbershop in san bernardino",0,1,0.00,16.0
"barbershop irving tx",0,2,0.00,36.0
"barbershop katy",0,1,0.00,1.0
"barbershop lancaster tx",0,1,0.00,10.0
"barbershop laredo tx",0,1,0.00,2.0
"barbershop lopez",0,1,0.00,88.0
"barbershop los angeles",0,4,0.00,51.8
"barbershop mckinney",0,7,0.00,47.9
"barbershop midtown",0,1,0.00,41.0
"barbershop missouri city",0,3,0.00,22.3
"barbershop momo",0,1,0.00,4.0
"barbershop near me",0,76,0.00,7.3
"barbershop near me open early",0,2,0.00,1.0
"barbershop near me within 0.2 mi",0,2,0.00,7.0
"barbershop near me within 5 mi",0,2,0.00,7.0
"barbershop oak cliff",0,1,0.00,12.0
"barbershop open late",0,1,0.00,1.0
"barbershop open near me",0,1,0.00,5.0
"barbershop open now",0,1,0.00,1.0
"barbershop pearland",0,3,0.00,38.0
"barbershop pflugerville",0,1,0.00,36.0
"barbershop plus",0,1,0.00,25.0
"barbershop punta cana",0,1,0.00,10.0
"barbershop san antonio",0,4,0.00,48.3
"barbershop santa clarita",0,1,0.00,1.0
"barbershop school near me",0,1,0.00,9.0
"barbershop services list",0,1,0.00,55.0
"barbershop sugar land",0,1,0.00,27.0
"barbershop supplies",0,1,0.00,77.0
"barbershop supply near me",0,2,0.00,45.0
"barbershop supply store",0,1,0.00,63.0
"barbershop supply store near me",0,2,0.00,46.0
"barbershop supply warehouse",0,1,0.00,82.0
"barbershop the woodlands",0,1,0.00,1.0
"barbershop the woodlands tx",0,1,0.00,40.0
"barbershop waco tx",0,2,0.00,43.5
"barbershop west midtown",0,4,0.00,46.5
"barbershopgreatnews",0,1,0.00,15.0
"barbershops",0,2,0.00,1.0
"barbershops amarillo tx",0,3,0.00,29.3
"barbershops corpus christi",0,1,0.00,22.0
"barbershops frisco",0,3,0.00,30.0
"barbershops houston",0,1,0.00,71.0
"barbershops in baytown tx",0,3,0.00,26.3
"barbershops in beaumont tx",0,1,0.00,44.0
"barbershops in california",0,1,0.00,11.0
"barbershops in frisco",0,2,0.00,24.5
"barbershops in houston",0,2,0.00,21.0
"barbershops in los angeles",0,3,0.00,34.3
"barbershops near me",0,10,0.00,1.5
"barbershops near me open",0,1,0.00,8.0
"barbershops near me without a website",0,1,0.00,21.0
"barbershops san antonio",0,1,0.00,41.0
"barbershops that are open near me",0,1,0.00,5.0
"barbersupply",0,1,0.00,2.0
"barberventures mobile barbershop houston",0,11,0.00,5.1
"barbery coast barber shop",0,4,0.00,7.3
"barbería cerca de mí",0,1,0.00,1.0
"barbher",0,1,0.00,24.0
"barbicide",0,1,0.00,7.0
"barbour shop",0,1,0.00,64.0
"barbwr school",0,2,0.00,12.0
"barista barber",0,2,0.00,7.0
"barner school",0,1,0.00,1.0
"barrett's for hair",0,1,0.00,2.0
"base barber",0,15,0.00,8.7
"base barbers",0,1,0.00,19.0
"base barbershop",0,4,0.00,7.3
"based hair",0,1,0.00,4.0
"based hair oroducts",0,1,0.00,5.0
"based hair products",0,9,0.00,6.7
"based shampoo near me",0,1,0.00,1.0
"bash hair products",0,1,0.00,4.0
"basic beauty salon",0,4,0.00,6.3
"basics salon",0,1,0.00,12.0
"basis beauty",0,1,0.00,16.0
"bask and lather beauty supply store",0,1,0.00,6.0
"bask and lather edge control",0,1,0.00,10.0
"bask and lather edge control near me",0,1,0.00,1.0
"bask salon",0,2,0.00,56.5
"baskin hair products",0,1,0.00,4.0
"bastards barbershop",0,3,0.00,5.0
"batber near me",0,1,0.00,1.0
"bath & body works modesto",0,3,0.00,9.0
"bath & body works near me",0,2,0.00,11.5
"bath & body works oxnard",0,1,0.00,8.0
"bath & body works webster",0,1,0.00,9.0
"bath abd body hours",0,2,0.00,11.0
"bath abd body works sale",0,1,0.00,5.0
"bath and body hours",0,4,0.00,11.5
"bath and body modesto",0,5,0.00,12.0
"bath and body near me",0,1,0.00,13.0
"bath and body oxnard",0,3,0.00,8.7
"bath and body webster",0,5,0.00,9.4
"bath and body work hours",0,1,0.00,11.0
"bath and body work near me",0,1,0.00,9.0
"bath and body works baybrook square",0,1,0.00,42.0
"bath and body works clear lake city blvd",0,3,0.00,5.3
"bath and body works esplanade",0,2,0.00,7.5
"bath and body works fry rd",0,1,0.00,7.0
"bath and body works hours",0,7,0.00,11.7
"bath and body works hours today",0,2,0.00,12.0
"bath and body works houston",0,2,0.00,5.0
"bath and body works houston reviews",0,1,0.00,8.0
"bath and body works hrs",0,1,0.00,11.0
"bath and body works katy tx",0,2,0.00,21.0
"bath and body works katy tx fry rd",0,2,0.00,8.0
"bath and body works locations",0,1,0.00,13.0
"bath and body works modesto",0,98,0.00,8.7
"bath and body works near me",0,20,0.00,10.4
"bath and body works northridge",0,1,0.00,10.0
"bath and body works northridge mall",0,1,0.00,12.0
"bath and body works oxnard",0,108,0.00,8.7
"bath and body works salinas",0,74,0.00,8.2
"bath and body works salinas ca",0,9,0.00,9.7
"bath and body works webster",0,43,0.00,7.6
"bath and body works webster hours",0,1,0.00,15.0
"bath and body works webster tx",0,5,0.00,10.4
"bath and body works west gray",0,15,0.00,6.4
"bath body hours",0,1,0.00,10.0
"bau barber",0,16,0.00,10.6
"bau barber shop",0,7,0.00,9.7
"bau's barber shop houston reviews",0,12,0.00,6.7
"bay area barber shop and texan salon houston",0,10,0.00,8.8
"bay area barbershop",0,1,0.00,1.0
"bay area college barber and cosmetology",0,6,0.00,6.7
"bay city barber reviews",0,1,0.00,6.0
"baybrook mall visible changes",0,1,0.00,35.0
"bayliss clippers",0,1,0.00,11.0
"bayside dolls",0,1,0.00,5.0
"baytown barber shop",0,2,0.00,15.0
"baytown beauty & barber college",0,47,0.00,8.1
"baytown hair salon",0,1,0.00,20.0
"baytown nail and spa",0,1,0.00,27.0
"baytown ulta",0,1,0.00,10.0
"bb barber shop",0,3,0.00,11.0
"bb barbers",0,1,0.00,10.0
"bb beauty supply",0,5,0.00,7.2
"bb hair studio",0,2,0.00,7.0
"bb's barber shop",0,6,0.00,12.0
"bb's salon",0,2,0.00,25.0
"bbails",0,1,0.00,11.0
"bbeautiful",0,15,0.00,7.4
"bbeautiful natural hair care silk press",0,3,0.00,9.7
"bbombshell salon",0,1,0.00,10.0
"bbs",0,11,0.00,5.0
"bbs barber",0,4,0.00,11.0
"bbs barber & salon supply",0,8,0.00,2.9
"bbs barber & salon supply los angeles",0,11,0.00,4.3
"bbs beauty supply",0,3,0.00,6.7
"bbs hair",0,1,0.00,11.0
"bbs salon",0,1,0.00,5.0
"bc barber shop",0,1,0.00,7.0
"bch nga",0,3,0.00,1.0
"bcs hair salon",0,2,0.00,11.5
"be beautiful hair salon",0,1,0.00,6.0
"be beauty salon",0,1,0.00,45.0
"be hair loft",0,1,0.00,21.0
"be salon",0,1,0.00,11.0
"be u salon",0,21,0.00,6.8
"be you salon",0,1,0.00,8.0
"be you studio",0,1,0.00,6.0
"be you tiful",0,2,0.00,9.5
"be you tiful creations beauty salon & spa photos",0,3,0.00,7.7
"be you tiful creations beauty salon & spa reviews",0,7,0.00,7.9
"be you tiful salon",0,10,0.00,8.4
"be youtiful salon",0,1,0.00,7.0
"be.you.tiful creations beauty salon & spa",0,2,0.00,11.5
"be.you.tiful creations beauty salon & spa photos",0,3,0.00,9.0
"be.you.tiful salon",0,7,0.00,7.4
"beaity supply store",0,1,0.00,1.0
"beamercutz",0,48,0.00,4.5
"beard barber near me",0,1,0.00,1.0
"beard scissors near me",0,1,0.00,32.0
"beard specialist barber near me",0,1,0.00,1.0
"beard trim castle hills",0,2,0.00,15.0
"beard trim midtown",0,3,0.00,41.0
"beard trim near me",0,2,0.00,1.5
"beard trim richardson",0,2,0.00,43.5
"beard trim russwood acres",0,3,0.00,42.0
"beard trim west midtown",0,7,0.00,41.0
"beardbrand hq",0,2,0.00,36.0
"bearded blendz barber shop pearland",0,4,0.00,7.8
"bearded buck amarillo",0,3,0.00,9.7
"bearded buck amarillo tx",0,1,0.00,9.0
"beardedbastardbarbershop.com email and owner",0,36,0.00,8.7
"beast mode barbershop",0,2,0.00,8.0
"beast wit da clippers",0,2,0.00,10.5
"beast with the clippers",0,13,0.00,9.2
"beastmode barbershop",0,8,0.00,10.5
"beats haircut",0,1,0.00,46.0
"beaty and beyond",0,1,0.00,1.0
"beaty empire",0,1,0.00,6.0
"beaty mart",0,1,0.00,4.0
"beaty pop",0,1,0.00,3.0
"beaty supply",0,2,0.00,1.0
"beaty supply near me",0,1,0.00,1.0
"beau bar supply",0,6,0.00,6.5
"beau barbershop",0,1,0.00,5.0
"beau place",0,1,0.00,7.0
"beau's place",0,1,0.00,7.0
"beaubar",0,6,0.00,5.5
"beaubar supply",0,27,0.00,6.9
"beaumont barber",0,4,0.00,24.5
"beaumont barber shop",0,2,0.00,15.5
"beaumont hairdressers",0,1,0.00,23.0
"beaumont major league barber and beauty",0,2,0.00,6.5
"beaumont tx",0,1,0.00,6.0
"beauology",0,3,0.00,7.0
"beauology reviews",0,7,0.00,8.6
"beautician mix",0,128,0.00,7.6
"beautician mix pflugerville",0,4,0.00,6.3
"beautician mix photos",0,4,0.00,9.8
"beautician school near me",0,1,0.00,1.0
"beautiful day salon",0,1,0.00,51.0
"beautiful grace salon",0,6,0.00,8.2
"beautiful hair mckinney",0,8,0.00,8.1
"beautiful hair mckinney photos",0,7,0.00,9.0
"beautiful hair mckinney reviews",0,7,0.00,6.3
"beautiful hair salon",0,2,0.00,4.0
"beautiful life hair salon",0,102,0.00,3.9
"beautiful life hair salon photos",0,22,0.00,7.7
"beautiful life hair salon reviews",0,38,0.00,9.0
"beautiful life salon",0,6,0.00,3.3
"beautiful styles",0,6,0.00,12.3
"beautiful styles salon",0,1,0.00,9.0
"beautiful supply",0,1,0.00,1.0
"beautiful you hair salon",0,1,0.00,6.0
"beautilife",0,1,0.00,2.0
"beautique day spa",0,2,0.00,18.0
"beautique day spa & salon",0,1,0.00,18.0
"beautique day spa and salon",0,2,0.00,31.5
"beautique day spa and salon houston",0,1,0.00,18.0
"beautique day spa and salon tanglewood",0,2,0.00,9.0
"beautique hair salon houston",0,1,0.00,8.0
"beautique houston",0,2,0.00,27.0
"beautique houston texas",0,1,0.00,20.0
"beautique houston tx",0,3,0.00,36.7
"beautique houston weslayan",0,3,0.00,7.3
"beautique memorial",0,5,0.00,20.0
"beautique rice village",0,1,0.00,20.0
"beautique salon houston",0,1,0.00,15.0
"beautique tanglewood",0,170,0.00,1.7
"beautique town and country",0,21,0.00,8.0
"beautique town and country llc, houston, tx, united states, review",0,2,0.00,7.0
"beautique town and country reviews",0,4,0.00,11.0
"beautique weslayan",0,22,0.00,8.9
"beautique woodway",0,27,0.00,1.6
"beautisimo",0,1,0.00,2.0
"beauty",0,2,0.00,1.0
"beauty & barber supply",0,1,0.00,57.0
"beauty & beyond",0,3,0.00,9.3
"beauty & beyond beauty supply",0,5,0.00,3.8
"beauty & beyond beauty supply photos",0,7,0.00,12.6
"beauty & beyond salon",0,1,0.00,22.0
"beauty & beyond skin care center",0,1,0.00,7.0
"beauty & beyond studio",0,29,0.00,8.9
"beauty & bliss spa",0,1,0.00,48.0
"beauty & glamour",0,2,0.00,12.0
"beauty & glow salon spa",0,4,0.00,8.3
"beauty 4 u beauty supply",0,3,0.00,18.3
"beauty 4 u near me",0,1,0.00,20.0
"beauty 4 u store",0,17,0.00,8.8
"beauty 4 u store near me",0,5,0.00,9.6
"beauty 4 u supply",0,9,0.00,11.8
"beauty 4 u temple hills",0,1,0.00,21.0
"beauty 4u",0,6,0.00,11.2
"beauty 4u photos",0,3,0.00,9.3
"beauty 4u supply",0,4,0.00,7.5
"beauty 92",0,1,0.00,22.0
"beauty a",0,2,0.00,40.5
"beauty academy",0,3,0.00,1.3
"beauty academy arlington",0,3,0.00,43.3
"beauty academy fort worth",0,5,0.00,24.6
"beauty academy houston",0,3,0.00,35.0
"beauty academy hurst",0,2,0.00,7.5
"beauty academy sugar land",0,16,0.00,19.3
"beauty and barber blade market",0,12,0.00,7.9
"beauty and barber supplies",0,1,0.00,66.0
"beauty and barber supply",0,1,0.00,62.0
"beauty and barber supply near me",0,2,0.00,25.5
"beauty and beyond",0,25,0.00,5.6
"beauty and beyond beauty supply",0,48,0.00,4.7
"beauty and beyond hair salon",0,5,0.00,9.8
"beauty and beyond houston",0,2,0.00,10.0
"beauty and beyond near me",0,1,0.00,2.0
"beauty and beyond salon",0,2,0.00,20.0
"beauty and beyond skin care",0,9,0.00,12.2
"beauty and beyond skin care center",0,4,0.00,10.5
"beauty and beyond spa",0,1,0.00,11.0
"beauty and beyond studio",0,18,0.00,8.6
"beauty and blade",0,5,0.00,6.2
"beauty and blades",0,4,0.00,8.5
"beauty and body works",0,1,0.00,10.0
"beauty and glow",0,4,0.00,7.5
"beauty and glow salon",0,15,0.00,6.9
"beauty and grace",0,1,0.00,1.0
"beauty and the blade",0,3,0.00,1.0
"beauty and the blade waco",0,52,0.00,8.9
"beauty and the blade waco tx",0,9,0.00,9.9
"beauty apot",0,1,0.00,9.0
"beauty arcana",0,1,0.00,1.0
"beauty armadale",0,1,0.00,78.0
"beauty art makeup academy",0,6,0.00,7.8
"beauty ave",0,3,0.00,8.7
"beauty avenue",0,12,0.00,13.1
"beauty avenue salon",0,1,0.00,39.0
"beauty b4 & after",0,15,0.00,6.8
"beauty bar",0,21,0.00,10.8
"beauty bar by amy",0,1,0.00,11.0
"beauty bar by amy and joe",0,4,0.00,7.8
"beauty bar laredo",0,2,0.00,10.0
"beauty bar salon",0,2,0.00,6.5
"beauty bar sherman tx",0,1,0.00,20.0
"beauty bar wigs & hair extensions",0,2,0.00,10.0
"beauty bar wigs & hair extensions photos",0,10,0.00,8.2
"beauty bee salon",0,1,0.00,41.0
"beauty belle salon",0,2,0.00,20.5
"beauty benders",0,1,0.00,4.0
"beauty beyond",0,1,0.00,1.0
"beauty beyond beauty",0,1,0.00,47.0
"beauty beyond salon",0,1,0.00,10.0
"beauty blades",0,2,0.00,5.0
"beauty bliss bar",0,1,0.00,11.0
"beauty bliss spa",0,2,0.00,38.0
"beauty boutique by karla",0,1,0.00,46.0
"beauty brand fulfillment house",0,2,0.00,79.5
"beauty brands",0,3,0.00,2.3
"beauty buzz",0,2,0.00,17.0
"beauty buzz salon",0,1,0.00,11.0
"beauty by bee salon",0,2,0.00,42.5
"beauty by belle",0,1,0.00,4.0
"beauty by cindy",0,3,0.00,33.0
"beauty by el",0,1,0.00,10.0
"beauty by elle",0,4,0.00,4.8
"beauty by grace",0,1,0.00,5.0
"beauty by jackie",0,1,0.00,7.0
"beauty by kim",0,1,0.00,7.0
"beauty by miriam",0,1,0.00,5.0
"beauty by reyna",0,1,0.00,16.0
"beauty by tee",0,2,0.00,4.5
"beauty by umar",0,2,0.00,7.0
"beauty cabinet",0,1,0.00,1.0
"beauty care choices",0,1,0.00,62.0
"beauty cave",0,104,0.00,4.8
"beauty cave boutique",0,7,0.00,6.3
"beauty cave houston",0,21,0.00,8.1
"beauty choice",0,1,0.00,24.0
"beauty choice salon",0,9,0.00,7.7
"beauty choices",0,1,0.00,44.0
"beauty clearance",0,1,0.00,6.0
"beauty collective salon",0,1,0.00,10.0
"beauty college",0,2,0.00,10.5
"beauty college arlington tx",0,11,0.00,24.5
"beauty college modesto",0,1,0.00,12.0
"beauty college near me",0,7,0.00,5.3
"beauty college sacramento",0,1,0.00,60.0
"beauty college sugar land",0,17,0.00,13.1
"beauty colleges in arlington",0,1,0.00,31.0
"beauty colleges in houston",0,2,0.00,46.5
"beauty colleges in modesto",0,2,0.00,30.5
"beauty corner store",0,2,0.00,19.5
"beauty creations near me",0,1,0.00,49.0
"beauty d",0,3,0.00,9.3
"beauty day",0,1,0.00,45.0
"beauty depot",0,9,0.00,10.9
"beauty depot houston",0,58,0.00,8.1
"beauty depot houston photos",0,7,0.00,9.0
"beauty depot houston reviews",0,5,0.00,7.4
"beauty depot nail supply",0,140,0.00,9.3
"beauty design",0,2,0.00,38.5
"beauty design studio",0,1,0.00,5.0
"beauty direct supply",0,2,0.00,30.0
"beauty dome",0,3,0.00,6.0
"beauty elegant near me",0,1,0.00,30.0
"beauty elements - beauty supply store",0,1,0.00,9.0
"beauty elements - beauty supply store photos",0,1,0.00,8.0
"beauty elements beauty supply store waco photos",0,5,0.00,6.0
"beauty elements beauty supply store waco reviews",0,2,0.00,5.0
"beauty elements waco",0,3,0.00,6.3
"beauty elements waco tx",0,2,0.00,8.0
"beauty empire #16",0,5,0.00,33.6
"beauty empire 3",0,8,0.00,6.8
"beauty empire 529",0,39,0.00,6.5
"beauty empire aldine westfield",0,8,0.00,6.3
"beauty empire beauty supply",0,12,0.00,9.5
"beauty empire bellfort",0,2,0.00,5.0
"beauty empire bissonnet",0,10,0.00,6.1
"beauty empire cullen",0,72,0.00,11.2
"beauty empire cullen and reed",0,7,0.00,6.7
"beauty empire cullen by fiesta",0,12,0.00,7.8
"beauty empire cypress tx",0,6,0.00,7.3
"beauty empire fondren",0,16,0.00,6.8
"beauty empire hair",0,1,0.00,20.0
"beauty empire hair store",0,7,0.00,10.1
"beauty empire hours",0,12,0.00,7.3
"beauty empire houston",0,54,0.00,9.4
"beauty empire houston tx",0,10,0.00,10.1
"beauty empire humble",0,43,0.00,7.9
"beauty empire humble tx",0,45,0.00,6.7
"beauty empire jones rd",0,6,0.00,5.3
"beauty empire katy",0,29,0.00,4.7
"beauty empire missouri city",0,2,0.00,9.5
"beauty empire near me",0,125,0.00,10.2
"beauty empire number 22",0,1,0.00,12.0
"beauty empire o & c",0,29,0.00,3.4
"beauty empire on bellfort",0,9,0.00,4.3
"beauty empire on cullen",0,18,0.00,6.8
"beauty empire on scott",0,13,0.00,4.2
"beauty empire on westheimer",0,10,0.00,19.9
"beauty empire outlet",0,4,0.00,1.0
"beauty empire plus",0,23,0.00,8.4
"beauty empire plus on 59",0,14,0.00,7.5
"beauty empire plus on westheimer",0,34,0.00,7.3
"beauty empire plus on westheimer reviews",0,1,0.00,7.0
"beauty empire premium outlet",0,57,0.00,2.9
"beauty empire richmond tx",0,1,0.00,7.0
"beauty empire scott",0,16,0.00,6.8
"beauty empire spring tx",0,10,0.00,4.3
"beauty empire store",0,9,0.00,11.7
"beauty empire super center",0,157,0.00,7.1
"beauty empire super center #2",0,45,0.00,2.7
"beauty empire super center #3",0,32,0.00,3.2
"beauty empire super center #3 houston",0,21,0.00,2.6
"beauty empire super center 2",0,18,0.00,19.3
"beauty empire supercenter",0,7,0.00,7.4
"beauty empire supply",0,3,0.00,11.3
"beauty empire website",0,1,0.00,4.0
"beauty empire westheimer",0,9,0.00,9.3
"beauty empire wigs",0,2,0.00,22.5
"beauty empire willowbrook",0,31,0.00,6.3
"beauty empire woodland hills",0,18,0.00,1.9
"beauty empire.",0,1,0.00,28.0
"beauty emporium",0,3,0.00,7.7
"beauty emporium near me",0,1,0.00,9.0
"beauty emporium sacramento",0,2,0.00,1.0
"beauty essence",0,1,0.00,9.0
"beauty essence hair store",0,1,0.00,12.0
"beauty essence waco",0,2,0.00,2.5
"beauty esthetics",0,1,0.00,1.0
"beauty exchange",0,1,0.00,2.0
"beauty exchange hours",0,1,0.00,7.0
"beauty express",0,39,0.00,8.4
"beauty express bellaire",0,10,0.00,26.4
"beauty express houston",0,12,0.00,6.9
"beauty express photos",0,3,0.00,4.7
"beauty express salon",0,6,0.00,8.5
"beauty express sugar land",0,25,0.00,6.4
"beauty express sugar land photos",0,2,0.00,10.0
"beauty express sugar land reviews",0,13,0.00,7.7
"beauty express veterans memorial",0,5,0.00,10.6
"beauty for you beauty supply",0,1,0.00,10.0
"beauty fort",0,1,0.00,13.0
"beauty fulfillment center",0,1,0.00,69.0
"beauty galaxy",0,64,0.00,4.7
"beauty galaxy 1960",0,44,0.00,5.1
"beauty galaxy near me",0,10,0.00,5.4
"beauty galaxy photos",0,1,0.00,8.0
"beauty galaxy supply",0,1,0.00,4.0
"beauty garden",0,3,0.00,5.0
"beauty glamour salon",0,2,0.00,12.0
"beauty glo",0,2,0.00,10.0
"beauty glow",0,1,0.00,7.0
"beauty glow spa",0,3,0.00,5.7
"beauty hair products near me",0,1,0.00,1.0
"beauty hair store",0,1,0.00,1.0
"beauty hair stores near me",0,1,0.00,1.0
"beauty hair studio by kim",0,61,0.00,6.7
"beauty hair studio by kim blowout",0,6,0.00,13.7
"beauty hair studio by kim cypress",0,4,0.00,27.0
"beauty hair studio by kim hair color",0,4,0.00,18.8
"beauty hair studio by kim hair salon",0,7,0.00,23.4
"beauty hair studio by kim hair stylist",0,5,0.00,12.6
"beauty hair studio by kim haircut",0,2,0.00,7.5
"beauty hair studio by kim houston",0,7,0.00,16.3
"beauty hair studio by kim houston reviews",0,7,0.00,22.4
"beauty hair studio by kim near me",0,4,0.00,25.8
"beauty hair studio by kim reviews",0,6,0.00,16.0
"beauty hair studio by kim stylist",0,6,0.00,29.2
"beauty hair supply store near me",0,1,0.00,1.0
"beauty haus",0,3,0.00,8.3
"beauty haven",0,2,0.00,9.0
"beauty heaven",0,1,0.00,8.0
"beauty heaven salon",0,1,0.00,6.0
"beauty house perfume",0,1,0.00,4.0
"beauty icon near me",0,1,0.00,9.0
"beauty icon rialto",0,15,0.00,9.0
"beauty indulgence",0,3,0.00,8.3
"beauty indulgence day spa and salon",0,2,0.00,8.5
"beauty ine",0,1,0.00,6.0
"beauty inn salon",0,1,0.00,6.0
"beauty inn salon & spa",0,4,0.00,6.0
"beauty islamd",0,1,0.00,1.0
"beauty island 1960",0,25,0.00,1.2
"beauty island beauty supply",0,3,0.00,21.0
"beauty island beauty supply store",0,3,0.00,19.3
"beauty island hair store",0,1,0.00,8.0
"beauty island hours",0,1,0.00,4.0
"beauty island near me",0,6,0.00,3.5
"beauty island salon",0,3,0.00,7.7
"beauty k",0,1,0.00,18.0
"beauty k salon",0,1,0.00,32.0
"beauty kit",0,3,0.00,1.0
"beauty kit solutions",0,48,0.00,3.6
"beauty konnections",0,1,0.00,42.0
"beauty kulture",0,87,0.00,6.6
"beauty kulture academy",0,29,0.00,8.9
"beauty lab",0,1,0.00,7.0
"beauty lane salon",0,1,0.00,4.0
"beauty license texas",0,1,0.00,36.0
"beauty life salon and spa",0,1,0.00,39.0
"beauty loft by abrar",0,1,0.00,10.0
"beauty loft salon",0,1,0.00,10.0
"beauty lounge htx",0,15,0.00,7.4
"beauty lounge the woodlands",0,1,0.00,15.0
"beauty love",0,22,0.00,1.0
"beauty love beauty supply",0,4,0.00,9.8
"beauty loves",0,1,0.00,7.0
"beauty mack boutique",0,17,0.00,4.3
"beauty makeover salon",0,2,0.00,11.5
"beauty mart",0,9,0.00,6.8
"beauty mart beauty supply",0,1,0.00,7.0
"beauty mart waco",0,21,0.00,5.0
"beauty mart waco drive",0,5,0.00,9.2
"beauty mart waco texas",0,1,0.00,13.0
"beauty max",0,6,0.00,8.0
"beauty model school",0,2,0.00,10.0
"beauty models school",0,48,0.00,4.3
"beauty nail supply center",0,1,0.00,28.0
"beauty on sale",0,1,0.00,10.0
"beauty one",0,3,0.00,7.7
"beauty one beauty supply",0,2,0.00,1.0
"beauty one supply",0,3,0.00,2.3
"beauty outlet",0,1,0.00,6.0
"beauty outlet san antonio",0,2,0.00,7.0
"beauty palace",0,27,0.00,13.3
"beauty palace beauty supply",0,4,0.00,21.5
"beauty palace hair salon",0,1,0.00,7.0
"beauty palace near me",0,2,0.00,5.5
"beauty palace new location reviews",0,1,0.00,6.0
"beauty palace salon",0,1,0.00,9.0
"beauty parlour near me",0,2,0.00,9.0
"beauty perfection",0,3,0.00,16.3
"beauty plus",0,12,0.00,1.3
"beauty plus (beauty supply store)",0,4,0.00,7.3
"beauty plus beauty supply",0,1,0.00,15.0
"beauty plus hair store",0,1,0.00,9.0
"beauty plus hours",0,1,0.00,5.0
"beauty plus salon",0,2,0.00,25.0
"beauty plus salon near me",0,1,0.00,8.0
"beauty plus supply",0,4,0.00,17.5
"beauty point academy",0,13,0.00,9.6
"beauty pop",0,24,0.00,5.5
"beauty pop beauty supply",0,1,0.00,3.0
"beauty pop near me",0,9,0.00,2.8
"beauty pop san antonio",0,4,0.00,5.3
"beauty princess salon",0,1,0.00,7.0
"beauty pro university",0,12,0.00,8.7
"beauty product store museum district",0,2,0.00,19.5
"beauty product store west university",0,1,0.00,20.0
"beauty queen",0,3,0.00,2.3
"beauty queen beauty supply",0,6,0.00,7.5
"beauty queen hair",0,1,0.00,6.0
"beauty queen hair & beauty supply",0,21,0.00,2.5
"beauty queen near me",0,1,0.00,9.0
"beauty queen salon",0,1,0.00,20.0
"beauty quest",0,3,0.00,54.7
"beauty salon",0,2,0.00,1.0
"beauty salon a",0,1,0.00,34.0
"beauty salon bar",0,1,0.00,10.0
"beauty salon bella",0,4,0.00,7.0
"beauty salon belle",0,1,0.00,35.0
"beauty salon brownsville tx",0,1,0.00,1.0
"beauty salon california",0,1,0.00,1.0
"beauty salon ely",0,1,0.00,16.0
"beauty salon glamour",0,1,0.00,17.0
"beauty salon hispano",0,2,0.00,9.5
"beauty salon houston tx",0,1,0.00,81.0
"beauty salon humble tx",0,2,0.00,14.5
"beauty salon in victoria",0,1,0.00,22.0
"beauty salon inside walmart",0,1,0.00,18.0
"beauty salon iris",0,1,0.00,4.0
"beauty salon lily",0,1,0.00,7.0
"beauty salon makeover",0,4,0.00,17.5
"beauty salon pearland",0,1,0.00,82.0
"beauty salon plaza",0,1,0.00,14.0
"beauty salon princess",0,7,0.00,10.3
"beauty salon queen",0,1,0.00,30.0
"beauty salon river oaks houston",0,7,0.00,36.6
"beauty salon rose",0,1,0.00,15.0
"beauty salon shirley",0,2,0.00,23.5
"beauty salons ely",0,3,0.00,17.7
"beauty salons in houston tx",0,1,0.00,41.0
"beauty salons shirley",0,2,0.00,17.0
"beauty salón vita beauty lounge",0,2,0.00,51.0
"beauty school",0,2,0.00,9.5
"beauty school arlington tx",0,3,0.00,36.0
"beauty school bakersfield",0,2,0.00,15.0
"beauty school baytown",0,8,0.00,13.5
"beauty school brownsville tx",0,2,0.00,12.5
"beauty school directory",0,2,0.00,14.5
"beauty school fair oaks",0,10,0.00,16.4
"beauty school fremont",0,2,0.00,10.0
"beauty school frisco",0,1,0.00,13.0
"beauty school ft worth tx",0,1,0.00,41.0
"beauty school georgetown tx",0,1,0.00,8.0
"beauty school graduation rate",0,1,0.00,58.0
"beauty school groveton",0,22,0.00,5.3
"beauty school houston",0,3,0.00,28.0
"beauty school in arlington",0,1,0.00,36.0
"beauty school in arlington tx",0,3,0.00,47.3
"beauty school in bakersfield ca",0,2,0.00,49.5
"beauty school in dallas tx",0,1,0.00,81.0
"beauty school in modesto ca",0,1,0.00,19.0
"beauty school in sacramento",0,1,0.00,42.0
"beauty school in san antonio",0,4,0.00,42.5
"beauty school in sugar land",0,21,0.00,10.2
"beauty school information session sacramento",0,1,0.00,26.0
"beauty school killeen tx",0,1,0.00,26.0
"beauty school lewisville",0,4,0.00,9.8
"beauty school mckinney",0,2,0.00,7.0
"beauty school mesquite tx",0,1,0.00,12.0
"beauty school missouri city",0,4,0.00,7.8
"beauty school oxnard",0,1,0.00,11.0
"beauty school plano tx",0,2,0.00,34.0
"beauty school rancho cucamonga",0,7,0.00,11.3
"beauty school registration sacramento",0,1,0.00,71.0
"beauty school salinas",0,1,0.00,1.0
"beauty school san angelo",0,4,0.00,9.0
"beauty school san antonio",0,3,0.00,36.0
"beauty school san antonio tx",0,3,0.00,39.3
"beauty school santa rosa",0,1,0.00,20.0
"beauty school stafford",0,3,0.00,7.7
"beauty school stockton",0,1,0.00,17.0
"beauty school sugar land",0,23,0.00,11.9
"beauty school sugar land tx",0,21,0.00,16.6
"beauty school tracy ca",0,4,0.00,10.0
"beauty school tyler tx",0,2,0.00,48.5
"beauty school vacaville",0,3,0.00,19.3
"beauty school whitehouse",0,7,0.00,10.3
"beauty school whitehouse tx",0,17,0.00,8.6
"beauty school with services near me",0,1,0.00,1.0
"beauty schools",0,1,0.00,1.0
"beauty schools arlington tx",0,2,0.00,45.0
"beauty schools dallas",0,3,0.00,51.3
"beauty schools directory",0,5,0.00,25.6
"beauty schools houston",0,4,0.00,44.8
"beauty schools in arlington",0,1,0.00,36.0
"beauty schools in arlington texas",0,1,0.00,45.0
"beauty schools in arlington tx",0,3,0.00,55.0
"beauty schools in bakersfield ca",0,1,0.00,59.0
"beauty schools in dallas texas",0,3,0.00,91.3
"beauty schools in dallas tx",0,1,0.00,68.0
"beauty schools in fresno",0,2,0.00,23.5
"beauty schools in houston texas",0,3,0.00,62.3
"beauty schools in laredo texas",0,1,0.00,15.0
"beauty schools in lubbock",0,2,0.00,30.0
"beauty schools in lubbock tx",0,2,0.00,34.5
"beauty schools in san antonio",0,4,0.00,30.3
"beauty schools in san antonio texas",0,2,0.00,57.0
"beauty schools in san antonio tx",0,5,0.00,42.2
"beauty schools in stockton ca",0,1,0.00,58.0
"beauty schools in sugar land texas",0,19,0.00,15.7
"beauty schools in waco texas",0,16,0.00,26.3
"beauty schools mesquite tx",0,1,0.00,11.0
"beauty schools near me that offer services to the public",0,1,0.00,40.0
"beauty schools plano",0,1,0.00,35.0
"beauty schools san antonio",0,7,0.00,33.0
"beauty schools sugar land",0,23,0.00,13.0
"beauty schools that offer services near me",0,1,0.00,1.0
"beauty sensation",0,10,0.00,5.0
"beauty sensation #5",0,9,0.00,2.9
"beauty shop bellaire",0,3,0.00,23.0
"beauty shop heights",0,6,0.00,8.3
"beauty shop near me",0,4,0.00,6.5
"beauty shop near me black hair",0,1,0.00,1.0
"beauty shops near me",0,1,0.00,1.0
"beauty sign",0,12,0.00,1.0
"beauty sign glendale",0,10,0.00,3.1
"beauty solutions",0,9,0.00,8.0
"beauty solutions lafayette",0,17,0.00,7.3
"beauty solutions near me",0,4,0.00,10.3
"beauty solutions orange county",0,8,0.00,5.3
"beauty solutions resource center",0,9,0.00,6.9
"beauty solutions resource center photos",0,4,0.00,5.0
"beauty solutions san diego",0,15,0.00,7.7
"beauty solutions santa ana",0,5,0.00,6.2
"beauty sphere hair salon",0,1,0.00,9.0
"beauty spit",0,1,0.00,5.0
"beauty spot",0,31,0.00,3.7
"beauty spot beauty supply",0,3,0.00,5.0
"beauty spot in moreno valley",0,9,0.00,3.8
"beauty spot moreno valley",0,45,0.00,3.9
"beauty spot moreno valley ca",0,2,0.00,5.0
"beauty spot moreno valley reviews",0,28,0.00,4.9
"beauty spot near me",0,28,0.00,4.1
"beauty spot reviews",0,3,0.00,5.0
"beauty spoy",0,2,0.00,1.0
"beauty statement",0,12,0.00,7.3
"beauty statement spa",0,1,0.00,9.0
"beauty store",0,4,0.00,1.0
"beauty store and salon",0,2,0.00,27.5
"beauty store near me",0,15,0.00,1.4
"beauty store on broadway",0,1,0.00,7.0
"beauty store salon",0,4,0.00,10.5
"beauty store salon and spa",0,3,0.00,10.0
"beauty stores",0,1,0.00,1.0
"beauty stores near me",0,1,0.00,1.0
"beauty studio dasha",0,1,0.00,5.0
"beauty studio houston",0,4,0.00,39.0
"beauty suites plano tx",0,3,0.00,49.7
"beauty supple near me",0,1,0.00,1.0
"beauty suppliers",0,1,0.00,1.0
"beauty supplies",0,3,0.00,1.0
"beauty supplies 4u",0,7,0.00,17.0
"beauty supplies by lucy",0,140,0.00,7.6
"beauty supplies by lucy photos",0,5,0.00,8.2
"beauty supplies by lucy reviews",0,26,0.00,9.3
"beauty supplies near me",0,3,0.00,1.0
"beauty supply 1960",0,7,0.00,38.0
"beauty supply 1960 humble",0,4,0.00,8.5
"beauty supply 24 hours",0,2,0.00,1.0
"beauty supply 2920",0,6,0.00,1.0
"beauty supply 3rd street",0,3,0.00,4.3
"beauty supply 4 u",0,6,0.00,7.3
"beauty supply 4u",0,34,0.00,9.5
"beauty supply 4u lewisville",0,1,0.00,8.0
"beauty supply 4u photos",0,3,0.00,4.3
"beauty supply 529",0,2,0.00,15.5
"beauty supply 529 and barker cypress",0,7,0.00,9.7
"beauty supply 77015",0,1,0.00,9.0
"beauty supply 77070",0,8,0.00,5.8
"beauty supply 77090",0,10,0.00,7.4
"beauty supply 8am",0,1,0.00,8.0
"beauty supply aldine bender",0,6,0.00,8.5
"beauty supply aldine mail route",0,17,0.00,3.4
"beauty supply aldine westfield",0,8,0.00,7.1
"beauty supply anaheim",0,1,0.00,14.0
"beauty supply arlington tx",0,2,0.00,20.0
"beauty supply atascocita",0,6,0.00,12.3
"beauty supply austin",0,2,0.00,1.0
"beauty supply bakersfield",0,1,0.00,1.0
"beauty supply bakersfield ca",0,2,0.00,13.0
"beauty supply beaumont",0,2,0.00,21.5
"beauty supply beaumont tx",0,1,0.00,1.0
"beauty supply bellaire",0,2,0.00,6.0
"beauty supply belleville",0,1,0.00,10.0
"beauty supply black owned",0,2,0.00,1.0
"beauty supply broadway",0,3,0.00,8.7
"beauty supply brookland",0,1,0.00,50.0
"beauty supply buckner",0,7,0.00,8.7
"beauty supply bundles",0,1,0.00,1.0
"beauty supply by lucy",0,51,0.00,7.2
"beauty supply camp bowie",0,3,0.00,5.7
"beauty supply camp creek",0,1,0.00,1.0
"beauty supply camp wisdom",0,2,0.00,11.0
"beauty supply carson",0,1,0.00,8.0
"beauty supply centerville",0,1,0.00,9.0
"beauty supply central ave",0,1,0.00,18.0
"beauty supply cerca de mi ubicación",0,1,0.00,1.0
"beauty supply chula vista",0,1,0.00,13.0
"beauty supply close at 10",0,1,0.00,11.0
"beauty supply close at 9",0,1,0.00,6.0
"beauty supply closing time",0,1,0.00,9.0
"beauty supply college station",0,2,0.00,9.5
"beauty supply colton",0,1,0.00,12.0
"beauty supply commerce",0,4,0.00,1.8
"beauty supply compton",0,2,0.00,10.5
"beauty supply conroe",0,1,0.00,20.0
"beauty supply conroe tx",0,1,0.00,11.0
"beauty supply corona ca",0,1,0.00,22.0
"beauty supply crenshaw",0,13,0.00,11.8
"beauty supply crenshaw and slauson",0,3,0.00,15.0
"beauty supply cullen",0,22,0.00,10.1
"beauty supply cullen blvd",0,5,0.00,10.2
"beauty supply cumberland",0,1,0.00,12.0
"beauty supply cypress",0,5,0.00,8.2
"beauty supply cypress tx",0,7,0.00,12.1
"beauty supply delivery",0,1,0.00,1.0
"beauty supply east oakland",0,1,0.00,11.0
"beauty supply ebony",0,2,0.00,8.0
"beauty supply emeryville",0,2,0.00,1.0
"beauty supply empire",0,4,0.00,6.0
"beauty supply euclid",0,11,0.00,8.1
"beauty supply euclid ave",0,12,0.00,7.1
"beauty supply fillmore",0,5,0.00,9.6
"beauty supply fillmore sf",0,2,0.00,14.5
"beauty supply florin rd",0,2,0.00,6.0
"beauty supply fontana",0,2,0.00,1.0
"beauty supply fontana ca",0,1,0.00,14.0
"beauty supply for nails near me",0,1,0.00,1.0
"beauty supply for u",0,1,0.00,8.0
"beauty supply for you",0,2,0.00,1.0
"beauty supply franklin",0,1,0.00,5.0
"beauty supply franklin blvd",0,7,0.00,4.4
"beauty supply fremont",0,2,0.00,11.0
"beauty supply fresno",0,1,0.00,19.0
"beauty supply fresno ca",0,1,0.00,19.0
"beauty supply fruitridge",0,5,0.00,1.0
"beauty supply fry rd",0,11,0.00,11.3
"beauty supply fulfillment center",0,4,0.00,19.5
"beauty supply fulton",0,3,0.00,2.7
"beauty supply garland",0,2,0.00,15.0
"beauty supply glendale",0,8,0.00,9.8
"beauty supply glendale ca",0,3,0.00,17.7
"beauty supply greenhouse",0,2,0.00,7.0
"beauty supply hair salon",0,1,0.00,37.0
"beauty supply hair store near me",0,1,0.00,3.0
"beauty supply harwin",0,1,0.00,1.0
"beauty supply highway 6",0,4,0.00,13.5
"beauty supply homestead",0,7,0.00,4.6
"beauty supply hours",0,2,0.00,8.5
"beauty supply houston",0,9,0.00,5.3
"beauty supply houston levee",0,1,0.00,13.0
"beauty supply houston near me",0,1,0.00,1.0
"beauty supply houston tx",0,1,0.00,21.0
"beauty supply humble",0,6,0.00,14.0
"beauty supply humble tx",0,6,0.00,7.7
"beauty supply huntington beach",0,2,0.00,1.0
"beauty supply hwy 6",0,11,0.00,13.0
"beauty supply in bakersfield",0,3,0.00,10.7
"beauty supply in corona",0,1,0.00,26.0
"beauty supply in corona ca",0,1,0.00,23.0
"beauty supply in eastover shopping center",0,1,0.00,31.0
"beauty supply in fontana",0,1,0.00,17.0
"beauty supply in garland",0,1,0.00,19.0
"beauty supply in garland texas",0,1,0.00,29.0
"beauty supply in glendale",0,5,0.00,9.8
"beauty supply in glendale ca",0,1,0.00,11.0
"beauty supply in humble",0,3,0.00,10.0
"beauty supply in humble tx",0,1,0.00,19.0
"beauty supply in lakewood",0,2,0.00,15.0
"beauty supply in long beach",0,2,0.00,11.5
"beauty supply in missouri city",0,1,0.00,2.0
"beauty supply in moreno valley",0,1,0.00,20.0
"beauty supply in round rock",0,1,0.00,10.0
"beauty supply in san bernardino",0,1,0.00,11.0
"beauty supply in san jose",0,1,0.00,20.0
"beauty supply in spring tx",0,1,0.00,14.0
"beauty supply in stockton",0,1,0.00,21.0
"beauty supply international oakland",0,1,0.00,17.0
"beauty supply iris",0,8,0.00,4.1
"beauty supply irving",0,1,0.00,26.0
"beauty supply irving tx",0,1,0.00,22.0
"beauty supply jones rd",0,21,0.00,10.0
"beauty supply katy",0,3,0.00,29.3
"beauty supply katy tx",0,1,0.00,21.0
"beauty supply kendall",0,1,0.00,5.0
"beauty supply king and vermont",0,5,0.00,10.8
"beauty supply king and western",0,3,0.00,40.3
"beauty supply lafayette ca",0,5,0.00,10.6
"beauty supply lakewood",0,2,0.00,6.0
"beauty supply lakewood ca",0,3,0.00,13.7
"beauty supply lamar",0,1,0.00,9.0
"beauty supply little elm",0,2,0.00,11.0
"beauty supply little york",0,21,0.00,6.8
"beauty supply lockwood",0,11,0.00,6.8
"beauty supply long beach",0,4,0.00,22.0
"beauty supply long beach blvd",0,6,0.00,9.2
"beauty supply lyons ave",0,1,0.00,11.0
"beauty supply manteca",0,2,0.00,22.0
"beauty supply manteca ca",0,5,0.00,20.4
"beauty supply martin luther king",0,1,0.00,10.0
"beauty supply mccart",0,3,0.00,7.0
"beauty supply memorial dr",0,1,0.00,4.0
"beauty supply memorial drive",0,1,0.00,5.0
"beauty supply missouri city",0,2,0.00,1.0
"beauty supply mlk",0,1,0.00,12.0
"beauty supply modesto",0,1,0.00,17.0
"beauty supply montgomery",0,1,0.00,3.0
"beauty supply moreno valley",0,29,0.00,16.3
"beauty supply near burlington",0,1,0.00,12.0
"beauty supply near cypress, houston, tx",0,1,0.00,1.0
"beauty supply near humble, tx",0,2,0.00,3.5
"beauty supply near me delivery",0,1,0.00,1.0
"beauty supply near me houston tx",0,4,0.00,39.5
"beauty supply near me now",0,2,0.00,1.0
"beauty supply near me oakland",0,1,0.00,5.0
"beauty supply near me open",0,2,0.00,1.5
"beauty supply near me open now within 5 mi",0,1,0.00,5.0
"beauty supply near me that close at 10",0,1,0.00,9.0
"beauty supply near me that close at 9",0,1,0.00,10.0
"beauty supply near me within 5 mi",0,5,0.00,2.8
"beauty supply near naylor road",0,3,0.00,30.3
"beauty supply near pearland, tx",0,1,0.00,24.0
"beauty supply near walmart near me",0,1,0.00,1.0
"beauty supply nearby",0,1,0.00,1.0
"beauty supply nearme",0,1,0.00,11.0
"beauty supply newr me",0,1,0.00,8.0
"beauty supply north hollywood",0,1,0.00,1.0
"beauty supply oakland",0,1,0.00,2.0
"beauty supply oakland ca",0,2,0.00,4.5
"beauty supply oakland telegraph",0,1,0.00,11.0
"beauty supply on 1960",0,2,0.00,17.0
"beauty supply on 1960 and 45",0,1,0.00,1.0
"beauty supply on 1960 and kuykendahl",0,1,0.00,15.0
"beauty supply on 3rd ave",0,1,0.00,6.0
"beauty supply on 3rd street",0,1,0.00,5.0
"beauty supply on 529",0,3,0.00,18.0
"beauty supply on 529 and barker cypress",0,1,0.00,11.0
"beauty supply on aldine bender",0,7,0.00,7.9
"beauty supply on aldine mail route",0,5,0.00,3.8
"beauty supply on antoine",0,5,0.00,5.2
"beauty supply on artesia",0,4,0.00,8.8
"beauty supply on artesia and atlantic",0,5,0.00,8.2
"beauty supply on bellfort",0,7,0.00,2.7
"beauty supply on broadway",0,3,0.00,7.7
"beauty supply on buckner",0,1,0.00,9.0
"beauty supply on camp wisdom",0,5,0.00,10.4
"beauty supply on central ave",0,1,0.00,25.0
"beauty supply on chicago ave",0,2,0.00,6.0
"beauty supply on crenshaw",0,12,0.00,12.7
"beauty supply on crenshaw and 29th",0,4,0.00,5.0
"beauty supply on crenshaw and imperial",0,1,0.00,36.0
"beauty supply on crenshaw and obama",0,1,0.00,12.0
"beauty supply on cullen",0,38,0.00,11.1
"beauty supply on cullen and bellfort",0,16,0.00,8.9
"beauty supply on cullen and reed",0,2,0.00,8.5
"beauty supply on euclid",0,4,0.00,9.0
"beauty supply on fondren",0,4,0.00,10.3
"beauty supply on franklin",0,4,0.00,1.0
"beauty supply on fry road",0,4,0.00,8.8
"beauty supply on fulton",0,1,0.00,1.0
"beauty supply on grand ave",0,1,0.00,9.0
"beauty supply on harwin",0,4,0.00,22.8
"beauty supply on highway 6",0,1,0.00,3.0
"beauty supply on homestead",0,11,0.00,5.2
"beauty supply on hwy 6",0,4,0.00,48.0
"beauty supply on imperial and crenshaw",0,1,0.00,20.0
"beauty supply on jensen",0,24,0.00,6.5
"beauty supply on jones rd",0,14,0.00,5.5
"beauty supply on jones rd and 1960",0,3,0.00,10.7
"beauty supply on king",0,4,0.00,5.8
"beauty supply on king and vermont",0,10,0.00,10.0
"beauty supply on king and western",0,9,0.00,13.8
"beauty supply on little york",0,15,0.00,5.5
"beauty supply on little york and 59",0,7,0.00,4.6
"beauty supply on lockwood",0,15,0.00,6.4
"beauty supply on manchester and western",0,1,0.00,26.0
"beauty supply on mccart",0,2,0.00,4.5
"beauty supply on mesa",0,10,0.00,6.1
"beauty supply on mountain",0,4,0.00,10.0
"beauty supply on park",0,1,0.00,5.0
"beauty supply on pico and la brea",0,7,0.00,7.9
"beauty supply on scott",0,44,0.00,6.9
"beauty supply on scott and ost",0,7,0.00,8.3
"beauty supply on south post oak",0,9,0.00,9.0
"beauty supply on telegraph",0,3,0.00,8.0
"beauty supply on telegraph in oakland",0,2,0.00,9.0
"beauty supply on third",0,2,0.00,4.0
"beauty supply on third street",0,1,0.00,4.0
"beauty supply on tidwell",0,2,0.00,2.5
"beauty supply on tidwell and 45",0,4,0.00,5.8
"beauty supply on university ave",0,1,0.00,5.0
"beauty supply on veterans memorial",0,20,0.00,8.4
"beauty supply on watt ave",0,1,0.00,8.0
"beauty supply on western and king",0,17,0.00,29.3
"beauty supply on westheimer",0,10,0.00,8.5
"beauty supply on wheatland",0,5,0.00,10.8
"beauty supply on wilson",0,2,0.00,12.0
"beauty supply on woodland hills",0,27,0.00,3.3
"beauty supply open",0,1,0.00,1.0
"beauty supply open 8am",0,1,0.00,10.0
"beauty supply open at 7am",0,1,0.00,30.0
"beauty supply open at 8am",0,6,0.00,16.8
"beauty supply open early",0,1,0.00,10.0
"beauty supply open early near me",0,1,0.00,1.0
"beauty supply open near me",0,7,0.00,1.4
"beauty supply open near me now",0,1,0.00,2.0
"beauty supply open now",0,4,0.00,1.5
"beauty supply open on sunday",0,1,0.00,11.0
"beauty supply open sunday",0,2,0.00,2.0
"beauty supply open today near me",0,1,0.00,1.0
"beauty supply outlet near me",0,1,0.00,8.0
"beauty supply pearland",0,11,0.00,10.7
"beauty supply pearland tx",0,9,0.00,21.2
"beauty supply pflugerville",0,5,0.00,8.8
"beauty supply pflugerville tx",0,1,0.00,18.0
"beauty supply pico and la brea",0,10,0.00,1.8
"beauty supply place near me",0,1,0.00,1.0
"beauty supply plano",0,1,0.00,1.0
"beauty supply plus",0,12,0.00,7.8
"beauty supply press on nails",0,1,0.00,2.0
"beauty supply prices",0,1,0.00,1.0
"beauty supply princeton",0,2,0.00,10.5
"beauty supply rialto ca",0,1,0.00,19.0
"beauty supply richmond",0,1,0.00,1.0
"beauty supply richmond tx",0,1,0.00,13.0
"beauty supply river oaks",0,1,0.00,13.0
"beauty supply round rock",0,4,0.00,16.5
"beauty supply round rock tx",0,3,0.00,20.7
"beauty supply sacramento",0,6,0.00,4.8
"beauty supply salinas ca",0,2,0.00,26.5
"beauty supply san antonio",0,3,0.00,1.0
"beauty supply san bernardino",0,8,0.00,10.4
"beauty supply san bernardino ca",0,1,0.00,11.0
"beauty supply san jose",0,1,0.00,3.0
"beauty supply san pablo ca",0,1,0.00,15.0
"beauty supply santa ana",0,4,0.00,11.5
"beauty supply santa rosa",0,1,0.00,15.0
"beauty supply schertz",0,2,0.00,10.0
"beauty supply scott st",0,21,0.00,6.3
"beauty supply south post oak",0,4,0.00,8.8
"beauty supply spring tx",0,8,0.00,6.5
"beauty supply stafford",0,3,0.00,2.3
"beauty supply stockton",0,4,0.00,9.3
"beauty supply stockton ca",0,2,0.00,20.0
"beauty supply store",0,26,0.00,3.2
"beauty supply store central ave",0,3,0.00,26.3
"beauty supply store closing time",0,1,0.00,8.0
"beauty supply store glendale",0,4,0.00,9.3
"beauty supply store holly springs",0,1,0.00,29.0
"beauty supply store houston tx",0,3,0.00,25.3
"beauty supply store humble tx",0,2,0.00,17.5
"beauty supply store in eastover shopping center",0,2,0.00,38.5
"beauty supply store jewelry",0,1,0.00,1.0
"beauty supply store near me",0,40,0.00,3.0
"beauty supply store near me open now",0,2,0.00,1.0
"beauty supply store on broadway",0,1,0.00,4.0
"beauty supply store on central ave",0,2,0.00,18.5
"beauty supply store on central avenue",0,2,0.00,21.5
"beauty supply store on mlk",0,2,0.00,25.0
"beauty supply store on telegraph",0,1,0.00,7.0
"beauty supply store on walzem",0,1,0.00,28.0
"beauty supply store open at 8am",0,2,0.00,17.0
"beauty supply store open near me",0,2,0.00,9.0
"beauty supply store pflugerville",0,3,0.00,10.3
"beauty supply store that opens at 8am",0,1,0.00,12.0
"beauty supply store.",0,1,0.00,1.0
"beauty supply stores",0,5,0.00,9.0
"beauty supply stores in oakland",0,1,0.00,4.0
"beauty supply stores near me",0,8,0.00,1.3
"beauty supply stores open late",0,1,0.00,9.0
"beauty supply stores open near me now",0,1,0.00,3.0
"beauty supply stores that open at 8am",0,1,0.00,17.0
"beauty supply stores within 5 mi",0,1,0.00,9.0
"beauty supply sugar land",0,1,0.00,15.0
"beauty supply supreme",0,7,0.00,9.6
"beauty supply telegraph",0,5,0.00,8.8
"beauty supply telegraph oakland",0,4,0.00,10.5
"beauty supply that close at 10",0,1,0.00,13.0
"beauty supply that close at 9",0,2,0.00,6.0
"beauty supply that open at 8",0,1,0.00,18.0
"beauty supply that open at 8am",0,2,0.00,1.0
"beauty supply that opens at 7am",0,1,0.00,31.0
"beauty supply that opens at 8",0,4,0.00,11.5
"beauty supply that opens at 8am",0,1,0.00,28.0
"beauty supply the colony",0,4,0.00,2.5
"beauty supply the woodlands",0,7,0.00,11.3
"beauty supply ultra",0,2,0.00,9.5
"beauty supply university",0,1,0.00,7.0
"beauty supply university ave",0,1,0.00,1.0
"beauty supply uptown",0,1,0.00,12.0
"beauty supply veterans memorial",0,18,0.00,9.0
"beauty supply waco",0,2,0.00,9.0
"beauty supply waco tx",0,2,0.00,39.5
"beauty supply warehouse",0,24,0.00,10.0
"beauty supply warehouse photos",0,3,0.00,8.7
"beauty supply warehouse san francisco",0,11,0.00,10.6
"beauty supply watt ave",0,5,0.00,8.8
"beauty supply webster tx",0,1,0.00,17.0
"beauty supply western",0,1,0.00,12.0
"beauty supply western center",0,1,0.00,8.0
"beauty supply westheimer",0,35,0.00,9.4
"beauty supply wheatland rd",0,7,0.00,8.0
"beauty supply wholesale",0,1,0.00,1.0
"beauty supply wigs",0,1,0.00,6.0
"beauty supply willowbrook",0,15,0.00,5.7
"beauty supply with hair extensions near me",0,1,0.00,1.0
"beauty supply within 5 mi",0,2,0.00,7.5
"beauty supply woodland hills",0,1,0.00,1.0
"beauty supply world",0,4,0.00,18.0
"beauty supply ww white",0,2,0.00,7.5
"beauty supply.",0,1,0.00,1.0
"beauty supply.near me",0,2,0.00,5.5
"beauty supreme",0,1,0.00,13.0
"beauty supreme near me",0,3,0.00,11.0
"beauty switch",0,2,0.00,6.0
"beauty switch hair salon",0,7,0.00,7.9
"beauty tex",0,1,0.00,5.0
"beauty touch",0,3,0.00,6.3
"beauty touch salon",0,8,0.00,4.8
"beauty town",0,23,0.00,3.7
"beauty town baytown",0,25,0.00,3.8
"beauty town beauty supply",0,1,0.00,4.0
"beauty town garland",0,1,0.00,24.0
"beauty town hair store",0,1,0.00,16.0
"beauty trends northgate mall",0,1,0.00,65.0
"beauty usa mesquite tx",0,1,0.00,10.0
"beauty vault",0,8,0.00,1.0
"beauty vault beauty supply",0,53,0.00,6.3
"beauty vault beauty supply photos",0,2,0.00,10.0
"beauty vibez",0,1,0.00,32.0
"beauty vibez reviews",0,2,0.00,15.0
"beauty vite",0,17,0.00,7.2
"beauty w",0,1,0.00,7.0
"beauty warehouse",0,2,0.00,11.0
"beauty warehouse west jordan",0,8,0.00,1.8
"beauty warehouse wj",0,3,0.00,2.7
"beauty wholesale distributor",0,1,0.00,71.0
"beauty world",0,8,0.00,16.3
"beauty world beauty supply",0,8,0.00,17.3
"beauty world hair store",0,2,0.00,21.5
"beauty world hours",0,3,0.00,11.0
"beauty world near me",0,5,0.00,12.8
"beauty world supply",0,2,0.00,16.5
"beauty world waco",0,2,0.00,12.0
"beauty world wigs",0,1,0.00,23.0
"beauty zone",0,20,0.00,7.5
"beauty zone conroe",0,14,0.00,7.8
"beauty zone conroe tx",0,3,0.00,17.3
"beauty zone garden grove",0,7,0.00,7.7
"beauty zone hours",0,3,0.00,5.7
"beauty zone nail supply",0,2,0.00,1.0
"beauty zone supply",0,4,0.00,1.3
"beauty2000",0,1,0.00,32.0
"beauty4u",0,1,0.00,2.0
"beautybar",0,1,0.00,9.0
"beautybar near me",0,1,0.00,10.0
"beautybuzz",0,1,0.00,45.0
"beautycarechoices",0,1,0.00,48.0
"beautycave",0,10,0.00,7.0
"beautycaveboutique",0,1,0.00,1.0
"beautyempire",0,4,0.00,62.5
"beautyempire supercenter photos",0,4,0.00,8.3
"beautyexpress",0,1,0.00,8.0
"beautygarden",0,2,0.00,5.0
"beautyhaus",0,1,0.00,10.0
"beautyicon",0,1,0.00,8.0
"beautyicon.pk",0,1,0.00,83.0
"beautyisland",0,1,0.00,3.0
"beautykulture",0,5,0.00,6.4
"beautylife salon",0,1,0.00,51.0
"beautyplus",0,2,0.00,7.0
"beautypop",0,1,0.00,7.0
"beautysalon cindy, beautysaloncindy@hotmail.com",0,51,0.00,5.9
"beautyschoolsdirectory",0,3,0.00,38.0
"beautyspot",0,1,0.00,4.0
"beautyzone",0,5,0.00,8.4
"beca beauty",0,1,0.00,9.0
"beckley barbers",0,1,0.00,10.0
"bed bath and body works hours",0,3,0.00,10.3
"bee aesthetic",0,1,0.00,76.0
"bee barber",0,1,0.00,26.0
"bee barber shop",0,4,0.00,12.0
"bee beautiful",0,1,0.00,49.0
"bee beauty salon",0,2,0.00,30.0
"bee salon",0,1,0.00,42.0
"bee salon and spa",0,1,0.00,44.0
"bee the barber",0,1,0.00,6.0
"beebox barber",0,1,0.00,23.0
"beehive hair salon",0,1,0.00,9.0
"beehive salon",0,3,0.00,8.0
"beehive the salon",0,1,0.00,8.0
"beehives and bowties",0,2,0.00,10.0
"beehives hair",0,13,0.00,7.8
"beehives hair & co",0,3,0.00,8.0
"beehives hair salon",0,4,0.00,8.8
"bees barber shop",0,5,0.00,17.6
"bees beauty",0,1,0.00,75.0
"bees knees salon fort worth",0,3,0.00,9.0
"bees salon",0,3,0.00,20.0
"before & after salon",0,1,0.00,7.0
"before and after beauty salon",0,1,0.00,10.0
"before and after salon",0,2,0.00,10.0
"behind the chair",0,1,0.00,9.0
"behind the chair institute",0,46,0.00,7.7
"behold beauty",0,2,0.00,8.5
"behold salon and spa",0,2,0.00,21.5
"behold the beauty",0,16,0.00,9.8
"behold the beauty houston",0,9,0.00,12.4
"behold the beauty salon houston",0,11,0.00,5.4
"behx",0,1,0.00,8.0
"behx beauty school",0,13,0.00,8.5
"bel air hair salon",0,1,0.00,8.0
"bel hair",0,2,0.00,15.5
"bel hair salon",0,35,0.00,8.3
"bel hair studio",0,1,0.00,10.0
"bel salon",0,1,0.00,5.0
"bel-hair salon",0,26,0.00,8.7
"bel-hair salon houston reviews",0,9,0.00,6.4
"bel-hair salon reviews",0,10,0.00,7.3
"bela beauty studio",0,1,0.00,8.0
"belair hair",0,1,0.00,48.0
"belairs salon",0,1,0.00,32.0
"belen hair salon",0,1,0.00,12.0
"beleza",0,4,0.00,12.5
"beleza beauty",0,2,0.00,9.0
"beleza hair",0,11,0.00,11.9
"beleza hair salon",0,13,0.00,8.0
"beleza hair studio",0,191,0.00,7.9
"beleza hair studio katy",0,11,0.00,8.4
"beleza hairstudio",0,6,0.00,9.2
"beleza opening hours",0,1,0.00,6.0
"beleza salon",0,3,0.00,7.0
"belhair",0,2,0.00,27.0
"belhair salon",0,4,0.00,9.0
"belico dallas barbershop",0,12,0.00,8.0
"belissima",0,1,0.00,3.0
"bell barber shop",0,3,0.00,9.0
"bell barbershop",0,2,0.00,9.0
"bell barbershop style",0,7,0.00,10.1
"bell barbershop style houston reviews",0,17,0.00,5.4
"bella 3d",0,6,0.00,9.3
"bella 3d lashes",0,1,0.00,1.0
"bella 3d san jose",0,14,0.00,7.7
"bella academy",0,1,0.00,7.0
"bella allure salon & boutique",0,1,0.00,46.0
"bella and co salon",0,1,0.00,40.0
"bella beauty",0,11,0.00,15.7
"bella beauty academy",0,1,0.00,9.0
"bella beauty co",0,1,0.00,51.0
"bella beauty college",0,10,0.00,7.7
"bella beauty college austin",0,1,0.00,9.0
"bella beauty college corpus christi",0,2,0.00,9.5
"bella beauty college reviews",0,2,0.00,12.0
"bella beauty college waco",0,29,0.00,8.1
"bella beauty salon",0,6,0.00,9.5
"bella beauty school",0,4,0.00,7.5
"bella beauty shop",0,1,0.00,6.0
"bella beauty supply",0,2,0.00,9.0
"bella beauty supply store",0,2,0.00,7.0
"bella bella salon",0,1,0.00,10.0
"bella bliss beauty bar",0,1,0.00,33.0
"bella bonded amarillo",0,13,0.00,8.1
"bella college",0,7,0.00,10.9
"bella cosa salon",0,3,0.00,22.7
"bella cosmetology",0,4,0.00,31.5
"bella cosmetology and barber college",0,1,0.00,11.0
"bella cosmetology and barber college greenville reviews",0,17,0.00,6.9
"bella cosmetology school",0,4,0.00,10.3
"bella de coco",0,1,0.00,1.0
"bella express salon",0,5,0.00,33.2
"bella gaia",0,22,0.00,8.9
"bella gaia head spa",0,7,0.00,7.9
"bella hair",0,4,0.00,7.5
"bella hair salon",0,11,0.00,7.5
"bella hair school",0,1,0.00,12.0
"bella hair store",0,1,0.00,13.0
"bella hair studio",0,1,0.00,7.0
"bella hair supply",0,1,0.00,6.0
"bella imagen",0,16,0.00,9.0
"bella imagen beauty salon",0,5,0.00,11.4
"bella imagen hair salon",0,4,0.00,7.8
"bella imagen salon",0,14,0.00,10.6
"bella jay salon",0,1,0.00,28.0
"bella lashes missouri city",0,2,0.00,30.0
"bella lupita",0,2,0.00,5.5
"bella luxe",0,1,0.00,2.0
"bella luxe salon",0,1,0.00,1.0
"bella luxo",0,7,0.00,6.3
"bella mia",0,9,0.00,10.1
"bella mia hair salon",0,1,0.00,9.0
"bella mia salon",0,65,0.00,8.6
"bella mia salon conroe",0,3,0.00,9.3
"bella mia salon conroe reviews",0,13,0.00,6.1
"bella mia salon photos",0,2,0.00,6.5
"bella nail supply",0,1,0.00,5.0
"bella pella salon",0,1,0.00,10.0
"bella pop beauty supply",0,1,0.00,31.0
"bella professional",0,1,0.00,50.0
"bella renova",0,1,0.00,13.0
"bella rinova",0,10,0.00,17.6
"bella rinova hair salon",0,1,0.00,14.0
"bella rinova salon",0,2,0.00,12.0
"bella rinova salon houston",0,1,0.00,20.0
"bella rinova salon reviews",0,6,0.00,10.3
"bella rouge nail & spa",0,1,0.00,55.0
"bella salin",0,1,0.00,10.0
"bella salon",0,3,0.00,9.7
"bella school of beauty",0,1,0.00,9.0
"bella sorella",0,6,0.00,6.3
"bella sorella salon",0,33,0.00,9.0
"bella terra salon",0,2,0.00,13.0
"bella terra spa",0,10,0.00,7.4
"bella terra spa & wellness",0,5,0.00,8.4
"bella terra spa & wellness pasadena",0,7,0.00,8.7
"bella terra spa & wellness photos",0,2,0.00,6.5
"bella tresse hair salon",0,2,0.00,50.5
"bella v nail supply",0,18,0.00,7.9
"bella v nail supply fort worth",0,1,0.00,3.0
"bella v nail supply reviews",0,2,0.00,7.0
"bella vie",0,2,0.00,11.0
"bella vie nail spa",0,2,0.00,8.5
"bella vie nails",0,1,0.00,7.0
"bella vita lashes",0,1,0.00,7.0
"bella vita lashes reviews",0,2,0.00,6.5
"bella vita salon",0,1,0.00,6.0
"bella's beauty academy",0,1,0.00,9.0
"bella's beauty salon",0,2,0.00,10.0
"bella's hair",0,1,0.00,9.0
"bella's salon",0,1,0.00,3.0
"bella's salon and spa",0,1,0.00,5.0
"bella3d",0,7,0.00,3.3
"bellagaia reviews",0,1,0.00,11.0
"bellagio academy",0,5,0.00,6.0
"bellagio beauty school",0,12,0.00,8.7
"bellagio school",0,1,0.00,9.0
"bellaimage",0,1,0.00,26.0
"bellaire beauty lounge",0,5,0.00,11.6
"bellaire beauty shop",0,6,0.00,9.3
"bellaire hair",0,1,0.00,25.0
"bellaire hair salon",0,11,0.00,39.0
"bellaire hair studio",0,2,0.00,15.5
"bellaire salon",0,1,0.00,20.0
"bellaire wholesale nail supply",0,2,0.00,44.5
"bellaire's original barber shop",0,2,0.00,6.0
"bellamia hair salon",0,1,0.00,9.0
"bellamia salon",0,2,0.00,10.5
"bellaqua",0,4,0.00,9.8
"bellaqua salon",0,8,0.00,7.8
"bellaqua salon and spa",0,1,0.00,7.0
"bellarmine barber",0,5,0.00,11.8
"bellarmine barber salon",0,2,0.00,11.0
"bellarmine barber shop",0,2,0.00,9.0
"bellas artes beauty salon",0,5,0.00,10.8
"bellas artes salon",0,4,0.00,9.5
"bellas beauty college",0,4,0.00,10.5
"bellas beauty salon",0,6,0.00,8.8
"bellas beauty school",0,1,0.00,12.0
"bellas cosmetics",0,5,0.00,5.0
"bellas hair",0,1,0.00,6.0
"bellas hair salon",0,2,0.00,4.0
"bellas nails",0,1,0.00,1.0
"bellasorella",0,1,0.00,5.0
"bellaterra spa",0,6,0.00,9.7
"bellaz salon",0,1,0.00,37.0
"bellaza",0,1,0.00,1.0
"belle and co",0,7,0.00,7.1
"belle beauty",0,5,0.00,10.4
"belle beauty boutique",0,1,0.00,33.0
"belle beauty salon",0,1,0.00,26.0
"belle gloire beauty bar",0,2,0.00,9.5
"belle grace salon",0,2,0.00,26.5
"belle hair",0,4,0.00,8.8
"belle hair salon",0,5,0.00,7.8
"belle haircut",0,1,0.00,8.0
"belle la vie",0,3,0.00,10.0
"belle locs",0,1,0.00,2.0
"belle salon",0,1,0.00,10.0
"belle vie nail",0,1,0.00,6.0
"belle vie nail spa",0,2,0.00,10.5
"belle vie salon",0,1,0.00,9.0
"belle vie spa",0,1,0.00,10.0
"belle's beauty salon",0,1,0.00,32.0
"bellere",0,1,0.00,3.0
"belles beauty",0,3,0.00,9.7
"belleza",0,36,0.00,10.5
"belleza beauty",0,3,0.00,2.7
"belleza beauty salon",0,1,0.00,6.0
"belleza beauty supply",0,4,0.00,6.3
"belleza brows",0,1,0.00,8.0
"belleza eyebrows",0,16,0.00,3.3
"belleza eyebrows reviews",0,4,0.00,6.3
"belleza eyebrows sherman tx",0,7,0.00,6.0
"belleza hair salon",0,1,0.00,11.0
"belleza hair studio",0,27,0.00,7.6
"belleza latina hair salon",0,1,0.00,6.0
"belleza latina salon",0,3,0.00,9.0
"belleza salon",0,5,0.00,9.0
"belleza salon prices",0,1,0.00,2.0
"bellezza cantu skincare institute",0,12,0.00,7.9
"bellezza hair studio",0,3,0.00,5.3
"bellflower beauty college of lakewood",0,11,0.00,6.6
"bellisimas",0,1,0.00,5.0
"bellisimas hair and nail salon",0,6,0.00,6.7
"bellisimas salon",0,4,0.00,8.0
"bellus",0,4,0.00,29.3
"bellus beauty",0,1,0.00,20.0
"bellus hair studio",0,1,0.00,16.0
"bellus salon",0,16,0.00,7.5
"bellus salon houston",0,5,0.00,5.8
"bellus studio",0,1,0.00,8.0
"belmont shore barber",0,1,0.00,9.0
"belmont shore barber shop",0,5,0.00,15.4
"belmont shore barbershop",0,18,0.00,9.0
"beltway beauty salon",0,3,0.00,5.3
"ben barber shop",0,1,0.00,9.0
"ben haircut",0,1,0.00,39.0
"ben's barber shop near me",0,1,0.00,9.0
"ben's luxe barber",0,1,0.00,29.0
"benja barber",0,3,0.00,8.7
"benja barber shop",0,39,0.00,8.9
"benja barbershop",0,28,0.00,8.6
"benluxe",0,1,0.00,8.0
"bens barber shop",0,2,0.00,7.0
"bens barbershop",0,1,0.00,4.0
"bens beauty supply",0,4,0.00,6.0
"bens hair store",0,1,0.00,6.0
"berlen's beauty supply",0,2,0.00,10.0
"berlen's beauty supply photos",0,2,0.00,7.0
"berlens",0,5,0.00,9.6
"berlens beauty",0,3,0.00,10.3
"berlens beauty supply",0,19,0.00,8.7
"berlin beauty supply",0,9,0.00,6.2
"berry's",0,1,0.00,1.0
"berrylands barbers",0,1,0.00,81.0
"bertha beauty salon",0,1,0.00,12.0
"bertha hair salon",0,3,0.00,4.3
"bertha salon",0,2,0.00,8.0
"bertha's beauty salon",0,2,0.00,3.5
"bertha's hair salon",0,8,0.00,5.5
"besculpted",0,1,0.00,4.0
"best barber in corpus christi",0,1,0.00,57.0
"best barber in laredo tx",0,1,0.00,3.0
"best barber in los angeles",0,1,0.00,71.0
"best barber shop 3",0,2,0.00,1.0
"best barber shop in corpus christi",0,1,0.00,44.0
"best barber shop in los angeles",0,3,0.00,70.7
"best barber shops near me",0,1,0.00,1.0
"best barbers in la",0,1,0.00,1.0
"best barbershop #3",0,4,0.00,2.8
"best barbershop #3 reviews",0,2,0.00,7.0
"best beauty salon",0,1,0.00,8.0
"best beauty salon spring tx",0,2,0.00,10.5
"best beauty schools in san antonio tx",0,1,0.00,60.0
"best black barbers in atlanta",0,1,0.00,75.0
"best braiders near me",0,1,0.00,10.0
"best clips plano",0,3,0.00,8.0
"best clips salon reviews",0,3,0.00,8.7
"best cosmetology schools in san antonio",0,1,0.00,56.0
"best cosmetology schools in sugar land",0,2,0.00,43.0
"best cosmetology schools near me",0,1,0.00,2.0
"best cosmetology schools san antonio",0,1,0.00,74.0
"best esthetician school in san antonio",0,1,0.00,61.0
"best esthetician school in sugar land",0,1,0.00,67.0
"best esthetician school near me",0,3,0.00,1.0
"best hair stylist near me",0,1,0.00,10.0
"best indian salon near me",0,1,0.00,3.0
"best lashes supply",0,1,0.00,9.0
"best little hair house in texas",0,11,0.00,10.9
"best little hairhouse in texas",0,1,0.00,11.0
"best los angeles barber shops",0,3,0.00,80.0
"best nail supply",0,2,0.00,5.0
"best ppf shop near me",0,2,0.00,91.0
"best vietnamese hair salon near me",0,1,0.00,1.0
"besuty bar",0,1,0.00,12.0
"besuty express",0,3,0.00,9.7
"besuty spot",0,1,0.00,6.0
"better days barber shop",0,3,0.00,8.3
"better days barbershop",0,1,0.00,7.0
"betty beauty salon",0,4,0.00,7.3
"betty beauty shop",0,1,0.00,44.0
"betty beauty supply",0,2,0.00,1.0
"betty hair salon",0,2,0.00,6.5
"betty salon",0,3,0.00,6.0
"betty's beauty salon",0,3,0.00,35.0
"betty's beauty shop",0,2,0.00,34.0
"betty's beauty supply",0,5,0.00,1.0
"betty's east",0,1,0.00,1.0
"betty's salon",0,1,0.00,6.0
"bettys barber & salon supply",0,1,0.00,1.0
"bettys barbershop",0,1,0.00,1.0
"bettys beauty salon",0,8,0.00,4.4
"bettys beauty supply",0,3,0.00,1.0
"bettys hair salon",0,13,0.00,4.0
"bettys salon",0,3,0.00,6.0
"beu salon",0,1,0.00,5.0
"beuaty outlet",0,1,0.00,4.0
"beusalon",0,1,0.00,4.0
"beutitian",0,1,0.00,99.0
"beuty and beyond",0,1,0.00,1.0
"beuty max",0,1,0.00,8.0
"beuty salon",0,1,0.00,1.0
"beuty supply",0,1,0.00,1.0
"beuty supply store",0,1,0.00,10.0
"beuty world",0,1,0.00,20.0
"bevans grooming",0,2,0.00,9.5
"beyonce's hair stylist",0,1,0.00,5.0
"beyond 21st century beauty",0,2,0.00,15.5
"beyond 21st century beauty academy",0,1,0.00,29.0
"beyond and beauty",0,1,0.00,44.0
"beyond beaute",0,5,0.00,9.8
"beyond beaute wellness spa reviews",0,4,0.00,11.3
"beyond beauty",0,1,0.00,10.0
"beyond beauty head spa & salon",0,1,0.00,38.0
"beyond beauty institute",0,1,0.00,79.0
"beyond beauty mandan",0,1,0.00,11.0
"beyond beauty near me",0,1,0.00,47.0
"beyond beauty salon n spa",0,1,0.00,39.0
"beyond beauty spa",0,4,0.00,49.8
"beyond beauty supply",0,4,0.00,6.5
"beyond beauté",0,2,0.00,29.0
"beyond fringe",0,150,0.00,4.0
"beyond fringe hair salon",0,2,0.00,7.5
"beyond fringe reviews",0,31,0.00,4.5
"beyond fringe salon",0,20,0.00,7.5
"beyond fringes",0,1,0.00,27.0
"beyond hair",0,1,0.00,9.0
"beyond hair salon",0,9,0.00,6.0
"beyond salon",0,1,0.00,6.0
"beyond the fade llc",0,2,0.00,49.0
"beyond the fringe salon",0,2,0.00,5.0
"beyond the hair salon",0,3,0.00,7.7
"beyondbeaute",0,1,0.00,10.0
"beyoutiful",0,3,0.00,9.0
"beyoutiful beauty bar",0,5,0.00,11.6
"beyoutiful hair salon",0,3,0.00,8.0
"beyoutiful salon",0,4,0.00,8.0
"beza beauty salon",0,1,0.00,5.0
"bf beauty academy",0,2,0.00,3.0
"bg beauty studio",0,3,0.00,3.3
"bg hair",0,1,0.00,4.0
"bg hair studio",0,2,0.00,4.5
"bg salon",0,4,0.00,6.8
"bg4g barber studio",0,1,0.00,27.0
"bgc salon",0,1,0.00,65.0
"bgj studio",0,1,0.00,3.0
"bgm science of beauty",0,18,0.00,7.5
"bgm science of beauty and business",0,22,0.00,7.4
"bgm science of beauty university",0,1,0.00,11.0
"bhava beauty",0,1,0.00,34.0
"bich nga",0,15,0.00,1.0
"bich nga hair",0,3,0.00,8.0
"bich nga hair and skin care",0,2,0.00,1.0
"bich nga hair design",0,21,0.00,3.1
"bich nga hair design photos",0,13,0.00,10.1
"bich nga hair design reviews",0,1,0.00,16.0
"bich nga hair salon",0,6,0.00,8.8
"bich nga houston",0,29,0.00,3.7
"bich nga nail salon",0,3,0.00,1.0
"bich nga salon",0,2,0.00,11.0
"bich ngga",0,1,0.00,1.0
"big apple salon",0,10,0.00,8.8
"big choice barber shop",0,10,0.00,7.5
"big dawgs barbershop",0,5,0.00,9.4
"big dawgs the fade lounge amarillo",0,3,0.00,13.7
"big herk clippers",0,1,0.00,9.0
"big hitters barbershop",0,24,0.00,8.7
"big joy",0,90,0.00,3.2
"big joy austin",0,11,0.00,4.0
"big joy beauty supply",0,16,0.00,3.6
"big joy hair",0,1,0.00,6.0
"big joy restaurant",0,1,0.00,1.0
"big joy wigs",0,72,0.00,3.7
"big joy wigs & beauty",0,20,0.00,6.8
"big joy wigs & beauty photos",0,13,0.00,7.2
"big joy wigs & beauty reviews",0,11,0.00,4.5
"big joy wigs and beauty",0,76,0.00,4.4
"big joys",0,293,0.00,4.1
"big joys beauty supply",0,28,0.00,1.8
"big joys wigs",0,2,0.00,4.0
"big kat's barbershop",0,6,0.00,9.8
"big kats",0,8,0.00,7.4
"big kats barber shop",0,1,0.00,13.0
"big kats barbershop",0,15,0.00,10.7
"big katz barbershop",0,11,0.00,8.3
"big leagues barbershop",0,1,0.00,11.0
"big t beauty supply",0,3,0.00,10.3
"big wig",0,3,0.00,4.0
"big wigs",0,2,0.00,3.0
"big-t beauty supply",0,2,0.00,9.0
"bigger better hair reviews",0,19,0.00,8.3
"bijou beauty",0,1,0.00,8.0
"bijou braiding",0,15,0.00,6.6
"bijou braiding salon",0,2,0.00,8.0
"bijou braids",0,1,0.00,29.0
"bijou hair",0,1,0.00,7.0
"bijou hair braiding",0,2,0.00,19.0
"bijou hair salon",0,1,0.00,31.0
"bijou's braiding",0,14,0.00,5.4
"bijou's braiding photos",0,6,0.00,7.0
"bijoux hair braiding",0,1,0.00,8.0
"bikini boots",0,1,0.00,6.0
"bikini wax baytown",0,4,0.00,29.3
"bikini wax college station",0,2,0.00,29.5
"bill's barber shop",0,2,0.00,13.5
"billion hair studio",0,1,0.00,11.0
"billion pack hair",0,1,0.00,4.0
"billionaire barber club",0,1,0.00,9.0
"billionaire barbers club reviews",0,7,0.00,7.1
"billionaire nail polish",0,1,0.00,6.0
"billionaire salon choice nail polish",0,1,0.00,4.0
"billionaires barber club",0,3,0.00,8.7
"bills barber shop",0,9,0.00,8.3
"binx parlor",0,1,0.00,30.0
"bio ionic curling iron",0,1,0.00,8.0
"biolage",0,1,0.00,6.0
"birdville",0,1,0.00,10.0
"bishop barber shop",0,1,0.00,1.0
"bishops downtown san jose",0,1,0.00,7.0
"bishops hair salon san jose",0,2,0.00,10.5
"bishops san jose",0,10,0.00,10.1
"bishops san jose downtown",0,4,0.00,9.8
"bishops san jose reviews",0,38,0.00,5.5
"bisible changes",0,1,0.00,6.0
"bison barbers",0,6,0.00,8.8
"bison barbershop",0,1,0.00,11.0
"biss nail bar",0,2,0.00,10.0
"biundo salon & spa",0,1,0.00,31.0
"biuri supply cerca de mi",0,1,0.00,1.0
"bixby beauty",0,27,0.00,1.5
"bixby beauty supply",0,24,0.00,2.4
"bj barber",0,1,0.00,11.0
"bj barber shop",0,2,0.00,11.0
"bj haircut",0,1,0.00,60.0
"bj the barber",0,1,0.00,12.0
"bk beauty",0,3,0.00,3.7
"bk solution",0,2,0.00,1.0
"bk solutions",0,6,0.00,1.0
"bkhairadventures",0,1,0.00,32.0
"bl beauty college",0,1,0.00,28.0
"bl cosmetology school",0,92,0.00,9.2
"bl cosmetology school photos",0,4,0.00,11.3
"bl hair salon",0,1,0.00,83.0
"bl school",0,2,0.00,9.5
"black & white salon",0,1,0.00,38.0
"black and gold barber chairs",0,1,0.00,9.0
"black barber school",0,1,0.00,3.0
"black barber shop near me",0,2,0.00,1.0
"black barber shops near me",0,1,0.00,1.0
"black barbers near me",0,1,0.00,11.0
"black barbershop near me",0,2,0.00,27.0
"black barbershops near me",0,4,0.00,3.3
"black beauty hair store near me",0,2,0.00,7.0
"black beauty salon near me",0,1,0.00,1.0
"black beauty school near me",0,2,0.00,1.0
"black beauty schools in dallas tx",0,1,0.00,85.0
"black beauty store",0,1,0.00,1.0
"black beauty supply",0,2,0.00,2.0
"black beauty supply near me open now",0,1,0.00,1.0
"black beauty supply store",0,1,0.00,1.0
"black beauty supply store near me",0,17,0.00,7.9
"black beauty supply stores near me",0,1,0.00,3.0
"black bird salon",0,1,0.00,10.0
"black boys hair cuts",0,1,0.00,10.0
"black cat social",0,1,0.00,8.0
"black cat social club",0,13,0.00,9.7
"black charles salon",0,1,0.00,14.0
"black hair color near me",0,1,0.00,1.0
"black hair salon",0,1,0.00,1.0
"black hair salon in houston texas",0,2,0.00,1.0
"black hair salons beaumont tx",0,2,0.00,10.0
"black hair salons in katy tx",0,1,0.00,1.0
"black hair salons near me",0,3,0.00,3.0
"black hair salons near me walk in",0,2,0.00,1.0
"black hair salons open on sunday",0,1,0.00,1.0
"black hair salons tyler tx",0,1,0.00,1.0
"black hair spray nearby",0,1,0.00,1.0
"black hair store",0,1,0.00,6.0
"black hair store near me",0,5,0.00,3.0
"black hair store near me within 5 mi",0,1,0.00,1.0
"black hair supply store near me",0,1,0.00,4.0
"black hair supply stores near me",0,1,0.00,4.0
"black haircut near me",0,1,0.00,1.0
"black hairdresser near me",0,1,0.00,1.0
"black natural hair salon houston",0,1,0.00,1.0
"black owl barber",0,4,0.00,9.5
"black owned beauty salon near me",0,1,0.00,3.0
"black owned beauty supply",0,1,0.00,4.0
"black owned beauty supply dallas",0,1,0.00,4.0
"black owned beauty supply houston",0,7,0.00,4.1
"black owned beauty supply houston tx",0,1,0.00,40.0
"black owned beauty supply near me open now",0,2,0.00,6.5
"black owned beauty supply pearland",0,1,0.00,1.0
"black owned beauty supply sacramento",0,1,0.00,1.0
"black owned beauty supply store",0,5,0.00,3.4
"black owned beauty supply store near me",0,9,0.00,6.8
"black owned beauty supply stores near me",0,5,0.00,8.2
"black owned boutiques near me",0,1,0.00,19.0
"black owned hair salons near me",0,1,0.00,9.0
"black owned hair store near me",0,3,0.00,6.0
"black owned hair stores near me",0,1,0.00,8.0
"black owned hair supply store near me",0,10,0.00,8.0
"black owned nail salons near me",0,1,0.00,6.0
"black pink in your area",0,2,0.00,87.5
"black salons near me",0,1,0.00,1.0
"black stylist near me",0,1,0.00,1.0
"black tie barbershop",0,1,0.00,57.0
"black unicorn chrome nails",0,1,0.00,3.0
"black wig",0,8,0.00,7.3
"black-owned beauty supply store near me",0,1,0.00,1.0
"black-owned beauty supply stores near me",0,1,0.00,9.0
"blackbird hair salon",0,4,0.00,9.0
"blackbird salon",0,13,0.00,7.9
"blackbird salon reviews",0,2,0.00,8.5
"blackbird salon the woodlands",0,3,0.00,6.0
"blackboard barber",0,1,0.00,5.0
"blackshear barber shop",0,1,0.00,7.0
"blackshear barbershop",0,5,0.00,7.8
"blade and brush",0,1,0.00,28.0
"blade barber studio",0,1,0.00,54.0
"blade craft barber academy",0,1,0.00,20.0
"blade hair",0,1,0.00,12.0
"blade wash near me",0,1,0.00,78.0
"bladecraft barber academy",0,2,0.00,17.5
"blades & fades barber shop",0,4,0.00,10.3
"blades and fades",0,3,0.00,7.7
"blades and fades barber shop",0,1,0.00,5.0
"blades barber",0,1,0.00,10.0
"blades barber and beauty salon",0,10,0.00,7.6
"blades barbering",0,1,0.00,48.0
"blades grooming",0,2,0.00,50.0
"blades number",0,1,0.00,69.0
"blades salon competitors",0,1,0.00,8.0
"blades vision barbershop",0,2,0.00,4.5
"bladesmith barber",0,2,0.00,10.0
"bladez barber shop",0,2,0.00,5.0
"bladez barbershop",0,1,0.00,12.0
"blake charles",0,62,0.00,6.2
"blake charles salon",0,175,0.00,6.8
"blake charles salon reviews",0,153,0.00,9.0
"blake charles salon sf",0,1,0.00,14.0
"blanca beauty salon",0,3,0.00,14.7
"blanca's beauty salon",0,3,0.00,8.0
"blanca's hair salon",0,2,0.00,6.0
"blancas beauty salon",0,7,0.00,6.6
"blanco flawless firm barber shop",0,1,0.00,22.0
"blanco's flawless cuts",0,1,0.00,25.0
"blancos barber school",0,1,0.00,10.0
"blanka salon",0,1,0.00,7.0
"blaze barber shop",0,1,0.00,2.0
"bleach powder and developer near me",0,1,0.00,1.0
"bleach salon",0,7,0.00,7.9
"bleach salon houston",0,5,0.00,8.0
"bleach salon reviews",0,4,0.00,11.8
"blended hair",0,1,0.00,8.0
"blends barber shop",0,2,0.00,6.0
"blends barbershop",0,11,0.00,7.9
"blends barbershop santa ana",0,18,0.00,8.2
"blends santa ana",0,2,0.00,7.0
"blendycity",0,2,0.00,9.0
"blendz barbershop",0,1,0.00,11.0
"blendz hair salon",0,1,0.00,18.0
"blendz salon",0,1,0.00,19.0
"blendz salon reviews",0,1,0.00,3.0
"bless barber shop",0,1,0.00,9.0
"bless beauty #8",0,3,0.00,7.0
"bless beauty salon",0,1,0.00,6.0
"bless beauty supply",0,60,0.00,6.0
"bless up barbershop photos",0,2,0.00,10.0
"bless up barbershop reviews",0,14,0.00,5.0
"bless up barbershop tyler tx",0,4,0.00,9.3
"blessed",0,1,0.00,2.0
"blessed african food market",0,1,0.00,1.0
"blessed african store",0,1,0.00,1.0
"blessed barber",0,1,0.00,8.0
"blessed barber shop",0,2,0.00,9.0
"blessed barber studio",0,1,0.00,11.0
"blessed barbershop",0,3,0.00,9.3
"blessed beauty salon",0,2,0.00,4.0
"blessed beauty supply",0,22,0.00,5.7
"blessed braids",0,2,0.00,1.0
"blessed by jesus barbershop",0,53,0.00,8.2
"blessed by jesus barbershop reviews",0,13,0.00,7.1
"blessed cut",0,1,0.00,7.0
"blessed cut studio",0,4,0.00,4.5
"blessed cut studio sacramento",0,6,0.00,4.8
"blessed hands barber",0,1,0.00,7.0
"blessed hands beauty salon",0,2,0.00,11.0
"blessed hands salon",0,9,0.00,7.4
"blessed up barber",0,1,0.00,12.0
"blessed up barber shop",0,11,0.00,11.0
"blessed up barbershop",0,4,0.00,13.0
"blessed up barbershop santa ana",0,18,0.00,9.3
"blessed up barbershop santa ana reviews",0,2,0.00,6.5
"blessings hair braiding",0,1,0.00,1.0
"blessings hair braiding and beauty supplies",0,1,0.00,49.0
"blessings hair salon",0,1,0.00,4.0
"bling hair fashion",0,1,0.00,5.0
"bling hair wigs",0,1,0.00,4.0
"bling wigs",0,1,0.00,4.0
"bliss aroma",0,1,0.00,5.0
"bliss bar college station",0,2,0.00,9.5
"bliss beauty",0,32,0.00,30.4
"bliss beauty bar",0,49,0.00,8.7
"bliss beauty bar houston",0,5,0.00,5.6
"bliss beauty center",0,1,0.00,47.0
"bliss beauty clinic",0,1,0.00,28.0
"bliss beauty lounge",0,2,0.00,39.0
"bliss beauty reviews",0,1,0.00,51.0
"bliss beauty salon",0,6,0.00,27.8
"bliss beauty salon reviews",0,2,0.00,15.0
"bliss beauty spa",0,3,0.00,30.3
"bliss facial",0,4,0.00,59.5
"bliss hair",0,2,0.00,7.0
"bliss hair and skin studio beaumont",0,14,0.00,8.3
"bliss hair salon",0,11,0.00,5.8
"bliss hair spa",0,1,0.00,8.0
"bliss hair studio",0,2,0.00,6.5
"bliss head spa",0,2,0.00,10.5
"bliss laser",0,1,0.00,47.0
"bliss nail",0,20,0.00,7.0
"bliss nail bar",0,98,0.00,10.3
"bliss nail bar college station",0,171,0.00,10.4
"bliss nail bar college station college station",0,1,0.00,10.0
"bliss nail bar college station photos",0,53,0.00,8.8
"bliss nail bar college station tx",0,4,0.00,9.3
"bliss nail bar hours",0,1,0.00,10.0
"bliss nail bar reviews",0,10,0.00,4.8
"bliss nail bat",0,2,0.00,10.5
"bliss nail lounge",0,2,0.00,9.5
"bliss nail salon",0,7,0.00,8.4
"bliss nail salon college station",0,1,0.00,10.0
"bliss nail salon near me",0,1,0.00,10.0
"bliss nail spa",0,33,0.00,8.9
"bliss nail spa college station",0,5,0.00,10.6
"bliss nail.bar",0,3,0.00,10.3
"bliss nails",0,30,0.00,9.2
"bliss nails and lounge",0,7,0.00,1.0
"bliss nails bar",0,3,0.00,9.7
"bliss nails college station",0,9,0.00,9.2
"bliss nails missouri city",0,3,0.00,5.0
"bliss nails near me",0,1,0.00,11.0
"bliss naisl",0,1,0.00,11.0
"bliss salon",0,4,0.00,6.0
"bliss salon & spa",0,3,0.00,11.0
"bliss salon and spa",0,2,0.00,7.5
"bliss salon day spa",0,1,0.00,51.0
"bliss salon hours",0,2,0.00,7.0
"bliss salon spa",0,1,0.00,11.0
"bliss spa",0,2,0.00,9.5
"bliss spa and salon",0,1,0.00,68.0
"bliss-spas",0,2,0.00,11.0
"blissful beauty",0,10,0.00,16.7
"blissful beauty boutique",0,2,0.00,34.5
"blissful beauty htx",0,24,0.00,8.5
"blissful beauty salon",0,2,0.00,12.5
"blissource passion twist hair 7packs water wave crochet hair extensions passion twists braiding hair bohemian braids",0,1,0.00,4.0
"blitz barber",0,4,0.00,11.0
"blitz hair salon",0,1,0.00,7.0
"blo",0,1,0.00,9.0
"blo bar the woodlands",0,1,0.00,33.0
"blo blow dry bar",0,10,0.00,10.4
"blo blow dry bar college station",0,6,0.00,11.5
"blo blow dry bar college station reviews",0,9,0.00,6.3
"blo blow dry bar heights",0,1,0.00,25.0
"blo blow dry bar houston",0,1,0.00,17.0
"blo blow dry bar irving",0,1,0.00,11.0
"blo blow dry bar irving reviews",0,2,0.00,9.0
"blo blow dry bar las colinas",0,2,0.00,9.0
"blo blow dry bar memorial city",0,14,0.00,11.2
"blo blow dry bar memorial city reviews",0,4,0.00,7.0
"blo college station",0,15,0.00,12.2
"blo dry bar college station",0,1,0.00,10.0
"blo dry bar las colinas",0,2,0.00,8.5
"blo dry bar memorial",0,3,0.00,10.0
"blo hair",0,1,0.00,12.0
"blo las colinas",0,5,0.00,8.8
"blo memorial",0,2,0.00,9.5
"blo the woodlands",0,1,0.00,28.0
"blonde expert studio",0,7,0.00,3.6
"blonde expert studio - lash & hair salon (bunker hill) houston",0,1,0.00,7.0
"blonde expert studio - lash & hair salon (bunker hill) houston reviews",0,15,0.00,5.6
"blonde highlights",0,1,0.00,2.0
"blonde parlour",0,2,0.00,64.5
"blonde studio",0,2,0.00,68.0
"blonde tourage",0,1,0.00,8.0
"blonderage",0,3,0.00,7.0
"blonderellas",0,4,0.00,7.0
"blondetourage",0,66,0.00,6.9
"blondetourage houston",0,10,0.00,6.9
"blondetourage salon",0,135,0.00,8.5
"blondetourage salon houston",0,9,0.00,6.8
"blondetourage salon photos",0,2,0.00,10.0
"blondetourage salon reviews",0,91,0.00,9.4
"blondtourage houston",0,5,0.00,8.0
"blondtourage salon",0,1,0.00,9.0
"blondtourage salon houston",0,16,0.00,7.3
"blondtourage salon reviews",0,11,0.00,6.9
"bloodroot salon",0,11,0.00,8.5
"bloom academy",0,8,0.00,8.0
"bloom and bliss beauty",0,2,0.00,5.5
"bloom and bliss beauty katy",0,7,0.00,4.7
"bloom and bliss beauty katy reviews",0,2,0.00,5.5
"bloom beauty",0,2,0.00,11.0
"bloom beauty academy",0,32,0.00,7.5
"bloom beauty institute",0,1,0.00,20.0
"bloom hair",0,6,0.00,8.2
"bloom hair bar",0,18,0.00,8.8
"bloom hair bar fort worth",0,9,0.00,9.7
"bloom hair bar reviews",0,16,0.00,5.8
"blooming beauty",0,2,0.00,9.5
"blooming beauty company",0,3,0.00,8.7
"blooming hair co",0,1,0.00,5.0
"blooming hair salon",0,1,0.00,12.0
"blooms beauty supply",0,1,0.00,17.0
"blow 25",0,1,0.00,40.0
"blow beauty salon",0,1,0.00,22.0
"blow dry bar amarillo",0,2,0.00,16.0
"blow dry bar houston",0,2,0.00,29.0
"blow dry bar irving tx",0,1,0.00,8.0
"blow dry bar sugar land",0,1,0.00,40.0
"blow dry bar uptown park",0,2,0.00,20.0
"blow dry bar uptown park houston",0,14,0.00,23.6
"blow dry houston",0,1,0.00,38.0
"blow dry salon houston",0,3,0.00,27.3
"blow dry uptown",0,2,0.00,27.0
"blow out bar houston",0,1,0.00,30.0
"blow out bella",0,1,0.00,58.0
"blow out salon",0,1,0.00,1.0
"blow out salon and spa",0,50,0.00,6.2
"blow out salon and spa photos",0,10,0.00,7.1
"blow out salon and spa reviews",0,13,0.00,7.8
"blowdry bar",0,1,0.00,11.0
"blowout bar amarillo",0,6,0.00,27.3
"blowout houston",0,1,0.00,49.0
"blowout near me",0,1,0.00,1.0
"blowout salon and spa",0,12,0.00,5.0
"blowout salon tyler tx",0,1,0.00,25.0
"blowout taper",0,1,0.00,3.0
"blowouts houston",0,2,0.00,57.0
"blrrd",0,3,0.00,8.0
"blrrd barbershop",0,41,0.00,11.0
"blue barber",0,2,0.00,5.0
"blue barber shop",0,1,0.00,6.0
"blue barber studio",0,1,0.00,3.0
"blue cobalt salon",0,3,0.00,6.0
"blue collar barber",0,2,0.00,10.0
"blue collar barber shop",0,4,0.00,10.0
"blue collar barbershop",0,6,0.00,9.8
"blue collar gentleman",0,2,0.00,9.0
"blue collar gentlemen's parlor",0,28,0.00,9.1
"blue mambo",0,39,0.00,7.3
"blue mambo hair salon",0,19,0.00,7.5
"blue mambo hair salon houston",0,1,0.00,12.0
"blue mambo houston",0,7,0.00,5.7
"blue mambo salon",0,23,0.00,7.8
"blue mambo salon houston",0,2,0.00,6.5
"blue mercury houston tx",0,1,0.00,13.0
"blue water barber supply",0,3,0.00,52.7
"bluemercury houston highland village",0,2,0.00,9.5
"bluemercury museum district",0,6,0.00,24.5
"bluemercury rice village",0,18,0.00,23.6
"bluemercury voss",0,1,0.00,18.0
"bluemercury west university",0,14,0.00,24.2
"blueprint barber",0,2,0.00,10.0
"blueprint barbershop",0,1,0.00,11.0
"blueprint fade lounge",0,24,0.00,9.6
"blur barber",0,1,0.00,12.0
"blur barber shop",0,4,0.00,6.0
"blur barbershop",0,7,0.00,9.0
"blur barbershop moreno valley",0,10,0.00,9.2
"blurred lines barbershop",0,7,0.00,6.3
"blush beauty bar",0,1,0.00,6.0
"blush beauty box",0,12,0.00,61.5
"blush beauty shop",0,1,0.00,12.0
"blush beauty supply",0,2,0.00,13.0
"blush box",0,1,0.00,93.0
"blush hair salon",0,22,0.00,7.2
"blush hair store",0,1,0.00,19.0
"blush houston",0,1,0.00,32.0
"blush near me",0,13,0.00,25.0
"blush salon",0,3,0.00,6.0
"blvd barbershop anaheim",0,1,0.00,12.0
"blvd nail supply",0,7,0.00,2.0
"blvd supply",0,3,0.00,2.0
"bmw hair",0,1,0.00,5.0
"bmw hair store",0,3,0.00,9.7
"bn career institute",0,3,0.00,7.3
"bnaila",0,1,0.00,10.0
"bnails",0,1,0.00,8.0
"bnails amarillo ( voted best nail salon amarillo tx) photos",0,2,0.00,12.0
"bnails amarillo reviews",0,56,0.00,8.9
"bnb barbers",0,1,0.00,6.0
"boardroom 7th street",0,1,0.00,10.0
"boardroom galleria",0,12,0.00,9.3
"boardroom heights",0,14,0.00,9.9
"boardroom heights reviews",0,8,0.00,11.0
"boardroom katy",0,50,0.00,10.1
"boardroom las colinas",0,11,0.00,27.0
"boardroom mens salon",0,1,0.00,10.0
"boardroom rice village",0,8,0.00,10.3
"boardroom salon",0,3,0.00,9.3
"boardroom salon alliance town center",0,1,0.00,28.0
"boardroom salon for men",0,2,0.00,11.5
"boardroom salon galleria",0,5,0.00,15.4
"boardroom salon katy",0,24,0.00,9.5
"boardroom salon west 7th",0,1,0.00,9.0
"boardroom salon woodlands",0,1,0.00,14.0
"boardroom styling lounge katy reviews",0,15,0.00,6.9
"boardroom the woodlands",0,5,0.00,18.4
"boardroom vintage",0,2,0.00,9.0
"boardroom vintage park",0,9,0.00,9.9
"boardroom washington heights",0,1,0.00,8.0
"boardroom west 7th",0,5,0.00,8.8
"boardroom woodlands reviews",0,6,0.00,6.2
"boardwalk barber",0,3,0.00,25.3
"boardwalk barber shop",0,2,0.00,12.5
"boardwalk barbers",0,1,0.00,10.0
"boardwalk barbershop",0,2,0.00,19.0
"boardwalk hair salon",0,6,0.00,8.2
"boardwalk salon",0,17,0.00,6.3
"boardwalk salon and spa",0,7,0.00,7.4
"boardwalk salon and spa college station",0,14,0.00,5.8
"boardwalk spa",0,23,0.00,8.2
"bob hair",0,1,0.00,5.0
"bob specialist near me",0,1,0.00,2.0
"bobo",0,1,0.00,1.0
"bobo beauty salon",0,1,0.00,1.0
"bobo hair salon",0,4,0.00,2.5
"bobos for hair",0,2,0.00,2.5
"body emporium",0,1,0.00,1.0
"body wave bundles beauty supply",0,1,0.00,1.0
"body waxing baytown",0,4,0.00,22.8
"body waxing near me",0,1,0.00,3.0
"body works locations",0,1,0.00,9.0
"boeau",0,1,0.00,2.0
"bog joy",0,2,0.00,6.5
"boho braids houston",0,1,0.00,1.0
"boho knotless braids",0,1,0.00,1.0
"boksy",0,2,0.00,22.5
"bollywood beauty salon",0,1,0.00,17.0
"bollywood hair salon",0,1,0.00,21.0
"bollywood salon",0,1,0.00,49.0
"bolt barbers downtown la",0,1,0.00,63.0
"bolume",0,2,0.00,2.5
"bombay haircut",0,2,0.00,6.5
"bombay salon",0,47,0.00,6.0
"bombay salon and spa",0,10,0.00,6.6
"bombay salon and spa lewisville",0,1,0.00,14.0
"bombay salon and spa lewisville reviews",0,1,0.00,9.0
"bombay salon and spa photos",0,1,0.00,7.0
"bombay salon and spa reviews",0,9,0.00,3.6
"bombay salon hours",0,1,0.00,7.0
"bombay salon irving",0,4,0.00,6.3
"bombay salon lewisville",0,1,0.00,9.0
"bombay saloon",0,1,0.00,5.0
"bombkutz",0,8,0.00,9.6
"bombkutz barbershop",0,4,0.00,8.0
"bombshell beauty",0,1,0.00,6.0
"bombshell beauty salon",0,1,0.00,3.0
"bombshell hair",0,8,0.00,8.1
"bombshell hair salon",0,3,0.00,6.0
"bombshell hair shop",0,20,0.00,7.0
"bombshell hair studio",0,1,0.00,8.0
"bombshell hours",0,1,0.00,7.0
"bombshell salon",0,2,0.00,3.5
"bombshell salon and spa",0,1,0.00,11.0
"bombshell's",0,1,0.00,7.0
"bombshell's hair & brow studio garland reviews",0,2,0.00,3.5
"bombshells hair",0,2,0.00,11.5
"bombshells hair salon",0,3,0.00,8.0
"bomshell hair",0,1,0.00,11.0
"bonafide barber",0,7,0.00,8.9
"bonafide barbers",0,35,0.00,7.8
"bonafide barbershop",0,1,0.00,7.0
"bonafide haircut bar",0,35,0.00,6.9
"bonafide health",0,1,0.00,5.0
"bonbshell hair",0,1,0.00,10.0
"bonding glue nearby",0,1,0.00,1.0
"bonita brow",0,1,0.00,1.0
"bonita brows",0,1,0.00,1.0
"bonita eyebrow",0,2,0.00,1.0
"bonita eyebrow threading",0,7,0.00,1.0
"bonita eyebrows",0,1,0.00,1.0
"bonita hair salon",0,1,0.00,7.0
"bonita salon",0,1,0.00,6.0
"bonita threading",0,8,0.00,4.8
"bonita threading salon",0,20,0.00,3.5
"bonitas hair salon",0,2,0.00,7.5
"bonjour",0,1,0.00,5.0
"bonjour beauty",0,2,0.00,6.0
"bonjour beauty university",0,22,0.00,4.0
"bonjour belle salon",0,1,0.00,16.0
"bonjour belle salon & boutique woodforest reviews",0,7,0.00,7.7
"bonjour belle salon and suites",0,3,0.00,26.0
"bonjour belle salon magnolia 1488 reviews",0,6,0.00,7.7
"bonjour belle the woodlands",0,2,0.00,6.5
"bonjour belle woodforest",0,1,0.00,13.0
"bonjour hair salon",0,1,0.00,11.0
"bonjour university",0,2,0.00,3.5
"bonjout beauty",0,47,0.00,5.6
"bonjoutbeauty",0,2,0.00,5.0
"bonneville barbershop",0,22,0.00,10.6
"bonny r",0,1,0.00,8.0
"boo hair salon",0,1,0.00,1.0
"booie beauty",0,1,0.00,7.0
"book haircut in imperial valley",0,1,0.00,55.0
"booksey",0,2,0.00,24.0
"booksh",0,1,0.00,6.0
"booksky",0,2,0.00,18.5
"booksy",0,1,0.00,4.0
"bookys",0,3,0.00,14.0
"boonville barber",0,2,0.00,7.0
"boonville barber shop",0,2,0.00,9.0
"booth contracts",0,1,0.00,32.0
"booth rent barber shop",0,1,0.00,16.0
"booth rental for barbers",0,1,0.00,22.0
"booth renter take home pay",0,1,0.00,44.0
"booty haircut dallas",0,1,0.00,43.0
"born cutterz",0,8,0.00,5.4
"borner's barber college pasadena",0,1,0.00,8.0
"borners barber college",0,2,0.00,13.5
"borners barber college pasadena",0,2,0.00,8.5
"bosch haircut",0,1,0.00,9.0
"bosch houston",0,1,0.00,28.0
"boss",0,1,0.00,8.0
"boss barber beauty",0,16,0.00,8.8
"boss barber shop",0,7,0.00,8.1
"boss barber shop near me",0,1,0.00,1.0
"boss beauty",0,2,0.00,45.5
"boss beauty makeup academy",0,1,0.00,27.0
"boss beauty makeup academy reviews",0,6,0.00,19.7
"boss beauty makeup academy san antonio",0,1,0.00,20.0
"boss beauty salon",0,1,0.00,8.0
"boss beauty supply",0,2,0.00,22.0
"boss cut barbershop",0,1,0.00,7.0
"boss cuts",0,2,0.00,8.0
"boss cuts barber shop",0,8,0.00,8.3
"boss cutz barbershop",0,4,0.00,7.3
"boss fadez",0,1,0.00,39.0
"boss fadez barbershop",0,1,0.00,32.0
"boss hair salon",0,5,0.00,4.4
"boss haircut webster",0,2,0.00,11.0
"boss lady academy",0,2,0.00,11.5
"boss lady beauty academy",0,4,0.00,12.8
"boss lady beauty academy waco",0,1,0.00,15.0
"boss life barbershop",0,1,0.00,45.0
"boss nail academy",0,53,0.00,6.3
"boss nail academy cost",0,1,0.00,1.0
"boss nail academy reviews",0,4,0.00,10.8
"boss nail academy richardson",0,39,0.00,4.9
"boss nail academy richardson tx",0,13,0.00,5.3
"boss nail academy san antonio",0,4,0.00,7.0
"boss nail academy san antonio reviews",0,3,0.00,2.7
"boss nail academy wylie",0,13,0.00,9.0
"boss salon",0,2,0.00,6.0
"boss wigs website",0,2,0.00,5.0
"bossa beauty",0,1,0.00,7.0
"bosscutz",0,6,0.00,5.3
"bosscutz barber shop",0,3,0.00,4.0
"bossette",0,9,0.00,2.3
"bossette hair",0,34,0.00,2.9
"bossladyyesenia",0,2,0.00,20.0
"boulevard nail salon",0,1,0.00,1.0
"boulevard nail supply",0,9,0.00,4.8
"boulevard nails",0,1,0.00,1.0
"boulevard nails supply",0,20,0.00,3.1
"boutique license",0,1,0.00,58.0
"boys club barber",0,1,0.00,11.0
"boys club barbershop",0,16,0.00,9.2
"boys haircut near me",0,2,0.00,1.0
"boys haircut waco tx",0,2,0.00,37.0
"boys perm near me",0,1,0.00,13.0
"bozcutz",0,1,0.00,41.0
"bposh",0,1,0.00,8.0
"braes heights barber shop",0,5,0.00,8.2
"braid experts mlk",0,1,0.00,35.0
"braid natural hair near me",0,1,0.00,1.0
"braid near me",0,1,0.00,1.0
"braid queen la",0,1,0.00,1.0
"braid queen la beauty supply",0,5,0.00,12.0
"braid school",0,1,0.00,4.0
"braid shop",0,1,0.00,1.0
"braid shop near me",0,2,0.00,3.5
"braid shop on cullen",0,2,0.00,11.0
"braid shops near me",0,2,0.00,3.0
"braid take down houston",0,1,0.00,1.0
"braid takedown",0,1,0.00,5.0
"braider near me",0,1,0.00,1.0
"braider zee beauty supply",0,10,0.00,9.4
"braider zee beauty supply photos",0,2,0.00,9.0
"braiders",0,1,0.00,1.0
"braiders houston",0,1,0.00,1.0
"braiders in houston",0,1,0.00,1.0
"braiding classes near me",0,5,0.00,1.0
"braiding for beginners",0,1,0.00,5.0
"braiding gel near me",0,1,0.00,4.0
"braiding hair beauty supply near me",0,1,0.00,1.0
"braiding hair near me beauty supply",0,1,0.00,4.0
"braiding hair packs near me",0,1,0.00,1.0
"braiding place near me",0,1,0.00,1.0
"braiding salon bissonnet",0,5,0.00,13.8
"braiding salon near me",0,2,0.00,1.0
"braiding salons near me",0,1,0.00,1.0
"braiding school",0,1,0.00,1.0
"braiding school near me",0,1,0.00,1.0
"braiding shop",0,1,0.00,25.0
"braiding shop near me",0,11,0.00,2.1
"braiding shop near me open now",0,1,0.00,10.0
"braiding shops",0,1,0.00,1.0
"braiding shops near me",0,1,0.00,1.0
"braiding supply store near me",0,1,0.00,12.0
"braids",0,1,0.00,1.0
"braids are us",0,19,0.00,8.3
"braids by grace",0,1,0.00,1.0
"braids dreads",0,1,0.00,4.0
"braids hair",0,1,0.00,1.0
"braids n locks salon",0,1,0.00,10.0
"braids near me",0,10,0.00,1.1
"braids near me now",0,1,0.00,60.0
"braids of katy photos",0,3,0.00,1.0
"braids of katy reviews",0,25,0.00,10.5
"braids r us",0,40,0.00,9.4
"braids r us missouri city",0,38,0.00,11.1
"braids r us missouri city tx",0,2,0.00,9.5
"braids r us near me",0,10,0.00,9.1
"braids r us photos",0,1,0.00,21.0
"braids r us reviews",0,11,0.00,8.5
"braids shop near me",0,1,0.00,1.0
"braidsofkaty",0,5,0.00,1.0
"brand barber shop",0,1,0.00,47.0
"brandi holmes",0,1,0.00,31.0
"brandi ware",0,1,0.00,2.0
"brandihomes.com",0,6,0.00,5.8
"brandon barber shop",0,1,0.00,3.0
"brandon the barber",0,1,0.00,1.0
"brashae",0,1,0.00,1.0
"brashae's beauty supply",0,21,0.00,5.7
"brasil hair products",0,2,0.00,7.0
"brasilsao",0,1,0.00,2.0
"bravados hair",0,1,0.00,2.0
"bravados hair salon",0,1,0.00,1.0
"bravados studio",0,3,0.00,1.7
"bravehearts barbershop",0,12,0.00,10.5
"bravo barber supply",0,2,0.00,7.5
"braxton barber",0,6,0.00,1.0
"braxton barber shop",0,1,0.00,6.0
"braxtons barbershop",0,5,0.00,1.6
"bray barber",0,1,0.00,9.0
"brazen beauty academy",0,27,0.00,7.0
"brazen beauty academy san antonio",0,10,0.00,6.8
"brazilian beauty products",0,1,0.00,6.0
"brazilian beauty supply",0,40,0.00,1.9
"brazilian beauty supply houston",0,6,0.00,1.8
"brazilian blowout",0,2,0.00,1.0
"brazilian blowout frisco",0,1,0.00,8.0
"brazilian blowout houston",0,1,0.00,1.0
"brazilian blowout near me",0,1,0.00,1.0
"brazilian body care products",0,1,0.00,10.0
"brazilian hair products",0,4,0.00,8.5
"brazilian hair store",0,1,0.00,1.0
"brazilian jeans",0,1,0.00,7.0
"brazilian salon lux",0,13,0.00,4.0
"brazilian seasoning",0,2,0.00,2.0
"brazilian store near me",0,1,0.00,2.0
"brazilian wax baytown",0,2,0.00,30.0
"brazilian wax college station",0,2,0.00,23.0
"brazilian wax school near me",0,1,0.00,1.0
"brazilian wax sugar land",0,3,0.00,21.7
"brazos barbershop",0,1,0.00,45.0
"bree barnes",0,1,0.00,11.0
"breeze hair",0,1,0.00,28.0
"breezy wave organique near me",0,1,0.00,1.0
"brenda hair studio",0,2,0.00,6.0
"brenda salon",0,1,0.00,6.0
"brenda's hair salon",0,1,0.00,6.0
"breshae beauty supply",0,5,0.00,8.0
"bretheren barber",0,1,0.00,20.0
"brethren barber",0,10,0.00,10.6
"brethren barber glendale",0,5,0.00,10.0
"brethren barber parlour",0,5,0.00,10.8
"brethren barbers",0,2,0.00,19.0
"brethren barbershop",0,32,0.00,9.8
"brewers barber",0,21,0.00,9.4
"brews and cuts",0,1,0.00,6.0
"brian of london",0,3,0.00,9.0
"brian of london hair salon",0,8,0.00,9.0
"brian of london reviews",0,2,0.00,7.0
"brick city barber",0,1,0.00,9.0
"brick city barber shop",0,3,0.00,7.0
"brickhouse barbershop",0,15,0.00,9.7
"brickhouse barbershop #2",0,82,0.00,3.3
"brickhouse barbershop 2",0,4,0.00,7.0
"brickhouse barbershop potranco",0,2,0.00,9.0
"bricktown barber",0,5,0.00,5.6
"bricktown barbershop",0,88,0.00,7.2
"bricktown barbershop reviews",0,8,0.00,6.5
"bridges beauty college",0,2,0.00,13.0
"bridges beauty college rancho cucamonga",0,3,0.00,8.3
"bridget beauty salon",0,2,0.00,8.0
"bridget hair",0,1,0.00,7.0
"bridget hair salon",0,2,0.00,3.5
"bridget salon",0,1,0.00,13.0
"bridgets hair salon",0,1,0.00,6.0
"brighton barber institute",0,45,0.00,7.9
"brinxx beauty clothing",0,1,0.00,2.0
"british long haircut",0,1,0.00,2.0
"britney hair salon",0,1,0.00,8.0
"britney hair studio",0,16,0.00,9.1
"britney hair studio photos",0,4,0.00,8.3
"britney hair studio reviews",0,12,0.00,6.8
"britney salon",0,1,0.00,6.0
"brixton hue salon",0,1,0.00,46.0
"broadway barber shop",0,3,0.00,7.0
"broadway barbershop",0,1,0.00,5.0
"broadway beauty supply",0,1,0.00,5.0
"broderick booth",0,1,0.00,20.0
"broken nail glue repair",0,1,0.00,7.0
"bronde blvd salon - the woodlands - magnolia",0,1,0.00,67.0
"bronde blvd salon magnolia",0,1,0.00,34.0
"bronx barber college",0,48,0.00,8.0
"bronx barber college reviews",0,1,0.00,9.0
"brook hollow barbershop",0,1,0.00,11.0
"brookhollow barber",0,1,0.00,9.0
"brooklyn barbershop",0,1,0.00,9.0
"brooklyn's barbershop",0,2,0.00,6.5
"brooks city base hair salon",0,35,0.00,11.0
"brooks hair salon",0,1,0.00,6.0
"bros barber shop",0,1,0.00,1.0
"brothers beauty",0,5,0.00,17.0
"brothers beauty salon",0,2,0.00,2.0
"brow and beauty bar",0,1,0.00,1.0
"brow art firewheel",0,5,0.00,6.6
"brow lamination houston",0,1,0.00,1.0
"brow line",0,1,0.00,1.0
"brow line studio",0,1,0.00,10.0
"brow mapping near me",0,3,0.00,1.0
"brow shaping and lamination near me",0,1,0.00,1.0
"brow threading near me",0,4,0.00,1.3
"brow tint near me",0,1,0.00,1.0
"browline",0,3,0.00,1.3
"browline studio",0,28,0.00,4.9
"browline studio austin",0,1,0.00,1.0
"browline studio reviews",0,3,0.00,7.3
"brownie's barber shop",0,7,0.00,8.9
"brownie's dallas",0,8,0.00,7.5
"brownies barber",0,5,0.00,24.4
"brownies barber shop",0,4,0.00,11.0
"brownies barber shop dallas",0,2,0.00,16.5
"brownies barbershop",0,3,0.00,6.3
"brownsboro barber",0,1,0.00,23.0
"brownsville barber shop",0,1,0.00,1.0
"brows and beauty bar",0,1,0.00,5.0
"brsh",0,1,0.00,63.0
"brushed hair studio",0,3,0.00,5.7
"bryan the barber",0,2,0.00,15.0
"bs nail bar",0,9,0.00,8.8
"bs nail salon",0,1,0.00,9.0
"bsg warehouse",0,1,0.00,79.0
"bsw",0,1,0.00,7.0
"bt salon",0,2,0.00,5.0
"bu fade",0,2,0.00,8.0
"bubba b's barber shop",0,1,0.00,33.0
"bubba's barber shop",0,2,0.00,27.0
"bubble bath nails",0,7,0.00,5.7
"buckner barber shop",0,3,0.00,15.7
"bueauty supply",0,1,0.00,1.0
"buety bar",0,1,0.00,13.0
"bugatti+beauty",0,1,0.00,1.0
"buggy pop groom shop",0,1,0.00,45.0
"bui hair",0,2,0.00,9.0
"bui hair salon",0,17,0.00,4.8
"bui hair studio",0,32,0.00,8.1
"bui hair studio photos",0,49,0.00,8.5
"bui hair studio reviews",0,26,0.00,5.3
"bui salon",0,2,0.00,8.0
"builder gel",0,2,0.00,3.5
"builder gel near me",0,1,0.00,1.0
"bundles human hair",0,1,0.00,1.0
"bundles of hair",0,1,0.00,1.0
"bunker hill hair salon",0,3,0.00,12.0
"bunker hill salon",0,1,0.00,17.0
"burst fade haircut",0,1,0.00,5.0
"burton hair salon",0,1,0.00,18.0
"bush balm beads",0,1,0.00,11.0
"bush balm wax beads",0,2,0.00,6.5
"bushwick barber",0,3,0.00,7.3
"bushwick barber shop",0,9,0.00,6.6
"bushwick barbershop",0,45,0.00,8.1
"business establishment license",0,1,0.00,4.0
"butch and screwball",0,1,0.00,12.0
"butch and screwball reviews",0,10,0.00,6.4
"butch screwball",0,1,0.00,10.0
"butlers barber lounge",0,2,0.00,44.0
"butta barber",0,2,0.00,8.5
"butta bundles",0,2,0.00,4.0
"butterfly haircut",0,1,0.00,12.0
"buw beauty supply",0,2,0.00,10.0
"buw hair",0,7,0.00,7.6
"buw hair factory",0,32,0.00,8.6
"buw hair factory houston",0,15,0.00,10.9
"buw hair houston",0,2,0.00,9.5
"buw hair hwy 6",0,1,0.00,17.0
"buw hair locations",0,2,0.00,23.0
"buw hair near me",0,1,0.00,17.0
"buw hair store",0,1,0.00,17.0
"buw houston",0,1,0.00,12.0
"buw human hair",0,1,0.00,24.0
"buw human hair factory",0,2,0.00,25.5
"buw human hair factory store",0,25,0.00,9.3
"buw human hair factory store -- houston east",0,30,0.00,8.2
"buw human hair factory store -- houston east reviews",0,18,0.00,7.0
"buw human hair factory store reviews",0,1,0.00,12.0
"buw human hair factory store--houston west",0,8,0.00,7.8
"buy braiding hair near me",0,1,0.00,1.0
"buy nails direct",0,1,0.00,3.0
"buzz cut preston hollow",0,1,0.00,52.0
"bw hair",0,1,0.00,39.0
"bw hair store",0,1,0.00,34.0
"bwjs",0,5,0.00,9.0
"by bo bo",0,1,0.00,2.0
"by lucy",0,3,0.00,7.3
"by the blade",0,2,0.00,8.0
"by the blade barbershop",0,13,0.00,6.2
"by the blade barbershop houston reviews",0,4,0.00,5.0
"bytheblade",0,1,0.00,7.0
"bài đánh giá về princess nail and lash spa",0,8,0.00,10.1
"bích nga hair & skin care",0,1,0.00,1.0
"c & c beauty supply",0,1,0.00,6.0
"c & r beauty supply",0,5,0.00,9.2
"c & r fashion beauty supply",0,9,0.00,5.2
"c and c beauty supply",0,3,0.00,7.3
"c and r beauty supply",0,7,0.00,6.9
"c c beauty",0,1,0.00,6.0
"c c beauty supply",0,16,0.00,14.9
"c cuts",0,1,0.00,9.0
"c j beauty supply",0,1,0.00,14.0
"c spa supply chula vista",0,12,0.00,7.3
"c&c barber",0,2,0.00,11.5
"c&c beauty supply",0,1,0.00,10.0
"c&g salon",0,1,0.00,11.0
"c&r beauty supply",0,7,0.00,10.9
"c&s hair salon",0,1,0.00,4.0
"ca beauty",0,1,0.00,11.0
"caballero barber",0,1,0.00,24.0
"caballero barber shop",0,3,0.00,10.7
"caballeros barber",0,3,0.00,13.3
"caballeros barber lounge",0,1,0.00,37.0
"caballeros barber shop",0,47,0.00,9.6
"caballeros hair shop",0,2,0.00,13.5
"cabin cuts salon",0,1,0.00,39.0
"caboki hair fibers",0,1,0.00,6.0
"cabrera barber shop",0,1,0.00,9.0
"cache beauty center",0,1,0.00,11.0
"cache beauty salon",0,2,0.00,9.0
"cache hair salon",0,1,0.00,7.0
"cache salon",0,1,0.00,4.0
"cachet salon",0,1,0.00,4.0
"cachet salons & spa",0,3,0.00,10.7
"cactus and concrete",0,17,0.00,7.0
"cactus and concrete salon",0,17,0.00,7.3
"cactus salon",0,2,0.00,6.5
"caesars barber shop",0,6,0.00,9.7
"cafecito barber",0,44,0.00,7.0
"cake salon north muirfield",0,4,0.00,56.5
"calabrese barber shop",0,1,0.00,36.0
"calderon barbershop",0,1,0.00,10.0
"cali finest",0,2,0.00,12.5
"cali style barber shop",0,1,0.00,9.0
"cali style barbershop",0,21,0.00,8.9
"cali the barber",0,5,0.00,8.6
"caliber cuts grand prairie",0,1,0.00,32.0
"calico hair at home",0,1,0.00,5.0
"california advanced esthetics",0,10,0.00,8.6
"california barber supply",0,2,0.00,59.0
"california beauty college",0,11,0.00,8.9
"california beauty college modesto",0,4,0.00,9.8
"california beauty college photos",0,7,0.00,9.3
"california beauty college reviews",0,11,0.00,9.2
"california hair design",0,2,0.00,16.0
"california hair design academy",0,65,0.00,8.7
"california hair design academy reviews",0,6,0.00,10.3
"calis finest",0,1,0.00,9.0
"calis finest barbershop",0,2,0.00,10.5
"call bonita",0,1,0.00,8.0
"call cost cutters",0,3,0.00,17.7
"call cutters",0,1,0.00,11.0
"call jacqueline",0,1,0.00,8.0
"call javier",0,1,0.00,8.0
"callie street barber shop",0,11,0.00,7.7
"cals beauty supply",0,1,0.00,10.0
"cambio de imagen",0,1,0.00,1.0
"cambio visible",0,1,0.00,29.0
"camerino salon",0,15,0.00,5.1
"camerinos",0,1,0.00,3.0
"camerinos peluqueria",0,1,0.00,5.0
"camino south barber shop",0,1,0.00,8.0
"can",0,2,0.00,4.5
"can beauty",0,5,0.00,1.0
"can beauty supplies",0,13,0.00,4.6
"can beauty supply",0,54,0.00,3.3
"can i see the photos?",0,1,0.00,65.0
"can supplies",0,1,0.00,2.0
"can you buy luxe foundation in stores",0,1,0.00,50.0
"canas barber shop",0,2,0.00,7.5
"candace maude",0,1,0.00,8.0
"candace maude salon",0,1,0.00,5.0
"candi beauty slim",0,9,0.00,9.4
"candice maude",0,25,0.00,6.0
"candice maude reviews",0,1,0.00,11.0
"candice maude salon",0,4,0.00,9.0
"candies hair salon",0,2,0.00,6.5
"candy hair",0,3,0.00,18.0
"candy hair salon",0,4,0.00,15.3
"candys hair care",0,1,0.00,17.0
"candys hair salon",0,1,0.00,4.0
"canvas hair salon",0,3,0.00,6.0
"canvas hair studio",0,3,0.00,8.3
"canvas salon reviews",0,1,0.00,6.0
"capelli barber college",0,78,0.00,6.6
"capelli beauty and barber college",0,10,0.00,7.7
"capelli salon frisco",0,2,0.00,10.0
"capelli salon frisco reviews",0,4,0.00,5.5
"capelli school",0,1,0.00,6.0
"capital shave",0,1,0.00,7.0
"capitol barber",0,1,0.00,88.0
"capitol barber shop",0,1,0.00,11.0
"caprock school of cosmetology",0,9,0.00,8.4
"carbon hair",0,6,0.00,9.8
"carbon hair salon",0,26,0.00,8.1
"carbon health",0,1,0.00,1.0
"carbon salon",0,255,0.00,6.7
"carbon salon conroe",0,14,0.00,6.9
"carbon salon conroe tx",0,7,0.00,6.4
"carbon salon llc",0,21,0.00,8.9
"carbon salon llc conroe reviews",0,17,0.00,4.5
"carbon salon reviews",0,3,0.00,5.7
"care and hair",0,7,0.00,7.4
"care to beauty near me",0,1,0.00,2.0
"career academy of beauty",0,2,0.00,9.0
"career schools of texas",0,4,0.00,8.3
"career schools of texas dallas",0,37,0.00,5.3
"caribbean barber shop",0,23,0.00,9.6
"caribbean barbershop",0,2,0.00,11.0
"carisma wash houston tx",0,1,0.00,70.0
"carla beauty salon",0,1,0.00,10.0
"carla's beauty salon",0,1,0.00,5.0
"carlitos barber shop",0,1,0.00,1.0
"carlos barber shop",0,1,0.00,10.0
"carlos barber shop webster",0,6,0.00,9.0
"carlos barbershop",0,2,0.00,11.0
"carlos barbershop photos",0,2,0.00,9.5
"carlos hair",0,1,0.00,7.0
"carlos hair salon",0,10,0.00,5.8
"carlos rodriguez hair salon",0,11,0.00,7.4
"carlos rodriguez hair salon reviews",0,16,0.00,4.0
"carlos salon",0,4,0.00,5.3
"carlos the barber",0,1,0.00,12.0
"carlos's barber shop",0,1,0.00,9.0
"carly the barber",0,1,0.00,32.0
"carmen and carmen",0,1,0.00,22.0
"carmen beauty salon",0,32,0.00,12.7
"carmen beauty salón",0,4,0.00,4.0
"carmen carmen salon",0,2,0.00,29.0
"carmen greens",0,1,0.00,27.0
"carmen hair",0,3,0.00,16.0
"carmen hair salon",0,17,0.00,8.8
"carmen hair studio",0,1,0.00,29.0
"carmen r beauty salon",0,9,0.00,31.2
"carmen salon",0,7,0.00,11.7
"carmen salon de belleza",0,4,0.00,8.0
"carmen studio",0,1,0.00,33.0
"carmen's beauty",0,5,0.00,21.0
"carmen's hair salon",0,10,0.00,11.6
"carmen's hairstyle",0,1,0.00,12.0
"carmen's house",0,1,0.00,56.0
"carmen's salon",0,2,0.00,10.0
"carmen's studio",0,1,0.00,31.0
"carmens beauty salon",0,1,0.00,7.0
"carmens hair salon",0,2,0.00,7.0
"carmens salon",0,1,0.00,9.0
"carmine hair salon",0,1,0.00,35.0
"carol barber shop",0,3,0.00,10.3
"carol white",0,1,0.00,1.0
"carolina beauty salon",0,1,0.00,5.0
"carolina hair salon",0,1,0.00,4.0
"carolina hair studio",0,1,0.00,5.0
"carolina salon",0,3,0.00,30.3
"carolinas beauty salon",0,1,0.00,12.0
"carolinas hair salon",0,2,0.00,4.5
"carolinas hair studio",0,1,0.00,6.0
"caroline beauty salon",0,2,0.00,8.0
"carolyn's crowns beauty supply",0,2,0.00,20.5
"carolyn's crowns beauty supply photos",0,1,0.00,7.0
"carotone cream",0,2,0.00,5.0
"carroll barber shop",0,2,0.00,37.5
"cartel barber shop",0,3,0.00,11.0
"cartel cuts houston",0,11,0.00,6.8
"cartel cuts reviews",0,1,0.00,4.0
"cartel cutz",0,7,0.00,7.3
"carter cutz",0,3,0.00,18.7
"carter's barber",0,1,0.00,37.0
"casa de hilo boca chica",0,3,0.00,6.7
"casa de hilo brownsville",0,2,0.00,10.5
"cash barber shop",0,3,0.00,10.0
"cash rd barbershop",0,10,0.00,8.0
"castillo barbershop",0,2,0.00,22.0
"castillo's original barbershop",0,1,0.00,10.0
"castillos barber",0,1,0.00,21.0
"castillos barber shop",0,1,0.00,26.0
"castle hills barber",0,1,0.00,11.0
"castle hills barbershop",0,4,0.00,13.3
"castro barber lounge reviews",0,15,0.00,6.7
"cathy beauty supply",0,4,0.00,5.5
"cathy's beauty supply",0,3,0.00,7.3
"cathy's expert cuts",0,2,0.00,40.5
"cathys beauty",0,1,0.00,5.0
"catracho barber shop",0,4,0.00,10.8
"catwalk hair salon bryan tx",0,1,0.00,30.0
"catwalk salon bryan tx",0,1,0.00,38.0
"cavern barber",0,2,0.00,32.5
"cavern barbershop",0,4,0.00,5.5
"caviar academy",0,41,0.00,7.0
"caviar academy of cosmetology",0,14,0.00,6.9
"caviar lubbock",0,9,0.00,6.1
"cc beauty",0,14,0.00,7.8
"cc beauty salon",0,2,0.00,7.0
"cc beauty supply atascocita",0,31,0.00,4.9
"cc beauty supply humble",0,6,0.00,13.5
"cc beauty supply humble tx",0,9,0.00,5.4
"cc beauty supply near me",0,11,0.00,6.9
"cc beauty supply richmond tx",0,3,0.00,1.0
"cc hair store",0,2,0.00,6.0
"cc's beauty supply",0,1,0.00,1.0
"ccc cosmetology",0,1,0.00,8.0
"cco beauty",0,1,0.00,5.0
"ccs beauty",0,3,0.00,8.7
"ccs beauty supply",0,7,0.00,6.4
"ccs makeup",0,1,0.00,43.0
"cdc beauty & barber supply 2",0,1,0.00,13.0
"cdl school el paso",0,1,0.00,1.0
"ce hours for cosmetology",0,4,0.00,39.8
"cece beauty supply",0,3,0.00,2.3
"ceci salon",0,1,0.00,11.0
"ceci's salon",0,1,0.00,6.0
"cecilia's beauty salon",0,1,0.00,10.0
"cecred hair care",0,3,0.00,8.0
"cecred hair products",0,2,0.00,5.0
"cecy beauty salon",0,10,0.00,5.1
"cecy hair salon",0,7,0.00,5.9
"cecy's beauty salon",0,4,0.00,3.8
"cecys beauty salon",0,1,0.00,4.0
"cecys hair salon",0,5,0.00,5.6
"cedric's barber shop",0,1,0.00,11.0
"celebrity",0,1,0.00,2.0
"celebrity barbers",0,3,0.00,8.7
"celebrity barbershop",0,5,0.00,9.6
"celebrity hair college station",0,1,0.00,10.0
"celebrity hair salon",0,1,0.00,5.0
"celebrity hair salon college station",0,2,0.00,4.0
"celebrity salon",0,20,0.00,6.5
"celebrity salon and spa",0,8,0.00,8.0
"celebrity salon college station",0,1,0.00,14.0
"celebrity salons",0,1,0.00,8.0
"celebrity soa",0,2,0.00,5.5
"celebrity spa",0,284,0.00,6.9
"celebrity spa and salon",0,26,0.00,8.3
"celebrity spa and salon college station",0,2,0.00,8.5
"celebrity spa and salon photos",0,5,0.00,8.0
"celebrity spa and salon reviews",0,46,0.00,8.2
"celebrity spa college station",0,1,0.00,8.0
"celebrity spa salon",0,1,0.00,28.0
"celsy",0,1,0.00,7.0
"center beauty supply",0,2,0.00,13.5
"center beauty supply inc",0,2,0.00,37.0
"center nails supply",0,3,0.00,1.0
"central nail supply",0,2,0.00,1.0
"central texas barber college",0,1,0.00,10.0
"central texas beauty college round rock",0,1,0.00,12.0
"central valley barber college",0,3,0.00,10.7
"centric beauty supply",0,2,0.00,7.0
"centric hair store",0,2,0.00,7.5
"centric hours",0,1,0.00,8.0
"centric salon",0,3,0.00,12.0
"century square hair salon",0,1,0.00,5.0
"ceo of aesthetics",0,5,0.00,7.4
"cerdafied barbershop",0,5,0.00,9.2
"cerdafied barbershop reviews",0,33,0.00,8.8
"ceres headquarters",0,1,0.00,9.0
"ceron hair",0,1,0.00,28.0
"ceron hair salon",0,2,0.00,21.5
"ceron hair studio",0,6,0.00,17.3
"ceron hair studio houston",0,2,0.00,21.5
"ceron hair studio kirby grove",0,5,0.00,6.2
"ceron hair studio memorial",0,5,0.00,9.0
"ceron hair studio memorial green reviews",0,11,0.00,8.9
"ceron hair studio: kirby grove",0,1,0.00,8.0
"ceron houston",0,7,0.00,12.1
"ceron kirby grove",0,23,0.00,8.2
"ceron memorial",0,9,0.00,9.7
"ceron memorial green",0,2,0.00,9.0
"ceron salon",0,3,0.00,19.7
"ceron salon houston",0,2,0.00,16.0
"certified cuts",0,4,0.00,11.3
"certified cuts barbershop",0,1,0.00,10.0
"certified cutz barbershop",0,1,0.00,48.0
"certified styles",0,1,0.00,63.0
"cesar barbershop",0,1,0.00,34.0
"cesar salon",0,1,0.00,10.0
"cesar the barber",0,1,0.00,7.0
"cf barber academy",0,2,0.00,9.0
"cg hair salon",0,10,0.00,9.0
"cg hair studio",0,2,0.00,11.5
"cg studio",0,1,0.00,40.0
"cg's hair studio",0,3,0.00,8.0
"cg's hair studio reviews",0,2,0.00,10.5
"cgs hair studio",0,1,0.00,10.0
"chad's barber shop",0,1,0.00,11.0
"chad's barber shop ventura",0,6,0.00,9.0
"chads barber",0,2,0.00,10.5
"chads barber shop",0,3,0.00,11.0
"chads barbershop",0,4,0.00,9.0
"chads barbershop ventura",0,9,0.00,10.4
"chadâm hair lounge and co2 spa reviews",0,9,0.00,10.4
"chairez salon",0,29,0.00,10.6
"chairez salon reviews",0,2,0.00,6.0
"chamo barber shop",0,1,0.00,20.0
"champion barber school",0,2,0.00,10.0
"champion beauty college",0,3,0.00,9.0
"champions barber and beauty academy",0,1,0.00,8.0
"champions barber and beauty academy reviews",0,11,0.00,9.5
"champions barber school",0,1,0.00,10.0
"champu salon",0,2,0.00,6.5
"chance barber shop",0,3,0.00,19.3
"chance charles",0,4,0.00,7.5
"chance charles salon",0,4,0.00,8.8
"chance salon",0,1,0.00,10.0
"chanel cutz",0,4,0.00,11.3
"change barber",0,2,0.00,4.5
"change barber studio",0,1,0.00,35.0
"change barber studio reviews",0,2,0.00,12.0
"change barber studio sienna",0,10,0.00,8.9
"change barbershop sienna",0,16,0.00,8.2
"charizma hair salon",0,2,0.00,42.5
"charles & sue's school of hair design",0,1,0.00,9.0
"charles and sue",0,1,0.00,10.0
"charles and sue hair school",0,2,0.00,8.0
"charles and sues",0,7,0.00,8.0
"charles and sues hair school",0,3,0.00,9.0
"charles and sues reviews",0,5,0.00,9.0
"charles barber shop",0,1,0.00,7.0
"charles blades",0,1,0.00,13.0
"charles blades barber",0,1,0.00,11.0
"charles blades barber shop",0,1,0.00,8.0
"chatters pricing",0,4,0.00,35.3
"chatters salon",0,1,0.00,34.0
"chatters services prices",0,2,0.00,43.5
"chavez salon",0,1,0.00,41.0
"chaz the barber",0,1,0.00,6.0
"che barber",0,5,0.00,6.6
"che barber shop",0,1,0.00,4.0
"che barbers",0,4,0.00,4.8
"che barbershop",0,1,0.00,8.0
"che's barbers",0,19,0.00,8.4
"cheap barber near me",0,1,0.00,4.0
"cheap barber school near me",0,1,0.00,1.0
"cheap barber shop near me open now",0,1,0.00,26.0
"cheap barber shops near me",0,2,0.00,1.0
"cheap barbershop near me",0,1,0.00,1.0
"cheap braids near me",0,1,0.00,1.0
"cheap bundles",0,1,0.00,1.0
"cheap cosmetology school near me",0,1,0.00,4.0
"cheap eyebrow waxing near me",0,1,0.00,1.0
"cheap hair cuts for men near me",0,1,0.00,12.0
"cheap hair salons near me",0,1,0.00,2.0
"cheap hair store near me",0,1,0.00,24.0
"cheap haircut",0,1,0.00,2.0
"cheap haircut houston",0,3,0.00,1.0
"cheap haircuts near me",0,7,0.00,9.6
"cheap lash extensions near me",0,1,0.00,14.0
"cheap nail salons near me",0,2,0.00,1.0
"cheapest cosmetology school near me",0,1,0.00,11.0
"cheapest place to buy oribe products",0,1,0.00,2.0
"check for me",0,1,0.00,12.0
"checkmate barbershop",0,1,0.00,44.0
"chee master hair braiding",0,22,0.00,6.5
"cheers hair studio",0,21,0.00,8.0
"cherie hair studio",0,4,0.00,9.5
"cherry blow dry bar missouri city",0,1,0.00,16.0
"cherry blow dry bar missouri city tx reviews",0,4,0.00,7.8
"cherry blow dry bar sienna",0,1,0.00,10.0
"ches barber",0,25,0.00,6.5
"ches barbers",0,11,0.00,8.5
"chi academy",0,4,0.00,14.0
"chi academy laredo tx",0,1,0.00,11.0
"chi beauty school",0,7,0.00,7.9
"chi cosmetology",0,1,0.00,12.0
"chi cosmetology school",0,28,0.00,8.2
"chi lone star college",0,2,0.00,9.0
"chi lonestar",0,22,0.00,7.9
"chi lumiere",0,16,0.00,4.6
"chi lumière houston reviews",0,3,0.00,2.3
"chi usa houston",0,1,0.00,24.0
"chic hair salon",0,1,0.00,11.0
"chic n charm",0,1,0.00,8.0
"chic shades hair",0,2,0.00,10.0
"chic shades hair salon",0,13,0.00,9.6
"chic shades hair salon photos",0,3,0.00,4.7
"chicas salon",0,2,0.00,7.5
"chicas salon de belleza",0,2,0.00,6.0
"chichos barber shop",0,31,0.00,7.8
"chick hair",0,1,0.00,2.0
"chick hair salon",0,5,0.00,8.0
"chick salon",0,1,0.00,9.0
"chicks barber",0,1,0.00,8.0
"chicks barber shop",0,13,0.00,10.3
"chicks barbershop",0,1,0.00,12.0
"chicks barbershop photos",0,1,0.00,10.0
"chicks barbershop reviews",0,2,0.00,11.0
"chicks hair",0,3,0.00,3.7
"chicks hair salon",0,126,0.00,7.0
"chicks hair salon and barber",0,40,0.00,6.6
"chicks hair salon and barber humble photos",0,9,0.00,6.0
"chicks hair salon and barber humble reviews",0,21,0.00,7.3
"chicks salon",0,1,0.00,8.0
"chicohtx",0,10,0.00,8.4
"chicos haircut",0,1,0.00,10.0
"chics hair salon",0,10,0.00,3.9
"chiikawa haircut",0,1,0.00,5.0
"chinatown haircut",0,1,0.00,1.0
"chinese haircuts male",0,1,0.00,1.0
"chinese market plano",0,1,0.00,1.0
"chino barber",0,2,0.00,13.0
"chino barber shop",0,4,0.00,10.0
"chino barbershop",0,1,0.00,7.0
"chino blendz",0,1,0.00,10.0
"chinoblendz",0,2,0.00,10.0
"chinos barber",0,1,0.00,38.0
"chinos barber shop",0,3,0.00,10.3
"chinos barbershop",0,7,0.00,6.9
"chiseled and chic",0,5,0.00,5.2
"chocolate city salon",0,1,0.00,20.0
"chocolate salon and braid",0,3,0.00,5.3
"chocolate salon and braid reviews",0,10,0.00,4.8
"choezen",0,1,0.00,11.0
"choezen careers and healthcare training reviews",0,2,0.00,6.0
"choice beauty salon",0,1,0.00,11.0
"choice hair",0,1,0.00,12.0
"chop it up barber college",0,39,0.00,9.2
"chop it up barbershop college",0,36,0.00,10.3
"chop it up barbershop schertz",0,1,0.00,11.0
"chop shop corpus christi",0,1,0.00,13.0
"chop shoppe lancaster",0,1,0.00,6.0
"chop up jay",0,3,0.00,7.7
"chophouse barber",0,2,0.00,7.5
"chophouse barber company",0,1,0.00,14.0
"chopper barber shop",0,1,0.00,9.0
"choppers barber shop",0,15,0.00,8.9
"chops barber lounge",0,100,0.00,9.7
"chops barber lounge pearland",0,25,0.00,10.1
"chops barber lounge pearland reviews",0,4,0.00,7.8
"chops barber lounge photos",0,2,0.00,10.0
"chops barber lounge reviews",0,50,0.00,8.5
"chopspot barbershop",0,2,0.00,9.0
"chopz",0,1,0.00,25.0
"chozen careers",0,3,0.00,8.3
"chpchoz",0,1,0.00,8.0
"chris barbershop",0,3,0.00,9.7
"chris beauty",0,1,0.00,8.0
"chris beauty supply",0,146,0.00,5.2
"chris beauty supply san leandro",0,12,0.00,3.4
"chris cuts",0,1,0.00,8.0
"chris cutz",0,1,0.00,11.0
"chris cutz barber shop",0,1,0.00,12.0
"chris's beauty supply",0,14,0.00,6.1
"chriscutz",0,2,0.00,7.5
"christian fierro",0,1,0.00,8.0
"christin salon",0,1,0.00,6.0
"christine hair salon",0,1,0.00,6.0
"christine salon",0,10,0.00,6.1
"christine salon near me",0,1,0.00,9.0
"christine wig and beauty supply",0,1,0.00,47.0
"christine's beauty salon",0,1,0.00,9.0
"christine's salon",0,7,0.00,6.1
"christine's salon photos",0,1,0.00,8.0
"christines hair salon",0,2,0.00,11.0
"christines salon",0,1,0.00,7.0
"chrome barbershop",0,3,0.00,10.0
"chrome cuts barber shop",0,1,0.00,11.0
"chrome cuts barber studio",0,8,0.00,9.9
"chrome cuts barber studio reviews",0,9,0.00,5.9
"chrome cuts barbershop",0,20,0.00,9.2
"chromecuts",0,2,0.00,11.0
"chu chu",0,1,0.00,1.0
"chuchu",0,1,0.00,1.0
"chuchu barber shop",0,8,0.00,7.9
"chuck barbershop",0,1,0.00,9.0
"chuck's barber shop",0,1,0.00,9.0
"chuck's barbershop",0,5,0.00,8.6
"chucks barbershop",0,21,0.00,10.0
"chula beauty salon",0,7,0.00,7.0
"chula hair salon",0,1,0.00,10.0
"chula salon",0,1,0.00,9.0
"chula salon of beauty",0,4,0.00,11.5
"chulas beauty salon",0,1,0.00,10.0
"chuleria barber shop",0,1,0.00,8.0
"chung dam hair salon",0,3,0.00,12.7
"chung salon",0,1,0.00,10.0
"chungdam hair salon",0,14,0.00,10.3
"chungdam hair salon & head spa",0,32,0.00,11.7
"chungdam hair salon & head spa dallas",0,1,0.00,13.0
"chungdam hair salon & head spa dallas reviews",0,22,0.00,9.0
"chungdam hair salon & head spa photos",0,29,0.00,8.9
"chungdam hair salon & head spa reviews",0,114,0.00,6.7
"chungdam hair salon dallas",0,33,0.00,11.6
"church barber & apothecary",0,4,0.00,9.8
"church barber and apothecary",0,50,0.00,11.6
"church barber and apothecary reviews",0,24,0.00,9.9
"church barber san francisco",0,48,0.00,13.0
"church barber sf",0,54,0.00,19.7
"church barbershop san francisco",0,64,0.00,10.3
"church barbershop sf",0,54,0.00,14.5
"chuy's chop shop",0,1,0.00,11.0
"chuys barber",0,1,0.00,5.0
"chuys chop shop",0,1,0.00,11.0
"chynos",0,3,0.00,5.0
"ciao co",0,1,0.00,7.0
"ciao hair salon",0,2,0.00,13.0
"ciao salon",0,10,0.00,7.8
"cici beauty",0,1,0.00,7.0
"cici beauty bar",0,1,0.00,17.0
"cici hair salon",0,2,0.00,9.0
"cici salon",0,2,0.00,3.5
"cicis beauty salon",0,2,0.00,4.0
"ciley laskowski",0,1,0.00,21.0
"cimarron barber",0,1,0.00,11.0
"cinco brothers barber shop",0,1,0.00,47.0
"cindy beauty",0,1,0.00,11.0
"cindy beauty salon",0,9,0.00,8.0
"cindy beauty supply reviews",0,1,0.00,10.0
"cindy hair",0,2,0.00,13.0
"cindy hair and nails",0,1,0.00,8.0
"cindy hair salon",0,17,0.00,9.1
"cindy hair salon reviews",0,10,0.00,4.2
"cindy nail supply",0,1,0.00,6.0
"cindy salon",0,2,0.00,15.0
"cindy saloon",0,1,0.00,5.0
"cindy t",0,1,0.00,18.0
"cindy's beauty",0,1,0.00,9.0
"cindy's beauty salon",0,20,0.00,6.0
"cindy's hair salon",0,15,0.00,5.8
"cindy's hair saloon el paso",0,16,0.00,7.6
"cindy's hair saloon el paso photos",0,3,0.00,8.7
"cindy's hair saloon el paso reviews",0,8,0.00,3.0
"cindy's hair studio",0,1,0.00,4.0
"cindy's hairdressing",0,2,0.00,22.0
"cindy's nail supply",0,1,0.00,1.0
"cindy's salon",0,1,0.00,11.0
"cindy's salon solutions",0,1,0.00,21.0
"cindy's salon studio",0,1,0.00,33.0
"cindys beauty",0,1,0.00,5.0
"cindys beauty salon",0,1,0.00,6.0
"cindys hair salon",0,48,0.00,6.8
"cindys hair salon el paso",0,9,0.00,7.7
"cindys hair saloon",0,6,0.00,5.3
"cindys hair studio",0,1,0.00,30.0
"cindys salon",0,3,0.00,5.0
"cinema makeup school",0,2,0.00,53.0
"cinta aveda",0,2,0.00,27.0
"cinta aveda institute",0,5,0.00,28.2
"cinta aveda institute san francisco",0,2,0.00,24.0
"cinta aveda institute san jose",0,25,0.00,8.5
"cinta aveda institute sf",0,2,0.00,28.0
"cinta aveda salon sf",0,2,0.00,36.5
"cinta aveda san jose",0,6,0.00,8.7
"cinta aveda sf",0,2,0.00,26.5
"cio salon",0,7,0.00,7.6
"cisco's barbershop reviews",0,10,0.00,8.6
"citizen salon",0,1,0.00,58.0
"citrine nail bar reviews",0,9,0.00,6.2
"citrine nails",0,3,0.00,7.3
"citrine salon",0,1,0.00,6.0
"city base hair salon",0,3,0.00,11.0
"city beauty",0,6,0.00,6.5
"city beauty supply",0,1,0.00,1.0
"city boyz barber shop",0,1,0.00,8.0
"city boyz barber shop reviews",0,3,0.00,9.0
"city clippers",0,1,0.00,39.0
"city male barbershop",0,4,0.00,9.3
"city male barbershop reviews",0,1,0.00,11.0
"city mens studio",0,3,0.00,7.0
"city nail supply",0,9,0.00,10.3
"city nails",0,1,0.00,1.0
"city nails and beauty",0,1,0.00,9.0
"city nails bakersfield",0,4,0.00,12.0
"city nails bakersfield ca",0,1,0.00,21.0
"city nails beauty supplies",0,9,0.00,11.9
"city nails beauty supplies #6",0,9,0.00,8.1
"city nails beauty supply",0,7,0.00,11.0
"city nails fontana",0,1,0.00,12.0
"city nails fontana ca",0,1,0.00,24.0
"city nails supply bakersfield",0,15,0.00,8.2
"city nails supply fontana",0,14,0.00,3.9
"city salon",0,1,0.00,55.0
"city salon plano",0,3,0.00,8.7
"city salon suites",0,2,0.00,8.0
"city salon suites & spa",0,2,0.00,20.5
"city salon suites and spa - plano",0,40,0.00,12.1
"city salon suites plano",0,9,0.00,9.7
"citycuts",0,1,0.00,11.0
"cj barbers",0,1,0.00,7.0
"cj beauty",0,19,0.00,3.5
"cj beauty supply",0,23,0.00,6.4
"cj beauty supply near me",0,1,0.00,13.0
"cj beauty supply reviews",0,1,0.00,5.0
"cj da barber",0,47,0.00,7.1
"cj hair and beauty",0,1,0.00,6.0
"cj hair store",0,6,0.00,5.7
"cj hair store sherman tx",0,8,0.00,3.6
"cj the barber",0,4,0.00,4.5
"cj's beauty supply",0,3,0.00,6.0
"cj's hair",0,1,0.00,1.0
"cj's hair salon",0,1,0.00,1.0
"cjl hair pieces",0,1,0.00,6.0
"cjs beauty",0,9,0.00,1.8
"cjs beauty supply",0,14,0.00,5.5
"cjs beauty supply sherman tx",0,7,0.00,2.4
"cjs hair and beauty",0,3,0.00,5.3
"cjs hair store",0,10,0.00,6.2
"cjs haircut",0,1,0.00,8.0
"cl nail supply",0,1,0.00,2.0
"clarendon college amarillo",0,27,0.00,7.5
"clarendon college childress tx",0,14,0.00,8.4
"clarendon college pampa",0,11,0.00,8.5
"clarendon college pampa tx",0,3,0.00,10.7
"clarendon cosmetology school amarillo tx",0,14,0.00,9.1
"clarendon school",0,1,0.00,4.0
"clarity and cut",0,1,0.00,17.0
"clarity medical spa",0,16,0.00,35.7
"clarity medical spa reviews",0,4,0.00,10.0
"clarity medical spa san jose",0,1,0.00,16.0
"clarity medspa",0,1,0.00,28.0
"clarity salon",0,1,0.00,8.0
"clark barbershop",0,1,0.00,3.0
"clases de uñas acrilicas",0,1,0.00,1.0
"clases para uñas cerca de mi",0,1,0.00,1.0
"class a barbers",0,1,0.00,60.0
"class act salon",0,5,0.00,2.6
"class schedule",0,1,0.00,4.0
"classic barber co",0,7,0.00,13.6
"classic barber co reviews",0,2,0.00,6.0
"classic fades",0,1,0.00,12.0
"classic fades barber shop",0,2,0.00,9.5
"classic fades barbershop",0,21,0.00,8.6
"classic image salon",0,1,0.00,10.0
"classic kutz",0,1,0.00,8.0
"claudia beauty salon",0,4,0.00,13.0
"claudia hair",0,1,0.00,32.0
"claudia hair salon",0,6,0.00,6.3
"claudia htx hairstylist",0,1,0.00,4.0
"claudia salon",0,1,0.00,38.0
"claudia's beauty salon",0,2,0.00,7.5
"claudia's hair salon",0,2,0.00,5.5
"claudia's hair studio",0,1,0.00,7.0
"claudias hair salon",0,1,0.00,6.0
"clayton's barbershop",0,1,0.00,35.0
"clean beauty salon",0,1,0.00,43.0
"clean cuts katy",0,1,0.00,42.0
"clean hair salon",0,55,0.00,8.1
"clean hair salon corpus christi",0,14,0.00,6.4
"clean hair salon studios",0,15,0.00,19.9
"clean hair studio",0,2,0.00,6.5
"clean kuts",0,15,0.00,8.1
"clean kutz",0,2,0.00,5.5
"clean salon",0,3,0.00,19.0
"clean studio",0,4,0.00,32.3
"cleancutter",0,1,0.00,9.0
"cleancutter barbershop",0,1,0.00,8.0
"clear bra installation near me",0,1,0.00,83.0
"cleo school",0,1,0.00,1.0
"cleopatra beauty salon",0,6,0.00,10.0
"cleopatra estetica",0,1,0.00,7.0
"cleopatra hair salon",0,18,0.00,5.1
"cleopatra salon",0,2,0.00,8.0
"cleopatra salon de belleza",0,9,0.00,5.1
"cleopatra's beauty salon",0,5,0.00,9.6
"cleopatra's hair salon",0,1,0.00,15.0
"cleopatra's salon",0,1,0.00,7.0
"cleveland barber school",0,1,0.00,1.0
"clinicas esteticas cerca de mi",0,1,0.00,1.0
"clio beauty school",0,17,0.00,1.5
"clio professionals beauty school",0,54,0.00,5.6
"clio salon",0,3,0.00,8.3
"clio vip",0,11,0.00,6.6
"clio vip beauty salon",0,4,0.00,8.3
"clio vip beauty salon houston",0,6,0.00,5.8
"clip in extensions",0,1,0.00,7.0
"clip ins in store",0,1,0.00,1.0
"clip on bangs",0,2,0.00,9.0
"clippa cuts",0,1,0.00,10.0
"clipper blades near me",0,1,0.00,67.0
"clipper cleaner near me",0,1,0.00,14.0
"clipper depot",0,1,0.00,5.0
"clipper near me",0,3,0.00,38.3
"clipper repair near me",0,1,0.00,4.0
"clipper repair shop near me",0,1,0.00,8.0
"clipper shop near me",0,1,0.00,37.0
"clipper store near me",0,8,0.00,48.1
"clipper stores",0,1,0.00,57.0
"clipper therapy",0,13,0.00,9.3
"clipperhands barber studio",0,1,0.00,24.0
"clipperhands barbershop",0,6,0.00,9.7
"clipperhead",0,1,0.00,8.0
"clippers & shears",0,2,0.00,21.0
"clippers and shears barber shop",0,1,0.00,4.0
"clippers and trimmers near me",0,1,0.00,52.0
"clippers barber",0,2,0.00,10.0
"clippers for sale near me",0,1,0.00,1.0
"clippers hair salon",0,6,0.00,11.2
"clippers hair studio",0,2,0.00,12.5
"clippers salon",0,1,0.00,5.0
"clippers shop near me",0,1,0.00,52.0
"clippers store near me",0,1,0.00,3.0
"clipperz",0,5,0.00,9.6
"clipperz barbershop",0,1,0.00,32.0
"clique hair salon",0,12,0.00,9.8
"clique salon",0,6,0.00,12.8
"clique salon museum district",0,5,0.00,13.0
"clique salon photos",0,1,0.00,16.0
"clique salon reviews",0,30,0.00,10.2
"clique salon rice village",0,7,0.00,25.7
"clique salon west university",0,9,0.00,28.6
"clore near me",0,1,0.00,3.0
"close beauty supply",0,1,0.00,38.0
"closest",0,1,0.00,2.0
"closest beauty supply",0,1,0.00,1.0
"closest beauty supply to me",0,1,0.00,1.0
"closest hair store near me",0,1,0.00,1.0
"closest head shop to me",0,3,0.00,73.0
"clover beauty",0,2,0.00,26.0
"clover beauty center",0,2,0.00,21.5
"clover hair salon",0,1,0.00,6.0
"clover salon",0,1,0.00,6.0
"clutch barber supply houston",0,1,0.00,7.0
"clutch barbershop",0,1,0.00,8.0
"clutch city barber",0,4,0.00,8.8
"clutch city barbershop",0,31,0.00,8.8
"clutch city cuts",0,3,0.00,5.0
"clutch city cutz",0,10,0.00,7.4
"clutch cuts",0,2,0.00,38.0
"cnj barber",0,1,0.00,11.0
"co beauty supply under new management moreno valley",0,3,0.00,12.3
"coach barber",0,1,0.00,7.0
"coach cutz",0,3,0.00,8.3
"coach's cutz",0,1,0.00,13.0
"coastal bend college pleasanton",0,63,0.00,9.7
"coastal bend college pleasanton tx",0,8,0.00,9.6
"coastal bend pleasanton tx",0,16,0.00,10.4
"coastline beauty",0,2,0.00,13.5
"coastline beauty college reviews",0,6,0.00,9.2
"coba academy",0,8,0.00,14.1
"coba hours",0,1,0.00,89.0
"coba salon",0,1,0.00,12.0
"coba school",0,1,0.00,11.0
"cobalt blue austin",0,1,0.00,9.0
"cobalt blue salon",0,31,0.00,7.6
"cobalt blue salon austin",0,2,0.00,7.0
"cobalt blue salon photos",0,1,0.00,7.0
"cobalt blue salon reviews",0,8,0.00,10.4
"cobalt salon",0,1,0.00,23.0
"coca bella",0,1,0.00,1.0
"coco beauty",0,1,0.00,1.0
"coco beauty 2",0,4,0.00,8.5
"coco beauty salon",0,18,0.00,8.2
"coco beauty supply",0,10,0.00,8.4
"coco beauty supply near me",0,4,0.00,6.5
"coco beauty supply store",0,2,0.00,6.5
"coco bell",0,1,0.00,2.0
"coco bella",0,19,0.00,1.3
"coco bella beauty",0,145,0.00,5.6
"coco bella beauty supply",0,85,0.00,7.0
"coco bella beauty supply hwy 6",0,8,0.00,6.9
"coco bella beauty supply near me",0,1,0.00,4.0
"coco bella hair",0,4,0.00,7.5
"coco bella hair and beauty",0,9,0.00,8.6
"coco bella hair beauty n°4",0,1,0.00,11.0
"coco bella hair beauty n°5",0,13,0.00,3.5
"coco bella hours",0,5,0.00,4.0
"coco bella missouri city",0,48,0.00,5.4
"coco bella near me",0,12,0.00,6.3
"coco bella richmond tx",0,1,0.00,8.0
"coco bella rosenberg tx",0,4,0.00,23.0
"coco bella rosenberg, tx",0,1,0.00,11.0
"coco bellas",0,1,0.00,1.0
"coco hair and beauty",0,12,0.00,6.3
"coco hair beauty",0,1,0.00,7.0
"coco hair salon",0,5,0.00,5.4
"coco salon",0,3,0.00,9.7
"coco salon pearland",0,2,0.00,10.5
"coco samba near me",0,1,0.00,1.0
"cocoa beauty supply",0,1,0.00,8.0
"cocoa bella beauty",0,10,0.00,6.2
"cocobella",0,4,0.00,1.0
"cocobella beauty",0,5,0.00,9.2
"cocobella beauty supply",0,39,0.00,7.4
"cocobella hair",0,2,0.00,11.0
"cocobella hours",0,1,0.00,5.0
"cocobella missouri city",0,16,0.00,3.9
"cocobella near me",0,1,0.00,5.0
"cocos hair store",0,1,0.00,19.0
"code barbershop",0,1,0.00,11.0
"code eighty",0,10,0.00,7.2
"code hair salon",0,1,0.00,47.0
"code hairdressers",0,1,0.00,41.0
"code salon",0,44,0.00,10.2
"code salon reviews",0,9,0.00,11.6
"code salon san francisco",0,3,0.00,9.7
"code salon sf",0,4,0.00,11.8
"coffee barber shop",0,1,0.00,11.0
"coffee plaza barber shop",0,5,0.00,10.6
"coiffeur nizon",0,1,0.00,9.0
"coil salon",0,1,0.00,37.0
"cole shears barbershop email and owner",0,59,0.00,4.8
"cole valley barber",0,10,0.00,7.8
"colegio comunitario",0,1,0.00,8.0
"coles salon",0,1,0.00,10.0
"collab barbershop",0,34,0.00,10.2
"collab barbershop houston",0,7,0.00,8.3
"collab barbershop reviews",0,30,0.00,10.3
"collection academy",0,3,0.00,7.0
"collectiv academy",0,28,0.00,12.1
"collectiv academy (fort worth)",0,12,0.00,9.6
"collectiv academy dallas",0,2,0.00,14.0
"collectiv academy dallas tx",0,1,0.00,11.0
"collectiv academy fort worth",0,96,0.00,9.8
"collectivacademy",0,1,0.00,9.0
"collective academy dallas",0,1,0.00,42.0
"collective academy fort worth",0,47,0.00,11.8
"collective beauty studio",0,1,0.00,70.0
"collective hair",0,13,0.00,12.5
"collective hair co",0,107,0.00,6.3
"collective hair co houston",0,21,0.00,6.1
"collective hair co.",0,13,0.00,6.0
"collective hair co. reviews",0,14,0.00,8.4
"collective hair houston",0,3,0.00,6.0
"collective hair salon",0,6,0.00,6.5
"collective hair studio",0,6,0.00,7.8
"collective salon",0,3,0.00,5.3
"college beauty school",0,2,0.00,6.0
"college of the mainland cosmetology",0,25,0.00,6.3
"college station barber shop",0,1,0.00,40.0
"colleges near me for cosmetology",0,1,0.00,52.0
"collin college cosmetology",0,1,0.00,14.0
"collin college cosmetology school",0,1,0.00,16.0
"colmans barbershop",0,2,0.00,46.0
"color artistix",0,1,0.00,14.0
"color bar",0,6,0.00,7.7
"color bar river oaks",0,11,0.00,5.7
"color beauty",0,1,0.00,4.0
"color beauty school",0,9,0.00,5.6
"color box salon",0,6,0.00,6.2
"color collective salon",0,2,0.00,34.0
"color correction amarillo",0,1,0.00,40.0
"color craft hair studio",0,3,0.00,8.7
"color locs near me",0,1,0.00,1.0
"color me chic",0,14,0.00,6.7
"color me chic salon",0,12,0.00,8.2
"color me chic salon photos",0,1,0.00,5.0
"color me chic salon reviews",0,4,0.00,6.5
"color nation salon",0,1,0.00,45.0
"color only reviews",0,1,0.00,26.0
"color only salon",0,1,0.00,83.0
"color pop salon",0,4,0.00,11.0
"color pop salon reviews",0,2,0.00,5.5
"color remover houston",0,1,0.00,89.0
"color studio",0,1,0.00,44.0
"color studio san antonio",0,2,0.00,8.5
"color touch salon",0,1,0.00,30.0
"color us",0,12,0.00,8.0
"color us map",0,2,0.00,12.5
"color us salon",0,18,0.00,8.2
"color us salon reviews",0,8,0.00,4.0
"color.us salon",0,5,0.00,8.0
"colorbar salon",0,1,0.00,9.0
"colorbox salon",0,1,0.00,6.0
"colorbox salon photos",0,4,0.00,6.3
"colorcollective",0,1,0.00,7.0
"colored contacts near me",0,1,0.00,4.0
"colorpop salon",0,1,0.00,10.0
"colors hours",0,1,0.00,43.0
"colors nail & spa - missouri city reviews",0,4,0.00,7.0
"colors nails and spa missouri city",0,1,0.00,9.0
"colour bar salon",0,1,0.00,11.0
"colour beauty school",0,64,0.00,7.3
"colour collective",0,2,0.00,31.5
"colour collective studio",0,2,0.00,45.5
"colour loft hair and beauty",0,1,0.00,10.0
"colt the barber",0,38,0.00,6.0
"colt the barber photos",0,4,0.00,4.8
"colt the barber reviews",0,10,0.00,4.4
"com cosmetology",0,1,0.00,6.0
"com salon",0,3,0.00,14.0
"coma hair",0,12,0.00,14.0
"coma hair salon",0,3,0.00,9.7
"coma salon",0,24,0.00,10.0
"coma salon houston",0,6,0.00,9.3
"coma salon photos",0,7,0.00,9.3
"coma salon reviews",0,4,0.00,14.3
"combs and cuts amarillo",0,4,0.00,29.3
"comfort barber co",0,1,0.00,8.0
"common space barbershop",0,10,0.00,9.0
"common wealth barbershop",0,10,0.00,10.8
"commonwealth barber",0,8,0.00,12.5
"commonwealth barbershop",0,13,0.00,8.1
"community barber school",0,23,0.00,8.7
"community college cosmetology",0,1,0.00,9.0
"community college hair school",0,2,0.00,7.0
"como salon",0,1,0.00,7.0
"company barber fremont",0,2,0.00,8.0
"compassion school",0,6,0.00,3.0
"complete beauty bar",0,17,0.00,7.1
"complete hair and beauty supply llc",0,3,0.00,9.0
"complete makeover",0,3,0.00,18.7
"comprehensive exam in garland tx",0,2,0.00,68.0
"compton beauty supply",0,1,0.00,8.0
"concept barber shop",0,1,0.00,14.0
"concept barbershop",0,14,0.00,10.8
"concept barbershop reviews",0,7,0.00,9.9
"concept barbershop san jose",0,1,0.00,8.0
"concept hair studio",0,1,0.00,9.0
"concepts barbershop",0,1,0.00,10.0
"congo hair products near me",0,1,0.00,1.0
"connection beauty world",0,1,0.00,27.0
"connie beauty salon",0,5,0.00,7.0
"connie salon",0,1,0.00,11.0
"connie's beauty shop",0,1,0.00,8.0
"conny beauty salon",0,1,0.00,11.0
"consuelos barber shop",0,14,0.00,9.6
"consumer aesthetics data",0,2,0.00,76.0
"continuing cosmetology education texas",0,5,0.00,66.6
"continuing education cosmetology texas",0,5,0.00,54.8
"continuing education esthetician texas",0,9,0.00,67.7
"continuing education for barbers",0,1,0.00,53.0
"continuing education for cosmetologists in texas",0,2,0.00,79.0
"continuing education for cosmetology in texas",0,6,0.00,73.7
"continuing education for cosmetology texas",0,4,0.00,72.5
"contucci baytown",0,6,0.00,7.2
"contucci salons and education reviews",0,1,0.00,11.0
"converse barber chop",0,1,0.00,54.0
"cool arrows barbershop",0,2,0.00,4.5
"cool dog barber",0,1,0.00,64.0
"cool heada",0,2,0.00,9.0
"cool heads",0,32,0.00,5.8
"cool heads alliance",0,12,0.00,7.9
"cool heads barbershop",0,4,0.00,7.5
"cool heads barbershop dallas(mocking bird station)",0,17,0.00,7.8
"cool heads barbershop dallas(mocking bird station) reviews",0,15,0.00,4.3
"cool heads barbershop fort worth alliance",0,11,0.00,7.2
"cool heads barbershop las colinas(oconnor)",0,3,0.00,10.7
"cool heads barbershop plano",0,1,0.00,11.0
"cool heads fort worth",0,29,0.00,9.8
"cool heads fort worth reviews",0,64,0.00,6.3
"cool heads frisco warren",0,4,0.00,8.3
"cool heads irving tx",0,1,0.00,15.0
"cool heads las colinas",0,3,0.00,11.3
"cool heads las colinas o'connor",0,10,0.00,9.3
"cool heads las colinas reviews",0,5,0.00,8.2
"cool heads o connor",0,2,0.00,8.0
"cool heads o'connor",0,13,0.00,8.2
"cool heads plano",0,31,0.00,10.5
"cool heads plano reviews",0,30,0.00,3.4
"cool heads salon for men plano",0,1,0.00,17.0
"cool heads warren",0,2,0.00,7.5
"cool.heads",0,2,0.00,5.5
"coolheads",0,2,0.00,7.0
"coolheads alliance",0,36,0.00,7.8
"coolheads barbershop",0,2,0.00,8.5
"coolheads fort worth",0,3,0.00,9.3
"coolheads plano",0,8,0.00,13.6
"coolheads warren",0,1,0.00,10.0
"coppell 75019",0,1,0.00,90.0
"copy cutters",0,1,0.00,15.0
"core beauty",0,1,0.00,6.0
"core salon",0,3,0.00,13.3
"corey's hair salon",0,1,0.00,23.0
"corona barber",0,1,0.00,10.0
"corona barber schools",0,1,0.00,78.0
"corona cutz",0,10,0.00,8.2
"corte de cabello para hombre cerca de mi",0,1,0.00,1.0
"corte de pelo mujer near me",0,1,0.00,4.0
"cortez barbershop",0,5,0.00,8.4
"cortez the barber",0,1,0.00,12.0
"cortiva institute arlington",0,1,0.00,21.0
"cortiva institute arlington tx",0,2,0.00,21.5
"cory hair",0,1,0.00,1.0
"cory mathews barbershop",0,1,0.00,54.0
"cory salon",0,1,0.00,1.0
"cory's hair salon",0,1,0.00,5.0
"cory's hair studio",0,2,0.00,36.0
"cory's salon",0,2,0.00,5.5
"corys hair studio",0,5,0.00,14.6
"corys salon",0,10,0.00,2.5
"cos school",0,1,0.00,9.0
"cosa bella",0,1,0.00,2.0
"cosa bella salon",0,29,0.00,5.8
"cosa bella salon houston",0,34,0.00,6.2
"cosa salon",0,1,0.00,20.0
"cosabella salon",0,2,0.00,13.0
"cosmectic palace",0,5,0.00,10.2
"cosmetic diploma",0,1,0.00,4.0
"cosmetic license fees",0,1,0.00,10.0
"cosmetic license renewal",0,1,0.00,74.0
"cosmetic palace",0,20,0.00,8.3
"cosmetic palace perfumes & beauty supply",0,7,0.00,10.4
"cosmetic peeps",0,1,0.00,43.0
"cosmetic plus",0,1,0.00,18.0
"cosmetic school near me",0,2,0.00,4.5
"cosmetic store near me",0,1,0.00,3.0
"cosmetica academy",0,1,0.00,8.0
"cosmetica beauty and barbering academy",0,32,0.00,6.6
"cosmetica beauty and barbering academy reviews",0,4,0.00,5.8
"cosmetica latina",0,66,0.00,7.4
"cosmetica latina downey",0,1,0.00,8.0
"cosmeticos cerca de mi",0,1,0.00,1.0
"cosmetics andamp; beauty supply near me",0,1,0.00,50.0
"cosmetics palace",0,2,0.00,8.5
"cosmetics studio",0,1,0.00,63.0
"cosmeticworld",0,1,0.00,41.0
"cosmetologia",0,1,0.00,1.0
"cosmetologist",0,1,0.00,2.0
"cosmetologist license renewal",0,1,0.00,60.0
"cosmetology",0,2,0.00,3.0
"cosmetology abilene tx",0,3,0.00,32.0
"cosmetology and spa academy",0,1,0.00,38.0
"cosmetology barber",0,1,0.00,34.0
"cosmetology ce hours",0,1,0.00,57.0
"cosmetology ce texas",0,6,0.00,52.3
"cosmetology class allen tx",0,1,0.00,13.0
"cosmetology classes allen tx",0,1,0.00,33.0
"cosmetology classes houston",0,5,0.00,62.4
"cosmetology college el paso",0,8,0.00,38.4
"cosmetology colleges in dallas",0,1,0.00,49.0
"cosmetology colleges in houston texas",0,2,0.00,64.0
"cosmetology colleges in sugar land texas",0,17,0.00,12.9
"cosmetology commission texas",0,6,0.00,32.8
"cosmetology continuing education in texas",0,5,0.00,67.6
"cosmetology continuing education texas",0,8,0.00,54.3
"cosmetology epcc",0,10,0.00,14.2
"cosmetology establishment license",0,2,0.00,7.0
"cosmetology high school near me",0,1,0.00,31.0
"cosmetology hours for texas",0,7,0.00,45.4
"cosmetology hours in texas",0,10,0.00,38.0
"cosmetology hours texas",0,9,0.00,42.6
"cosmetology in san antonio tx",0,3,0.00,56.0
"cosmetology internships near me",0,1,0.00,5.0
"cosmetology kits",0,1,0.00,4.0
"cosmetology licence renewal",0,3,0.00,63.3
"cosmetology licence texas",0,2,0.00,36.0
"cosmetology license",0,2,0.00,51.5
"cosmetology license application",0,1,0.00,8.0
"cosmetology license in texas",0,1,0.00,39.0
"cosmetology license renewal",0,6,0.00,50.5
"cosmetology license renewal cost",0,1,0.00,9.0
"cosmetology license renewal requirements",0,1,0.00,67.0
"cosmetology license renewal texas",0,5,0.00,48.4
"cosmetology license requirements texas",0,2,0.00,49.5
"cosmetology license texas",0,14,0.00,41.1
"cosmetology license texas online",0,1,0.00,24.0
"cosmetology license texas requirements",0,2,0.00,44.0
"cosmetology lone star college",0,2,0.00,12.0
"cosmetology odessa college",0,1,0.00,11.0
"cosmetology program fair oaks",0,1,0.00,46.0
"cosmetology program groveton",0,22,0.00,10.2
"cosmetology programs near me",0,1,0.00,2.0
"cosmetology refresher course near me",0,1,0.00,8.0
"cosmetology renew",0,1,0.00,57.0
"cosmetology renewal",0,3,0.00,55.7
"cosmetology renewal texas",0,8,0.00,39.8
"cosmetology san angelo",0,1,0.00,21.0
"cosmetology san antonio",0,3,0.00,35.7
"cosmetology school abilene",0,1,0.00,10.0
"cosmetology school allen tx",0,10,0.00,11.9
"cosmetology school amarillo",0,2,0.00,17.5
"cosmetology school amarillo tx",0,5,0.00,19.0
"cosmetology school anaheim",0,1,0.00,1.0
"cosmetology school arlington tx",0,9,0.00,29.3
"cosmetology school arlington, tx",0,1,0.00,21.0
"cosmetology school bakersfield",0,1,0.00,11.0
"cosmetology school beaumont tx",0,1,0.00,14.0
"cosmetology school braiding",0,1,0.00,12.0
"cosmetology school brownsville tx",0,2,0.00,12.0
"cosmetology school cypress tx",0,5,0.00,10.2
"cosmetology school dallas",0,7,0.00,37.3
"cosmetology school denton tx",0,1,0.00,25.0
"cosmetology school downey",0,1,0.00,14.0
"cosmetology school el paso",0,1,0.00,36.0
"cosmetology school elgin",0,2,0.00,7.0
"cosmetology school fair oaks",0,12,0.00,8.9
"cosmetology school forney",0,1,0.00,17.0
"cosmetology school fremont",0,2,0.00,9.0
"cosmetology school fresno ca",0,1,0.00,19.0
"cosmetology school frisco",0,2,0.00,16.0
"cosmetology school georgetown tx",0,10,0.00,8.2
"cosmetology school groveton",0,25,0.00,5.1
"cosmetology school hours",0,1,0.00,11.0
"cosmetology school houston",0,3,0.00,33.7
"cosmetology school humble tx",0,3,0.00,11.0
"cosmetology school huntsville tx",0,24,0.00,10.0
"cosmetology school in arlington",0,2,0.00,36.5
"cosmetology school in dallas",0,2,0.00,46.0
"cosmetology school in hurst texas",0,1,0.00,19.0
"cosmetology school in sacramento",0,1,0.00,34.0
"cosmetology school in san antonio",0,8,0.00,33.3
"cosmetology school katy",0,21,0.00,8.8
"cosmetology school lakeland fl",0,1,0.00,12.0
"cosmetology school laredo tx",0,1,0.00,1.0
"cosmetology school lewisville tx",0,4,0.00,12.0
"cosmetology school lumberton tx",0,5,0.00,9.4
"cosmetology school merced ca",0,2,0.00,11.5
"cosmetology school mesquite tx",0,10,0.00,12.0
"cosmetology school midland tx",0,1,0.00,18.0
"cosmetology school near me",0,17,0.00,7.4
"cosmetology school near me fresno ca",0,1,0.00,26.0
"cosmetology school near me sacramento",0,1,0.00,81.0
"cosmetology school odessa tx",0,12,0.00,14.2
"cosmetology school oxnard",0,1,0.00,11.0
"cosmetology school pasadena",0,1,0.00,22.0
"cosmetology school pearland",0,1,0.00,12.0
"cosmetology school port arthur tx",0,8,0.00,9.4
"cosmetology school programs",0,1,0.00,2.0
"cosmetology school rancho cucamonga",0,1,0.00,12.0
"cosmetology school riverside",0,1,0.00,29.0
"cosmetology school salinas",0,1,0.00,1.0
"cosmetology school san angelo",0,5,0.00,7.0
"cosmetology school san antonio",0,9,0.00,27.7
"cosmetology school san antonio tx",0,4,0.00,35.5
"cosmetology school stockton",0,1,0.00,7.0
"cosmetology school sugar land",0,16,0.00,13.7
"cosmetology school sugar land texas",0,21,0.00,12.4
"cosmetology school sugar land tx",0,12,0.00,14.0
"cosmetology school tracy ca",0,2,0.00,10.5
"cosmetology school tyler tx",0,5,0.00,37.2
"cosmetology school vacaville",0,3,0.00,20.3
"cosmetology school waco",0,5,0.00,14.8
"cosmetology school waxahachie",0,15,0.00,8.3
"cosmetology school weatherford tx",0,3,0.00,10.7
"cosmetology school weslaco",0,6,0.00,10.5
"cosmetology school whitehouse",0,6,0.00,9.5
"cosmetology school whitehouse tx",0,12,0.00,8.1
"cosmetology school wichita falls",0,8,0.00,7.5
"cosmetology school.",0,1,0.00,9.0
"cosmetology schools",0,1,0.00,1.0
"cosmetology schools allen tx",0,2,0.00,15.0
"cosmetology schools arlington tx",0,2,0.00,32.5
"cosmetology schools beaumont tx",0,1,0.00,15.0
"cosmetology schools corpus christi tx",0,1,0.00,19.0
"cosmetology schools dallas tx",0,1,0.00,87.0
"cosmetology schools houston",0,1,0.00,41.0
"cosmetology schools houston tx",0,1,0.00,30.0
"cosmetology schools in arlington tx",0,1,0.00,32.0
"cosmetology schools in bakersfield",0,2,0.00,20.0
"cosmetology schools in bakersfield ca",0,1,0.00,23.0
"cosmetology schools in brownsville",0,1,0.00,17.0
"cosmetology schools in conroe tx",0,1,0.00,20.0
"cosmetology schools in dallas",0,2,0.00,35.5
"cosmetology schools in houston",0,4,0.00,35.5
"cosmetology schools in killeen tx",0,1,0.00,34.0
"cosmetology schools in lubbock tx",0,1,0.00,42.0
"cosmetology schools in mcallen tx",0,1,0.00,32.0
"cosmetology schools in midland texas",0,5,0.00,30.8
"cosmetology schools in my area",0,1,0.00,4.0
"cosmetology schools in odessa texas",0,7,0.00,38.1
"cosmetology schools in sacramento",0,1,0.00,43.0
"cosmetology schools in san antonio",0,8,0.00,34.1
"cosmetology schools in san antonio texas",0,6,0.00,32.7
"cosmetology schools in stockton ca",0,1,0.00,1.0
"cosmetology schools in sugar land",0,21,0.00,13.1
"cosmetology schools in sugar land texas",0,18,0.00,13.3
"cosmetology schools in sugar land tx",0,24,0.00,14.0
"cosmetology schools in texarkana",0,1,0.00,17.0
"cosmetology schools lewisville tx",0,3,0.00,15.3
"cosmetology schools near me",0,1,0.00,55.0
"cosmetology schools sacramento",0,1,0.00,39.0
"cosmetology schools san antonio",0,11,0.00,27.5
"cosmetology schools sugar land",0,21,0.00,12.0
"cosmetology schools sugar land tx",0,23,0.00,15.0
"cosmetology state board kit list",0,1,0.00,28.0
"cosmetology suites plano",0,3,0.00,38.7
"cosmetology tdlr",0,7,0.00,28.0
"cosmetology texas",0,1,0.00,29.0
"cosmetology training",0,1,0.00,1.0
"cosmetology training amarillo tx",0,4,0.00,20.0
"cosmetology training bakersfield ca",0,1,0.00,23.0
"cosmetology training el paso",0,6,0.00,37.2
"cosmetology training san antonio tx",0,1,0.00,46.0
"cosmetology training vacaville",0,1,0.00,29.0
"cosmetology training vacaville ca",0,2,0.00,33.0
"cosmic beauty parlour",0,2,0.00,16.5
"cosmic hair",0,2,0.00,7.5
"cosmic hair salon",0,6,0.00,11.0
"cosmic hair society",0,2,0.00,6.5
"cosmic salon",0,1,0.00,25.0
"cosmo academy",0,2,0.00,15.5
"cosmo beauty",0,1,0.00,6.0
"cosmo beauty college",0,1,0.00,20.0
"cosmo beauty supply",0,1,0.00,6.0
"cosmo college",0,1,0.00,12.0
"cosmo hair",0,1,0.00,62.0
"cosmo hair salon",0,2,0.00,7.5
"cosmo hair supply",0,1,0.00,8.0
"cosmo makeup academy",0,2,0.00,13.0
"cosmo prof",0,47,0.00,7.1
"cosmo prof fremont",0,9,0.00,9.3
"cosmo prof glendale",0,6,0.00,9.8
"cosmo prof near me",0,3,0.00,10.7
"cosmo prof salinas",0,7,0.00,8.4
"cosmo prof store",0,1,0.00,12.0
"cosmo proof hours",0,1,0.00,10.0
"cosmo salon",0,9,0.00,9.8
"cosmo store",0,3,0.00,9.7
"cosmo supplies",0,2,0.00,12.0
"cosmoprof",0,5,0.00,5.6
"cosmoprof beauty supply",0,1,0.00,7.0
"cosmoprof cerca de mí",0,1,0.00,12.0
"cosmoprof fremont",0,8,0.00,9.8
"cosmoprof glendale",0,27,0.00,8.4
"cosmoprof hours",0,4,0.00,8.3
"cosmoprof hours near me",0,1,0.00,11.0
"cosmoprof hours sunday",0,1,0.00,12.0
"cosmoprof houston",0,3,0.00,7.7
"cosmoprof locations",0,3,0.00,8.7
"cosmoprof locations near me",0,1,0.00,11.0
"cosmoprof near me",0,16,0.00,9.9
"cosmoprof near me within 5 mi",0,1,0.00,11.0
"cosmoprof salinas",0,16,0.00,11.0
"cosmoprof store hours",0,1,0.00,9.0
"cosmos hair salon",0,1,0.00,4.0
"cosmos store near me",0,1,0.00,4.0
"cosmotek",0,11,0.00,5.8
"cosmotek college",0,1,0.00,9.0
"cosmotek college hayward",0,2,0.00,14.5
"cosmotek college reviews",0,11,0.00,14.3
"cosmotology allen tx",0,2,0.00,35.0
"cosmotology arlington tx",0,6,0.00,26.3
"cosmotology lewisville tx",0,4,0.00,12.8
"cosmotology plano tx",0,2,0.00,20.0
"cosmotology school",0,1,0.00,1.0
"cosmotology school near me",0,1,0.00,9.0
"cost cuters",0,2,0.00,7.0
"cost cutt",0,2,0.00,20.0
"cost cutter cleaners",0,1,0.00,15.0
"cost cutter haircut",0,1,0.00,18.0
"cost cutter haircut price",0,1,0.00,18.0
"cost cutter haircut prices",0,1,0.00,18.0
"cost cutter hours",0,2,0.00,14.0
"cost cutters",0,107,0.00,7.2
"cost cutters appointment",0,3,0.00,20.3
"cost cutters beauty salon",0,1,0.00,12.0
"cost cutters copperfield",0,1,0.00,14.0
"cost cutters cypress",0,1,0.00,26.0
"cost cutters cypress tx",0,3,0.00,20.0
"cost cutters eldridge",0,53,0.00,9.0
"cost cutters green",0,2,0.00,16.0
"cost cutters hair cut price",0,1,0.00,22.0
"cost cutters hair salon",0,3,0.00,8.7
"cost cutters hair salons",0,1,0.00,16.0
"cost cutters haircut price",0,2,0.00,19.5
"cost cutters haircut prices",0,1,0.00,14.0
"cost cutters holcombe",0,22,0.00,9.6
"cost cutters hours",0,5,0.00,10.2
"cost cutters hours today",0,1,0.00,22.0
"cost cutters houston",0,6,0.00,26.7
"cost cutters houston reviews",0,48,0.00,8.1
"cost cutters houston tx",0,4,0.00,18.3
"cost cutters hudson drive",0,3,0.00,18.3
"cost cutters jones rd",0,80,0.00,7.7
"cost cutters jones road",0,1,0.00,12.0
"cost cutters logo",0,1,0.00,18.0
"cost cutters open",0,1,0.00,15.0
"cost cutters painted post",0,1,0.00,18.0
"cost cutters pearland",0,1,0.00,43.0
"cost cutters phone number",0,1,0.00,22.0
"cost cutters price",0,1,0.00,20.0
"cost cutters prices",0,1,0.00,23.0
"cost cutters prices on tuesdays",0,1,0.00,28.0
"cost cutters river oaks",0,2,0.00,17.0
"cost cutters robinson st",0,1,0.00,23.0
"cost cutters salon",0,1,0.00,13.0
"cost cutters senior discount near me",0,2,0.00,19.5
"cost cutters store",0,1,0.00,10.0
"cost cutters sugar land",0,2,0.00,15.0
"cost cutters sugar land tx",0,1,0.00,9.0
"cost cutters town and country",0,1,0.00,13.0
"cost cutters voss",0,71,0.00,9.8
"cost cutters washington square",0,2,0.00,17.5
"cost cutters wednesday special",0,1,0.00,13.0
"cost cutters west gray",0,50,0.00,11.0
"cost cutters wirt",0,24,0.00,9.1
"cost cutters wirt road",0,3,0.00,6.3
"cost cuttwrs",0,2,0.00,6.5
"cost of haircut at cost cutters",0,1,0.00,39.0
"cost. cutters",0,2,0.00,7.0
"cost.cutters",0,1,0.00,6.0
"costa mesa paul mitchell",0,1,0.00,20.0
"costcuters",0,1,0.00,8.0
"costcutter near me",0,1,0.00,11.0
"costcutters",0,5,0.00,24.8
"costcutters price",0,2,0.00,17.5
"costume store near me open now",0,1,0.00,1.0
"costurera near me",0,1,0.00,1.0
"costureras near me",0,1,0.00,1.0
"cougar cuts china spring",0,1,0.00,40.0
"counter cosmetics",0,1,0.00,8.0
"country cuts",0,2,0.00,4.0
"country cutz",0,9,0.00,4.6
"country cutz barbershop",0,2,0.00,5.5
"country cutz barbershop south austin",0,5,0.00,3.2
"coursemax",0,8,0.00,7.0
"couture beauty academy",0,12,0.00,22.2
"cove 51",0,11,0.00,5.4
"cove 51 salon",0,2,0.00,7.0
"cove51",0,18,0.00,6.4
"cove51 salon",0,38,0.00,6.4
"cove51 salon photos",0,2,0.00,10.0
"cove51 salon reviews",0,40,0.00,6.3
"cozy rosie",0,1,0.00,8.0
"cozy rosie salon",0,3,0.00,7.7
"cp cuts brownsville tx",0,3,0.00,11.3
"craft collective",0,1,0.00,1.0
"craft salon",0,55,0.00,9.9
"craft salon houston",0,47,0.00,9.1
"craft salon houston tx",0,1,0.00,16.0
"crafts salon",0,2,0.00,12.0
"craftsmen barbershop",0,1,0.00,49.0
"craig piatti",0,3,0.00,7.0
"craig piatti salon",0,3,0.00,7.3
"crave cuts",0,7,0.00,5.0
"crave cuts barbershop",0,2,0.00,4.5
"cre8tion builder gel",0,1,0.00,5.0
"cre8tion gel polish",0,2,0.00,6.0
"creased barbershop",0,3,0.00,6.3
"create anaheim",0,1,0.00,8.0
"create barbershop",0,33,0.00,8.1
"create barbershop anaheim",0,12,0.00,10.3
"create oc barber",0,4,0.00,7.3
"create you salon",0,1,0.00,54.0
"creations hair studio",0,1,0.00,35.0
"creations salon",0,1,0.00,5.0
"crescent salon",0,2,0.00,6.5
"crespo barber shop",0,1,0.00,9.0
"crespo hair",0,1,0.00,10.0
"crespo rey",0,40,0.00,8.0
"crespo rey hair salon",0,32,0.00,7.5
"crespos",0,1,0.00,10.0
"crew barber shop",0,3,0.00,11.3
"crew barbershop",0,6,0.00,8.5
"crew barbershop reviews",0,3,0.00,7.3
"crew barbershop west campus",0,7,0.00,10.3
"crew cuts barbershop",0,1,0.00,10.0
"crew cutz",0,6,0.00,8.7
"crew cutz barbershop",0,9,0.00,7.1
"crew cutz reviews",0,2,0.00,10.5
"crist d barber shop",0,8,0.00,25.9
"cristian cuts",0,1,0.00,6.0
"cristo barber shop",0,1,0.00,37.0
"cristy beauty salon",0,2,0.00,7.0
"crochet braids houston",0,1,0.00,1.0
"crochet hair near me",0,1,0.00,1.0
"cross cutters hair",0,1,0.00,11.0
"cross cutters salon",0,1,0.00,21.0
"crosscutters hair",0,1,0.00,7.0
"crossroads barber academy",0,2,0.00,9.5
"crown and co salon",0,1,0.00,47.0
"crown and craft hair shop",0,1,0.00,2.0
"crown and stache",0,4,0.00,9.0
"crown and stache barber company",0,1,0.00,8.0
"crown and stache corona",0,1,0.00,7.0
"crown and stache reviews",0,24,0.00,9.0
"crown barber shop",0,1,0.00,11.0
"crown beauty",0,2,0.00,3.0
"crown beauty supply",0,12,0.00,4.8
"crown cutz",0,2,0.00,8.5
"crown hair store",0,2,0.00,1.0
"crown studios",0,1,0.00,7.0
"crown wig",0,4,0.00,1.0
"crown wig & beauty supply",0,13,0.00,3.0
"crown wig & beauty supply photos",0,1,0.00,4.0
"crown wigs",0,27,0.00,1.0
"crown wigs & beauty supplies",0,1,0.00,26.0
"crown wigs & beauty supply photos",0,1,0.00,1.0
"crown wigs and beauty supply",0,8,0.00,2.3
"crowne barber",0,36,0.00,9.6
"crowne barber studio",0,3,0.00,6.7
"crowned beauty supply",0,1,0.00,10.0
"crowns barber shop",0,1,0.00,10.0
"crowns wigs",0,2,0.00,2.0
"crownz and tresses",0,5,0.00,2.4
"cruzers barbershop",0,16,0.00,8.4
"cruzers barbershop reviews",0,4,0.00,7.0
"cs beauty supply",0,1,0.00,6.0
"ct barber expo 2026 tickets",0,1,0.00,8.0
"ct hair",0,2,0.00,5.5
"ct hair by candy",0,19,0.00,6.8
"cti el paso",0,3,0.00,7.0
"cti hours",0,1,0.00,48.0
"cti school",0,1,0.00,5.0
"cuban barber",0,1,0.00,6.0
"cuban barber shop",0,8,0.00,6.5
"cuban barbershop",0,5,0.00,7.6
"cubanos barber shop",0,1,0.00,7.0
"cullen beauty supply",0,27,0.00,14.8
"cultural technical institute",0,24,0.00,5.3
"cultural technical institute el paso",0,1,0.00,10.0
"cultural technical institute llc cti",0,1,0.00,6.0
"cultural technical institute llc cti reviews",0,27,0.00,5.8
"cultural technical institute, llc (cti)",0,6,0.00,8.3
"culture atx salon",0,5,0.00,7.4
"culture atx salon reviews",0,3,0.00,6.3
"culture supreme barbershop",0,11,0.00,8.7
"curl bar",0,3,0.00,8.3
"curl boss",0,29,0.00,8.2
"curl boss houston",0,21,0.00,9.8
"curl boss htx",0,1,0.00,11.0
"curl boss reviews",0,1,0.00,34.0
"curl boss salon",0,1,0.00,7.0
"curl planet",0,1,0.00,17.0
"curl up & dye hair studio",0,1,0.00,32.0
"curl up and dye",0,15,0.00,9.3
"curl up and dye hair salon",0,3,0.00,11.3
"curl up and dye salon",0,2,0.00,10.0
"curlboss",0,7,0.00,7.9
"curls & coils",0,1,0.00,34.0
"curls by ellen",0,69,0.00,4.0
"curlsmith sale",0,1,0.00,6.0
"curly boss",0,1,0.00,6.0
"curly combs",0,1,0.00,10.0
"curly cut near me",0,1,0.00,1.0
"curly hair salon houston tx",0,1,0.00,1.0
"curly hair salon near me",0,3,0.00,1.0
"curly top",0,1,0.00,2.0
"curso de maquillaje profesional",0,1,0.00,1.0
"cursos de barbería cerca de mi",0,1,0.00,4.0
"cursos de belleza cerca de mi en español",0,2,0.00,1.0
"cursos de corte de cabello cerca de mi",0,1,0.00,1.0
"cursos de estetica",0,1,0.00,1.0
"cursos de uñas cerca de mi en español",0,1,0.00,8.0
"curvlife in stores",0,1,0.00,5.0
"custom hair color kit rice village",0,14,0.00,14.0
"cut & go barber shop",0,5,0.00,10.6
"cut & shave barber college",0,1,0.00,9.0
"cut above barber shop",0,1,0.00,8.0
"cut and above",0,1,0.00,5.0
"cut and above salon",0,4,0.00,2.8
"cut and pride",0,6,0.00,7.8
"cut and pride barbershop",0,5,0.00,7.6
"cut and shave barber college",0,43,0.00,9.6
"cut away hair salon",0,1,0.00,8.0
"cut house",0,2,0.00,7.0
"cut house barbershop",0,2,0.00,6.0
"cut in up",0,1,0.00,7.0
"cut loose hair",0,5,0.00,9.8
"cut loose hair salon houston",0,1,0.00,10.0
"cut loose houston",0,1,0.00,10.0
"cut loose salon",0,2,0.00,11.0
"cut loose salon houston",0,5,0.00,10.0
"cut n go barber",0,1,0.00,7.0
"cute blue beach nails",0,1,0.00,9.0
"cute lingerie sets",0,1,0.00,10.0
"cuthouse",0,3,0.00,11.0
"cuthouse barbershop",0,1,0.00,8.0
"cuticle nippers",0,1,0.00,9.0
"cutler 2",0,1,0.00,6.0
"cutler 2 salon",0,3,0.00,6.0
"cutloos",0,3,0.00,10.7
"cutloose",0,335,0.00,7.2
"cutloose hair",0,150,0.00,8.1
"cutloose hair houston",0,5,0.00,11.2
"cutloose hair salon",0,3,0.00,9.3
"cutloose hair salon houston",0,2,0.00,8.5
"cutloose houston",0,10,0.00,9.3
"cutloose salon",0,23,0.00,8.8
"cutmasters barbershop",0,1,0.00,10.0
"cuts 2000",0,1,0.00,5.0
"cuts and curls hair salon",0,2,0.00,8.5
"cuts and styles by duran",0,1,0.00,11.0
"cuts by anthony",0,1,0.00,12.0
"cuts by coach",0,1,0.00,21.0
"cuts frisco",0,1,0.00,59.0
"cuts with class",0,3,0.00,10.0
"cutt n up",0,1,0.00,5.0
"cutters hair salon",0,3,0.00,12.0
"cutters price",0,1,0.00,27.0
"cutterz barbershop",0,1,0.00,10.0
"cutthroat barber",0,3,0.00,31.0
"cutthroat barber heights",0,2,0.00,11.5
"cutthroat barber houston",0,3,0.00,23.0
"cutthroat barbers - houston barbershop - haircut for men",0,6,0.00,10.0
"cutthroat barbers - houston barbershop in the heights - men's barbershop",0,1,0.00,8.0
"cutthroat barbers heights",0,2,0.00,9.5
"cutthroat barbershop houston",0,1,0.00,18.0
"cutthroat haircut",0,1,0.00,12.0
"cutthroat heights",0,5,0.00,8.6
"cutthroat houston",0,1,0.00,13.0
"cutthroat houston tx",0,1,0.00,13.0
"cuttin up barber shop",0,1,0.00,9.0
"cutting edge 54 salon",0,1,0.00,40.0
"cutting edge barber studio",0,2,0.00,13.5
"cutting edge barbershop",0,1,0.00,8.0
"cutting edge barbershop palmdale reviews",0,6,0.00,5.5
"cutting edge baytown",0,1,0.00,9.0
"cutting edge palmdale",0,19,0.00,10.5
"cutting edge salon",0,33,0.00,9.0
"cutting edge salon near me",0,1,0.00,12.0
"cutting edge salon waco",0,13,0.00,8.9
"cutting edge waco",0,14,0.00,12.0
"cutting edge waco tx",0,1,0.00,14.0
"cutting hair",0,1,0.00,35.0
"cutting room barber & styling",0,2,0.00,67.5
"cutting up barbershop",0,2,0.00,7.5
"cuttn up barbershop",0,1,0.00,5.0
"cutz and brews",0,5,0.00,5.6
"cutz barbershop killeen",0,1,0.00,18.0
"cutz by q",0,1,0.00,31.0
"cutz by z",0,1,0.00,20.0
"cutz on main",0,38,0.00,9.1
"cutz on main barbershop",0,1,0.00,4.0
"cutz on main reviews",0,4,0.00,5.0
"cw barber lounge",0,2,0.00,9.0
"cw barbershop",0,2,0.00,9.0
"cyndi salon",0,1,0.00,31.0
"cyndi's salon",0,1,0.00,17.0
"cyndi's salon and spa",0,1,0.00,36.0
"cypress barber shop",0,1,0.00,3.0
"cypress beauty supply",0,1,0.00,12.0
"cypress salon",0,1,0.00,29.0
"d & d hair",0,10,0.00,27.3
"d & d salon",0,3,0.00,35.0
"d & l beauty salon",0,30,0.00,4.2
"d & t beauty salon",0,1,0.00,5.0
"d and d hair salon",0,1,0.00,23.0
"d and d salon",0,2,0.00,17.0
"d and h salon",0,1,0.00,41.0
"d and l beauty salon",0,4,0.00,4.5
"d and l hair salon",0,1,0.00,1.0
"d and l salon",0,8,0.00,5.0
"d and p",0,1,0.00,8.0
"d and t beauty",0,1,0.00,15.0
"d beauty salon",0,2,0.00,16.5
"d cache salon",0,1,0.00,12.0
"d d hair salon",0,1,0.00,8.0
"d dominican",0,2,0.00,11.0
"d dominican beauty salon",0,17,0.00,8.6
"d dominican beauty salon photos",0,4,0.00,9.5
"d dominican beauty salon reviews",0,18,0.00,9.3
"d dominican hair salon",0,4,0.00,10.3
"d dominican salon",0,1,0.00,12.0
"d fade",0,1,0.00,13.0
"d hair boutique bundles",0,1,0.00,3.0
"d ladies hair studio",0,1,0.00,16.0
"d lash architect",0,18,0.00,9.6
"d lash architect reviews",0,13,0.00,6.8
"d legacy barbershop",0,1,0.00,8.0
"d look salon",0,3,0.00,16.3
"d lux salon",0,1,0.00,66.0
"d luz beauty academy",0,3,0.00,6.0
"d luz beauty academy houston",0,3,0.00,8.7
"d luz beauty academy | esthetician school houston",0,14,0.00,7.7
"d magazine salon",0,2,0.00,39.0
"d rich barbers",0,4,0.00,12.8
"d salon",0,1,0.00,10.0
"d zine hair salon",0,1,0.00,42.0
"d&b hair salon",0,1,0.00,12.0
"d&d barber",0,2,0.00,1.0
"d&d barbershop",0,1,0.00,6.0
"d&d beauty",0,1,0.00,27.0
"d&d beauty supply",0,1,0.00,23.0
"d&d hair",0,1,0.00,9.0
"d&d hair salon",0,9,0.00,15.9
"d&g barber",0,1,0.00,9.0
"d&g barber shop",0,9,0.00,12.7
"d&g barbershop",0,1,0.00,9.0
"d&j hair salon",0,1,0.00,8.0
"d&k hair salon",0,2,0.00,7.0
"d&l beauty salon",0,20,0.00,3.3
"d&l hair salon",0,15,0.00,2.2
"d&l salon",0,7,0.00,3.0
"d&p hair salon",0,3,0.00,4.3
"d&t barbershop",0,1,0.00,10.0
"d&t beauty salon",0,4,0.00,18.3
"d&t hair salon",0,9,0.00,5.8
"d&t salon",0,1,0.00,10.0
"d&v spa",0,1,0.00,41.0
"d&z barbershop",0,16,0.00,9.1
"d' dominican beauty salon",0,15,0.00,8.6
"d' dominican beauty salon photos",0,4,0.00,10.0
"d'angelo barber shop 242",0,4,0.00,7.8
"d'anyelo barbershop conroe",0,4,0.00,8.5
"d'beauty salon",0,1,0.00,22.0
"d'lux salon",0,1,0.00,67.0
"d'luxe hair studio",0,3,0.00,8.0
"d'luxe salon",0,1,0.00,6.0
"d's barbershop",0,1,0.00,8.0
"d-shop.studio",0,3,0.00,55.3
"d.h.w",0,1,0.00,30.0
"d.h.w. experience",0,2,0.00,6.5
"d2 hair",0,1,0.00,42.0
"d2 hair salon",0,1,0.00,38.0
"d2 salon",0,1,0.00,32.0
"d3 fadez",0,2,0.00,11.0
"da barber supply",0,32,0.00,5.3
"da blocc barbershop",0,3,0.00,10.7
"da shop",0,3,0.00,1.0
"da shop league city",0,1,0.00,48.0
"dacs academy",0,9,0.00,5.0
"dad barbershop",0,1,0.00,6.0
"dad's barber shop",0,2,0.00,6.0
"dads barber shop",0,9,0.00,7.0
"dads barbershop",0,1,0.00,5.0
"daigle's barber shop",0,3,0.00,8.3
"daily beauty",0,1,0.00,12.0
"daily beauty supplies",0,3,0.00,11.7
"daily beauty supply",0,1,0.00,12.0
"daily beauty supply & wig salon photos",0,1,0.00,12.0
"daily beauty supply photos",0,1,0.00,10.0
"daisy alejandra omana ortiz",0,1,0.00,95.0
"dale jackson career center",0,6,0.00,6.2
"dallas",0,1,0.00,7.0
"dallas barber",0,1,0.00,1.0
"dallas barber and stylist college loans",0,2,0.00,16.5
"dallas barber college",0,1,0.00,1.0
"dallas barber college arlington tx",0,11,0.00,9.4
"dallas barber lounge",0,2,0.00,1.0
"dallas barber stylist college loans",0,3,0.00,28.7
"dallas beauty academy",0,11,0.00,17.9
"dallas beauty academy garland",0,3,0.00,49.3
"dallas beauty academy garland tx",0,7,0.00,9.9
"dallas beauty and barber academy",0,13,0.00,6.7
"dallas beauty school",0,1,0.00,1.0
"dallas beauty school services",0,1,0.00,74.0
"dallas blends",0,2,0.00,13.0
"dallas blends barber academy",0,9,0.00,12.2
"dallas blends barber academy garland",0,28,0.00,16.8
"dallas blends duncanville",0,5,0.00,6.0
"dallas career academy",0,21,0.00,6.9
"dallas college cosmetology",0,4,0.00,7.8
"dallas fade haircut",0,1,0.00,37.0
"dallas lash academy",0,2,0.00,28.5
"dallas makeup school",0,20,0.00,72.0
"dallas mens haircut",0,1,0.00,1.0
"dallas nude hair cuts",0,1,0.00,59.0
"dallas salon",0,4,0.00,26.8
"dallas skin institute amarillo",0,25,0.00,7.0
"dallas skin institute austin",0,25,0.00,8.9
"dama bella salon",0,1,0.00,24.0
"damas hair",0,2,0.00,22.5
"damon renard hair studio",0,1,0.00,44.0
"damron & company salon",0,5,0.00,6.6
"damron and company salon",0,29,0.00,5.9
"damron salon",0,68,0.00,7.3
"damron salon reviews",0,12,0.00,4.9
"damsels and blokes",0,1,0.00,54.0
"dan phyls salon",0,5,0.00,11.8
"danckuts",0,4,0.00,18.8
"danckuts irvine",0,7,0.00,10.6
"danckuts irvine reviews",0,3,0.00,7.0
"dandy barbershop",0,2,0.00,9.5
"dani the barber",0,2,0.00,16.5
"daniel haircut",0,1,0.00,3.0
"daniels beauty salon",0,9,0.00,7.0
"danny barber shop",0,2,0.00,7.0
"danny blendz",0,2,0.00,10.0
"danny's barber lounge",0,10,0.00,10.0
"danny's barber shop",0,2,0.00,5.5
"danny's barbershop",0,4,0.00,4.5
"dannys barbershop",0,1,0.00,7.0
"dannyz barber lounge",0,5,0.00,9.8
"dannyz barber lounge reviews",0,3,0.00,6.0
"dano barber",0,1,0.00,8.0
"dany barber shop",0,1,0.00,9.0
"dapper barber",0,2,0.00,8.5
"dapper barber college",0,6,0.00,8.2
"dapper barbershop and shave parlor",0,1,0.00,13.0
"dapper barbershop sugar land",0,1,0.00,11.0
"dapper dan oakland",0,4,0.00,23.0
"dapper devil",0,1,0.00,9.0
"dapper devil denton",0,6,0.00,10.0
"dapper don barber",0,1,0.00,20.0
"dapper don barber shop",0,2,0.00,31.0
"dapper don kutz",0,1,0.00,19.0
"dapper down",0,1,0.00,9.0
"dapper down barber lounge",0,44,0.00,8.4
"dapper dre",0,3,0.00,6.3
"dapper g barber college",0,16,0.00,9.0
"dapper g barber school",0,10,0.00,10.3
"dapper g cuts",0,1,0.00,42.0
"dapper society",0,15,0.00,7.1
"dappr dan oakland",0,2,0.00,9.5
"dapprdan",0,12,0.00,7.5
"dark balayage",0,1,0.00,6.0
"darla's hair salon",0,5,0.00,5.0
"darla's hair studio",0,7,0.00,6.9
"darlas",0,1,0.00,2.0
"darlas salon",0,1,0.00,3.0
"darly new face academy",0,11,0.00,7.8
"darquin",0,4,0.00,6.5
"darwin barber",0,1,0.00,4.0
"darwin barbershop",0,3,0.00,4.0
"dasha beauty",0,2,0.00,5.0
"dasha cosmetology",0,2,0.00,10.5
"dasha salon",0,2,0.00,11.0
"dasha waxing",0,1,0.00,9.0
"dashop",0,2,0.00,1.0
"dashop league city",0,1,0.00,19.0
"dave's barber",0,1,0.00,5.0
"dave's barber shop",0,1,0.00,12.0
"daves barber",0,1,0.00,5.0
"daves barber shop",0,2,0.00,6.5
"david alexander hair salon",0,4,0.00,1.0
"david alexander image studio",0,145,0.00,4.9
"david alexander image studio photos",0,36,0.00,7.3
"david alexander image studio price list",0,1,0.00,1.0
"david alexander image studio reviews",0,101,0.00,7.4
"david alexander salon",0,20,0.00,8.4
"david alexander studio",0,6,0.00,4.5
"david asprilla",0,1,0.00,7.0
"david barber",0,1,0.00,1.0
"david barber shop",0,9,0.00,10.9
"david houston salon",0,2,0.00,11.0
"david j barber",0,1,0.00,27.0
"david's barber",0,1,0.00,29.0
"david's barber shop",0,3,0.00,31.7
"david's barbershop",0,1,0.00,11.0
"davids barber",0,1,0.00,8.0
"davids barbershop",0,1,0.00,11.0
"davines",0,5,0.00,6.2
"day of beauty",0,2,0.00,33.0
"day one barbershop",0,6,0.00,17.5
"day one barbershop reviews",0,8,0.00,11.3
"daydream hair studio",0,6,0.00,7.8
"daydream hair studio reviews",0,2,0.00,5.0
"dazzle dry wholesale",0,1,0.00,3.0
"dazzle hair salon",0,3,0.00,3.3
"dazzle hair studio",0,9,0.00,9.2
"dazzle salon",0,1,0.00,7.0
"dazzles",0,4,0.00,3.0
"dazzles beauty salon",0,1,0.00,20.0
"dazzles hair",0,2,0.00,16.5
"dazzles hair salon",0,1,0.00,19.0
"dazzles hair studio photos",0,8,0.00,4.9
"dazzling hair",0,2,0.00,2.5
"db salon",0,6,0.00,10.2
"db salon jersey village",0,2,0.00,6.5
"dbs salon",0,3,0.00,8.7
"dc beauty",0,2,0.00,12.0
"dc beauty salon",0,1,0.00,7.0
"dc beauty studio",0,1,0.00,7.0
"dc creative salon",0,2,0.00,4.5
"dc salon",0,3,0.00,5.7
"dd barber shop",0,1,0.00,1.0
"dd barbershop",0,18,0.00,4.3
"dd hair salon",0,3,0.00,9.7
"dd salon",0,1,0.00,7.0
"dd's barbershop",0,53,0.00,6.5
"dd's barbershop frisco",0,60,0.00,5.5
"dd's barbershop frisco reviews",0,60,0.00,4.5
"dds barbershop",0,24,0.00,3.8
"dds hair",0,7,0.00,3.9
"dds hair shack",0,5,0.00,3.4
"de cache beauty salon",0,7,0.00,8.4
"de cache hair salon",0,5,0.00,8.8
"de cache salon",0,4,0.00,11.3
"de payolle beauty salon & academy",0,1,0.00,53.0
"de salon and spa",0,3,0.00,61.0
"de sanchez hair salon",0,1,0.00,43.0
"deciem near me",0,1,0.00,1.0
"deep cutz barbershop",0,3,0.00,8.3
"deep hair conditioning treatment near me",0,1,0.00,13.0
"deep roots atx 360",0,1,0.00,9.0
"deep roots atx salon 360",0,1,0.00,6.0
"deep roots atx salon, 360",0,1,0.00,9.0
"deep roots barbershop",0,1,0.00,47.0
"deerbrook mall hair salon",0,1,0.00,29.0
"deez cutz",0,1,0.00,10.0
"deezcuts",0,1,0.00,6.0
"deezign hair studio",0,2,0.00,5.0
"defined beauty",0,1,0.00,6.0
"defined lines",0,2,0.00,7.5
"defined studio hair",0,1,0.00,28.0
"degrees+barber",0,1,0.00,1.0
"deiners deep cutz",0,1,0.00,9.0
"deity style studios",0,30,0.00,7.7
"del mar barber",0,1,0.00,12.0
"del mar barber shop",0,1,0.00,11.0
"del mar college cosmetology",0,1,0.00,9.0
"del mar cosmetology",0,3,0.00,10.3
"del patio barber shop",0,1,0.00,19.0
"del salon",0,1,0.00,51.0
"deli salon",0,1,0.00,9.0
"delis beauty salon",0,8,0.00,7.3
"delis hair salon",0,3,0.00,10.3
"delis salon",0,3,0.00,17.7
"delux hair salon",0,2,0.00,11.5
"deluxe barber college",0,29,0.00,9.4
"deluxe barber college austin",0,20,0.00,9.3
"deluxe barberia",0,1,0.00,6.0
"deluxe hair salon",0,3,0.00,4.3
"deluxe hair studio",0,5,0.00,6.6
"demert wig and weave spray",0,1,0.00,12.0
"den 138",0,2,0.00,9.5
"denelle",0,2,0.00,35.0
"denim barbershop",0,3,0.00,7.0
"denim barbershop reviews",0,2,0.00,7.5
"denise beauty salon",0,1,0.00,17.0
"denise salon",0,1,0.00,23.0
"denise's",0,1,0.00,10.0
"deniz salon",0,1,0.00,50.0
"denton barber co",0,1,0.00,11.0
"denton barber company",0,1,0.00,12.0
"dep salon",0,1,0.00,35.0
"depilex hair salon",0,1,0.00,8.0
"derek sansone",0,1,0.00,9.0
"derek sansone hair",0,6,0.00,7.5
"derek sansone hair reviews",0,1,0.00,6.0
"dermology college of aesthetics & wellness",0,19,0.00,7.8
"desalon",0,1,0.00,40.0
"deseo beauty",0,2,0.00,10.5
"deseo beauty lounge",0,158,0.00,7.4
"deseo beauty lounge color",0,7,0.00,9.4
"deseo beauty lounge color +16823906171",0,1,0.00,21.0
"deseo beauty lounge reviews",0,37,0.00,6.1
"deseo beauty salon",0,1,0.00,10.0
"deseo hair",0,5,0.00,7.4
"deseo hair salon",0,11,0.00,7.2
"deseo lounge",0,1,0.00,6.0
"deseo salon",0,4,0.00,9.8
"deseo salon austin",0,9,0.00,5.0
"deseo studio",0,2,0.00,5.0
"desert rose beauty",0,2,0.00,19.0
"desert rose beauty co",0,15,0.00,8.7
"desert rose beauty co.",0,14,0.00,8.7
"desert rose beauty salon",0,1,0.00,7.0
"desert rose friendswood",0,22,0.00,8.7
"desert rose hair salon",0,6,0.00,7.2
"desert rose salon",0,56,0.00,7.0
"desi barber reviews",0,16,0.00,8.4
"desi barber sugar land",0,1,0.00,6.0
"desi diva salon",0,2,0.00,9.5
"desi diva salon reviews",0,2,0.00,11.0
"desi hair salon",0,5,0.00,6.2
"desi salon",0,8,0.00,14.9
"desi's hair salon",0,1,0.00,15.0
"design beauty college reviews",0,14,0.00,10.9
"design essentials",0,1,0.00,2.0
"design salon",0,1,0.00,10.0
"design team hair studio",0,2,0.00,55.0
"designer beauty house",0,1,0.00,47.0
"designers beauty house",0,3,0.00,22.3
"desire hair salon",0,1,0.00,11.0
"desire salon mckinney reviews",0,1,0.00,35.0
"desiree hair",0,1,0.00,11.0
"desiree hair salon",0,1,0.00,9.0
"dessert rose salon",0,2,0.00,7.5
"destini creams barber",0,1,0.00,1.0
"detammy",0,17,0.00,5.3
"detammy salon",0,2,0.00,8.0
"detammy the salon",0,1,0.00,14.0
"detammy the salon photos",0,5,0.00,9.0
"detammy the salon reviews",0,12,0.00,7.7
"detroit the barber",0,1,0.00,30.0
"deux salon",0,1,0.00,5.0
"devacurl haircut",0,1,0.00,4.0
"devi hair",0,12,0.00,14.3
"devi hair salon",0,3,0.00,8.7
"devida lash academy",0,13,0.00,4.7
"devine beauty",0,1,0.00,11.0
"dew hair products",0,1,0.00,9.0
"dexter hair salon",0,3,0.00,8.0
"dexter salon",0,1,0.00,6.0
"dexterity hair",0,1,0.00,13.0
"dexterity salon",0,3,0.00,7.3
"dexterous barber",0,17,0.00,10.8
"dexterous barber lounge",0,10,0.00,9.1
"dfw barbers llc",0,27,0.00,8.8
"dfw skin institute",0,88,0.00,10.2
"dfw skin institute reviews",0,11,0.00,10.9
"dg excellent braids",0,1,0.00,49.0
"dg hair salon",0,1,0.00,43.0
"dg's barbershop",0,1,0.00,7.0
"dhc salon",0,1,0.00,46.0
"dhw",0,24,0.00,10.4
"dhw experience",0,28,0.00,6.8
"dhw experience houston",0,5,0.00,8.0
"dhw experience reviews",0,10,0.00,9.9
"dhw experience salon",0,6,0.00,7.2
"dhw experience, houston tx",0,2,0.00,11.0
"dhw hair salon",0,3,0.00,8.7
"dhw salon",0,6,0.00,7.8
"di hair salon",0,3,0.00,2.3
"di moda salon",0,5,0.00,13.2
"di salon",0,1,0.00,13.0
"di studios",0,1,0.00,47.0
"dia salon",0,1,0.00,48.0
"diamond academy",0,2,0.00,9.0
"diamond beauty",0,7,0.00,5.7
"diamond beauty academy",0,11,0.00,6.5
"diamond beauty school",0,1,0.00,8.0
"diamond blade barber",0,1,0.00,65.0
"diamond cosmetology",0,1,0.00,19.0
"diamond cuts barber shop",0,1,0.00,1.0
"diamond cuts barbershop",0,1,0.00,5.0
"diamond cutz barber shop",0,1,0.00,5.0
"diamond cutz barbershop",0,1,0.00,4.0
"diamondbeauty",0,1,0.00,8.0
"diamonds and pearls hair salon",0,1,0.00,9.0
"diamonds cosmetology",0,1,0.00,6.0
"diana's barber shop",0,3,0.00,7.0
"dica academy",0,1,0.00,4.0
"diego briceño",0,1,0.00,11.0
"diesel at the strand",0,3,0.00,10.3
"diesel barbershop houston",0,2,0.00,14.5
"diesel barbershop houston west university",0,4,0.00,12.8
"diesel barbershop katy",0,1,0.00,24.0
"diesel barbershop spring green",0,2,0.00,10.0
"diesel barbershop west university",0,1,0.00,18.0
"different barber specialties",0,2,0.00,10.0
"digital perm houston",0,1,0.00,1.0
"dilaras hair",0,1,0.00,8.0
"diliana's hair salon",0,3,0.00,8.7
"dilianas hair salon",0,15,0.00,7.2
"diligence barbers",0,1,0.00,20.0
"diligence barbershop",0,1,0.00,32.0
"diligent barbershop",0,7,0.00,10.0
"diligents barber club",0,9,0.00,9.6
"diligents barber shop",0,21,0.00,9.1
"dime barber studio",0,7,0.00,7.4
"dimensions barbershop",0,2,0.00,8.0
"dimoda salon",0,33,0.00,9.2
"dimoda salon & spa",0,4,0.00,7.0
"dina kaswatuka",0,5,0.00,25.2
"dino's barbershop reviews",0,14,0.00,7.8
"diosmel",0,3,0.00,5.0
"direct salon",0,1,0.00,63.0
"direct salon supplies",0,3,0.00,60.3
"directions to sport clips",0,1,0.00,8.0
"distinctive academy",0,3,0.00,8.3
"district 6 barber",0,1,0.00,8.0
"district hair co",0,2,0.00,21.0
"diva beauty",0,2,0.00,10.5
"diva beauty salon",0,1,0.00,3.0
"diva beauty supply",0,1,0.00,11.0
"diva dolls hair salon",0,1,0.00,18.0
"diva dolls hair studio",0,17,0.00,8.2
"diva doos",0,4,0.00,8.0
"diva doos hair salon",0,17,0.00,8.5
"diva facial",0,1,0.00,30.0
"diva gents salon",0,1,0.00,5.0
"diva hair salon",0,15,0.00,9.5
"diva salin",0,1,0.00,6.0
"diva salon",0,27,0.00,8.6
"diva salon & spa",0,1,0.00,15.0
"diva salon near me",0,2,0.00,13.0
"diva salon stafford",0,1,0.00,9.0
"diva saloon",0,1,0.00,9.0
"diva studio",0,1,0.00,32.0
"diva's beauty salon",0,1,0.00,7.0
"diva's hair salon",0,2,0.00,7.0
"diva's salon",0,1,0.00,5.0
"divadolls",0,2,0.00,7.0
"divas dominican hair salon",0,6,0.00,8.0
"divas dominican hair salon photos",0,4,0.00,8.8
"divas dominican hair salon reviews",0,2,0.00,6.0
"divas hair salon",0,6,0.00,9.5
"divas phone number",0,1,0.00,7.0
"divas salon",0,12,0.00,7.3
"divas salon & spa",0,2,0.00,6.0
"divas salon and spa",0,4,0.00,4.0
"diva’s",0,1,0.00,9.0
"divina hair salon",0,1,0.00,6.0
"divine barber and beauty institute",0,1,0.00,42.0
"divine beauty",0,5,0.00,10.4
"divine beauty bar llc",0,2,0.00,30.0
"divine beauty lounge",0,1,0.00,37.0
"divine beauty market",0,27,0.00,8.9
"divine beauty salon",0,1,0.00,27.0
"divine beauty studio",0,2,0.00,8.5
"divine beauty supply",0,4,0.00,15.5
"divine hair and spa",0,1,0.00,3.0
"divine hair salon",0,5,0.00,6.0
"divine hair store",0,1,0.00,3.0
"divine salon",0,19,0.00,2.1
"divine salon de belleza y estetica",0,1,0.00,1.0
"divine salon houston",0,37,0.00,4.9
"divine salon near me",0,1,0.00,10.0
"divine salon photos",0,1,0.00,2.0
"divine salons",0,1,0.00,7.0
"divino beauty",0,1,0.00,8.0
"divino salon",0,5,0.00,7.0
"division barber co",0,2,0.00,13.0
"division barber shop",0,2,0.00,9.5
"divizion",0,1,0.00,8.0
"divizion barber co",0,19,0.00,10.4
"divizion barber co.",0,5,0.00,10.4
"divizion barber shop",0,4,0.00,8.5
"dj hair",0,1,0.00,19.0
"dj hair salon",0,6,0.00,4.2
"dj hair store",0,1,0.00,26.0
"dj salon",0,2,0.00,21.5
"dj salon near me",0,1,0.00,4.0
"dj's salon",0,1,0.00,5.0
"dk beauty salon",0,1,0.00,27.0
"dk hair",0,1,0.00,4.0
"dk hair design",0,1,0.00,26.0
"dk hair salon",0,49,0.00,8.4
"dk haircut",0,1,0.00,33.0
"dk salon",0,1,0.00,23.0
"dl hair salon",0,2,0.00,3.0
"dl salon",0,1,0.00,6.0
"dlc barber",0,1,0.00,33.0
"dlc barbershop",0,1,0.00,4.0
"dleigh designs beauty supply & salon",0,1,0.00,6.0
"dlux hair",0,2,0.00,49.5
"dlux salon",0,1,0.00,54.0
"dluz beauty academy",0,5,0.00,8.0
"dn salon",0,1,0.00,15.0
"dna hair salon",0,4,0.00,11.3
"dna salon",0,5,0.00,11.0
"dnd gel polish",0,3,0.00,2.7
"dnd gel polish near me",0,2,0.00,2.0
"dnd gel polish set",0,1,0.00,10.0
"dnd hair",0,1,0.00,18.0
"dnd hair salon",0,2,0.00,57.5
"dnd nail polish",0,2,0.00,2.5
"dnd nail tips",0,1,0.00,5.0
"dnd nails supply",0,2,0.00,2.0
"dnd salon",0,1,0.00,45.0
"dng hair salon",0,1,0.00,37.0
"dnt beauty salon",0,1,0.00,6.0
"dnyce cutz",0,2,0.00,10.0
"dnyce cutz brooklyn barbershop san antonio",0,1,0.00,10.0
"dnyce cutz brooklyn barbershop san antonio reviews",0,3,0.00,10.3
"do all about beauty",0,1,0.00,96.0
"do cosmetology hours expire",0,10,0.00,36.5
"do hair salon",0,1,0.00,1.0
"do i need a barber license to open a barbershop",0,1,0.00,7.0
"do i need a barber license to open a shop",0,2,0.00,4.0
"do they accept walk in",0,1,0.00,5.0
"do you need a barber license to open a barber shop",0,3,0.00,8.7
"do you need a barber license to own a barber shop",0,1,0.00,8.0
"do you need a license to do nails in texas",0,1,0.00,48.0
"do's hair",0,1,0.00,11.0
"do's hair and spa",0,2,0.00,4.0
"do's hair and spa reviews",0,3,0.00,3.0
"does cosmetology include barbering",0,1,0.00,32.0
"does cost cutters take walk ins",0,1,0.00,17.0
"dog groomers near me",0,1,0.00,6.0
"dog groomers tyler tx",0,1,0.00,7.0
"dolce austin",0,1,0.00,18.0
"dolce hair salon",0,1,0.00,10.0
"dolce salon",0,26,0.00,6.8
"dolce salon & spa",0,1,0.00,41.0
"dolce salon austin",0,5,0.00,6.6
"dolce salon reviews",0,11,0.00,8.0
"dolce vita salon tyler tx",0,1,0.00,23.0
"doll hair salon",0,2,0.00,7.0
"dolled up salon",0,1,0.00,5.0
"dolls and guys",0,6,0.00,8.0
"dolls and guys hair salon",0,8,0.00,10.1
"dolls n guys",0,28,0.00,7.0
"dolls n guys hair salon",0,1,0.00,6.0
"dolls n guys hair salon reviews",0,20,0.00,8.3
"domain barber studio",0,31,0.00,9.2
"domilizz african braids",0,9,0.00,9.2
"dominguez barbershop",0,29,0.00,7.0
"dominican barbershop near me",0,1,0.00,38.0
"dominican beauty salon houston",0,3,0.00,29.3
"dominican beauty salon in houston",0,1,0.00,19.0
"dominican beauty salon near me",0,1,0.00,1.0
"dominican blowout humble tx",0,1,0.00,10.0
"dominican hair salon el paso",0,3,0.00,7.3
"dominican hair salon humble",0,16,0.00,10.6
"dominican hair salon humble tx",0,1,0.00,13.0
"dominican hairstylist",0,3,0.00,9.7
"dominican salon",0,1,0.00,11.0
"dominican salon humble",0,6,0.00,10.5
"dominos",0,1,0.00,1.0
"don chuys barbershop",0,1,0.00,11.0
"don cuts",0,1,0.00,9.0
"don hair and nails",0,1,0.00,62.0
"don juan barbershop",0,3,0.00,5.7
"donbarber",0,1,0.00,12.0
"done right barbershop",0,1,0.00,33.0
"donna beauty",0,1,0.00,38.0
"donna beauty salon",0,2,0.00,17.5
"donna hair",0,1,0.00,8.0
"donna hair salon",0,1,0.00,3.0
"donna hair studio",0,1,0.00,30.0
"donna hairdresser",0,2,0.00,25.0
"donna salon",0,1,0.00,22.0
"donna salon and spa",0,1,0.00,7.0
"donna's beauty",0,1,0.00,23.0
"donna's beauty salon",0,2,0.00,22.5
"donna's beauty shop",0,1,0.00,27.0
"donna's hair",0,1,0.00,44.0
"donna's hair salon sea point phone number",0,1,0.00,29.0
"donna's hair studio",0,1,0.00,46.0
"doodas",0,1,0.00,1.0
"dooney's barber and beauty academy",0,23,0.00,9.3
"dora beauty salon",0,3,0.00,9.3
"dora hair salon",0,5,0.00,9.2
"dora hair studio",0,1,0.00,24.0
"dora salon",0,2,0.00,24.5
"dora's beauty salon",0,2,0.00,4.0
"dora's hair salon",0,2,0.00,12.5
"dora's hair studio",0,1,0.00,25.0
"doras beauty salon",0,5,0.00,7.4
"doras hair",0,1,0.00,9.0
"doras salon",0,2,0.00,1.0
"dore nails",0,1,0.00,5.0
"dory salon",0,1,0.00,10.0
"dos hair",0,2,0.00,7.5
"dos hair salon",0,2,0.00,6.0
"dose beauty",0,1,0.00,4.0
"double diamond hair salon",0,2,0.00,4.5
"double headed nails",0,1,0.00,7.0
"double process color service houston",0,1,0.00,61.0
"double sided hair tape",0,1,0.00,2.0
"double take salon",0,3,0.00,14.7
"double take salon reviews",0,6,0.00,10.3
"double zero barbershop",0,2,0.00,24.5
"doubletake hair salon",0,1,0.00,1.0
"douglas j aveda",0,2,0.00,66.0
"dovera beauty & head spa",0,1,0.00,11.0
"dovera beauty and head spa",0,1,0.00,13.0
"dovera beauty and head spa reviews",0,43,0.00,10.8
"down south barber",0,2,0.00,6.0
"downtown apothecary riverside",0,1,0.00,9.0
"downtown roots",0,1,0.00,1.0
"downtown roots salon",0,2,0.00,7.0
"dr anders sherman tx",0,1,0.00,2.0
"dr bronner hair products",0,1,0.00,9.0
"drawstring ponytail",0,1,0.00,6.0
"drawstring ponytail near me",0,1,0.00,1.0
"dre bladez",0,2,0.00,7.0
"dread extensions for women",0,1,0.00,1.0
"dread retwist near me",0,1,0.00,1.0
"dreadlocks",0,1,0.00,2.0
"dreadlocks shop near me",0,1,0.00,2.0
"dreads",0,1,0.00,2.0
"dream chaser barbershop",0,22,0.00,7.7
"dream chasers barber & beauty studio",0,25,0.00,8.1
"dream chasers barbershop",0,18,0.00,9.4
"dream cut barbershop",0,2,0.00,10.5
"dream cuts",0,1,0.00,6.0
"dream cuts barbershop",0,3,0.00,10.0
"dream house salon",0,2,0.00,20.0
"dreamchaser barbershop",0,5,0.00,6.8
"dreamchasers barbershop",0,57,0.00,7.0
"dreamhouse salon",0,7,0.00,6.7
"dreamhouse salon fort worth",0,2,0.00,7.0
"dreamz barber shop",0,1,0.00,4.0
"dresses from q",0,1,0.00,6.0
"drew cuts",0,3,0.00,2.3
"drewdown",0,2,0.00,10.5
"drews barber",0,1,0.00,2.0
"drews barber shop",0,1,0.00,6.0
"driftwood barber",0,45,0.00,9.7
"driftwood barber co",0,2,0.00,11.5
"driftwood barber company",0,96,0.00,9.7
"driftwood barber company huntington beach reviews",0,18,0.00,5.4
"driftwood barber shop",0,5,0.00,10.2
"driftwood barbershop",0,11,0.00,11.5
"drip barber shop",0,1,0.00,26.0
"drip barbershop",0,1,0.00,27.0
"drip cuts",0,1,0.00,36.0
"drip guys",0,1,0.00,64.0
"drop dead gorgeous hair studio reviews",0,1,0.00,5.0
"drop dead gorgeous salon",0,2,0.00,6.0
"dry bar",0,1,0.00,19.0
"dry bar amarillo",0,4,0.00,9.3
"dry bar college station",0,1,0.00,12.0
"dry bar sugar land",0,4,0.00,10.3
"dry bar uptown",0,78,0.00,8.2
"dry bar uptown park",0,4,0.00,10.0
"dry trim near me",0,1,0.00,1.0
"drybar - uptown park",0,2,0.00,11.0
"drybar amarillo",0,8,0.00,10.0
"drybar amarillo reviews",0,6,0.00,4.0
"drybar college station",0,1,0.00,11.0
"drybar hours",0,2,0.00,10.5
"drybar houston",0,6,0.00,30.2
"drybar houston uptown park",0,1,0.00,15.0
"drybar museum district",0,13,0.00,27.7
"drybar river oaks",0,1,0.00,29.0
"drybar sugar land",0,3,0.00,9.3
"drybar sugar land reviews",0,1,0.00,10.0
"drybar uptown",0,108,0.00,9.5
"drybar uptown houston",0,1,0.00,12.0
"drybar uptown park",0,7,0.00,12.6
"drybar uptown park houston",0,6,0.00,12.8
"drybar uptown park reviews",0,19,0.00,8.9
"dt beauty",0,1,0.00,50.0
"dt hair salon",0,1,0.00,6.0
"duchess braids houston",0,83,0.00,9.7
"duchess braids location",0,2,0.00,7.0
"duchess hair braiding",0,4,0.00,8.8
"duchess hair salon",0,3,0.00,6.7
"duchess salon",0,2,0.00,6.5
"duck press on nails",0,1,0.00,6.0
"dudley hair products",0,1,0.00,3.0
"dudley's hair products",0,1,0.00,4.0
"duet hair salon",0,1,0.00,11.0
"duet salon",0,7,0.00,11.1
"duet salon san jose",0,2,0.00,7.5
"dulce beauty",0,1,0.00,8.0
"dulce beauty salon",0,19,0.00,5.7
"dulce salon",0,6,0.00,3.8
"dulce salon de belleza",0,1,0.00,5.0
"dulces hair salon",0,4,0.00,15.3
"duo hair salon",0,2,0.00,9.5
"duo salon",0,17,0.00,10.4
"duo salon dallas",0,4,0.00,8.0
"duo salon photos",0,1,0.00,10.0
"duo salon reviews",0,6,0.00,7.0
"duosalon",0,2,0.00,8.5
"dupree barber",0,1,0.00,11.0
"duprees barber studio",0,6,0.00,10.7
"dupree’s barber studio san francisco",0,8,0.00,10.5
"dupree’s barber studio san francisco reviews",0,14,0.00,7.2
"duquesa beauty",0,1,0.00,11.0
"duquesa beauty salon houston",0,3,0.00,8.0
"dustyjo's debonaire depot houston",0,1,0.00,8.0
"dutchess hair salon",0,3,0.00,15.3
"dutchmans barber shop",0,1,0.00,55.0
"duvall school",0,2,0.00,14.5
"duvalls",0,15,0.00,7.2
"duvalls school of cosmetology",0,5,0.00,10.2
"dv color",0,1,0.00,70.0
"dvine hair salon",0,1,0.00,9.0
"dw barbershop",0,1,0.00,38.0
"dynamic supply near me",0,1,0.00,19.0
"dynasty barber",0,3,0.00,9.3
"dynasty barber lounge",0,1,0.00,12.0
"dynasty barber school",0,7,0.00,4.4
"dynasty barber shop",0,8,0.00,7.4
"dynasty barbershop",0,3,0.00,10.7
"dynasty barbershop llc",0,1,0.00,10.0
"dynasty barbershop reviews",0,2,0.00,6.0
"dz hair salon",0,1,0.00,65.0
"dz salon",0,2,0.00,58.5
"dónde venden tintes de cabello",0,1,0.00,1.0
"e & j hair salon",0,3,0.00,9.0
"e and j beauty supply",0,7,0.00,9.9
"e and j hair salon",0,11,0.00,8.5
"e and j salon",0,4,0.00,9.3
"e and m hair",0,1,0.00,50.0
"e barber shop",0,3,0.00,8.0
"e hair",0,2,0.00,28.0
"e hair design",0,4,0.00,12.0
"e hair salon",0,35,0.00,5.7
"e hair salon reviews",0,13,0.00,4.8
"e hair studio",0,1,0.00,26.0
"e j beauty supply",0,7,0.00,7.9
"e luxe nail spa league city",0,1,0.00,15.0
"e m salon",0,1,0.00,28.0
"e salon",0,1,0.00,6.0
"e the barber",0,2,0.00,4.5
"e# hair",0,1,0.00,26.0
"e&g salon",0,1,0.00,46.0
"e&g salon & day spa",0,1,0.00,56.0
"e&j beauty supply",0,7,0.00,10.7
"e&j hair salon",0,47,0.00,8.3
"e&j hair salon houston",0,9,0.00,9.3
"e&j hair salon photos",0,4,0.00,6.5
"e&j hair salon reviews",0,2,0.00,4.5
"e&j salon",0,4,0.00,10.0
"e's barber shop",0,2,0.00,8.0
"e-luxe nail spa reviews",0,30,0.00,8.9
"ear piercings",0,1,0.00,1.0
"earthly beauty",0,1,0.00,3.0
"east dallas barber shop",0,1,0.00,26.0
"east dallas barbershop",0,2,0.00,8.5
"east j cuts and shaves",0,1,0.00,9.0
"east js",0,3,0.00,8.7
"east lake barber shop",0,1,0.00,12.0
"east liberty hair store",0,1,0.00,7.0
"east quarter barber",0,15,0.00,2.1
"east side barbers",0,2,0.00,16.5
"east texas barber school",0,1,0.00,18.0
"east texas cosmetology",0,2,0.00,8.5
"east texas cosmetology college",0,9,0.00,10.1
"east texas lash institute",0,5,0.00,5.4
"eastgate barber",0,1,0.00,8.0
"eastlake barber",0,1,0.00,45.0
"eastside barbers",0,52,0.00,8.7
"eastside barbers costa mesa",0,15,0.00,9.9
"easy beauty supply",0,1,0.00,6.0
"easy day beauty supply",0,6,0.00,2.7
"easy day beauty supply humble",0,2,0.00,2.0
"ebba el paso",0,1,0.00,1.0
"ebenezer",0,1,0.00,3.0
"ebenezer barber",0,2,0.00,11.0
"ebenezer barbershop",0,1,0.00,1.0
"ebenezer beauty salon",0,20,0.00,2.5
"ebenezer beauty salon (african hair braiding) photos",0,1,0.00,6.0
"ebenezer beauty salon (african hair braiding) tyler",0,8,0.00,1.9
"ebenezer braiding tyler tx",0,2,0.00,1.0
"ebenezer hair braiding",0,3,0.00,1.0
"ebenezer hair salon",0,4,0.00,1.0
"ebin edge control",0,3,0.00,8.3
"ebin hair",0,1,0.00,3.0
"ebin hair products",0,1,0.00,3.0
"eboni beauty supply",0,5,0.00,5.6
"ebonl",0,1,0.00,1.0
"ebony & ivory salon",0,1,0.00,1.0
"ebony 3",0,1,0.00,1.0
"ebony barber shop",0,1,0.00,4.0
"ebony beauty mart photos",0,8,0.00,4.8
"ebony beauty salon",0,3,0.00,7.7
"ebony beauty shop",0,2,0.00,6.0
"ebony beauty store",0,61,0.00,5.9
"ebony beauty supplies",0,1,0.00,4.0
"ebony beauty supply",0,157,0.00,7.6
"ebony beauty supply 2",0,12,0.00,21.9
"ebony beauty supply dallas",0,38,0.00,5.9
"ebony beauty supply hours",0,78,0.00,11.0
"ebony beauty supply ii",0,13,0.00,6.2
"ebony beauty supply in oakland",0,1,0.00,20.0
"ebony beauty supply in oakland ca",0,3,0.00,11.7
"ebony beauty supply near me",0,24,0.00,7.4
"ebony beauty supply oakland",0,11,0.00,10.4
"ebony beauty supply oakland ca",0,4,0.00,9.8
"ebony beauty supply oakland, ca",0,11,0.00,10.4
"ebony beauty supply photos",0,7,0.00,7.6
"ebony beauty supply san francisco",0,31,0.00,9.1
"ebony beauty supply stockton",0,6,0.00,3.0
"ebony beauty supply store",0,51,0.00,6.7
"ebony beauty supply store near me",0,14,0.00,6.4
"ebony dresses",0,1,0.00,11.0
"ebony essence",0,3,0.00,7.7
"ebony essence school of hair design",0,13,0.00,9.7
"ebony green",0,1,0.00,2.0
"ebony hair",0,2,0.00,2.0
"ebony hair beauty supply",0,1,0.00,18.0
"ebony hair store",0,370,0.00,4.4
"ebony hair supply",0,8,0.00,9.4
"ebony hair supply store",0,1,0.00,15.0
"ebony mart",0,19,0.00,10.8
"ebony mart beauty supply",0,47,0.00,10.1
"ebony mart beauty supply photos",0,10,0.00,3.3
"ebony mart port arthur",0,2,0.00,18.5
"ebony mart port arthur tx",0,1,0.00,28.0
"ebony nails",0,1,0.00,1.0
"ebony near me",0,1,0.00,1.0
"ebony store",0,1,0.00,4.0
"ebony store near me",0,1,0.00,1.0
"ebony super store",0,18,0.00,8.6
"ebony super store photos",0,28,0.00,6.8
"ebony super store reviews",0,6,0.00,3.8
"ebony supply store",0,9,0.00,5.7
"ebony's beauty supply store",0,5,0.00,3.0
"ebonyline braiding hair",0,1,0.00,6.0
"ebonys beauty supply",0,10,0.00,4.3
"ebonys hair store",0,12,0.00,2.9
"eccentric beauty",0,7,0.00,11.1
"eccentric hair",0,2,0.00,6.0
"eccentric hair salon",0,2,0.00,5.5
"eclipse beauty",0,1,0.00,26.0
"eclipse beauty salon",0,6,0.00,5.2
"eclipse beauty salon photos",0,3,0.00,3.3
"eclipse hair",0,1,0.00,8.0
"eclipse hair salon",0,2,0.00,8.0
"eclipse salon",0,1,0.00,9.0
"ed hair salon",0,1,0.00,13.0
"ed s barber shop +1 310-515-5715",0,1,0.00,31.0
"edan salon",0,1,0.00,39.0
"eddie salon",0,1,0.00,46.0
"eddie's salon",0,1,0.00,5.0
"eddys hair salon",0,1,0.00,7.0
"eden barber",0,1,0.00,54.0
"eden beauty lounge",0,1,0.00,36.0
"eden beauty supply",0,6,0.00,12.8
"eden grace beauty saloon llc garland",0,10,0.00,10.0
"eden hair",0,1,0.00,6.0
"eden hair salon",0,1,0.00,4.0
"eden salon",0,4,0.00,18.0
"eden salon suites",0,12,0.00,6.3
"eden your beauty store",0,1,0.00,17.0
"eden's beauty",0,1,0.00,4.0
"edens salon",0,1,0.00,43.0
"edgar barber shop",0,2,0.00,28.0
"edgar barbershop",0,1,0.00,31.0
"edgars barber shop",0,2,0.00,16.5
"edge control",0,14,0.00,7.1
"edge hair",0,1,0.00,7.0
"edge salon",0,1,0.00,12.0
"edge wise barber shop",0,4,0.00,6.8
"edge.wise barber shop & braiding salon - san bernardino",0,21,0.00,8.0
"edgewise barbershop",0,18,0.00,8.7
"edhair",0,2,0.00,46.5
"edit a tigi salon",0,1,0.00,8.0
"edit beauty salon",0,1,0.00,10.0
"edit hair salon",0,1,0.00,7.0
"edit salon",0,26,0.00,7.1
"edit salon photos",0,4,0.00,9.0
"edit salon reviews",0,3,0.00,10.7
"edit salon sugar land",0,12,0.00,7.8
"editor salon",0,1,0.00,33.0
"editorial hair",0,3,0.00,19.3
"edo hair",0,7,0.00,9.1
"edo salon",0,2,0.00,13.0
"edo salon reviews",0,24,0.00,8.9
"edo salon san francisco",0,1,0.00,7.0
"edo salon sf",0,2,0.00,11.5
"edo san francisco",0,2,0.00,6.5
"eds hair salon",0,1,0.00,37.0
"edu beauty salon",0,3,0.00,6.0
"edu hair salon",0,3,0.00,5.0
"edu salon",0,1,0.00,3.0
"eduard jorj salon",0,1,0.00,11.0
"education lxs",0,5,0.00,9.4
"edward hair",0,1,0.00,12.0
"edward hair salon",0,1,0.00,12.0
"edward james salon",0,1,0.00,43.0
"edward salon",0,3,0.00,32.3
"edward studio",0,1,0.00,3.0
"edwards barber",0,13,0.00,7.5
"edwards barbershop",0,1,0.00,24.0
"edwards hair salon",0,1,0.00,43.0
"edwards salon",0,1,0.00,45.0
"effortless look",0,2,0.00,45.5
"ego hair salon",0,20,0.00,7.4
"ego salon",0,8,0.00,5.9
"eiddo nail polish",0,2,0.00,5.5
"eighty three 0 eight salon",0,1,0.00,10.0
"eighty three 0 eight salon reviews",0,2,0.00,6.0
"ej barber shop",0,1,0.00,4.0
"ej beauty",0,9,0.00,12.9
"ej beauty supply",0,64,0.00,10.2
"ej beauty supply 9",0,21,0.00,3.7
"ej beauty supply fry rd",0,25,0.00,6.6
"ej beauty supply houston",0,12,0.00,13.9
"ej beauty supply katy",0,47,0.00,3.2
"ej beauty supply veterans memorial",0,5,0.00,4.0
"ej hair and beauty",0,1,0.00,10.0
"ejs beauty supply",0,7,0.00,10.9
"el barbero",0,11,0.00,4.1
"el barbero dallas barber lounge",0,15,0.00,8.3
"el camerino salon",0,1,0.00,5.0
"el camino barber shop",0,1,0.00,11.0
"el catracho barber shop",0,21,0.00,8.8
"el chino barber",0,3,0.00,3.0
"el dominicano barber",0,1,0.00,11.0
"el dominicano barber shop",0,1,0.00,5.0
"el encanto hair salon",0,1,0.00,33.0
"el hispano beauty salon",0,6,0.00,3.3
"el imperio barber shop",0,4,0.00,3.8
"el lago studio",0,12,0.00,6.8
"el mambo barbershop",0,46,0.00,8.8
"el mambo barbershop garland",0,5,0.00,8.6
"el mambo barbershop reviews",0,7,0.00,7.4
"el milagro hair salon #2",0,1,0.00,13.0
"el padrino barber",0,1,0.00,10.0
"el padrino barber shop",0,16,0.00,9.9
"el padrino barbershop",0,42,0.00,9.9
"el padrino barbershop houston",0,4,0.00,10.8
"el paso beauty and barber academy",0,1,0.00,10.0
"el paso beauty and barber academy reviews",0,5,0.00,10.4
"el paso community college cosmetology",0,6,0.00,8.5
"el paso hair salon",0,1,0.00,1.0
"el patio barber",0,9,0.00,9.3
"el patio barber shop",0,61,0.00,7.1
"el patio barbershop",0,70,0.00,7.7
"el patio barbershop photos",0,3,0.00,7.0
"el patio barbershop reviews",0,5,0.00,6.0
"el pipo barber college",0,10,0.00,9.7
"el primo barber",0,1,0.00,3.0
"el primo barbershop",0,1,0.00,2.0
"el primo hair salon",0,10,0.00,4.1
"el salon",0,4,0.00,9.5
"el salon de belleza",0,1,0.00,26.0
"el sol salon",0,2,0.00,12.0
"el y ella beauty salon",0,1,0.00,4.0
"el y ella salon",0,5,0.00,6.6
"el y ella salon de belleza",0,2,0.00,5.5
"elaine hair salon",0,1,0.00,49.0
"elaine's beauty salon",0,1,0.00,44.0
"elaine's hair salon",0,2,0.00,24.5
"elaine's hair studio",0,1,0.00,12.0
"elan beaut",0,2,0.00,1.0
"elan beaute",0,105,0.00,1.0
"elan beaute & supplies",0,1,0.00,1.0
"elan beaute and supplies",0,20,0.00,1.0
"elan beaute dallas",0,19,0.00,2.4
"elan beaute lash course",0,2,0.00,4.5
"elan beauty",0,1,0.00,7.0
"elan beauty supply",0,2,0.00,5.0
"elan hair salon",0,1,0.00,10.0
"elan lash lift",0,1,0.00,5.0
"elan lash supplies",0,6,0.00,2.0
"elan lash supply",0,1,0.00,2.0
"elan lash trays",0,1,0.00,6.0
"elan lashes",0,6,0.00,2.0
"elanbeaute",0,6,0.00,2.0
"electric avenue salon",0,25,0.00,3.7
"electric beauty salon",0,2,0.00,13.0
"electric hair",0,1,0.00,10.0
"electric salon",0,1,0.00,4.0
"electro galvanized nails",0,1,0.00,10.0
"elegance barber & styling academy",0,10,0.00,8.1
"elegance barber supply",0,6,0.00,1.0
"elegance beauty store",0,1,0.00,21.0
"elegance beauty supplies",0,1,0.00,27.0
"elegance beauty supply",0,27,0.00,19.1
"elegance beauty supply near me",0,1,0.00,12.0
"elegance hair salon",0,12,0.00,1.1
"elegance hair salon arabic barber shop حلاق عربي هيوستن تكساس reviews",0,12,0.00,7.3
"elegance hair salon houston",0,35,0.00,2.6
"elegance hair store",0,2,0.00,21.5
"elegance haircut",0,11,0.00,1.0
"elegance laser",0,1,0.00,1.0
"elegance salon and spa",0,1,0.00,8.0
"elegant barber",0,1,0.00,3.0
"elegant barber zone",0,179,0.00,1.7
"elegant barberzone",0,6,0.00,1.0
"elegant beauty hair store",0,1,0.00,24.0
"elegant beauty salon",0,13,0.00,13.7
"elegant beauty salon & spa",0,1,0.00,36.0
"elegant beauty spa",0,1,0.00,11.0
"elegant beauty spalon",0,1,0.00,36.0
"elegant beauty store",0,3,0.00,22.3
"elegant beauty supplies",0,5,0.00,20.8
"elegant beauty supplies super center",0,1,0.00,24.0
"elegant beauty supplies superstore",0,1,0.00,32.0
"elegant beauty supplies superstores",0,3,0.00,26.0
"elegant beauty supply",0,26,0.00,20.0
"elegant beauty supply locations",0,1,0.00,16.0
"elegant beauty supply plantation",0,3,0.00,19.3
"elegant beauty supply store",0,3,0.00,13.3
"elegant beauty supply store near me",0,1,0.00,4.0
"elegant fade barbershop",0,6,0.00,2.8
"elegant hair salon",0,3,0.00,8.0
"elegant hair spa salon",0,1,0.00,16.0
"elegant hair store",0,1,0.00,24.0
"elegant salon",0,8,0.00,7.6
"elegant salon and spa",0,33,0.00,4.9
"elegant salon near me",0,1,0.00,6.0
"elegant salon spa",0,3,0.00,28.7
"elegant spa",0,3,0.00,10.0
"elegant supply",0,2,0.00,18.0
"elegant zone",0,2,0.00,1.0
"elegante salon",0,1,0.00,7.0
"elegante salon & day spa",0,2,0.00,22.0
"elegante salon and spa",0,1,0.00,32.0
"elektra hair studio",0,1,0.00,66.0
"element beauty supply",0,2,0.00,11.0
"elements beauty supply",0,1,0.00,19.0
"elementz barber",0,1,0.00,46.0
"elev8 barber studio",0,1,0.00,10.0
"elev8 hair",0,2,0.00,8.0
"elevate barber shop",0,1,0.00,6.0
"elevate barber shop beaumont",0,13,0.00,6.5
"elevate barber studio",0,1,0.00,10.0
"elevate barber studio frisco",0,4,0.00,7.8
"elevate barbershop",0,30,0.00,7.8
"elevate beauty",0,1,0.00,9.0
"elevate hair",0,1,0.00,12.0
"elevate hair lounge",0,1,0.00,12.0
"elevate hair parlour",0,3,0.00,8.0
"elevate hair salon",0,31,0.00,8.3
"elevate hair salon dallas",0,3,0.00,5.7
"elevate hair salon katy",0,28,0.00,8.5
"elevate hair salon katy reviews",0,18,0.00,10.4
"elevate hair salon reviews",0,1,0.00,8.0
"elevate hair studio",0,4,0.00,8.3
"elevate haircut",0,2,0.00,7.0
"elevate salon",0,9,0.00,6.8
"elevate salon studio",0,2,0.00,8.0
"elevate salon studios",0,1,0.00,8.0
"elevated barber",0,3,0.00,1.0
"elevated barber studio",0,7,0.00,1.0
"elevated barber studio atx",0,2,0.00,11.0
"elevated barbershop",0,5,0.00,8.8
"elevated cuts",0,1,0.00,9.0
"elevated cuts barber shop",0,1,0.00,9.0
"elevated cuts lubbock",0,2,0.00,10.0
"elevation salon",0,2,0.00,6.0
"elevations hair salon",0,1,0.00,43.0
"elevations hair studio",0,1,0.00,34.0
"elevations salon",0,17,0.00,8.2
"elevations salon plano",0,14,0.00,6.4
"eleven & co",0,3,0.00,9.0
"eleven and co",0,4,0.00,10.8
"eleven eleven hair",0,2,0.00,6.5
"eleven eleven hair studio",0,2,0.00,7.0
"eleven hair salon",0,1,0.00,38.0
"eleven hair studio",0,1,0.00,15.0
"elevn elevn kutz",0,1,0.00,45.0
"elf hair products",0,1,0.00,8.0
"elham beauty salon",0,2,0.00,6.0
"elham salon",0,6,0.00,5.8
"elhams",0,1,0.00,6.0
"eli beauty supply",0,1,0.00,6.0
"eli's beauty",0,1,0.00,43.0
"eli's hair and beauty",0,2,0.00,36.0
"elian beauty",0,1,0.00,1.0
"eliana beauty salon",0,1,0.00,13.0
"eliana salon",0,4,0.00,11.8
"eliana's",0,5,0.00,8.4
"elianas",0,1,0.00,14.0
"elianas hair",0,2,0.00,10.0
"elianas hair routine",0,5,0.00,8.8
"elianas hair salon",0,1,0.00,7.0
"elianas salon",0,14,0.00,7.6
"eliana’s",0,1,0.00,7.0
"elias barber shop",0,2,0.00,18.5
"elida",0,9,0.00,6.8
"elida hair salon",0,3,0.00,4.7
"elida salon",0,1,0.00,4.0
"elida's",0,4,0.00,15.0
"elida.",0,1,0.00,13.0
"elidas",0,2,0.00,11.0
"elidas hair salon",0,3,0.00,4.7
"elie barber shop",0,1,0.00,43.0
"elis beauty salon",0,3,0.00,34.0
"elisa beauty salon",0,3,0.00,7.3
"elisa hair salon",0,1,0.00,9.0
"elite babershop",0,1,0.00,5.0
"elite barber",0,5,0.00,8.0
"elite barber and salon supplies",0,1,0.00,19.0
"elite barber college",0,11,0.00,11.0
"elite barber company",0,55,0.00,9.6
"elite barber company kemah",0,4,0.00,8.3
"elite barber institute",0,2,0.00,8.5
"elite barber institute llc",0,2,0.00,9.0
"elite barber parlor",0,20,0.00,13.0
"elite barber parlour",0,137,0.00,8.0
"elite barber parlour reviews",0,20,0.00,8.9
"elite barber school",0,7,0.00,14.3
"elite barber shop",0,122,0.00,7.9
"elite barber supply",0,6,0.00,7.5
"elite barbershop",0,45,0.00,7.7
"elite barbershop brownsville",0,2,0.00,9.5
"elite barbershop hewitt",0,6,0.00,10.5
"elite barbershop waco",0,23,0.00,9.2
"elite barbershop | حلاق عربي هيوستن",0,3,0.00,9.3
"elite beauty academy",0,12,0.00,9.7
"elite beauty academy reviews",0,3,0.00,6.0
"elite blendz",0,1,0.00,12.0
"elite blendz barber shop",0,1,0.00,25.0
"elite cosmetology",0,9,0.00,11.1
"elite cosmetology license renewal texas",0,3,0.00,35.3
"elite hair",0,2,0.00,14.5
"elite hair and beauty",0,1,0.00,10.0
"elite hair design",0,1,0.00,5.0
"elite hair salon",0,3,0.00,9.0
"elite hair studio",0,29,0.00,50.4
"elite hair studio and spa",0,1,0.00,57.0
"elite hairdressing",0,1,0.00,49.0
"elite nails baytown",0,3,0.00,8.0
"elite nailz",0,5,0.00,6.2
"elite nailz and spa",0,3,0.00,4.7
"elite nailz and spa baytown reviews",0,1,0.00,3.0
"elite parlour",0,3,0.00,8.3
"elite professional hair",0,1,0.00,36.0
"elite salon distributors",0,1,0.00,11.0
"elite salon near me",0,1,0.00,11.0
"elite salons and spas",0,1,0.00,9.0
"elite school of cosmetology",0,1,0.00,6.0
"elite stylez",0,1,0.00,23.0
"elite stylez barbershop",0,1,0.00,9.0
"elite stylez barbershop reviews",0,2,0.00,8.0
"elite stylez hair studio",0,6,0.00,9.7
"elite the hair studio",0,2,0.00,35.0
"elitelearning com cosmetology texas",0,1,0.00,48.0
"elitesalon",0,1,0.00,11.0
"eliz hair salon",0,2,0.00,8.5
"eliza beauty salon",0,2,0.00,17.5
"eliza close",0,1,0.00,8.0
"eliza hair salon",0,2,0.00,12.0
"elizabeth krikstan",0,1,0.00,18.0
"elizabeth salon",0,2,0.00,5.5
"elizabeth white leo s beauty institute",0,1,0.00,14.0
"elizabeths barbershop",0,1,0.00,9.0
"elizabeths hair salon",0,4,0.00,4.0
"ell salon",0,7,0.00,8.3
"ella and oak",0,10,0.00,7.4
"ella and oak salon",0,26,0.00,8.0
"ella and oak salon reviews",0,12,0.00,8.8
"ella beauty studio",0,1,0.00,56.0
"ella beauty supply",0,14,0.00,4.5
"ella coiffure",0,2,0.00,8.0
"ella hair products",0,1,0.00,14.0
"ella salon",0,2,0.00,9.0
"elle and co",0,1,0.00,6.0
"elle beauty academy",0,1,0.00,8.0
"elle beauty academy longview tx",0,2,0.00,13.0
"elle beauty salon",0,41,0.00,31.8
"elle hair",0,52,0.00,49.5
"elle hair design",0,2,0.00,32.5
"elle hair salon",0,52,0.00,45.1
"elle hair studio",0,44,0.00,55.2
"elle hairdressers",0,2,0.00,36.5
"elle llc",0,1,0.00,22.0
"elle salon",0,16,0.00,19.9
"elle salon and spa",0,3,0.00,8.7
"elle salon camp hill",0,2,0.00,33.0
"elle salon inc",0,1,0.00,33.0
"elle salon ltd",0,1,0.00,16.0
"elle salon near me",0,52,0.00,46.2
"elle salon north",0,1,0.00,25.0
"elle salon reviews",0,1,0.00,21.0
"elle salon suites",0,1,0.00,8.0
"elle's",0,2,0.00,9.5
"elle's beauty academy",0,23,0.00,8.9
"elle's beauty salon",0,2,0.00,29.0
"elle's hair studio",0,2,0.00,32.0
"elle's salon",0,4,0.00,21.5
"ellen beauty salon",0,1,0.00,2.0
"ellen hair salon",0,3,0.00,8.0
"elles beauty academy",0,12,0.00,7.4
"elles hair",0,1,0.00,11.0
"elles hair design",0,1,0.00,35.0
"elles hair salon",0,7,0.00,26.0
"elles hair studio",0,1,0.00,9.0
"elles salon",0,2,0.00,23.0
"ellesalon",0,2,0.00,27.5
"elli salon",0,2,0.00,6.0
"ellia coiffure",0,5,0.00,7.0
"ellie salon",0,2,0.00,6.5
"ellie's beauty salon",0,1,0.00,44.0
"ellie's salon",0,1,0.00,40.0
"ellys brows and beauty",0,1,0.00,48.0
"elohim barber",0,11,0.00,10.9
"elohim barber shop",0,22,0.00,9.6
"elohim barbershop",0,4,0.00,10.3
"eloisa",0,2,0.00,1.0
"eloisa beauty salon",0,1,0.00,1.0
"eloisa hair salon",0,10,0.00,1.2
"eloisa salon",0,1,0.00,1.0
"eloisa's",0,1,0.00,1.0
"eloisa's beauty salon",0,8,0.00,1.0
"eloisas",0,2,0.00,1.0
"eloisas beauty salon",0,2,0.00,6.0
"elsa beauty salon",0,19,0.00,3.7
"elsa hair salon",0,1,0.00,19.0
"elsa salon",0,1,0.00,29.0
"elsa's beauty salon",0,5,0.00,6.2
"elsas beauty salon",0,2,0.00,6.0
"elsas hair salon",0,1,0.00,1.0
"elsas international beauty salon",0,1,0.00,12.0
"elsas salon",0,1,0.00,12.0
"elux nail spa",0,7,0.00,10.0
"eluxe nail salon",0,1,0.00,10.0
"eluxe nails league city",0,2,0.00,9.0
"elva hair salon",0,1,0.00,89.0
"elvia's",0,1,0.00,83.0
"elvias",0,2,0.00,8.5
"elvias beauty salon",0,6,0.00,5.2
"elvias salon",0,1,0.00,4.0
"elvira beauty salon",0,8,0.00,13.8
"elvira hair salon",0,1,0.00,12.0
"elvira salon",0,1,0.00,5.0
"elvira's hair salon",0,2,0.00,5.0
"elviras hairlounge",0,1,0.00,7.0
"elviras salon",0,1,0.00,5.0
"ely beauty",0,2,0.00,18.0
"ely beauty salon",0,1,0.00,13.0
"ely hair salon",0,1,0.00,17.0
"ely luna beauty salon conroe",0,1,0.00,12.0
"ely salon",0,5,0.00,10.8
"ely's beauty salon",0,1,0.00,9.0
"ely-beauty.com",0,3,0.00,19.0
"elys beauty salon",0,8,0.00,8.4
"elys hair salon",0,2,0.00,6.0
"elys salon",0,1,0.00,13.0
"elévate hair parlour",0,2,0.00,4.0
"em hair salon",0,1,0.00,27.0
"em hair studio",0,1,0.00,5.0
"em lash",0,7,0.00,11.0
"em lash studio",0,15,0.00,10.2
"em lash studio alvin",0,1,0.00,28.0
"em lash studio cypress",0,1,0.00,24.0
"em lash studio houston",0,6,0.00,9.3
"em lash studio in walmart",0,1,0.00,10.0
"em lash studio katy",0,4,0.00,1.0
"em lash studio missouri city",0,1,0.00,29.0
"em lash studio photos",0,3,0.00,12.7
"em lash studio richmond reviews",0,1,0.00,11.0
"em lash studio walmart",0,21,0.00,9.5
"em lash walmart",0,1,0.00,26.0
"em lashes",0,1,0.00,31.0
"em lashes walmart",0,2,0.00,27.0
"em nails lash",0,1,0.00,56.0
"em salon",0,4,0.00,11.0
"em studio",0,3,0.00,13.0
"em studio walmart",0,1,0.00,9.0
"ema monomer near me",0,1,0.00,3.0
"eman barber",0,2,0.00,6.0
"emanuel salon",0,5,0.00,9.0
"embassy of beauty",0,1,0.00,7.0
"embassy+haircare",0,1,0.00,3.0
"embassy+salon",0,3,0.00,9.3
"embee salon",0,1,0.00,33.0
"embellish hair salon",0,2,0.00,7.0
"embellish hair studio",0,8,0.00,9.1
"embellish hair studio reviews",0,2,0.00,11.0
"embody beauty studio",0,1,0.00,17.0
"embody hair salon",0,3,0.00,7.7
"embody salon",0,28,0.00,7.1
"embody salon houston",0,1,0.00,8.0
"embody salon photos",0,5,0.00,11.0
"embody salon reviews",0,4,0.00,10.8
"embody spa",0,1,0.00,10.0
"eme barbers",0,1,0.00,68.0
"emely salon",0,1,0.00,12.0
"emelys beauty salon",0,4,0.00,4.3
"emelys salon",0,1,0.00,7.0
"emena gel polish",0,1,0.00,10.0
"emg salon",0,1,0.00,56.0
"emilia",0,1,0.00,13.0
"emilia salon",0,3,0.00,19.3
"emilias salon",0,1,0.00,8.0
"emily beauty salon",0,3,0.00,22.7
"emily hair salon",0,7,0.00,7.0
"emily salon",0,2,0.00,9.5
"emily tryon",0,1,0.00,9.0
"emily's barber shop",0,1,0.00,32.0
"emily's beauty salon",0,1,0.00,11.0
"emily's hair salon",0,12,0.00,5.9
"emily's hairdressing",0,1,0.00,11.0
"emily's salon",0,1,0.00,7.0
"emily's salon and barber shop",0,2,0.00,34.0
"emilys hair salon",0,5,0.00,36.6
"emilys salon",0,1,0.00,4.0
"eminar beauty supply",0,1,0.00,16.0
"eminence barber academy",0,1,0.00,24.0
"eminence barber academy reviews",0,1,0.00,9.0
"eminence hair design & spa",0,2,0.00,41.5
"emlash katy",0,8,0.00,1.0
"emlash studio katy",0,9,0.00,1.0
"emlash studio walmart",0,1,0.00,25.0
"emma beauty supply",0,4,0.00,7.8
"emma beauty supply superstore",0,1,0.00,6.0
"emma perfume",0,2,0.00,8.0
"emmanuel barber shop",0,2,0.00,7.5
"emmanuel barbershop",0,2,0.00,24.0
"emmanuel beauty salon",0,3,0.00,8.0
"emmanuel hair salon",0,5,0.00,9.0
"emmanuel salon",0,18,0.00,8.6
"emmanuel salon reviews",0,10,0.00,9.3
"emmanuel salon sugar land",0,2,0.00,7.5
"emmanuel salon sugar land tx",0,1,0.00,5.0
"emmanuel's hair salon",0,3,0.00,8.7
"emmas beauty supply",0,1,0.00,10.0
"empire 30",0,1,0.00,3.0
"empire barber",0,1,0.00,7.0
"empire barber club",0,2,0.00,5.0
"empire barber shop",0,6,0.00,6.5
"empire barber supply",0,1,0.00,10.0
"empire barbershop",0,24,0.00,10.3
"empire barbershop oxnard",0,10,0.00,10.4
"empire beauty",0,6,0.00,5.2
"empire beauty academy paris tx",0,13,0.00,7.6
"empire beauty hair store",0,1,0.00,16.0
"empire beauty hours",0,1,0.00,5.0
"empire beauty pacific beach",0,18,0.00,10.4
"empire beauty school",0,1,0.00,8.0
"empire beauty shop",0,1,0.00,20.0
"empire beauty store",0,7,0.00,27.3
"empire beauty supplies",0,2,0.00,29.5
"empire beauty supply",0,194,0.00,9.0
"empire beauty supply hair",0,2,0.00,7.5
"empire beauty supply houston",0,7,0.00,14.7
"empire beauty supply humble tx",0,4,0.00,6.5
"empire beauty supply near me",0,7,0.00,12.0
"empire beauty supply san diego",0,3,0.00,7.0
"empire beauty supply store",0,4,0.00,12.8
"empire boho hair",0,1,0.00,5.0
"empire bulk boho hair",0,2,0.00,4.5
"empire bulk human hair",0,1,0.00,5.0
"empire bundle",0,1,0.00,10.0
"empire bundles near me",0,3,0.00,35.7
"empire clothes",0,1,0.00,5.0
"empire costumes",0,1,0.00,4.0
"empire hair",0,2,0.00,9.5
"empire hair & beauty supply",0,7,0.00,42.6
"empire hair 20 inch",0,1,0.00,7.0
"empire hair and beauty",0,1,0.00,54.0
"empire hair and beauty west",0,1,0.00,33.0
"empire hair bundles",0,3,0.00,5.3
"empire hair bundles near me",0,1,0.00,22.0
"empire hair institute",0,34,0.00,6.7
"empire hair near me",0,4,0.00,11.0
"empire hair store",0,9,0.00,17.6
"empire hair store near me",0,15,0.00,29.3
"empire human hair bulk",0,1,0.00,4.0
"empire pack hair near me",0,7,0.00,51.6
"empire the beauty palace",0,1,0.00,23.0
"empire water wave bulk",0,1,0.00,1.0
"emporium barbershop",0,1,0.00,50.0
"emporium beauty supply",0,1,0.00,24.0
"emporium hair & beauty studio reviews",0,4,0.00,5.0
"emporium hair salon",0,3,0.00,9.3
"empower beauty school",0,2,0.00,7.0
"empower health & aesthetic institute",0,10,0.00,8.6
"empower health and aesthetic institute",0,39,0.00,8.2
"empower institute",0,4,0.00,8.8
"empower salon",0,1,0.00,43.0
"empress hair salon",0,1,0.00,58.0
"ems barber",0,1,0.00,42.0
"en hair salon",0,1,0.00,9.0
"en irving texas",0,1,0.00,5.0
"enas salon",0,1,0.00,42.0
"encanto beauty",0,3,0.00,10.0
"encanto beauty salon",0,22,0.00,8.4
"encanto beauty studio",0,16,0.00,8.4
"encanto hair",0,2,0.00,34.5
"encanto hair salon",0,4,0.00,10.0
"encanto nails",0,1,0.00,8.0
"encanto salon",0,2,0.00,7.5
"endless beauty salon",0,4,0.00,8.0
"endless beauty salon and barbershop",0,21,0.00,10.4
"eno hair",0,1,0.00,2.0
"enriched barber studio",0,37,0.00,9.1
"enstyle academy",0,16,0.00,4.8
"enstyle beauty academy",0,55,0.00,5.9
"enstyle beauty academy reviews",0,10,0.00,6.3
"enstyle lash",0,23,0.00,9.6
"enterprise barbershop",0,1,0.00,42.0
"envision barber shop",0,1,0.00,50.0
"envision salon hair studio",0,2,0.00,46.0
"envy salon",0,4,0.00,36.5
"ep beauty",0,3,0.00,8.3
"ep beauty supply",0,9,0.00,7.4
"ep beauty supply el paso",0,1,0.00,8.0
"ep beauty supply photos",0,1,0.00,21.0
"ep beauty supply reviews",0,2,0.00,7.0
"ep supply",0,2,0.00,8.0
"epbeauty",0,6,0.00,10.7
"epcc cosmetology program",0,8,0.00,8.4
"epcc cosmetology program & salon",0,8,0.00,8.5
"epic barber college",0,18,0.00,9.6
"epic barber school",0,21,0.00,9.5
"era hair salon",0,1,0.00,27.0
"era salon",0,11,0.00,6.5
"era salon dallas",0,15,0.00,6.1
"era salon dallas tx",0,1,0.00,4.0
"era salon photos",0,1,0.00,9.0
"eric perez salon",0,25,0.00,7.6
"eric salon",0,2,0.00,16.0
"eric studio",0,2,0.00,53.5
"erica beauty salon",0,1,0.00,4.0
"erica near me",0,1,0.00,30.0
"erica's beauty salon",0,2,0.00,10.0
"erica's salon",0,3,0.00,3.0
"ericas salon",0,1,0.00,8.0
"ericka j glue near me",0,1,0.00,28.0
"ericka's",0,1,0.00,14.0
"erika beauty salon",0,8,0.00,10.0
"erika hair",0,1,0.00,24.0
"erika hair salon",0,6,0.00,10.3
"erika hair studio",0,3,0.00,25.0
"erika hair stylist",0,1,0.00,9.0
"erika salon",0,7,0.00,4.1
"erika's barber shop",0,1,0.00,9.0
"erika's beauty",0,2,0.00,19.5
"erika's beauty salon",0,5,0.00,8.2
"erika's hair salon",0,10,0.00,8.8
"erika's hair studio",0,1,0.00,17.0
"erikas beauty salon",0,5,0.00,6.0
"erikas hair salon",0,2,0.00,5.0
"erikas salon",0,4,0.00,7.5
"erma salon",0,1,0.00,4.0
"ermes hair",0,1,0.00,5.0
"ernesto barber shop",0,1,0.00,34.0
"ernesto's barber",0,2,0.00,19.0
"ernesto's barber shop",0,3,0.00,29.0
"ernesto's barbershop",0,1,0.00,31.0
"ernie's barber shop glendale",0,8,0.00,10.5
"eros beauty salon",0,1,0.00,17.0
"eros hair salon",0,3,0.00,14.0
"eros hoston",0,1,0.00,12.0
"eros hosuton",0,1,0.00,15.0
"eros hou",0,2,0.00,13.0
"eros hours",0,1,0.00,11.0
"eros houston",0,14,0.00,12.4
"eros nails",0,1,0.00,10.0
"eros pearland",0,1,0.00,28.0
"eros salon",0,2,0.00,7.5
"eros salon & spa",0,1,0.00,25.0
"eros-houston",0,1,0.00,18.0
"eros.houston",0,1,0.00,10.0
"erskine reeves barber academy",0,1,0.00,73.0
"es barber shop",0,2,0.00,10.5
"esau barber",0,2,0.00,5.5
"escape salon sherman tx",0,3,0.00,6.0
"esco barber",0,1,0.00,12.0
"escuela barberia cerca de mi",0,1,0.00,1.0
"escuela de barberia near me",0,2,0.00,1.0
"escuela de barbería cerca de mi",0,5,0.00,7.8
"escuela de barbería cerca de mí",0,1,0.00,1.0
"escuela de belleza cerca de mi",0,1,0.00,7.0
"escuela de belleza cerca de mi en español",0,1,0.00,1.0
"escuela de manicurista cerca de mi",0,1,0.00,1.0
"escuela de vogue",0,1,0.00,7.0
"escuelas de barbería",0,1,0.00,10.0
"escuelas de cosmetología cerca de mi",0,1,0.00,7.0
"escuelas de estetica",0,1,0.00,3.0
"escuelas de esteticista cerca de mi",0,1,0.00,1.0
"escuelas de estilismo cerca de mi",0,1,0.00,2.0
"esme hair salon",0,3,0.00,2.7
"esme salon",0,1,0.00,1.0
"esme studio",0,1,0.00,12.0
"esme's hair salon",0,2,0.00,5.5
"esmeralda beauty",0,21,0.00,4.6
"esmeralda beauty salon",0,1,0.00,25.0
"esmeralda beauty supply",0,8,0.00,7.4
"esmeralda's beauty",0,7,0.00,4.6
"esmeralda's beauty salon",0,1,0.00,11.0
"esmeraldas beauty",0,7,0.00,13.0
"esmeraldas beauty salon",0,1,0.00,27.0
"esmeraldas beauty supply",0,18,0.00,3.9
"esmeraldas stockton",0,18,0.00,6.4
"esmies creations",0,1,0.00,7.0
"esperanza salon",0,10,0.00,4.0
"essence beauty supply",0,65,0.00,12.5
"essence beauty supply near me",0,2,0.00,9.5
"essence beauty supply oakland",0,5,0.00,6.6
"essence beauty supply photos",0,3,0.00,8.0
"essence hair",0,1,0.00,7.0
"essence hair and beauty",0,5,0.00,6.6
"essence hair design & beauty",0,12,0.00,6.6
"essence hair design & beauty photos",0,1,0.00,5.0
"essence hair design & beauty reviews",0,1,0.00,4.0
"essence hair salon",0,2,0.00,5.0
"essence of beauty salon",0,1,0.00,12.0
"essensuals by toni",0,1,0.00,29.0
"essential beauty",0,1,0.00,5.0
"essential beauty baytown",0,3,0.00,9.0
"essential beauty supply",0,10,0.00,8.5
"essential beauty supply baytown",0,7,0.00,8.0
"essential besuty",0,1,0.00,6.0
"essential cutz barbershop",0,1,0.00,39.0
"essentials beauty",0,3,0.00,8.0
"essentials beauty supply",0,1,0.00,9.0
"establishment license",0,31,0.00,19.9
"establishment license application",0,1,0.00,43.0
"establishment license cosmetology",0,2,0.00,11.0
"establishment license for salon",0,1,0.00,9.0
"establishment license meaning",0,3,0.00,11.0
"estela beauty salon",0,2,0.00,1.0
"estetica aguilar",0,1,0.00,3.0
"estetica cerca de mi",0,5,0.00,1.0
"estetica isabel",0,1,0.00,6.0
"estetica super kuts",0,21,0.00,7.5
"estetica vip",0,2,0.00,4.0
"esteticas cerca de mi",0,2,0.00,1.5
"esther beauty salon",0,5,0.00,9.4
"esther beauty supply",0,9,0.00,9.1
"esther hair salon",0,2,0.00,14.5
"esther hair studio",0,1,0.00,6.0
"esther salon",0,1,0.00,35.0
"esther's beauty salon",0,2,0.00,17.0
"esther's beauty supply",0,23,0.00,7.0
"esther's hair salon",0,1,0.00,18.0
"estheri's beauty supply friendswood",0,14,0.00,7.9
"esthetician advanced exam kit",0,1,0.00,35.0
"esthetician certification",0,1,0.00,3.0
"esthetician colleges near me",0,1,0.00,1.0
"esthetician hours in texas",0,9,0.00,45.1
"esthetician licence renewal",0,5,0.00,71.2
"esthetician license near me",0,1,0.00,7.0
"esthetician license renewal",0,4,0.00,53.8
"esthetician program",0,1,0.00,1.0
"esthetician program groveton",0,2,0.00,13.0
"esthetician programs near me",0,1,0.00,10.0
"esthetician programs sugar land",0,1,0.00,20.0
"esthetician school allen tx",0,3,0.00,28.0
"esthetician school amarillo tx",0,6,0.00,28.7
"esthetician school arlington",0,1,0.00,44.0
"esthetician school arlington tx",0,1,0.00,30.0
"esthetician school bakersfield ca",0,1,0.00,25.0
"esthetician school beaumont tx",0,1,0.00,83.0
"esthetician school dallas",0,1,0.00,1.0
"esthetician school fair oaks",0,8,0.00,30.5
"esthetician school fort worth",0,3,0.00,54.7
"esthetician school fresno",0,2,0.00,32.0
"esthetician school houston",0,1,0.00,53.0
"esthetician school in amarillo",0,23,0.00,29.1
"esthetician school in san antonio",0,2,0.00,37.5
"esthetician school katy",0,13,0.00,21.5
"esthetician school lewisville tx",0,4,0.00,18.5
"esthetician school mckinney",0,1,0.00,10.0
"esthetician school merced ca",0,2,0.00,12.0
"esthetician school near me",0,8,0.00,2.0
"esthetician school new braunfels",0,3,0.00,11.7
"esthetician school sacramento",0,2,0.00,65.5
"esthetician school san antonio tx",0,1,0.00,43.0
"esthetician school santa rosa",0,1,0.00,25.0
"esthetician school stockton",0,1,0.00,3.0
"esthetician school sugar land texas",0,20,0.00,22.3
"esthetician school sugar land tx",0,19,0.00,24.2
"esthetician school tyler tx",0,3,0.00,31.7
"esthetician school vacaville",0,3,0.00,27.7
"esthetician school whitehouse",0,8,0.00,10.3
"esthetician schoolfresno ca",0,4,0.00,21.3
"esthetician schools allen tx",0,3,0.00,37.3
"esthetician schools in lubbock texas",0,1,0.00,32.0
"esthetician schools in san antonio",0,1,0.00,41.0
"esthetician schools in sugar land tx",0,16,0.00,19.6
"esthetician schools lewisville tx",0,5,0.00,16.6
"esthetician schools san antonio",0,4,0.00,64.5
"esthetician schools sugar land",0,7,0.00,20.3
"esthetician sugar land",0,1,0.00,1.0
"esthetician suites for rent houston",0,1,0.00,55.0
"esthetician suites plano",0,3,0.00,40.0
"esthetician supply store near me",0,1,0.00,1.0
"esthetician texas state board exam",0,1,0.00,43.0
"esthetician training arlington",0,1,0.00,66.0
"esthetician training el paso",0,2,0.00,61.0
"esthetician training fresno ca",0,2,0.00,40.0
"esthetician training san diego",0,43,0.00,45.7
"esthetics business building",0,2,0.00,70.5
"esthetics license renewal",0,1,0.00,69.0
"esthetics school near me",0,2,0.00,11.5
"esthetics school whitehouse",0,9,0.00,10.6
"esti project",0,10,0.00,4.5
"estilistas cerca de mi",0,4,0.00,16.0
"estilo hair salon",0,2,0.00,8.0
"estilo salon",0,2,0.00,7.5
"estilo salon & spa",0,2,0.00,18.0
"estilo salon and spa",0,2,0.00,7.0
"estilo salon houston",0,7,0.00,8.9
"estilo spa",0,1,0.00,8.0
"estrella barber shop",0,5,0.00,7.2
"estrella beauty salon",0,6,0.00,11.5
"estrella hair salon",0,4,0.00,14.3
"estrella salon",0,1,0.00,3.0
"estrellas salon",0,2,0.00,4.0
"estylo salon",0,1,0.00,6.0
"estética irma",0,1,0.00,17.0
"etae hair products near me",0,1,0.00,51.0
"etc hair salon",0,4,0.00,1.0
"etele barbershop",0,1,0.00,19.0
"eternal beauty salon",0,8,0.00,11.5
"eternal salon",0,2,0.00,8.0
"eternal salon and medspa",0,2,0.00,31.5
"eternal salon and spa",0,1,0.00,27.0
"etlee perfume",0,1,0.00,8.0
"euclid beauty supply",0,1,0.00,9.0
"eudys barber shop",0,4,0.00,6.5
"euphoria hair studio",0,2,0.00,10.0
"euphoria hair studio sugar land",0,6,0.00,8.5
"euphoria salon sugar land",0,2,0.00,10.0
"eustace barber college",0,1,0.00,12.0
"eva beauty",0,9,0.00,11.0
"eva beauty salon",0,32,0.00,8.3
"eva beauty salon houston",0,21,0.00,10.0
"eva beauty salon photos",0,5,0.00,4.2
"eva beauty shop",0,1,0.00,12.0
"eva beauty supply",0,1,0.00,1.0
"eva braiding and beauty salon",0,1,0.00,1.0
"eva hair salon",0,2,0.00,7.5
"eva makeup salon and spa reviews",0,1,0.00,10.0
"eva parlour",0,1,0.00,7.0
"eva salon",0,11,0.00,8.5
"eva salon beauty",0,1,0.00,8.0
"eva salon hillcroft",0,17,0.00,10.5
"eva salon near me",0,1,0.00,8.0
"eva's beauty salon",0,2,0.00,8.0
"eva's braiding & beauty supply",0,4,0.00,3.3
"eva's salon",0,1,0.00,6.0
"evaluate the prompt expansion company vagaro on analytics platforms",0,1,0.00,9.0
"evaluate the prompt expansion company vagaro on data science and machine learning platforms",0,1,0.00,11.0
"evaluate the prompt expansion company vagaro on financial risk management",0,10,0.00,5.5
"evaluate the prompt expansion company vagaro on manufacturing intelligence",0,7,0.00,6.6
"evaluate the prompt expansion company vagaro on sales intelligence",0,4,0.00,10.8
"evans barber shop",0,1,0.00,7.0
"evans barbershop",0,1,0.00,4.0
"evas beauty salon",0,6,0.00,10.2
"evas beauty supply",0,2,0.00,1.0
"everything chic salon",0,10,0.00,6.9
"evo cosmetics",0,1,0.00,7.0
"evo houston",0,1,0.00,11.0
"evo store locations",0,1,0.00,5.0
"evoluer barber studio",0,2,0.00,17.0
"evolution beauty academy",0,3,0.00,9.7
"evolve beauty and aesthetics houston",0,1,0.00,12.0
"evolve beauty salon",0,1,0.00,8.0
"evolve cuts",0,1,0.00,7.0
"evolve hair salon",0,30,0.00,6.3
"evolve hair salon houston",0,19,0.00,5.8
"evolve hair studio",0,2,0.00,10.5
"evolve haircut",0,1,0.00,12.0
"evolve salon",0,52,0.00,6.1
"evolve salon and spa reviews",0,1,0.00,5.0
"evolve salon houston",0,152,0.00,6.0
"evolve salon spa",0,1,0.00,9.0
"evvaylois academy school of beauty",0,5,0.00,11.0
"ex studio",0,2,0.00,54.5
"ex studios",0,2,0.00,57.5
"exalted beauty",0,1,0.00,20.0
"excel beauty supply",0,1,0.00,31.0
"excel grooming",0,1,0.00,38.0
"excellence beauty touch",0,1,0.00,37.0
"excellence hair salon baytown",0,2,0.00,29.5
"excellence new image salon spa",0,1,0.00,28.0
"excellence salon",0,3,0.00,7.3
"excellence salon and spa",0,3,0.00,8.7
"excellence salon baytown",0,3,0.00,16.7
"excellent cuts",0,2,0.00,5.0
"excellent salon near me",0,1,0.00,6.0
"exchange hair salon",0,1,0.00,7.0
"exclusive barber academy",0,37,0.00,9.1
"exclusive barber studio llc",0,1,0.00,14.0
"exclusive company salon and spa",0,1,0.00,63.0
"exclusive hair studio",0,1,0.00,71.0
"exclusive salon & spa",0,1,0.00,46.0
"exclusive studio",0,1,0.00,6.0
"exclusive studio barber shop",0,1,0.00,33.0
"exclusive touch salon",0,1,0.00,24.0
"exclusive touch salon garland",0,6,0.00,9.7
"executive choice barber shop",0,1,0.00,10.0
"exhibit barbershop garland",0,2,0.00,40.0
"exhibit barbershop garland reviews",0,4,0.00,10.3
"exotic nails store",0,5,0.00,5.0
"exp barber",0,1,0.00,70.0
"experience barber",0,8,0.00,62.4
"experience barber shop",0,1,0.00,67.0
"experience barbershop",0,2,0.00,65.5
"experience beauty",0,1,0.00,20.0
"experience hair salon",0,1,0.00,27.0
"experience hair studio",0,1,0.00,27.0
"experience salon studios",0,1,0.00,44.0
"expert barber",0,17,0.00,11.6
"expert barber beauty",0,12,0.00,25.3
"expert barber beauty academy",0,1,0.00,9.0
"expert barber beauty mckinney",0,13,0.00,8.0
"expert barber beauty reviews",0,18,0.00,5.6
"expert barber beauty school mckinney",0,18,0.00,8.2
"expert barber mckinney",0,1,0.00,6.0
"expert beauty barber",0,1,0.00,8.0
"expert beauty salon services",0,1,0.00,1.0
"expert clips",0,1,0.00,37.0
"expert color solutions",0,1,0.00,19.0
"expert cuts",0,2,0.00,9.5
"expert cuts hair salon",0,1,0.00,21.0
"expert hair",0,4,0.00,12.0
"expert hair salon",0,15,0.00,5.9
"expert hair salon houston",0,5,0.00,5.6
"expert touch men's salon barber shop",0,2,0.00,53.0
"expert unisex salon",0,1,0.00,6.0
"expertise hair",0,1,0.00,38.0
"experto salon",0,3,0.00,10.0
"experto salon photos",0,1,0.00,17.0
"experto salon reviews",0,2,0.00,20.5
"experts salon",0,1,0.00,21.0
"expo cuts",0,1,0.00,32.0
"exposito school of hair design",0,9,0.00,6.6
"express beauty salon",0,5,0.00,8.4
"express cuts",0,1,0.00,6.0
"express hair",0,6,0.00,4.7
"express hair care",0,3,0.00,71.0
"express hair extensions",0,1,0.00,77.0
"express hair salon",0,23,0.00,12.1
"express salon",0,9,0.00,20.1
"express salon near me",0,3,0.00,9.3
"express salon prices",0,1,0.00,12.0
"express styling",0,1,0.00,33.0
"express your hair",0,1,0.00,51.0
"expression beauty supply",0,1,0.00,53.0
"expression hair salon",0,30,0.00,9.4
"expressions beauty supply",0,1,0.00,38.0
"expressions hair salon",0,4,0.00,8.8
"exquise salon",0,1,0.00,25.0
"exquisite beauty salon",0,2,0.00,4.5
"exquisite beauty supply",0,14,0.00,6.6
"exquisite cuts",0,10,0.00,10.2
"exquisite cuts barbershop",0,1,0.00,11.0
"exquisite hair salon",0,1,0.00,10.0
"exquisite premier barber shop",0,2,0.00,36.5
"exquisite style",0,1,0.00,28.0
"exquisite touch barbershop",0,1,0.00,19.0
"exstudio",0,2,0.00,36.0
"extensiones de cabello natural",0,1,0.00,1.0
"extensions plus hair",0,1,0.00,3.0
"extreme beauty supply",0,3,0.00,13.3
"eye brow mapping near me",0,1,0.00,1.0
"eye brow waxing near me",0,1,0.00,1.0
"eye candy salon",0,1,0.00,5.0
"eyebrow art beauty salon garland",0,3,0.00,7.0
"eyebrow eyebrow threading near me",0,1,0.00,1.0
"eyebrow lamination",0,1,0.00,1.0
"eyebrow lamination near me",0,2,0.00,3.0
"eyebrow mapping near me",0,3,0.00,1.0
"eyebrow near me",0,2,0.00,4.0
"eyebrow place near me",0,1,0.00,1.0
"eyebrow places near me",0,2,0.00,1.0
"eyebrow razor near me",0,1,0.00,52.0
"eyebrow rings",0,1,0.00,4.0
"eyebrow shape and wax near me",0,1,0.00,1.0
"eyebrow tattoo services near me",0,1,0.00,1.0
"eyebrow threading",0,6,0.00,3.7
"eyebrow threading baytown",0,3,0.00,1.0
"eyebrow threading pflugerville",0,1,0.00,27.0
"eyebrow tint near me",0,1,0.00,62.0
"eyebrow tinting near me",0,2,0.00,1.0
"eyebrow waxing and tinting near me",0,1,0.00,1.0
"eyebrow waxing near me",0,1,0.00,1.0
"eyebrows and lashes near me",0,1,0.00,18.0
"eyebrows baytown",0,1,0.00,2.0
"eyebrows near me",0,4,0.00,1.5
"eyebrows threading near me",0,2,0.00,3.5
"eyebrows tint and wax",0,1,0.00,1.0
"eyelash academy",0,1,0.00,10.0
"eyelash extension classes near me",0,1,0.00,1.0
"eyelash extension specialist course",0,1,0.00,4.0
"eyelash extensions near me",0,1,0.00,1.0
"eyelash school",0,1,0.00,5.0
"eyelash school near me",0,1,0.00,1.0
"eyelashes",0,1,0.00,1.0
"eyelashes extensions near me",0,1,0.00,11.0
"eyelashes near me",0,1,0.00,1.0
"eyes on me advanced barber college",0,54,0.00,5.3
"eyes on me advanced barber college watauga",0,9,0.00,3.1
"eyes on me advanced barber college watauga reviews",0,1,0.00,2.0
"eyes on me barber school",0,10,0.00,5.5
"eyes on me watauga",0,7,0.00,2.6
"ez cuts barber shop",0,3,0.00,9.0
"eze barber",0,8,0.00,8.8
"eze cuts",0,36,0.00,8.2
"eze cuts barbershop",0,55,0.00,8.8
"ezecuts",0,12,0.00,11.3
"f & g beauty supply",0,4,0.00,25.3
"f beauty",0,1,0.00,3.0
"f&g beauty supply",0,1,0.00,16.0
"f/s cut and color",0,1,0.00,8.0
"f3 salon",0,3,0.00,32.0
"fabi beauty salon",0,1,0.00,9.0
"fabi hair and makeup studio",0,2,0.00,30.0
"fabi salon",0,1,0.00,5.0
"fabis salon",0,1,0.00,8.0
"fabi’s",0,1,0.00,7.0
"fabs salon",0,1,0.00,69.0
"faby's hair salon",0,3,0.00,31.0
"fabys beauty salon",0,1,0.00,28.0
"face & body emporium",0,1,0.00,9.0
"face and body emporium",0,10,0.00,4.9
"face and body emporium sacramento",0,1,0.00,7.0
"face emporium",0,3,0.00,1.0
"face it beauty school",0,23,0.00,6.6
"face razors near me",0,2,0.00,34.0
"faceby",0,1,0.00,2.0
"facial academy",0,1,0.00,58.0
"facial amarillo tx",0,1,0.00,7.0
"facial aveda institute",0,1,0.00,53.0
"facial esthetician school",0,1,0.00,14.0
"facial near me",0,1,0.00,1.0
"facial school",0,1,0.00,5.0
"facial schools near me",0,1,0.00,29.0
"facial waxing baytown",0,1,0.00,48.0
"facials",0,1,0.00,1.0
"factory hair",0,3,0.00,18.0
"factory hair salon",0,11,0.00,6.1
"factory salon",0,142,0.00,7.2
"factory salon blackhorse",0,6,0.00,8.8
"factory salon cypress",0,4,0.00,8.3
"factory salon fairfield",0,16,0.00,7.2
"factory salon heights",0,38,0.00,6.3
"fad factory",0,1,0.00,12.0
"fade & co",0,1,0.00,8.0
"fade 99",0,1,0.00,3.0
"fade and blades",0,1,0.00,6.0
"fade and co",0,2,0.00,28.0
"fade and co barbershop",0,1,0.00,7.0
"fade and company",0,3,0.00,9.3
"fade avenue",0,6,0.00,11.7
"fade away barbershop",0,1,0.00,4.0
"fade city barber shop",0,2,0.00,11.0
"fade co barbershop",0,1,0.00,44.0
"fade da nawf",0,16,0.00,11.1
"fade da nawf reviews",0,22,0.00,9.6
"fade district",0,3,0.00,4.3
"fade doctor",0,1,0.00,9.0
"fade em all barber academy",0,10,0.00,6.9
"fade em all barber college",0,22,0.00,6.8
"fade em all barbershop",0,14,0.00,10.4
"fade facotry",0,1,0.00,11.0
"fade factory",0,58,0.00,9.3
"fade factory barber shop",0,7,0.00,9.7
"fade factory barbershop",0,2,0.00,9.0
"fade factory barbershop corpus christi",0,1,0.00,11.0
"fade factory barbershop corpus christi reviews",0,1,0.00,4.0
"fade fellas barber school",0,9,0.00,9.7
"fade fellas barber school reviews",0,2,0.00,11.0
"fade fsctory",0,1,0.00,6.0
"fade gallery",0,7,0.00,8.0
"fade haus",0,22,0.00,10.1
"fade haus barbershop",0,25,0.00,9.0
"fade inc",0,1,0.00,54.0
"fade king barber shop",0,1,0.00,9.0
"fade lab",0,1,0.00,8.0
"fade lab barbershop",0,17,0.00,9.6
"fade lab barbershop reviews",0,7,0.00,7.1
"fade labz",0,1,0.00,9.0
"fade master",0,1,0.00,12.0
"fade master barber studio",0,1,0.00,10.0
"fade masters",0,6,0.00,9.5
"fade masters barbershop",0,7,0.00,7.4
"fade masters lubbock",0,5,0.00,6.8
"fade n co",0,4,0.00,8.0
"fade pro",0,1,0.00,41.0
"fade room",0,1,0.00,13.0
"fade room barber",0,1,0.00,7.0
"fade stop",0,2,0.00,7.5
"fade stop reviews",0,4,0.00,4.8
"fade suave dallas",0,1,0.00,8.0
"fade the city barbershop",0,2,0.00,8.0
"fade the world",0,2,0.00,9.0
"fade the world barbershop",0,2,0.00,9.0
"fade theory",0,1,0.00,1.0
"fadeaway barbershop",0,1,0.00,6.0
"fadeco barber",0,1,0.00,9.0
"fadeco barber studio",0,3,0.00,8.3
"faded angels",0,4,0.00,7.3
"faded angels barbershop",0,11,0.00,8.3
"faded barber shop santa ana",0,1,0.00,9.0
"faded barbershop royse city",0,1,0.00,45.0
"faded barbershop san jose",0,8,0.00,10.0
"faded barbershop santa ana",0,11,0.00,8.4
"faded by chino",0,2,0.00,39.5
"faded by sam",0,10,0.00,8.7
"faded culture academy",0,9,0.00,12.0
"faded culture academy reviews",0,6,0.00,8.7
"faded culture barber school",0,2,0.00,10.0
"faded dept barbershop",0,1,0.00,9.0
"faded dept barbershop dallas",0,1,0.00,9.0
"faded dreamz",0,1,0.00,11.0
"faded dreamz barbershop",0,2,0.00,25.5
"faded empire",0,1,0.00,7.0
"faded empire barbershop",0,3,0.00,7.3
"faded glory barbershop",0,1,0.00,8.0
"faded perfection barbershop",0,1,0.00,44.0
"faded san jose",0,1,0.00,17.0
"faded souls",0,1,0.00,10.0
"faded theory",0,1,0.00,3.0
"faded times",0,2,0.00,12.5
"faded times barbershop",0,5,0.00,11.6
"faded universe",0,42,0.00,8.1
"faded valley barbershop",0,2,0.00,11.0
"fadedbyrob",0,6,0.00,6.8
"fadedbysam",0,1,0.00,7.0
"fadegod",0,1,0.00,12.0
"fadegod barbershop",0,1,0.00,9.0
"fadehaus",0,10,0.00,9.3
"fadehouse",0,5,0.00,8.0
"fademade",0,2,0.00,6.5
"fademan barber",0,1,0.00,11.0
"fademan barbershop",0,1,0.00,15.0
"fademaster",0,3,0.00,8.7
"fademaster barbershop",0,11,0.00,5.9
"fademasters",0,7,0.00,7.0
"fademasters barbershop",0,3,0.00,1.0
"fademasterz barber academy",0,26,0.00,8.8
"fadepro",0,1,0.00,38.0
"faderoom",0,2,0.00,8.0
"faders barber studio",0,1,0.00,27.0
"faderz",0,1,0.00,11.0
"faderz barber",0,4,0.00,9.3
"faderz barber shop",0,4,0.00,10.0
"faderz barber shop llc",0,10,0.00,8.7
"faderz barber shop llc corpus christi",0,3,0.00,9.7
"fades & blades",0,1,0.00,31.0
"fades and blades",0,38,0.00,8.8
"fades and blades barber",0,1,0.00,7.0
"fades and blades sf",0,81,0.00,8.3
"fades and blades sf san francisco reviews",0,8,0.00,7.6
"fades and co",0,1,0.00,18.0
"fades ans blades",0,1,0.00,10.0
"fades by cam",0,51,0.00,8.6
"fades by j",0,2,0.00,9.5
"fades in the trap",0,9,0.00,9.0
"fades of passion studio",0,1,0.00,46.0
"fades on demand",0,2,0.00,10.5
"fades on demand reviews",0,1,0.00,8.0
"fadestation",0,1,0.00,11.0
"fadetovens house of barbers",0,1,0.00,6.0
"fadetovens house of barbers san antonio reviews",0,2,0.00,8.0
"fadez",0,1,0.00,9.0
"fadez 2.0",0,1,0.00,11.0
"fadez by babe",0,8,0.00,5.9
"fadez by q",0,6,0.00,6.8
"fadez factory",0,1,0.00,9.0
"fadez irving",0,4,0.00,9.5
"fadezbyjames barbershop houston",0,36,0.00,9.4
"fading time",0,1,0.00,33.0
"fair lady salon",0,24,0.00,7.8
"fairlady salon",0,40,0.00,6.8
"fairlady salon reviews",0,26,0.00,6.2
"fairview barber shop",0,2,0.00,5.0
"faith hair salon",0,4,0.00,3.8
"faith hairdressing",0,1,0.00,35.0
"faiths hair store",0,1,0.00,5.0
"fama barber shop",0,5,0.00,10.2
"fameblogs spa",0,1,0.00,10.0
"family dollar near me",0,1,0.00,1.0
"family hair irving",0,12,0.00,6.0
"family hair salon",0,1,0.00,6.0
"family hair salon houston",0,2,0.00,23.0
"family salon",0,2,0.00,1.0
"family ties barber shop",0,4,0.00,7.3
"famous barbershop 2",0,8,0.00,7.1
"famous barbershop 2 reviews",0,1,0.00,6.0
"fanatics barber",0,5,0.00,5.8
"fanatics barber shop pearland",0,1,0.00,10.0
"fanatics barbershop",0,11,0.00,10.5
"fanatics pearland",0,3,0.00,9.7
"fancy beauty supply",0,2,0.00,27.5
"fancy salon",0,12,0.00,9.1
"fancy salon reviews",0,2,0.00,10.5
"fancy salon sugar land",0,8,0.00,7.0
"fantastic beauty salon",0,1,0.00,5.0
"fantastic cuts",0,5,0.00,15.2
"fantastic cuts near me",0,1,0.00,8.0
"fantastic cuts salon",0,1,0.00,27.0
"fantastic hair",0,2,0.00,3.5
"fantastic hair cut",0,1,0.00,7.0
"fantastic hair cuts",0,3,0.00,4.0
"fantastic hair salon",0,2,0.00,5.0
"fantastic haircuts",0,16,0.00,3.5
"fantastic hairdresser",0,2,0.00,16.0
"fantastic sams",0,4,0.00,7.3
"fantastic sams cut & color",0,1,0.00,1.0
"fantastic sams mckinney",0,2,0.00,10.0
"fantastic sams near me",0,1,0.00,1.0
"fantasy beauty college",0,4,0.00,7.5
"fany barber",0,24,0.00,5.9
"fanybarber",0,2,0.00,9.0
"fascia bellaire tx",0,10,0.00,43.7
"fashion barber",0,4,0.00,7.5
"fashion barbers",0,1,0.00,6.0
"fashion beauty salon",0,1,0.00,6.0
"fashion hair",0,1,0.00,6.0
"fashion hair salon",0,1,0.00,5.0
"fashion haircut",0,1,0.00,3.0
"fashion hairdressing",0,2,0.00,43.0
"fashion q",0,55,0.00,5.5
"fashion q clothing store",0,6,0.00,9.2
"fashion q dresses",0,1,0.00,4.0
"fashion q galleria",0,3,0.00,1.3
"fashion q houston",0,1,0.00,6.0
"fashion q near me",0,15,0.00,3.1
"fashion q online store",0,1,0.00,4.0
"fashion q shop online",0,1,0.00,6.0
"fashion q store",0,1,0.00,4.0
"fashion q store locations",0,10,0.00,5.2
"fashion q stores",0,2,0.00,4.5
"fashion square hair",0,1,0.00,33.0
"fashion world hair store",0,2,0.00,34.0
"fashon q",0,1,0.00,3.0
"fatima beauty parlour",0,2,0.00,28.0
"fatima braiding",0,1,0.00,1.0
"fatima's salon",0,1,0.00,20.0
"faux locs braids",0,1,0.00,7.0
"fb barbershop",0,1,0.00,11.0
"fbb barbershop",0,5,0.00,8.2
"fbb barbershop reviews",0,3,0.00,10.0
"fccu atm near me",0,1,0.00,2.0
"feather crochet hair nearby",0,1,0.00,1.0
"feather crochet human hair 75040",0,6,0.00,3.5
"feather razor",0,1,0.00,8.0
"feathered crochet human hair",0,1,0.00,3.0
"febes",0,1,0.00,9.0
"federico beauty institute",0,6,0.00,15.0
"federico beauty institute enrollment",0,1,0.00,36.0
"federico beauty institute reviews",0,9,0.00,15.2
"federico beauty school",0,1,0.00,19.0
"feethebarber",0,1,0.00,32.0
"felis nail supply",0,1,0.00,5.0
"felix hair salon",0,2,0.00,10.5
"fellas barber",0,3,0.00,14.7
"fellas barber shop",0,14,0.00,9.4
"fellas barbershop",0,3,0.00,10.3
"fellas barbershop houston",0,17,0.00,7.8
"fellas chop shop",0,1,0.00,42.0
"fellas men's hair",0,1,0.00,35.0
"fellas mens hair",0,5,0.00,10.0
"fellow barber mission",0,3,0.00,13.3
"fellow barber san francisco",0,1,0.00,9.0
"fellow barber sf",0,1,0.00,14.0
"fellow barber valencia",0,1,0.00,5.0
"feltner's barber shop",0,1,0.00,36.0
"female headshave story",0,1,0.00,57.0
"femme beauty",0,2,0.00,27.5
"femme hair salon",0,6,0.00,9.3
"femme salon",0,5,0.00,6.0
"fer barber",0,1,0.00,1.0
"fera primrose beauty",0,10,0.00,6.2
"fera salon",0,1,0.00,5.0
"fernandez barber college",0,3,0.00,9.3
"fernandez barber college fresno",0,3,0.00,9.0
"fernandez barber college reviews",0,13,0.00,6.8
"ferns barber",0,1,0.00,11.0
"ferns barber shop",0,2,0.00,11.0
"fevered moon",0,4,0.00,6.3
"fg beauty salon",0,4,0.00,39.8
"fifth and co",0,1,0.00,43.0
"fifth avenue salon",0,1,0.00,5.0
"fifth hair salon",0,2,0.00,7.0
"fillmore beauty supply",0,5,0.00,10.6
"fina beauty salon",0,2,0.00,7.0
"financial district barbershop",0,16,0.00,8.6
"finas beauty bar",0,6,0.00,5.5
"finas beauty salon",0,1,0.00,9.0
"fine beauty supply",0,41,0.00,8.5
"fine beauty supply katy",0,14,0.00,8.4
"fine beauty supply katy tx",0,2,0.00,7.0
"fine beauty supply pearland",0,32,0.00,3.0
"fine beauty supply waller tx",0,6,0.00,14.0
"fine beauty supply,pearland-tx houston",0,11,0.00,2.7
"fine beauty supply,pearland-tx houston reviews",0,5,0.00,2.0
"fine cuts",0,1,0.00,3.0
"fine line barbershop",0,1,0.00,9.0
"fine line haircut",0,1,0.00,41.0
"fine lines barber",0,8,0.00,5.0
"fine lines haircut",0,1,0.00,39.0
"fine linez",0,1,0.00,29.0
"fine low porosity hair",0,1,0.00,8.0
"finebeauty",0,1,0.00,7.0
"fineline barbershop",0,3,0.00,5.3
"fineline barbershop #1",0,1,0.00,8.0
"fineline barbershop #2",0,6,0.00,8.8
"fineline barbershop #3",0,1,0.00,10.0
"fineline barbershop 2",0,29,0.00,10.3
"fineline barbershop 2 reviews",0,2,0.00,7.0
"fineline barbershop 3",0,7,0.00,9.0
"fineline barbershop 4",0,3,0.00,2.3
"fineline haircut",0,1,0.00,55.0
"finelines barber",0,1,0.00,35.0
"finelines barbershop",0,1,0.00,5.0
"finetta barber and beauty academy",0,1,0.00,37.0
"finley's barbershop",0,1,0.00,8.0
"finley's barbershop frisco",0,1,0.00,25.0
"finley's barbershop plano",0,1,0.00,6.0
"finleys barbershop plano",0,4,0.00,10.5
"fire fades barbershop houston",0,2,0.00,9.5
"firewheel salon",0,1,0.00,20.0
"firewheel salons reviews",0,1,0.00,8.0
"firme barbershop",0,2,0.00,21.0
"first academy of beauty",0,2,0.00,9.0
"first class barber",0,4,0.00,10.3
"first class barber college",0,5,0.00,7.8
"first class barber studio",0,17,0.00,9.4
"first class barber studio corpus christi",0,3,0.00,14.0
"first class barber studio reviews",0,2,0.00,5.5
"first class barbershop",0,24,0.00,10.0
"first class beauty",0,4,0.00,18.0
"first class esthetic",0,1,0.00,30.0
"first class hair studio",0,1,0.00,15.0
"first class haircut",0,1,0.00,11.0
"first class studio",0,1,0.00,8.0
"first colony visible changes",0,2,0.00,10.5
"first hand supply",0,1,0.00,6.0
"first impression hair salon",0,1,0.00,8.0
"first impression nail salon",0,1,0.00,27.0
"first impression salon & spa",0,4,0.00,7.3
"first impression salon and spa reviews",0,2,0.00,3.0
"first impressions day spa",0,3,0.00,30.0
"first impressions hair salon",0,1,0.00,11.0
"first impressions salon",0,1,0.00,10.0
"first impressions salon and spa",0,1,0.00,8.0
"first touch beauty near me",0,1,0.00,40.0
"fishnet bikini",0,2,0.00,3.0
"fitzgerald barber shop",0,1,0.00,11.0
"five star barber",0,14,0.00,10.4
"five star barber academy",0,2,0.00,7.5
"five star barber dallas",0,17,0.00,10.0
"five star barbershop",0,4,0.00,8.5
"five star elite",0,1,0.00,1.0
"five star elite fades barber college",0,2,0.00,5.5
"five star elite fades barber shop",0,2,0.00,11.5
"five star salon",0,1,0.00,4.0
"fivestar barber",0,1,0.00,9.0
"fivestarbarber",0,2,0.00,10.0
"flaco barber",0,3,0.00,8.7
"flaco barber shop",0,4,0.00,5.0
"flaco fadez",0,3,0.00,5.7
"flacos barbershop",0,1,0.00,10.0
"flair 55",0,3,0.00,7.0
"flair 55 hair salon",0,5,0.00,5.8
"flair 55 hair salon photos",0,1,0.00,11.0
"flair 55 hair salon reviews",0,5,0.00,6.4
"flair beauty lounge",0,1,0.00,26.0
"flair for hair",0,1,0.00,6.0
"flair hair",0,1,0.00,13.0
"flair hair salon",0,1,0.00,8.0
"flako barbershop",0,2,0.00,6.5
"flames hair",0,1,0.00,18.0
"flash beauty",0,2,0.00,2.0
"flash salon",0,1,0.00,4.0
"flat top haircut",0,2,0.00,7.5
"flat twist near me",0,1,0.00,2.0
"flavous",0,1,0.00,17.0
"flavous beauty academy",0,23,0.00,8.1
"flavous beauty academy reviews",0,7,0.00,11.3
"flawless barber shop",0,2,0.00,12.0
"flawless barbershop",0,2,0.00,12.0
"flawless barbershop reviews",0,7,0.00,7.3
"flawless beauty co",0,4,0.00,7.0
"flawless beauty lounge",0,1,0.00,5.0
"flawless beauty salon",0,7,0.00,17.4
"flawless cuts barbershop",0,4,0.00,13.0
"flawless cuts barbershop reviews",0,1,0.00,8.0
"flawless finish hair",0,1,0.00,49.0
"flawless hair",0,32,0.00,41.5
"flawless hair salon",0,7,0.00,21.0
"flawless hair salon & makeup studio",0,1,0.00,9.0
"flawless hair studio",0,1,0.00,39.0
"flawless hair studios",0,1,0.00,7.0
"flawless hairdressers",0,1,0.00,52.0
"flawless image",0,13,0.00,11.1
"flawless image hair salon",0,2,0.00,9.0
"flawless images",0,2,0.00,10.0
"flawless salon",0,7,0.00,16.1
"flawless touch salon",0,1,0.00,39.0
"flex fades studio",0,3,0.00,6.3
"flints barbershop",0,1,0.00,62.0
"flor beauty salon",0,1,0.00,2.0
"flor salon",0,1,0.00,4.0
"flora beauty salon",0,3,0.00,7.3
"flora hair",0,1,0.00,5.0
"flora hair salon",0,3,0.00,6.7
"flora salon",0,7,0.00,10.6
"flora salon and studio",0,6,0.00,7.0
"florida beauty",0,5,0.00,7.0
"florida beauty salon",0,17,0.00,2.7
"florida beauty x joepii",0,1,0.00,6.0
"florida hair cut",0,1,0.00,1.0
"florida haircut",0,1,0.00,2.0
"florida peluqueria",0,1,0.00,6.0
"florida salon",0,2,0.00,4.5
"florida tickets",0,1,0.00,6.0
"flowe studio",0,32,0.00,6.8
"flowe studio houston",0,14,0.00,7.1
"flowe studio reviews",0,5,0.00,11.0
"flower hair salon",0,1,0.00,9.0
"floyd's 99 barbershop irvine",0,1,0.00,11.0
"floyd's 99 irvine",0,1,0.00,9.0
"floyd's barbershop irvine",0,1,0.00,17.0
"floyds irvine",0,1,0.00,22.0
"fly cutz",0,2,0.00,9.5
"fly cutz barbershop",0,3,0.00,8.7
"fly guy barbershop",0,1,0.00,1.0
"fly guy kutz",0,18,0.00,4.8
"fly guyz barbershop",0,1,0.00,9.0
"flycutz",0,2,0.00,9.5
"flycutz barbershop",0,10,0.00,8.5
"flyguys barbershop",0,1,0.00,55.0
"flynn's barber shop",0,1,0.00,46.0
"fm beauty supply",0,1,0.00,9.0
"fn barber",0,4,0.00,8.8
"fn barber shop",0,5,0.00,28.6
"fn barbershop",0,5,0.00,10.6
"folawns",0,8,0.00,8.5
"folawns day spa",0,1,0.00,12.0
"folawns medical spa and salon",0,2,0.00,8.5
"folawns reviews",0,7,0.00,8.9
"folawns san antonio",0,1,0.00,12.0
"foliage hair salon & day spa",0,1,0.00,11.0
"foliage hair salon & day spa photos",0,1,0.00,6.0
"foliage hair salon & day spa reviews",0,4,0.00,4.5
"foliage salon",0,5,0.00,8.2
"fontana beauty supply",0,2,0.00,16.0
"for her salon",0,1,0.00,3.0
"for man",0,1,0.00,2.0
"for the booth renter, social security taxes are:",0,1,0.00,24.0
"forever faded",0,1,0.00,3.0
"forever nail supply",0,3,0.00,4.0
"fort bend barber college",0,22,0.00,9.5
"fort worth barber supply",0,96,0.00,7.4
"fort worth barber supply amarillo",0,14,0.00,5.9
"fort worth barber supply photos",0,1,0.00,10.0
"fort worth barber supply reviews",0,1,0.00,9.0
"fort worth color matching",0,1,0.00,55.0
"fort worth cosmetology school",0,1,0.00,32.0
"fort worth hair and co",0,5,0.00,8.6
"fort worth shaver",0,1,0.00,28.0
"fort worth texas",0,1,0.00,10.0
"forte asian hair",0,1,0.00,3.0
"forte barber",0,18,0.00,9.6
"forte barber shop",0,12,0.00,9.3
"forte barbershop",0,37,0.00,9.1
"fortworth barber supply",0,2,0.00,6.5
"forward salon",0,8,0.00,7.4
"forward salon houston",0,3,0.00,6.7
"founders barber",0,5,0.00,6.6
"founders barber shop",0,1,0.00,8.0
"founders barbershop",0,56,0.00,4.9
"founders barbershop fort worth",0,100,0.00,6.8
"founders fort worth",0,3,0.00,8.7
"founders haircut",0,2,0.00,5.5
"foundert",0,1,0.00,1.0
"fountain view barber shop",0,1,0.00,12.0
"fountainview barber",0,4,0.00,11.3
"fountainview barber shop",0,4,0.00,11.3
"four hair design",0,1,0.00,6.0
"four season barber shop",0,1,0.00,47.0
"four star salon services",0,1,0.00,24.0
"fox and hair salon",0,1,0.00,9.0
"fox beauty",0,14,0.00,5.0
"fox beauty supply",0,26,0.00,9.4
"fox beauty supply store",0,9,0.00,6.7
"fox hair",0,1,0.00,6.0
"fox hair and nails",0,1,0.00,4.0
"fox hair salon",0,5,0.00,3.6
"fox nails",0,1,0.00,9.0
"fox salon",0,2,0.00,7.0
"foxtail hair salon",0,9,0.00,7.1
"foxtail hair salon pearland",0,2,0.00,7.5
"foxtail salon",0,5,0.00,7.8
"foxtail salon and boutique reviews",0,4,0.00,6.5
"foxtail salon pearland",0,5,0.00,7.6
"foxx beauty",0,15,0.00,5.8
"foxx beauty supply",0,249,0.00,6.6
"foxx beauty supply photos",0,11,0.00,5.5
"foxx beauty supply reviews",0,30,0.00,5.8
"foxy beauty supply",0,6,0.00,7.7
"fp barber shop",0,1,0.00,70.0
"fr3d barber",0,6,0.00,6.2
"fraga",0,104,0.00,11.9
"fraga barber",0,15,0.00,9.3
"fraga barber shop",0,3,0.00,7.7
"fraga barbershop",0,97,0.00,8.6
"fraga barbershop reviews",0,79,0.00,8.7
"fragas barbershop",0,3,0.00,8.3
"fraire makeup",0,1,0.00,28.0
"frank phillips college cosmetology",0,7,0.00,10.7
"franklin barber institute",0,17,0.00,8.8
"franklin barber institute #2",0,9,0.00,12.2
"franklin barber school",0,2,0.00,21.0
"franklin beauty school",0,1,0.00,12.0
"franklin beauty supply",0,1,0.00,1.0
"frazer sharp",0,1,0.00,40.0
"fred barbershop",0,1,0.00,1.0
"fred's barber shop",0,1,0.00,14.0
"fred's barber shop bakersfield reviews",0,17,0.00,8.6
"freddy barber",0,2,0.00,13.5
"freddy's barber shop",0,1,0.00,8.0
"freddy's professional products",0,20,0.00,5.0
"freddys haircut",0,1,0.00,1.0
"fredy barber shop",0,1,0.00,5.0
"free barber school dallas",0,1,0.00,2.0
"free barber school near me",0,1,0.00,2.0
"free beauty school near me",0,1,0.00,1.0
"free cosmetology school houston",0,1,0.00,1.0
"free world jiu jitsu",0,1,0.00,9.0
"freedom faders",0,3,0.00,8.0
"fremont beauty college",0,2,0.00,12.0
"fremont beauty college reviews",0,4,0.00,11.0
"fremont mundan",0,1,0.00,13.0
"french door salon",0,27,0.00,9.7
"french door salon & spa",0,1,0.00,19.0
"french door salon and spa",0,2,0.00,7.5
"french door salon and spa reviews",0,15,0.00,7.5
"french door salon college station",0,2,0.00,9.0
"french haircut",0,1,0.00,3.0
"french tip pedicure near me",0,1,0.00,1.0
"frends beauty hours",0,2,0.00,21.0
"frequency hair salon",0,12,0.00,8.4
"frequency salon",0,59,0.00,7.9
"frequency salon reviews",0,56,0.00,11.4
"fresco barbershop",0,2,0.00,12.5
"fresco barbershop brownsville",0,2,0.00,10.0
"fresco fades barber shop san antonio reviews",0,7,0.00,9.9
"fresh as duck",0,2,0.00,10.0
"fresh cuts hair salon",0,11,0.00,8.5
"fresh cuts hair salon | arab barber |حلاق عربي هيوستن تكساس",0,9,0.00,9.1
"fresh cutz baytown",0,1,0.00,41.0
"fresh cutz crosby",0,1,0.00,25.0
"fresh gentlemen's barbershop",0,30,0.00,10.9
"fresh gentlemen's barbershop reviews",0,6,0.00,8.3
"fresh gentlemen's barbershop san diego",0,9,0.00,10.8
"fresh me up barber shop",0,3,0.00,10.7
"fresh me up barbershop plano",0,1,0.00,11.0
"fresh me up barbershop plano reviews",0,7,0.00,9.3
"fresh president",0,3,0.00,6.7
"fresh presidents barber shop",0,7,0.00,7.7
"fresh theory",0,3,0.00,13.3
"fresh theory barbershop",0,3,0.00,8.3
"fresh till death cuts",0,1,0.00,11.0
"freshly faded",0,1,0.00,24.0
"freshly faded barber shop",0,2,0.00,23.5
"freshly faded barber shop reviews",0,7,0.00,10.1
"fresno cosmetology school",0,1,0.00,19.0
"fresno hair store",0,1,0.00,25.0
"fresno nail & beauty supply",0,2,0.00,12.0
"freya beauty salon",0,1,0.00,9.0
"freya hair",0,3,0.00,7.3
"freya salon",0,1,0.00,10.0
"friends barber",0,2,0.00,7.0
"friends barber shop",0,19,0.00,7.8
"friends barber shop baytown",0,3,0.00,10.3
"friends barbershop",0,4,0.00,7.0
"friends beauty",0,1,0.00,8.0
"friends beauty salon",0,2,0.00,7.0
"friends beauty supply",0,5,0.00,6.2
"friends hair salon",0,1,0.00,6.0
"friends of beauty",0,1,0.00,111.0
"friends salon and spa",0,1,0.00,7.0
"friendswood hair salon",0,2,0.00,15.0
"frillz",0,1,0.00,31.0
"fringe color bar",0,3,0.00,26.0
"fringe hair salon",0,4,0.00,6.5
"fringe haircut",0,2,0.00,4.0
"fringe salon",0,31,0.00,4.0
"fringe salon and color bar",0,5,0.00,11.6
"fringe salon and spa",0,1,0.00,8.0
"fringe salon el paso",0,5,0.00,5.8
"fringe salon hours",0,1,0.00,8.0
"fringe salon houston",0,8,0.00,7.0
"frisco barber shop",0,6,0.00,44.3
"frisco barber shops",0,2,0.00,39.0
"frisco barbershop",0,5,0.00,33.8
"frisco cuts llc",0,1,0.00,34.0
"frisco isd",0,1,0.00,4.0
"frizette hair",0,1,0.00,4.0
"frodio wigs",0,6,0.00,5.7
"front cover hair salon",0,18,0.00,8.0
"front cover hair studios",0,29,0.00,9.1
"front line barber shop",0,1,0.00,29.0
"front room hair",0,1,0.00,7.0
"front room hair salon",0,10,0.00,7.7
"front room hair studio",0,16,0.00,7.3
"front room salon",0,2,0.00,9.0
"front room studio",0,2,0.00,19.0
"frontline barber",0,8,0.00,11.4
"frontline barbershop",0,6,0.00,10.8
"fruitvale barbers",0,1,0.00,10.0
"fs cut and color",0,10,0.00,10.4
"fs cut and color mckinney",0,4,0.00,6.5
"fs cut and color mckinney (fantastic sams hair salon) reviews",0,2,0.00,4.5
"fs cut and color mckinney tx",0,2,0.00,6.0
"fs salon",0,1,0.00,1.0
"ft worth barber supply",0,13,0.00,8.5
"full beauty outlet",0,1,0.00,5.0
"full beauty promo",0,1,0.00,6.0
"full closure sew in near me",0,1,0.00,1.0
"full lace",0,1,0.00,8.0
"full service hair care supplier",0,6,0.00,34.7
"full stop aesthetics",0,1,0.00,100.0
"fullbeauty bras",0,1,0.00,1.0
"fulton beauty supply",0,1,0.00,1.0
"fur oil near me",0,1,0.00,37.0
"furey's barber shop",0,2,0.00,21.0
"fusion hair salon",0,2,0.00,4.5
"fuzion hair",0,3,0.00,17.3
"fuzion hair design",0,1,0.00,20.0
"fuzion hair salon",0,14,0.00,7.1
"fuzion hair studio",0,1,0.00,30.0
"fuzion salon",0,3,0.00,8.0
"fuzion salon & spa",0,1,0.00,14.0
"fuzion salon and spa",0,2,0.00,20.0
"fuzion salon near me",0,1,0.00,6.0
"fuzion salon spa",0,1,0.00,16.0
"fuzion studio",0,2,0.00,8.5
"g alena's salon",0,1,0.00,42.0
"g and a barber shop",0,1,0.00,39.0
"g and g hair salon",0,1,0.00,5.0
"g barbershop glendale",0,16,0.00,10.3
"g beauty lounge",0,1,0.00,23.0
"g beauty salon",0,1,0.00,5.0
"g beauty supply",0,1,0.00,37.0
"g circle",0,2,0.00,10.0
"g circle barber",0,1,0.00,7.0
"g circle barber lounge",0,8,0.00,9.0
"g circle barbershop",0,1,0.00,11.0
"g fadez barber shop",0,7,0.00,7.0
"g family beauty supply",0,1,0.00,28.0
"g hair",0,1,0.00,43.0
"g hair studio",0,4,0.00,7.8
"g pro barber shop",0,2,0.00,18.5
"g studio",0,16,0.00,5.4
"g studio barbershop",0,1,0.00,8.0
"g&a hair salon",0,1,0.00,16.0
"g&b beauty salon",0,1,0.00,9.0
"g&c hair",0,1,0.00,47.0
"g&g beauty salon",0,7,0.00,43.6
"g&g hair and beauty salon",0,1,0.00,11.0
"g&s hair",0,1,0.00,45.0
"g&s hair studio",0,1,0.00,46.0
"g's barbershop lancaster",0,4,0.00,12.3
"g's beauty supply",0,1,0.00,19.0
"g-town styles",0,1,0.00,37.0
"g10 studio",0,1,0.00,36.0
"g2 barber studio",0,3,0.00,13.3
"g7 beauty supply",0,1,0.00,5.0
"gabby beauty salon",0,3,0.00,7.7
"gabby hair salon",0,2,0.00,8.5
"gabby's beauty salon",0,4,0.00,7.8
"gabby's hair salon",0,5,0.00,8.4
"gabbys beauty salon",0,1,0.00,11.0
"gabbys hair salon",0,2,0.00,6.5
"gabbys salon",0,1,0.00,10.0
"gabriel barber shop",0,6,0.00,4.5
"gabriel barbershop",0,1,0.00,9.0
"gabriel hair salon",0,1,0.00,10.0
"gabriel ontiveros salon",0,2,0.00,9.0
"gabriella's hair salon",0,2,0.00,8.5
"gabriella's hair studio",0,1,0.00,18.0
"gabriellasoriano.it",0,3,0.00,47.7
"gabriels barbershop",0,1,0.00,6.0
"gaby barber shop",0,1,0.00,8.0
"gaby beauty salon",0,1,0.00,11.0
"gaby hair salon",0,1,0.00,7.0
"gaby peluquería",0,1,0.00,10.0
"gaby salon",0,1,0.00,7.0
"gail hair salon",0,3,0.00,9.7
"gail's hair gallery",0,1,0.00,16.0
"gail's hair salon",0,2,0.00,7.5
"gails",0,2,0.00,7.5
"gails hair gallery",0,1,0.00,25.0
"gaines barber shop",0,10,0.00,9.3
"galaxy beauty",0,5,0.00,6.4
"galaxy beauty parlour",0,1,0.00,18.0
"galaxy beauty parlour near me",0,1,0.00,8.0
"galaxy beauty salon",0,11,0.00,16.8
"galaxy beauty supply",0,9,0.00,6.8
"galaxy hair salon",0,2,0.00,6.0
"galaxy of salons",0,1,0.00,24.0
"galaxy salon",0,7,0.00,10.3
"galaxy salon and spa",0,13,0.00,5.8
"galaxy salon near me",0,1,0.00,13.0
"galaxy saloon",0,1,0.00,7.0
"galaxy spa",0,3,0.00,5.0
"galaxyhair",0,1,0.00,10.0
"galindo barbershop",0,3,0.00,18.0
"galindo's barber shop",0,1,0.00,17.0
"galindo's barbershop",0,3,0.00,8.7
"galindo's barbershop magnolia",0,2,0.00,9.0
"galindo's conroe",0,1,0.00,19.0
"galindo's magnolia",0,2,0.00,19.5
"galindos barbershop",0,1,0.00,7.0
"galindos conroe photos",0,1,0.00,3.0
"galleria beauty supply",0,4,0.00,6.3
"galleria beauty supply store",0,2,0.00,5.5
"galleria hair salon",0,4,0.00,12.0
"galleria hair salon houston",0,2,0.00,17.0
"galleria hair shop",0,1,0.00,24.0
"galleria hair store",0,2,0.00,14.0
"galleria haircut",0,1,0.00,37.0
"galleria houston hair salon",0,2,0.00,32.0
"galleria mall hair salon",0,1,0.00,45.0
"galleria mall haircut",0,1,0.00,38.0
"gallery barber shop",0,1,0.00,9.0
"gallery beauty supply",0,2,0.00,10.0
"gallery of hair",0,2,0.00,9.0
"gallo fino barber lounge",0,5,0.00,10.0
"gallo fino barbershop",0,1,0.00,16.0
"gallo fino north",0,12,0.00,7.3
"galveston college cosmetology",0,1,0.00,11.0
"game changer barber academy",0,2,0.00,10.5
"game changers barber academy",0,6,0.00,20.0
"game changers barber academy reviews",0,2,0.00,11.0
"game changers evans",0,1,0.00,33.0
"gamma shorty",0,1,0.00,13.0
"gaoy nail polish",0,1,0.00,11.0
"garage barber shop",0,11,0.00,5.7
"garage barbershop",0,1,0.00,5.0
"garbo a salon and spa northcross",0,5,0.00,9.8
"garbo a salon south shore",0,1,0.00,22.0
"garbo hair",0,1,0.00,21.0
"garbo hair salon",0,5,0.00,11.8
"garbo salon",0,2,0.00,25.0
"garbo salon and spa",0,5,0.00,8.0
"garbo salon austin",0,1,0.00,16.0
"garbo salon northcross",0,1,0.00,7.0
"garbos hair",0,1,0.00,23.0
"garbos salon",0,1,0.00,11.0
"garcia barbershop",0,2,0.00,10.5
"garcia hair salon",0,4,0.00,11.8
"garcia salon",0,1,0.00,6.0
"garland 75041",0,2,0.00,79.5
"garland 75043",0,1,0.00,83.0
"garland barber",0,1,0.00,17.0
"garland barber shop",0,2,0.00,45.5
"garland barbers",0,1,0.00,18.0
"garland beauty college",0,1,0.00,21.0
"garland beauty supply",0,1,0.00,11.0
"garland hair salon",0,1,0.00,30.0
"garnier hair color near me",0,1,0.00,47.0
"gateway cosmetology",0,2,0.00,19.0
"gawsy",0,5,0.00,4.6
"gawsy hair salon and spa",0,12,0.00,7.8
"gbs barber shop",0,1,0.00,50.0
"gc beauty salon",0,1,0.00,6.0
"gc salon",0,1,0.00,47.0
"gcutz",0,2,0.00,3.5
"gd beauty",0,1,0.00,4.0
"gd beauty dilyara houston отзывы",0,6,0.00,4.0
"gd hair",0,1,0.00,18.0
"gee cut it englewood reviews",0,1,0.00,9.0
"gehwol",0,1,0.00,6.0
"geiser barbering",0,20,0.00,7.8
"gel builder salon near me",0,1,0.00,1.0
"gel x nail supplies",0,1,0.00,2.0
"gel x near ne",0,1,0.00,18.0
"gemas",0,1,0.00,1.0
"gemas beauty salon",0,1,0.00,7.0
"gene jaurez academy",0,2,0.00,72.0
"gene juarez academy",0,24,0.00,79.7
"generation hair salon",0,1,0.00,10.0
"generations barber shop",0,1,0.00,11.0
"generations barber shop pflugerville",0,3,0.00,13.7
"generations barbershop pflugerville tx",0,2,0.00,9.0
"generations barbershop round rock",0,1,0.00,25.0
"generations barbershop round rock reviews",0,1,0.00,26.0
"generations pflugerville",0,5,0.00,9.6
"genesis barber shop",0,1,0.00,1.0
"genesis beauty academy",0,9,0.00,4.9
"genesis beauty salon",0,9,0.00,7.7
"genesis beauty salon photos",0,1,0.00,6.0
"genesis beauty school",0,1,0.00,8.0
"genesis beauty studio",0,1,0.00,8.0
"genesis cal beauty studio",0,5,0.00,7.0
"genesis hair salon",0,22,0.00,6.6
"genesis hair salon near me",0,1,0.00,5.0
"genesis salon",0,1,0.00,9.0
"genesis salon near me",0,1,0.00,10.0
"genesiscal beauty studio",0,7,0.00,7.7
"genie salon",0,2,0.00,20.5
"genies hair store",0,1,0.00,24.0
"genisis salon",0,1,0.00,7.0
"genius barber",0,1,0.00,6.0
"genius hair salon",0,1,0.00,9.0
"genius salon",0,1,0.00,24.0
"genova nail",0,1,0.00,7.0
"genova nail spa",0,5,0.00,9.6
"genova nail spa sugar land reviews",0,114,0.00,8.9
"genova nail spa sugarland",0,1,0.00,19.0
"genova nails",0,8,0.00,10.3
"genova nails sugar land",0,1,0.00,10.0
"gentelmans barbershop",0,1,0.00,1.0
"gentle jerks",0,4,0.00,10.0
"gentle jerks barbershop",0,12,0.00,8.6
"gentle treatment hair products",0,1,0.00,6.0
"gentleman jacks",0,2,0.00,10.5
"gentleman jacks barber",0,1,0.00,10.0
"gentleman jacks barber shop",0,4,0.00,7.3
"gentleman quarters",0,1,0.00,11.0
"gentleman's barbershop",0,1,0.00,8.0
"gentlemans hair studio",0,3,0.00,8.7
"gentlemans quarters",0,1,0.00,6.0
"gentlemen jacks",0,2,0.00,12.5
"gentlemen league barber shop",0,2,0.00,8.5
"gentlemen's league barber",0,6,0.00,8.2
"gentlemen's league barber shop",0,3,0.00,9.0
"gentlemen's league barbershop",0,28,0.00,8.1
"gentlemen's league barbershop - newhall ranch rd santa clarita reviews",0,2,0.00,6.0
"gentlemen's quarters barber shop",0,1,0.00,7.0
"gentlemens",0,1,0.00,11.0
"gentlemens league barbershop",0,42,0.00,7.7
"gentry heights",0,13,0.00,6.2
"gentry memorial",0,1,0.00,7.0
"gentry river oaks",0,2,0.00,8.0
"gents",0,14,0.00,7.8
"gents and co",0,1,0.00,73.0
"gents barber club",0,10,0.00,24.6
"gents barber club reviews",0,14,0.00,7.7
"gents barber club san jose",0,1,0.00,8.0
"gents place frisco",0,1,0.00,23.0
"gents place houston",0,1,0.00,28.0
"gents santana row",0,1,0.00,11.0
"gents sherman tx",0,15,0.00,7.3
"gents vii",0,54,0.00,7.9
"gents vii barbershop",0,12,0.00,7.5
"gents vii reviews",0,22,0.00,4.3
"gentz barber",0,1,0.00,7.0
"gentz barbershop",0,8,0.00,10.0
"genuine throne barbershop",0,1,0.00,51.0
"geo barber shop",0,1,0.00,10.0
"geo barbershop",0,1,0.00,6.0
"geo cuts the lions den",0,4,0.00,10.0
"george auto repair",0,1,0.00,1.0
"george fades",0,1,0.00,4.0
"georgetown beauty school",0,2,0.00,8.5
"georgetown hair school",0,30,0.00,8.3
"georgia cosmetology practical exam kit list",0,1,0.00,41.0
"gerard hair",0,1,0.00,5.0
"gerardo's hair design",0,5,0.00,5.2
"gerardos barber shop",0,1,0.00,5.0
"gero barbershop",0,4,0.00,8.8
"gerson barber shop",0,5,0.00,9.0
"get faded barber shop",0,1,0.00,9.0
"get hair colored near me",0,1,0.00,1.0
"get it",0,2,0.00,3.0
"get it beauty",0,2,0.00,1.5
"get it beauty supply",0,72,0.00,5.4
"ghanaian barbering shop near me",0,1,0.00,1.0
"gigi beauty salon",0,1,0.00,28.0
"gigi hair salon",0,4,0.00,7.3
"gigi salon",0,4,0.00,6.3
"gigi's barber shop",0,4,0.00,8.3
"gigi's hair and beauty salon",0,1,0.00,13.0
"gigi's hair salon",0,2,0.00,5.0
"gigis hair salon",0,16,0.00,7.3
"gigis salon",0,1,0.00,40.0
"gila rut aveda salon reviews",0,1,0.00,12.0
"gila rut aveda salon san diego",0,2,0.00,10.5
"gila rut salon",0,1,0.00,17.0
"gila rut salon san diego",0,4,0.00,10.0
"gilarythehairstylist",0,4,0.00,5.3
"gilded hair",0,8,0.00,7.5
"gilded hair salon",0,7,0.00,2.9
"gilded salon",0,23,0.00,5.2
"gilded-salon",0,3,0.00,3.3
"gilma beauty salon",0,2,0.00,11.0
"gilmor hair and beauty",0,2,0.00,57.5
"gimme beauty",0,2,0.00,1.0
"gimme beauty irving",0,3,0.00,3.7
"gimmie",0,1,0.00,3.0
"gio barber shop",0,1,0.00,9.0
"gio hair",0,4,0.00,11.8
"gio hair reviews",0,1,0.00,9.0
"gio hair salon houston",0,42,0.00,8.0
"gio hair salon photos",0,8,0.00,6.6
"gio hair salon reviews",0,22,0.00,7.8
"gio hair salon 지오헤어살롱",0,7,0.00,3.1
"gio houston",0,1,0.00,7.0
"gio salon",0,3,0.00,3.7
"gio the barber",0,3,0.00,2.0
"gio's hair salon",0,1,0.00,10.0
"giofadez",0,1,0.00,8.0
"gios salon",0,1,0.00,7.0
"girl salons for parties houston",0,1,0.00,36.0
"girls house salon",0,2,0.00,6.0
"gita beauty salon",0,47,0.00,7.0
"gita beauty salon reviews",0,41,0.00,5.6
"giuseppe's hair salon",0,1,0.00,45.0
"giuseppe's hair studio",0,1,0.00,42.0
"gk academy",0,53,0.00,9.6
"gk academy usa",0,29,0.00,8.1
"gk beauty salon",0,1,0.00,42.0
"glam academy",0,5,0.00,15.6
"glam and beauty salon",0,1,0.00,9.0
"glam and grace",0,2,0.00,3.5
"glam babe",0,6,0.00,3.0
"glam babe hair co",0,25,0.00,7.5
"glam bar",0,1,0.00,10.0
"glam beauty academy",0,42,0.00,9.5
"glam beauty academy midland",0,15,0.00,7.3
"glam beauty academy midland tx",0,16,0.00,7.9
"glam beauty academy odessa",0,16,0.00,10.3
"glam beauty bar",0,1,0.00,5.0
"glam beauty salon",0,2,0.00,10.0
"glam beauty supply",0,16,0.00,4.4
"glam beauty supply laredo",0,9,0.00,9.4
"glam beauty supply laredo reviews",0,50,0.00,6.3
"glam beauty supply laredo tx",0,30,0.00,9.4
"glam by grace",0,1,0.00,1.0
"glam city",0,2,0.00,5.5
"glam city beauty supply",0,36,0.00,6.2
"glam city beauty supply photos",0,3,0.00,5.3
"glam galore salon suites",0,2,0.00,26.0
"glam house",0,1,0.00,7.0
"glam house cypress",0,4,0.00,36.0
"glam house hair salon",0,4,0.00,9.5
"glam house hair salon reviews",0,2,0.00,11.5
"glam studio salon",0,15,0.00,38.8
"glameleon wigs",0,10,0.00,3.3
"glamhouse",0,1,0.00,9.0
"glamhouse salon",0,2,0.00,9.0
"glamor beauty",0,1,0.00,6.0
"glamor beauty salon",0,1,0.00,8.0
"glamor beauty supply",0,41,0.00,7.7
"glamor beauty supply oakland",0,3,0.00,9.0
"glamor cuts",0,2,0.00,4.0
"glamor hair salon",0,1,0.00,11.0
"glamor wigs",0,1,0.00,2.0
"glamorous beauty",0,2,0.00,26.5
"glamorous beauty salon",0,2,0.00,10.0
"glamorous beauty supply",0,2,0.00,4.5
"glamorous hair and nails",0,1,0.00,28.0
"glamorous looks salon",0,1,0.00,30.0
"glamorous salon",0,5,0.00,10.4
"glamour academy",0,2,0.00,9.5
"glamour beauty",0,3,0.00,19.3
"glamour beauty & hair salon",0,3,0.00,29.3
"glamour beauty salon",0,35,0.00,11.2
"glamour beauty salon houston",0,19,0.00,9.9
"glamour beauty shop",0,2,0.00,34.5
"glamour beauty spa",0,2,0.00,4.0
"glamour beauty supply",0,20,0.00,11.6
"glamour beauty supply oakland",0,27,0.00,6.3
"glamour costumes",0,1,0.00,8.0
"glamour curl",0,8,0.00,2.4
"glamour curl salon & spa",0,107,0.00,7.8
"glamour curl salon & spa houston reviews",0,23,0.00,8.0
"glamour curl salon & spa photos",0,31,0.00,8.8
"glamour cut",0,1,0.00,2.0
"glamour cuts",0,15,0.00,2.0
"glamour cuts league city",0,16,0.00,2.9
"glamour cuts reviews",0,2,0.00,5.5
"glamour eyes",0,1,0.00,1.0
"glamour hair and beauty",0,2,0.00,40.5
"glamour hair and nails",0,1,0.00,11.0
"glamour hair salon",0,3,0.00,9.7
"glamour hair studio",0,5,0.00,8.2
"glamour house",0,2,0.00,24.5
"glamour house beauty salon",0,1,0.00,22.0
"glamour house studios",0,3,0.00,8.0
"glamour look salon",0,1,0.00,24.0
"glamour looks",0,1,0.00,43.0
"glamour looks salon",0,1,0.00,34.0
"glamour lounge salon",0,1,0.00,37.0
"glamour salon",0,2,0.00,9.5
"glamour store",0,1,0.00,39.0
"glamour studios",0,1,0.00,26.0
"glamour suite",0,1,0.00,29.0
"glamour suites",0,1,0.00,1.0
"glamour us salon",0,1,0.00,34.0
"glamshack",0,1,0.00,6.0
"glamspalife",0,4,0.00,7.5
"glamvigor wigs",0,1,0.00,3.0
"glamzy wigs",0,2,0.00,11.0
"glance lash academy reviews",0,1,0.00,12.0
"glen pro",0,4,0.00,1.0
"glen pro beauty",0,1,0.00,1.0
"glenda hair salon",0,1,0.00,7.0
"glenda salon",0,1,0.00,5.0
"glenda's beauty salon",0,1,0.00,7.0
"glenda's hair salon",0,6,0.00,4.3
"glendale beauty supply",0,10,0.00,13.5
"glendas hair salon",0,1,0.00,4.0
"glenn barber shop",0,1,0.00,10.0
"glenn barbers",0,1,0.00,33.0
"glenn the barber",0,3,0.00,12.0
"glenn's barber",0,1,0.00,14.0
"glenpro beauty",0,4,0.00,5.0
"glenpro beauty center",0,28,0.00,2.0
"glenpro beauty center glendale",0,2,0.00,3.0
"glens barbers",0,1,0.00,36.0
"glenshair",0,1,0.00,2.0
"glitter and gloss",0,1,0.00,61.0
"glitter beauty",0,1,0.00,4.0
"glitters hair salon",0,1,0.00,21.0
"glo address",0,1,0.00,8.0
"glo beauty",0,1,0.00,9.0
"glo beauty bar",0,4,0.00,8.0
"glo beauty lab",0,5,0.00,8.4
"glo beauty lounge",0,1,0.00,29.0
"glo beauty salon",0,2,0.00,9.5
"glo beauty studio",0,1,0.00,19.0
"glo braids",0,2,0.00,11.0
"glo cosmetics near me",0,1,0.00,61.0
"glo hair",0,1,0.00,14.0
"glo hair salon",0,1,0.00,3.0
"glo hairdressing",0,1,0.00,18.0
"glo hours",0,1,0.00,12.0
"glo houston",0,5,0.00,21.6
"glo houston tx",0,3,0.00,24.0
"glo labs",0,1,0.00,20.0
"glo on braids",0,1,0.00,26.0
"glo on natural hair",0,1,0.00,35.0
"glo salon",0,5,0.00,6.4
"glo saloon",0,1,0.00,10.0
"glo up",0,1,0.00,7.0
"global beauty solutions",0,1,0.00,19.0
"global hair",0,1,0.00,10.0
"global hair salon",0,5,0.00,6.4
"global salon",0,33,0.00,4.5
"global salon bellaire",0,14,0.00,4.6
"global salon hair care",0,3,0.00,23.7
"global salon photos",0,1,0.00,7.0
"globeauty",0,1,0.00,9.0
"gloria's barber college",0,3,0.00,9.0
"gloria's barber shop",0,1,0.00,29.0
"gloria's beauty salon",0,1,0.00,9.0
"glorias barber college",0,5,0.00,9.4
"glorias beauty salon",0,1,0.00,23.0
"glorias hair salon",0,1,0.00,4.0
"glory road barber el paso",0,1,0.00,10.0
"glory road barbershop",0,3,0.00,9.3
"gloss & glam hair salon & head spa ✂ los angeles reviews",0,11,0.00,6.3
"gloss and co salon",0,1,0.00,47.0
"gloss and glam beauty lounge",0,1,0.00,31.0
"gloss and glam hair salon",0,2,0.00,7.5
"gloss and glam salon",0,16,0.00,10.3
"gloss barber shop",0,1,0.00,14.0
"gloss belle pro nail studio houston",0,6,0.00,4.3
"gloss glam hair spa",0,1,0.00,8.0
"gloss nails",0,1,0.00,1.0
"gloss nails houston",0,1,0.00,46.0
"gloss salon",0,1,0.00,55.0
"glossier",0,1,0.00,2.0
"glossy bundles near me",0,1,0.00,1.0
"glow beauty supply",0,1,0.00,1.0
"glow empire",0,2,0.00,7.5
"glow hair",0,1,0.00,11.0
"glow naturals",0,1,0.00,2.0
"glow theory academy",0,1,0.00,5.0
"glow up beauty salon",0,1,0.00,32.0
"glow up hair",0,1,0.00,1.0
"glow up hair salon",0,7,0.00,7.3
"glow up hair studio",0,106,0.00,4.2
"glow up hair studio katy",0,56,0.00,5.1
"glow up hair studio photos",0,2,0.00,1.0
"glow up hair studio reviews",0,42,0.00,6.6
"glow up houston",0,2,0.00,18.0
"glow up salon",0,6,0.00,2.8
"glow up salon tx",0,1,0.00,21.0
"glowup beauty salon",0,1,0.00,27.0
"gme hair",0,1,0.00,75.0
"gnu beauty institute",0,19,0.00,7.5
"goat barber",0,2,0.00,9.0
"goat barbershop moreno valley reviews",0,19,0.00,5.4
"goat fade haircut",0,1,0.00,1.0
"goddess beauty supply",0,4,0.00,8.0
"goddess braids",0,1,0.00,2.0
"goddess hair salon",0,2,0.00,5.0
"gold 7 beauty supply",0,13,0.00,8.6
"gold 7 beauty supply plano",0,6,0.00,10.2
"gold 7 plano",0,6,0.00,7.8
"gold beauty",0,6,0.00,8.5
"gold beauty super store",0,5,0.00,5.2
"gold beauty supply",0,56,0.00,9.2
"gold beauty supply carrollton tx",0,4,0.00,5.5
"gold beauty supply near me",0,4,0.00,7.3
"gold beauty supply plano",0,3,0.00,7.7
"gold beauty supply store",0,2,0.00,18.5
"gold scissors barber",0,1,0.00,8.0
"gold seven beauty supply",0,1,0.00,12.0
"gold's beauty supply",0,3,0.00,8.3
"golden 7 beauty supply",0,2,0.00,7.5
"golden beauty supply",0,4,0.00,10.0
"golden beauty supply near me",0,2,0.00,9.0
"golden cut barbershop",0,1,0.00,11.0
"golden door barber shop",0,1,0.00,6.0
"golden door barbershop",0,6,0.00,8.5
"golden door barbershop reviews",0,6,0.00,8.3
"golden edge barber shop",0,1,0.00,10.0
"golden edge barbershop",0,33,0.00,10.6
"golden edge barbershop reviews",0,33,0.00,8.0
"golden gate barber",0,1,0.00,8.0
"golden hand braiding",0,7,0.00,6.4
"golden hands braiding",0,2,0.00,6.5
"golden hands hair salon",0,1,0.00,7.0
"golden roots barber",0,3,0.00,9.0
"golden roots barber lounge",0,6,0.00,12.7
"golden roots barber lounge reviews",0,11,0.00,9.2
"golden salon and spa",0,1,0.00,5.0
"golden scissor salon",0,1,0.00,13.0
"golden scissors",0,27,0.00,11.2
"golden scissors arlington reviews",0,2,0.00,10.5
"golden scissors barbers",0,1,0.00,43.0
"golden scissors beauty salon",0,2,0.00,16.0
"golden scissors hair salon",0,5,0.00,10.0
"golden scissors haircut",0,2,0.00,41.0
"golden scissors near me",0,5,0.00,7.6
"golden scissors salon",0,1,0.00,13.0
"golden shear",0,4,0.00,5.0
"golden touch academy",0,25,0.00,8.2
"golden treasure beauty spa houston",0,12,0.00,7.3
"golden vision barbershop",0,2,0.00,10.5
"goldie beauty salon",0,3,0.00,9.3
"goldie hair salon",0,2,0.00,17.0
"goldie salon",0,1,0.00,6.0
"goldies barber shop",0,6,0.00,6.3
"golds beauty",0,2,0.00,8.0
"golds beauty supply",0,18,0.00,10.2
"goldstar barber academy",0,3,0.00,16.3
"goldstar barber studio",0,1,0.00,21.0
"gomez barber shop",0,17,0.00,9.8
"gomez hair",0,1,0.00,45.0
"good asian barbers near me",0,2,0.00,1.0
"good barber shops near me",0,1,0.00,1.0
"good barbers in castle hills",0,1,0.00,18.0
"good company hair",0,3,0.00,6.0
"good eyebrow threading near me",0,1,0.00,1.0
"good fellas barbershop",0,1,0.00,9.0
"good fellaz barber shop santa ana",0,1,0.00,9.0
"good hair",0,4,0.00,11.5
"good hair houston",0,20,0.00,5.4
"good hair.",0,1,0.00,14.0
"good haircut for 1a hair",0,1,0.00,8.0
"good inexpensive hair salons near me",0,1,0.00,1.0
"good lad barber",0,5,0.00,10.0
"good life barber",0,8,0.00,7.0
"good sir barber",0,7,0.00,1.0
"good sir barbershop",0,12,0.00,4.2
"good vibes barber",0,4,0.00,9.5
"good vibes barbershop dallas",0,3,0.00,3.3
"good vibes barbershop dallas reviews",0,9,0.00,4.2
"good vibes haircut",0,1,0.00,8.0
"goodfellas barber shop",0,1,0.00,8.0
"goodfellas hair studio",0,1,0.00,11.0
"goodfellas howe",0,1,0.00,30.0
"goodfellas santa ana",0,3,0.00,9.0
"goodfellaz barbershop santa ana",0,1,0.00,12.0
"goodfellaz santa ana",0,1,0.00,12.0
"goodhair",0,5,0.00,8.4
"goodhair salon",0,3,0.00,7.0
"goodlad barber",0,9,0.00,15.2
"goodlad barber reviews",0,4,0.00,8.3
"goodsir barbershop",0,12,0.00,1.8
"goodus",0,28,0.00,8.2
"goodus beauty supply",0,53,0.00,3.8
"goodus beauty supply & hair salon",0,9,0.00,3.4
"goodvibes barber",0,1,0.00,9.0
"google maps hair salon",0,1,0.00,30.0
"gordito peinado",0,19,0.00,8.0
"gordito peinado barbershop",0,8,0.00,6.6
"gordito peinado reviews",0,1,0.00,5.0
"gordon academy",0,1,0.00,7.0
"gorgeous academy",0,2,0.00,7.0
"gorilla barber",0,1,0.00,21.0
"gorilla barbers",0,1,0.00,18.0
"gorilla barbershop",0,3,0.00,12.7
"gorillas barbershop",0,4,0.00,8.0
"got nails university",0,2,0.00,58.5
"grace & glam hair braiding",0,23,0.00,4.7
"grace and glam",0,65,0.00,1.0
"grace and glam hair braiding",0,38,0.00,2.6
"grace and glam hair braiding photos",0,24,0.00,4.8
"grace and glam hair braiding reviews",0,35,0.00,7.7
"grace and glam salon",0,3,0.00,3.7
"grace barber shop",0,1,0.00,8.0
"grace beauty",0,2,0.00,25.5
"grace beauty salon",0,4,0.00,17.3
"grace beauty studio",0,1,0.00,5.0
"grace glam",0,1,0.00,1.0
"grace salon",0,1,0.00,47.0
"grace salon near me",0,1,0.00,1.0
"gracie's hair salon",0,1,0.00,10.0
"graciela beauty salon",0,1,0.00,5.0
"graciela hair salon",0,1,0.00,12.0
"graciela salon",0,1,0.00,11.0
"graciela's beauty salon",0,7,0.00,6.6
"graciela's hair salon",0,3,0.00,5.7
"graciela's salon",0,1,0.00,11.0
"gracielas salon",0,2,0.00,10.5
"graduate america garland",0,8,0.00,9.0
"graham barber",0,1,0.00,8.0
"graham barber college",0,9,0.00,9.2
"graham's barber college",0,12,0.00,8.7
"grahams barber college",0,20,0.00,7.8
"grand ave barber lounge",0,6,0.00,8.0
"grand parlor",0,2,0.00,6.0
"grand parlor salon and shave",0,1,0.00,7.0
"gratitude barber",0,4,0.00,16.8
"gratitude barber studio",0,13,0.00,9.5
"gratitude barbershop",0,1,0.00,6.0
"gray hair specialist near me",0,1,0.00,15.0
"grayscale barbershop",0,1,0.00,18.0
"grayscale barbershop reviews",0,4,0.00,9.5
"grayson college cosmetology",0,3,0.00,11.7
"grayson cosmetology",0,8,0.00,8.8
"grayson county college cosmetology",0,15,0.00,7.7
"great clip hours",0,1,0.00,12.0
"great clips",0,181,0.00,8.2
"great clips 77044",0,1,0.00,9.0
"great clips eagle pass",0,7,0.00,10.7
"great clips hours",0,5,0.00,10.8
"great clips jordan landing",0,1,0.00,25.0
"great clips macarthur",0,1,0.00,38.0
"great clips mckinney",0,1,0.00,37.0
"great clips on university",0,2,0.00,11.0
"great clips pflugerville",0,3,0.00,22.7
"great clips san bernardino",0,8,0.00,9.9
"great clips sherman",0,1,0.00,28.0
"great clips sherman texas",0,1,0.00,25.0
"great clips soncy",0,1,0.00,34.0
"great clips spring cypress",0,1,0.00,30.0
"great clips summerwood",0,2,0.00,20.5
"great clips vintage park",0,1,0.00,12.0
"great clips website",0,1,0.00,6.0
"great clips.",0,1,0.00,10.0
"great hair plus",0,54,0.00,1.4
"great styles hair salon",0,1,0.00,7.0
"greatclios",0,1,0.00,6.0
"greatclip",0,1,0.00,8.0
"greatclips",0,4,0.00,9.0
"greatcuts",0,3,0.00,6.3
"greay clips",0,1,0.00,8.0
"greenclips",0,1,0.00,8.0
"greenville cosmetology school",0,2,0.00,22.5
"greenville texas",0,1,0.00,4.0
"greg barber shop",0,2,0.00,5.5
"grenas barbershop",0,2,0.00,30.5
"gret clips",0,1,0.00,8.0
"grewt clips",0,1,0.00,12.0
"greñas barber shop",0,4,0.00,17.3
"greñitas",0,1,0.00,4.0
"griggs nails",0,1,0.00,12.0
"grim and glam salon",0,14,0.00,6.4
"grippers near me",0,2,0.00,28.0
"grissy",0,5,0.00,4.4
"groom room barbershop",0,4,0.00,7.3
"groomhouse barbershop",0,8,0.00,6.0
"grooming lounge",0,2,0.00,9.5
"grooming supply stores near me",0,1,0.00,67.0
"groomology barbershop",0,2,0.00,8.0
"groomology barbershop frisco",0,3,0.00,8.3
"groomology barbershop frisco reviews",0,1,0.00,3.0
"groove hair salon",0,1,0.00,10.0
"groove hair salon dallas",0,1,0.00,16.0
"groove salon",0,1,0.00,10.0
"grounded beauty",0,2,0.00,5.5
"grounded hair salon",0,1,0.00,3.0
"grow good beauty",0,5,0.00,3.4
"grow-good beauty",0,1,0.00,2.0
"gs barber studio",0,4,0.00,7.0
"gs beauty supply",0,1,0.00,37.0
"gstudio",0,1,0.00,3.0
"gt barber shop",0,1,0.00,28.0
"gt barbershop",0,1,0.00,14.0
"gt beauty supply",0,1,0.00,31.0
"gt cutz",0,2,0.00,26.5
"guanajuato barber shop",0,3,0.00,9.3
"guapa hair salon",0,1,0.00,3.0
"guards down barbershop",0,36,0.00,6.8
"guards down barbershop reviews",0,36,0.00,4.3
"gucci barber",0,1,0.00,3.0
"gucci barbershop",0,1,0.00,43.0
"gucci cuts",0,1,0.00,7.0
"gucci cutz",0,1,0.00,27.0
"gucci fades",0,9,0.00,3.9
"gucci the barber",0,2,0.00,10.0
"guccithebarber",0,30,0.00,5.7
"guccitheebarber",0,5,0.00,6.4
"guest salon",0,1,0.00,31.0
"guilded hair salon",0,5,0.00,6.6
"gulf coast barber college",0,21,0.00,9.3
"gummy gel",0,1,0.00,8.0
"gus fades",0,8,0.00,10.4
"gutierrez barber shop",0,3,0.00,11.7
"guy code barbershop",0,10,0.00,7.8
"guys and dolls hair salon",0,2,0.00,7.0
"guys and dolls hair studio",0,1,0.00,6.0
"gypsy hair",0,1,0.00,9.0
"gypsy hair salon",0,5,0.00,6.0
"gypsy rose hair salon",0,8,0.00,11.3
"gypsy rose salon",0,57,0.00,9.5
"gypsy rose salon photos",0,2,0.00,9.0
"gypsy rose salon reviews",0,64,0.00,7.7
"gypsy rose salon round rock",0,2,0.00,20.0
"gội đầu dưỡng sinh houston",0,2,0.00,11.0
"h & j beauty supply",0,2,0.00,30.5
"h & m hair and beauty salon",0,1,0.00,11.0
"h & m salon",0,1,0.00,19.0
"h & s beauty supply",0,6,0.00,4.3
"h and h barber",0,1,0.00,6.0
"h and j beauty supply",0,3,0.00,46.3
"h and m hair salon",0,2,0.00,24.5
"h and m salon",0,1,0.00,43.0
"h and y beauty",0,1,0.00,40.0
"h beauty",0,29,0.00,11.3
"h beauty supply",0,118,0.00,4.4
"h beauty supply - katy",0,2,0.00,9.5
"h beauty supply - katy photos",0,1,0.00,9.0
"h beauty supply near me",0,1,0.00,21.0
"h beauty supply reviews",0,10,0.00,9.2
"h beauty supply spring",0,9,0.00,2.0
"h beauty supply spring tx",0,21,0.00,1.4
"h&g store",0,1,0.00,47.0
"h&h barber shop",0,1,0.00,5.0
"h&h barbershop",0,3,0.00,7.0
"h&h beauty supply",0,1,0.00,8.0
"h&j beauty supply",0,1,0.00,40.0
"h&j hair store",0,1,0.00,42.0
"h&m beauty supply",0,1,0.00,9.0
"h&m hair salon",0,1,0.00,12.0
"h&s beauty supply",0,8,0.00,6.3
"h&s hair salon",0,1,0.00,47.0
"h&s supply",0,1,0.00,2.0
"h&t beauty salon",0,1,0.00,33.0
"h2 barbershop",0,1,0.00,33.0
"haar expert",0,1,0.00,60.0
"hagopart",0,2,0.00,31.0
"hagopart barbershop",0,3,0.00,9.7
"hai hair salon",0,5,0.00,6.2
"hai society",0,6,0.00,5.8
"hai society salon",0,2,0.00,3.5
"hai society salon reviews",0,3,0.00,4.0
"haiorcut",0,1,0.00,1.0
"hair",0,1,0.00,1.0
"hair #4",0,1,0.00,10.0
"hair & beauty supply near me",0,1,0.00,1.0
"hair & care",0,4,0.00,31.5
"hair & co",0,1,0.00,9.0
"hair & joy",0,1,0.00,33.0
"hair 2 desire salon",0,1,0.00,17.0
"hair 2000",0,11,0.00,7.5
"hair 2000 beauty salon",0,4,0.00,5.3
"hair 2000 salon",0,1,0.00,25.0
"hair 22",0,10,0.00,5.5
"hair 22 salon",0,8,0.00,4.0
"hair 365",0,1,0.00,8.0
"hair 4",0,3,0.00,35.0
"hair 4 u salon",0,1,0.00,18.0
"hair 5 0",0,1,0.00,60.0
"hair academy",0,13,0.00,7.8
"hair academy lubbock",0,10,0.00,6.4
"hair academy near me",0,1,0.00,3.0
"hair alba",0,1,0.00,22.0
"hair alchemy",0,4,0.00,9.0
"hair alchemy katy",0,1,0.00,8.0
"hair alchemy photos",0,1,0.00,10.0
"hair alchemy reviews",0,1,0.00,4.0
"hair and beauty 2 you",0,1,0.00,9.0
"hair and beauty by kim",0,1,0.00,10.0
"hair and beauty lab",0,1,0.00,18.0
"hair and beauty supply",0,1,0.00,1.0
"hair and beyond",0,2,0.00,7.0
"hair and brow",0,1,0.00,10.0
"hair and brow bar",0,4,0.00,8.3
"hair and care",0,5,0.00,32.0
"hair and co",0,1,0.00,9.0
"hair and company",0,1,0.00,10.0
"hair and company beauty supply",0,2,0.00,7.0
"hair and cosmetology schools near me",0,1,0.00,30.0
"hair and image studio",0,1,0.00,57.0
"hair and makeup bridal",0,1,0.00,1.0
"hair and makeup houston",0,1,0.00,21.0
"hair and more salon",0,1,0.00,9.0
"hair and shine",0,2,0.00,18.5
"hair and skin studio",0,1,0.00,25.0
"hair arca",0,74,0.00,10.0
"hair arca los angeles",0,4,0.00,10.5
"hair arca reviews",0,54,0.00,4.9
"hair artisan salon",0,1,0.00,6.0
"hair asian",0,1,0.00,7.0
"hair atore",0,1,0.00,1.0
"hair avenue salon",0,1,0.00,1.0
"hair barber",0,1,0.00,1.0
"hair beads",0,1,0.00,3.0
"hair beauty",0,1,0.00,1.0
"hair beauty bar",0,1,0.00,7.0
"hair beauty queen",0,1,0.00,33.0
"hair beauty supply",0,1,0.00,17.0
"hair bello products",0,1,0.00,7.0
"hair bg",0,2,0.00,12.0
"hair bizz suites",0,1,0.00,63.0
"hair bliss",0,1,0.00,5.0
"hair bonding glue",0,1,0.00,5.0
"hair boss",0,3,0.00,43.0
"hair botox treatment",0,1,0.00,2.0
"hair braiders",0,1,0.00,1.0
"hair braiders near me",0,2,0.00,3.0
"hair braiders near me for black hair",0,1,0.00,4.0
"hair braiding",0,1,0.00,1.0
"hair braiding beaumont tx",0,1,0.00,24.0
"hair braiding in houston",0,1,0.00,1.0
"hair braiding near me",0,5,0.00,2.4
"hair braiding school near me",0,1,0.00,12.0
"hair buzz",0,2,0.00,40.0
"hair by 4",0,29,0.00,9.7
"hair by adrienne",0,2,0.00,46.0
"hair by alex",0,1,0.00,7.0
"hair by aly",0,3,0.00,7.0
"hair by angel",0,7,0.00,4.9
"hair by anita",0,1,0.00,44.0
"hair by anna",0,1,0.00,7.0
"hair by anointed hands",0,1,0.00,7.0
"hair by antoinette",0,2,0.00,11.0
"hair by araceli",0,5,0.00,8.2
"hair by arensman",0,5,0.00,8.0
"hair by ash",0,1,0.00,12.0
"hair by ashley",0,2,0.00,7.0
"hair by aurora",0,1,0.00,8.0
"hair by beauty",0,1,0.00,1.0
"hair by bella",0,1,0.00,11.0
"hair by blessing",0,1,0.00,28.0
"hair by candy",0,43,0.00,7.4
"hair by capri",0,8,0.00,4.8
"hair by capri 2",0,2,0.00,6.5
"hair by carmen",0,1,0.00,7.0
"hair by christal",0,2,0.00,10.5
"hair by cindy",0,30,0.00,6.9
"hair by claudia",0,11,0.00,12.5
"hair by daniel",0,26,0.00,4.5
"hair by david",0,17,0.00,4.9
"hair by david & co",0,4,0.00,41.3
"hair by david photos",0,3,0.00,6.7
"hair by david reviews",0,1,0.00,3.0
"hair by desi",0,1,0.00,6.0
"hair by donna",0,3,0.00,14.3
"hair by e",0,1,0.00,6.0
"hair by ebony",0,1,0.00,3.0
"hair by elle",0,10,0.00,8.3
"hair by ericka",0,2,0.00,9.0
"hair by erika",0,1,0.00,9.0
"hair by farah",0,2,0.00,10.0
"hair by farah reviews",0,2,0.00,8.0
"hair by flora",0,1,0.00,3.0
"hair by four",0,9,0.00,8.8
"hair by four salon",0,29,0.00,8.8
"hair by freya",0,1,0.00,7.0
"hair by gabby",0,1,0.00,1.0
"hair by gail",0,1,0.00,4.0
"hair by genesis",0,1,0.00,43.0
"hair by gigis",0,1,0.00,23.0
"hair by gloria",0,2,0.00,8.0
"hair by iris",0,3,0.00,5.7
"hair by isabel",0,5,0.00,6.4
"hair by javier",0,74,0.00,3.7
"hair by jimmie",0,12,0.00,9.5
"hair by jimmie salon & spa",0,8,0.00,10.4
"hair by jimmy",0,1,0.00,7.0
"hair by k",0,3,0.00,10.0
"hair by kathy",0,1,0.00,3.0
"hair by katy salon",0,1,0.00,13.0
"hair by kayla",0,1,0.00,2.0
"hair by kc",0,25,0.00,9.0
"hair by kelly",0,8,0.00,7.9
"hair by ken",0,1,0.00,5.0
"hair by kenny reviews",0,6,0.00,6.3
"hair by kim",0,14,0.00,7.8
"hair by kristi",0,1,0.00,7.0
"hair by lauren",0,1,0.00,6.0
"hair by lena",0,1,0.00,1.0
"hair by lew",0,17,0.00,11.6
"hair by lily",0,2,0.00,8.5
"hair by lorena",0,1,0.00,7.0
"hair by lucy",0,1,0.00,3.0
"hair by maria",0,1,0.00,6.0
"hair by mary",0,3,0.00,8.3
"hair by melody",0,6,0.00,7.0
"hair by mina",0,41,0.00,10.3
"hair by mina colorist team",0,5,0.00,8.2
"hair by mina katy",0,32,0.00,9.1
"hair by mina photos",0,1,0.00,7.0
"hair by mina reviews",0,1,0.00,7.0
"hair by miriam",0,1,0.00,9.0
"hair by monica",0,3,0.00,4.0
"hair by nancy",0,2,0.00,8.0
"hair by natalie",0,2,0.00,7.0
"hair by nena",0,2,0.00,3.0
"hair by nicky",0,2,0.00,11.0
"hair by nikki",0,32,0.00,7.4
"hair by nina",0,2,0.00,9.5
"hair by omar",0,1,0.00,10.0
"hair by paul",0,3,0.00,7.3
"hair by reyna",0,1,0.00,29.0
"hair by saint rose",0,94,0.00,7.8
"hair by saint rose houston",0,19,0.00,7.2
"hair by saint rose reviews",0,13,0.00,8.9
"hair by sandy",0,1,0.00,5.0
"hair by shelby",0,2,0.00,7.0
"hair by sheleen",0,2,0.00,8.5
"hair by st rose",0,9,0.00,8.1
"hair by sunny",0,1,0.00,7.0
"hair by tan",0,1,0.00,36.0
"hair by tay",0,1,0.00,10.0
"hair by thuy",0,1,0.00,6.0
"hair by tina",0,17,0.00,6.1
"hair by tina m",0,2,0.00,10.0
"hair by tony",0,9,0.00,5.6
"hair by tony highway 6",0,4,0.00,9.3
"hair by tony iv",0,2,0.00,7.0
"hair by vi",0,6,0.00,6.7
"hair by wendy",0,1,0.00,29.0
"hair by yani",0,1,0.00,21.0
"hair cache",0,2,0.00,22.5
"hair can",0,2,0.00,3.5
"hair candy salon",0,1,0.00,7.0
"hair care",0,1,0.00,2.0
"hair care 4 u",0,2,0.00,17.5
"hair care group",0,4,0.00,52.3
"hair center beauty supply",0,12,0.00,6.3
"hair charms",0,1,0.00,11.0
"hair city",0,32,0.00,8.4
"hair city beauty supply",0,51,0.00,5.5
"hair city beauty supply & shop",0,21,0.00,5.9
"hair city beauty supply photos",0,1,0.00,17.0
"hair city beauty supply reviews",0,7,0.00,6.7
"hair clipper",0,1,0.00,10.0
"hair clipper blade sharpener",0,1,0.00,6.0
"hair clipper near me",0,1,0.00,3.0
"hair clipper repair",0,1,0.00,10.0
"hair clipper store near me",0,1,0.00,67.0
"hair clippers near me",0,3,0.00,39.7
"hair clippers store near me",0,3,0.00,50.3
"hair clock",0,1,0.00,6.0
"hair club houston",0,2,0.00,26.0
"hair collective",0,3,0.00,10.3
"hair collective co",0,7,0.00,6.4
"hair color express blow dry bar",0,2,0.00,40.0
"hair color near me",0,3,0.00,1.0
"hair color refresh",0,1,0.00,8.0
"hair color salon",0,1,0.00,9.0
"hair color specialist near me",0,1,0.00,13.0
"hair couture",0,1,0.00,12.0
"hair couture & beauty ink lounge",0,4,0.00,9.8
"hair couture and beauty ink lounge",0,3,0.00,8.0
"hair couture salon",0,1,0.00,7.0
"hair couture san antonio",0,1,0.00,10.0
"hair craft collective",0,9,0.00,6.1
"hair creations",0,14,0.00,6.4
"hair creations near me",0,1,0.00,15.0
"hair creations photos",0,2,0.00,7.0
"hair crown beauty supply near me",0,1,0.00,33.0
"hair crown near me",0,4,0.00,26.3
"hair cut",0,4,0.00,3.5
"hair cut el paso",0,1,0.00,46.0
"hair cut near me",0,16,0.00,4.1
"hair cut near me women",0,3,0.00,1.7
"hair cut open on sunday",0,1,0.00,7.0
"hair cut place near me",0,1,0.00,1.0
"hair cut place open near me",0,1,0.00,1.0
"hair cut places",0,1,0.00,21.0
"hair cut plus",0,2,0.00,3.0
"hair cut salons near me",0,1,0.00,1.0
"hair cut scissors near me",0,2,0.00,50.0
"hair cut supplies near me",0,1,0.00,54.0
"hair cut waco",0,1,0.00,1.0
"hair cuts for black women near me",0,1,0.00,46.0
"hair cuts for women near me",0,1,0.00,6.0
"hair cuts near me",0,1,0.00,1.0
"hair cuts plus",0,1,0.00,2.0
"hair cuts that welcomes children",0,1,0.00,1.0
"hair cutting scissors near me",0,25,0.00,30.2
"hair cutting supplies near me",0,1,0.00,12.0
"hair cuty",0,1,0.00,8.0
"hair deopt",0,1,0.00,1.0
"hair dep",0,1,0.00,2.0
"hair depo",0,1,0.00,1.0
"hair depor",0,1,0.00,1.0
"hair depot",0,42,0.00,4.1
"hair depot beaumont",0,9,0.00,4.2
"hair depot beaumont texas",0,2,0.00,7.0
"hair depot beaumont tx",0,15,0.00,6.1
"hair depot beauty supply",0,9,0.00,4.0
"hair depot beauty supply beaumont",0,4,0.00,6.0
"hair depot beauty supply beaumont reviews",0,1,0.00,11.0
"hair depot houston tx",0,3,0.00,5.3
"hair depot near me",0,7,0.00,6.4
"hair depot phone number",0,1,0.00,8.0
"hair designs by gail",0,1,0.00,18.0
"hair desire",0,1,0.00,14.0
"hair desire salon",0,1,0.00,7.0
"hair doctors riverside",0,1,0.00,9.0
"hair dresser",0,1,0.00,1.0
"hair dresser near me",0,1,0.00,1.0
"hair dressing scissors near me",0,1,0.00,24.0
"hair dryer bonnet near me",0,1,0.00,1.0
"hair dye near me",0,1,0.00,1.0
"hair dye salon near me",0,1,0.00,5.0
"hair dye stores near me",0,1,0.00,10.0
"hair eccentric",0,1,0.00,1.0
"hair eden",0,1,0.00,5.0
"hair elite",0,1,0.00,10.0
"hair elite salon",0,1,0.00,9.0
"hair embassy",0,1,0.00,14.0
"hair empire",0,3,0.00,23.3
"hair empire beauty supply",0,9,0.00,11.3
"hair emporium",0,1,0.00,38.0
"hair etc",0,16,0.00,1.1
"hair etc by bobo",0,24,0.00,2.1
"hair etc by bobo houston photos",0,4,0.00,8.5
"hair euphoria",0,1,0.00,44.0
"hair evo",0,1,0.00,66.0
"hair experience salon",0,1,0.00,32.0
"hair expert",0,1,0.00,10.0
"hair expert salon",0,1,0.00,26.0
"hair expertise",0,2,0.00,38.5
"hair experts salon",0,4,0.00,7.0
"hair expressions barber school",0,67,0.00,8.9
"hair expressions barber school reviews",0,17,0.00,8.6
"hair extension remover near me",0,1,0.00,35.0
"hair extension salon the woodlands, tx",0,1,0.00,40.0
"hair extension store near me",0,1,0.00,1.0
"hair extensions austin",0,1,0.00,1.0
"hair extensions by mark cortez",0,1,0.00,62.0
"hair extensions near me",0,1,0.00,1.0
"hair extensions near me in store",0,1,0.00,3.0
"hair extensions sew in",0,1,0.00,2.0
"hair extensions the woodlands, tx",0,2,0.00,47.5
"hair extensions waco",0,1,0.00,5.0
"hair extensions where to buy near me",0,1,0.00,1.0
"hair factory",0,2,0.00,32.0
"hair factory & beauty supply",0,34,0.00,10.5
"hair factory and beauty supply",0,3,0.00,7.7
"hair fashion salon",0,24,0.00,1.0
"hair fashion salon reviews",0,1,0.00,5.0
"hair fibers for men",0,1,0.00,7.0
"hair four",0,1,0.00,24.0
"hair galaxy",0,5,0.00,6.0
"hair galeria",0,2,0.00,7.5
"hair gallaria",0,1,0.00,8.0
"hair galleria",0,470,0.00,7.5
"hair galleria beauty",0,6,0.00,8.8
"hair galleria beauty northside",0,13,0.00,7.3
"hair galleria beauty supply",0,11,0.00,5.6
"hair galleria cullen",0,117,0.00,8.0
"hair galleria hours",0,4,0.00,11.0
"hair galleria houston",0,256,0.00,7.6
"hair galleria houston 1960",0,1,0.00,14.0
"hair galleria houston photos",0,4,0.00,9.3
"hair galleria houston reviews",0,22,0.00,9.6
"hair galleria houston texas",0,5,0.00,8.8
"hair galleria houston tx",0,29,0.00,10.3
"hair galleria locations",0,3,0.00,6.0
"hair galleria near me",0,3,0.00,7.7
"hair galleria north",0,2,0.00,16.0
"hair galleria north houston",0,2,0.00,11.0
"hair galleria on cullen",0,12,0.00,8.8
"hair galleria photos",0,5,0.00,10.0
"hair gallerie",0,3,0.00,7.0
"hair gallery beauty supply",0,2,0.00,9.0
"hair gallery by dee",0,6,0.00,5.2
"hair gallery cullen",0,4,0.00,9.8
"hair gallery hours",0,1,0.00,7.0
"hair gallery houston",0,1,0.00,11.0
"hair gallery on cullen",0,20,0.00,8.2
"hair gallery photos",0,3,0.00,5.0
"hair gallery salon",0,1,0.00,1.0
"hair garden",0,11,0.00,5.9
"hair garden clear lake",0,24,0.00,10.2
"hair garden salon",0,13,0.00,9.1
"hair garden salon photos",0,3,0.00,6.3
"hair genius barbershop",0,1,0.00,32.0
"hair glue",0,2,0.00,6.5
"hair haven salon",0,1,0.00,8.0
"hair heaven beauty supply",0,2,0.00,13.5
"hair highness",0,90,0.00,5.4
"hair highness beauty supply",0,6,0.00,7.5
"hair highness beauty supply depot",0,26,0.00,6.7
"hair highness beauty supply depot photos",0,15,0.00,6.4
"hair highness beauty supply depot reviews",0,43,0.00,3.8
"hair highness modesto",0,19,0.00,7.7
"hair institue",0,1,0.00,10.0
"hair institute",0,2,0.00,10.0
"hair jewelry near me",0,1,0.00,1.0
"hair joy beauty supply",0,2,0.00,24.5
"hair king",0,13,0.00,3.1
"hair kings",0,4,0.00,9.5
"hair kingz",0,1,0.00,8.0
"hair lab",0,8,0.00,9.5
"hair lab houston",0,7,0.00,7.0
"hair lane",0,1,0.00,8.0
"hair lav",0,1,0.00,11.0
"hair lightener",0,1,0.00,12.0
"hair loft salon",0,1,0.00,6.0
"hair loft salon near me",0,1,0.00,6.0
"hair lounge",0,3,0.00,7.0
"hair lounge barbershop",0,1,0.00,6.0
"hair lounge dallas",0,16,0.00,9.2
"hair lounge salon",0,4,0.00,5.0
"hair lovers",0,2,0.00,9.0
"hair magician",0,4,0.00,6.0
"hair magician salon",0,2,0.00,5.0
"hair magicians",0,1,0.00,15.0
"hair magick",0,1,0.00,70.0
"hair manly",0,3,0.00,24.0
"hair mart",0,10,0.00,6.7
"hair mart beauty supply",0,19,0.00,5.4
"hair mart near me",0,3,0.00,6.0
"hair masters",0,10,0.00,9.3
"hair masters laredo",0,1,0.00,9.0
"hair masters laredo tx",0,2,0.00,11.0
"hair masters mcpherson",0,5,0.00,8.4
"hair masters salon",0,2,0.00,9.0
"hair masters shiloh",0,1,0.00,6.0
"hair matrix salon",0,1,0.00,25.0
"hair mayor beauty college",0,3,0.00,9.0
"hair mechanikz",0,6,0.00,9.7
"hair mechanix",0,1,0.00,10.0
"hair mist",0,3,0.00,10.7
"hair motions",0,2,0.00,5.5
"hair n beauty supply",0,4,0.00,10.0
"hair nails and makeup salon near me",0,1,0.00,1.0
"hair now",0,5,0.00,7.4
"hair now salon",0,3,0.00,7.0
"hair nu",0,1,0.00,32.0
"hair of color",0,8,0.00,83.1
"hair oil company",0,1,0.00,5.0
"hair on king",0,10,0.00,1.0
"hair palace",0,4,0.00,7.0
"hair palace salon",0,1,0.00,30.0
"hair parlor on 8th",0,6,0.00,7.0
"hair per se",0,3,0.00,13.3
"hair perfection",0,1,0.00,7.0
"hair perfection salon",0,3,0.00,12.0
"hair piece with comb",0,1,0.00,4.0
"hair place near me",0,1,0.00,1.0
"hair places near me",0,1,0.00,1.0
"hair plus",0,1,0.00,11.0
"hair plus beauty supply",0,17,0.00,9.5
"hair plus beauty supply photos",0,1,0.00,4.0
"hair plus beauty supply sacramento",0,1,0.00,1.0
"hair plus beauty supply store",0,1,0.00,5.0
"hair plus salon",0,3,0.00,6.0
"hair plus usa",0,1,0.00,6.0
"hair pro salon",0,1,0.00,9.0
"hair product stores near me",0,1,0.00,1.0
"hair products distributors",0,2,0.00,1.0
"hair products for curly hair",0,1,0.00,4.0
"hair queen beauty supply",0,2,0.00,1.0
"hair razors salon",0,1,0.00,10.0
"hair relaxers",0,1,0.00,3.0
"hair resort",0,7,0.00,15.6
"hair retwist near me",0,2,0.00,2.0
"hair revival",0,2,0.00,32.0
"hair revival studio",0,7,0.00,7.9
"hair revival studio reviews",0,8,0.00,10.3
"hair revolution",0,43,0.00,7.0
"hair revolution clear lake",0,1,0.00,14.0
"hair revolution reviews",0,9,0.00,7.7
"hair revolution salon",0,3,0.00,15.3
"hair rhythm",0,3,0.00,4.7
"hair rhythm japan",0,25,0.00,6.0
"hair rhythm japan photos",0,1,0.00,6.0
"hair rhythm japan reviews",0,1,0.00,6.0
"hair riot",0,1,0.00,11.0
"hair rock",0,1,0.00,4.0
"hair royal",0,3,0.00,6.3
"hair royale",0,1,0.00,11.0
"hair salin near me",0,1,0.00,1.0
"hair salon .",0,1,0.00,1.0
"hair salon 1",0,5,0.00,9.6
"hair salon 2000",0,1,0.00,19.0
"hair salon 22",0,57,0.00,7.0
"hair salon 22 photos",0,4,0.00,9.0
"hair salon 22 reviews",0,9,0.00,3.7
"hair salon 360",0,2,0.00,10.0
"hair salon 77044",0,2,0.00,11.5
"hair salon 77095",0,1,0.00,34.0
"hair salon and makeup near me",0,1,0.00,2.0
"hair salon array",0,1,0.00,10.0
"hair salon asian near me",0,1,0.00,1.0
"hair salon at willowbrook mall",0,1,0.00,27.0
"hair salon aurora",0,1,0.00,7.0
"hair salon baytown tx",0,2,0.00,23.0
"hair salon bellaire",0,1,0.00,21.0
"hair salon camp bowie",0,3,0.00,21.7
"hair salon chinatown",0,1,0.00,1.0
"hair salon clear lake",0,1,0.00,15.0
"hair salon college ave",0,1,0.00,4.0
"hair salon college station",0,1,0.00,2.0
"hair salon corpus christi",0,2,0.00,3.5
"hair salon cost cutters",0,1,0.00,11.0
"hair salon d",0,1,0.00,11.0
"hair salon directory",0,5,0.00,25.0
"hair salon dyer",0,1,0.00,1.0
"hair salon eagle pass tx",0,1,0.00,22.0
"hair salon email list",0,1,0.00,78.0
"hair salon experience",0,8,0.00,72.9
"hair salon express",0,3,0.00,3.3
"hair salon flair team",0,1,0.00,26.0
"hair salon for black people",0,1,0.00,1.0
"hair salon for men",0,1,0.00,1.0
"hair salon for seniors near me",0,1,0.00,24.0
"hair salon for women near me",0,2,0.00,1.0
"hair salon hai",0,1,0.00,12.0
"hair salon heights",0,1,0.00,1.0
"hair salon houston",0,2,0.00,11.0
"hair salon houston galleria",0,5,0.00,49.6
"hair salon houston heights",0,1,0.00,57.0
"hair salon humble tx",0,1,0.00,34.0
"hair salon in baytown texas",0,1,0.00,4.0
"hair salon in bellaire",0,1,0.00,23.0
"hair salon in cypress",0,1,0.00,44.0
"hair salon in fairfield",0,1,0.00,9.0
"hair salon in galleria",0,1,0.00,46.0
"hair salon in galleria houston",0,1,0.00,35.0
"hair salon in galleria mall",0,1,0.00,48.0
"hair salon in galleria mall houston",0,1,0.00,34.0
"hair salon in hmart",0,1,0.00,3.0
"hair salon in pearland",0,1,0.00,1.0
"hair salon in river oaks",0,3,0.00,42.7
"hair salon in vintage park",0,2,0.00,17.0
"hair salon in waco tx",0,1,0.00,56.0
"hair salon kim",0,1,0.00,11.0
"hair salon laredo tx",0,2,0.00,31.5
"hair salon laredo, tx",0,1,0.00,4.0
"hair salon lily",0,1,0.00,6.0
"hair salon lofts",0,1,0.00,12.0
"hair salon los feliz",0,1,0.00,29.0
"hair salon lupita",0,5,0.00,6.6
"hair salon manly",0,1,0.00,23.0
"hair salon market street",0,1,0.00,1.0
"hair salon mckinney",0,1,0.00,1.0
"hair salon mckinney tx",0,1,0.00,1.0
"hair salon memorial",0,2,0.00,38.0
"hair salon monica",0,1,0.00,3.0
"hair salon montrose houston",0,4,0.00,53.8
"hair salon near jersey village tx",0,4,0.00,18.8
"hair salon near me",0,60,0.00,4.8
"hair salon near me for women",0,1,0.00,1.0
"hair salon near me men",0,1,0.00,1.0
"hair salon near me silk press",0,1,0.00,8.0
"hair salon near tuckerton rd houston",0,1,0.00,11.0
"hair salon nearby",0,1,0.00,1.0
"hair salon oak forest",0,2,0.00,8.5
"hair salon on bellaire",0,5,0.00,35.6
"hair salon on broadway",0,1,0.00,4.0
"hair salon on camp bowie",0,1,0.00,21.0
"hair salon on market st",0,1,0.00,1.0
"hair salon on martin luther king",0,1,0.00,11.0
"hair salon on veterans memorial",0,2,0.00,18.5
"hair salon only for women near me",0,1,0.00,5.0
"hair salon open on sunday near me",0,1,0.00,37.0
"hair salon outlet mall",0,1,0.00,10.0
"hair salon pasadena, tx",0,1,0.00,4.0
"hair salon pearland",0,2,0.00,1.0
"hair salon pflugerville",0,1,0.00,1.0
"hair salon rice village",0,4,0.00,19.8
"hair salon river oaks",0,1,0.00,27.0
"hair salon river oaks houston",0,4,0.00,47.8
"hair salon school near me",0,1,0.00,1.0
"hair salon south austin",0,1,0.00,1.0
"hair salon sugar land",0,2,0.00,1.0
"hair salon suites plano",0,3,0.00,51.7
"hair salon the woodlands mall",0,2,0.00,14.0
"hair salon town and country",0,3,0.00,10.3
"hair salon tyler texas",0,1,0.00,1.0
"hair salon tyler tx",0,2,0.00,21.0
"hair salon veterans memorial",0,6,0.00,7.8
"hair salon vintage park",0,2,0.00,20.0
"hair salon waco",0,2,0.00,21.0
"hair salon waco tx",0,1,0.00,68.0
"hair salon west university",0,1,0.00,20.0
"hair salon westheimer",0,2,0.00,40.0
"hair salon whitesboro tx",0,1,0.00,45.0
"hair salon willowbrook",0,2,0.00,42.0
"hair salon willowbrook mall",0,1,0.00,23.0
"hair salongs near me",0,1,0.00,1.0
"hair salons",0,8,0.00,1.9
"hair salons amarillo",0,1,0.00,21.0
"hair salons baytown",0,1,0.00,1.0
"hair salons cypress tx",0,1,0.00,48.0
"hair salons directory",0,6,0.00,10.0
"hair salons downtown houston",0,1,0.00,41.0
"hair salons eagle pass",0,2,0.00,10.5
"hair salons galleria houston",0,1,0.00,41.0
"hair salons humble tx",0,1,0.00,1.0
"hair salons in baytown tx",0,1,0.00,1.0
"hair salons in bellaire",0,1,0.00,27.0
"hair salons in cypress texas",0,1,0.00,58.0
"hair salons in cypress tx",0,1,0.00,64.0
"hair salons in galleria mall",0,1,0.00,49.0
"hair salons in houston",0,1,0.00,61.0
"hair salons in houston galleria",0,1,0.00,35.0
"hair salons in humble tx",0,1,0.00,35.0
"hair salons in mckinney tx",0,1,0.00,1.0
"hair salons in my area",0,1,0.00,1.0
"hair salons in pasadena tx",0,1,0.00,1.0
"hair salons in pearland texas",0,1,0.00,1.0
"hair salons in sherman tx",0,1,0.00,1.0
"hair salons in texas",0,3,0.00,77.3
"hair salons in tyler",0,1,0.00,1.0
"hair salons in waco texas",0,1,0.00,45.0
"hair salons laredo",0,1,0.00,43.0
"hair salons laredo tx",0,1,0.00,37.0
"hair salons mckinney",0,2,0.00,1.0
"hair salons near cypress houston tx",0,8,0.00,26.9
"hair salons near me cheap but good",0,1,0.00,1.0
"hair salons near me open monday",0,1,0.00,8.0
"hair salons near me within 1 mi",0,1,0.00,6.0
"hair salons near me within 5 mi",0,1,0.00,12.0
"hair salons open",0,1,0.00,1.0
"hair salons open on memorial day",0,1,0.00,17.0
"hair salons open on sundays",0,1,0.00,11.0
"hair salons pasadena tx",0,1,0.00,1.0
"hair salons sherman tx",0,1,0.00,1.0
"hair salons sugar land",0,1,0.00,1.0
"hair salons that do wolf cuts near me",0,1,0.00,1.0
"hair salons to rent",0,1,0.00,1.0
"hair salons tyler tx",0,1,0.00,61.0
"hair salons waco",0,2,0.00,21.0
"hair salons waco texas",0,2,0.00,45.0
"hair saloons near me",0,1,0.00,1.0
"hair school",0,3,0.00,11.0
"hair school arlington tx",0,5,0.00,30.2
"hair school bryan tx",0,1,0.00,19.0
"hair school frisco",0,1,0.00,8.0
"hair school georgetown tx",0,11,0.00,7.9
"hair school katy",0,6,0.00,9.5
"hair school lakeland",0,2,0.00,10.0
"hair school lewisville",0,1,0.00,11.0
"hair school near me",0,9,0.00,18.1
"hair school san antonio",0,4,0.00,23.5
"hair school sugar land",0,8,0.00,11.0
"hair school whitehouse",0,8,0.00,6.1
"hair schools",0,1,0.00,11.0
"hair schools in dallas texas",0,3,0.00,80.7
"hair schools in fort worth texas",0,4,0.00,40.8
"hair schools in houston",0,1,0.00,48.0
"hair schools in houston texas",0,3,0.00,61.7
"hair schools in san antonio",0,9,0.00,48.7
"hair schools in san antonio tx",0,3,0.00,44.7
"hair schools in sugar land",0,26,0.00,12.2
"hair schools in sugar land texas",0,20,0.00,17.4
"hair scissors near me",0,2,0.00,9.5
"hair secrets salon",0,1,0.00,54.0
"hair seller near me",0,1,0.00,1.0
"hair sensations",0,1,0.00,4.0
"hair shears near me",0,1,0.00,33.0
"hair shop houston tx",0,1,0.00,47.0
"hair smoothing treatment",0,1,0.00,6.0
"hair society",0,9,0.00,6.4
"hair society houston",0,1,0.00,11.0
"hair society salon",0,1,0.00,8.0
"hair society salon houston",0,2,0.00,6.0
"hair solutions",0,21,0.00,20.8
"hair solutions photos",0,1,0.00,7.0
"hair solutions salon",0,3,0.00,38.0
"hair solutions salon & spa reviews",0,1,0.00,25.0
"hair solutions salon and spa",0,1,0.00,50.0
"hair spa",0,2,0.00,1.0
"hair spa in katy, tx",0,15,0.00,68.7
"hair spa near me",0,1,0.00,1.0
"hair specilist near me",0,1,0.00,1.0
"hair star",0,1,0.00,27.0
"hair station beaumont",0,2,0.00,7.5
"hair stor near me",0,1,0.00,1.0
"hair store",0,28,0.00,4.0
"hair store arlington",0,1,0.00,21.0
"hair store baytown",0,3,0.00,17.7
"hair store beaumont tx",0,1,0.00,1.0
"hair store broadway",0,1,0.00,7.0
"hair store by b&h",0,1,0.00,30.0
"hair store by kroger",0,1,0.00,37.0
"hair store cypress tx",0,1,0.00,10.0
"hair store down town",0,1,0.00,1.0
"hair store downtown",0,1,0.00,1.0
"hair store for black people",0,1,0.00,11.0
"hair store fulton",0,1,0.00,1.0
"hair store galleria",0,1,0.00,8.0
"hair store glendale",0,1,0.00,8.0
"hair store hermitage",0,1,0.00,5.0
"hair store houston",0,1,0.00,1.0
"hair store houston ms",0,1,0.00,26.0
"hair store houston tx",0,5,0.00,38.2
"hair store humble tx",0,2,0.00,10.0
"hair store in arlington tx",0,1,0.00,27.0
"hair store in beaumont tx",0,1,0.00,1.0
"hair store in dallas",0,1,0.00,25.0
"hair store in lancaster",0,3,0.00,12.3
"hair store in mesquite",0,1,0.00,22.0
"hair store in pflugerville",0,3,0.00,10.0
"hair store in round rock",0,1,0.00,15.0
"hair store irving tx",0,1,0.00,26.0
"hair store james rd",0,1,0.00,12.0
"hair store lancaster",0,2,0.00,11.0
"hair store lancaster pa",0,4,0.00,5.5
"hair store lasalle",0,1,0.00,4.0
"hair store lewisville",0,5,0.00,23.2
"hair store lewisville tx",0,1,0.00,17.0
"hair store mckinney",0,1,0.00,14.0
"hair store mesquite",0,1,0.00,19.0
"hair store mlk",0,1,0.00,1.0
"hair store mlk blvd",0,4,0.00,7.5
"hair store near me houston tx",0,2,0.00,35.0
"hair store near me open",0,1,0.00,10.0
"hair store near me open now",0,1,0.00,11.0
"hair store near me within 1 mi",0,1,0.00,1.0
"hair store near me within 5 mi",0,1,0.00,11.0
"hair store near me within 5 mi open now",0,1,0.00,4.0
"hair store on 69th st",0,1,0.00,15.0
"hair store on braker",0,1,0.00,6.0
"hair store on broadway",0,1,0.00,10.0
"hair store on brundage",0,6,0.00,2.3
"hair store on college",0,2,0.00,4.5
"hair store on cullen",0,12,0.00,7.8
"hair store on euclid",0,1,0.00,6.0
"hair store on fm 78",0,1,0.00,11.0
"hair store on foster",0,5,0.00,3.2
"hair store on king street",0,6,0.00,2.7
"hair store on nakoma drive",0,1,0.00,30.0
"hair store on north ave",0,1,0.00,22.0
"hair store on riverside",0,8,0.00,5.6
"hair store on the northside",0,1,0.00,33.0
"hair store on wilson",0,3,0.00,2.7
"hair store on wilson blvd",0,1,0.00,6.0
"hair store on ww white",0,4,0.00,6.0
"hair store open near me now",0,1,0.00,1.0
"hair store open now",0,1,0.00,1.0
"hair store pearland",0,1,0.00,13.0
"hair store pflugerville",0,5,0.00,11.4
"hair store pflugerville tx",0,1,0.00,9.0
"hair store round rock",0,2,0.00,13.5
"hair store stockton ca",0,1,0.00,22.0
"hair store texas city",0,1,0.00,12.0
"hair store that close at 10",0,1,0.00,16.0
"hair store university blvd",0,1,0.00,30.0
"hair store waco",0,2,0.00,10.5
"hair store ww white",0,2,0.00,6.0
"hair stores",0,2,0.00,9.0
"hair stores near",0,1,0.00,1.0
"hair stores near me",0,19,0.00,1.9
"hair stores near me within 0.5 mi",0,1,0.00,8.0
"hair stores open",0,1,0.00,1.0
"hair stores open late",0,1,0.00,11.0
"hair stores open near me",0,1,0.00,1.0
"hair stores open today",0,1,0.00,1.0
"hair stores san antonio",0,1,0.00,14.0
"hair stote near me",0,1,0.00,1.0
"hair studio 2000",0,3,0.00,11.0
"hair studio 22",0,1,0.00,1.0
"hair studio 360",0,1,0.00,7.0
"hair studio 4 you",0,1,0.00,22.0
"hair studio express",0,1,0.00,25.0
"hair studio near me",0,1,0.00,1.0
"hair styles today",0,1,0.00,26.0
"hair styling school near me",0,1,0.00,9.0
"hair stylist for events near me",0,1,0.00,1.0
"hair stylist near me",0,5,0.00,2.2
"hair stylist near me for men",0,1,0.00,1.0
"hair stylist river oaks",0,7,0.00,26.3
"hair superstore",0,1,0.00,3.0
"hair suply",0,1,0.00,1.0
"hair supplies near me",0,1,0.00,1.0
"hair supply shops near me",0,1,0.00,1.0
"hair supply store",0,2,0.00,1.0
"hair supply store near me",0,11,0.00,4.4
"hair supply stores near me",0,1,0.00,1.0
"hair supreme",0,1,0.00,10.0
"hair system maintenance midtown",0,1,0.00,95.0
"hair tape",0,1,0.00,5.0
"hair therapy houston",0,3,0.00,7.7
"hair time",0,3,0.00,5.3
"hair time league city",0,1,0.00,8.0
"hair today",0,2,0.00,8.5
"hair toppers for women",0,1,0.00,1.0
"hair toppers near me",0,1,0.00,1.0
"hair touch beauty salon",0,1,0.00,6.0
"hair town",0,1,0.00,69.0
"hair town beauty supply",0,7,0.00,23.7
"hair town hours",0,2,0.00,39.0
"hair trendz",0,1,0.00,6.0
"hair trendz salon",0,8,0.00,7.9
"hair trim near me",0,2,0.00,1.0
"hair tyme",0,1,0.00,7.0
"hair tyme beauty lounge",0,2,0.00,10.0
"hair unlimited",0,1,0.00,1.0
"hair viva hours lincoln highway",0,8,0.00,22.8
"hair viva lincoln highway",0,2,0.00,19.0
"hair volution",0,5,0.00,4.4
"hair wash near me",0,1,0.00,1.0
"hair way to heaven",0,4,0.00,5.0
"hair wig store near me",0,1,0.00,1.0
"hair word",0,2,0.00,2.0
"hair workd",0,1,0.00,1.0
"hair worl",0,1,0.00,10.0
"hair world beaumont tx",0,1,0.00,24.0
"hair world beauty",0,86,0.00,4.1
"hair world beauty supply",0,8,0.00,5.6
"hair world beauty supply near me",0,2,0.00,7.0
"hair world beauty supply photos",0,2,0.00,13.0
"hair world gramercy",0,3,0.00,15.0
"hair world near me",0,2,0.00,3.0
"hair world texas city",0,4,0.00,3.3
"hair worls",0,1,0.00,9.0
"hair xperts",0,6,0.00,9.8
"hair xperts salon",0,8,0.00,12.9
"hair xperts salon photos",0,7,0.00,8.0
"hair xperts salon reviews",0,61,0.00,7.8
"hair zone",0,4,0.00,6.0
"hair zone beauty supply",0,1,0.00,12.0
"hair zone near me",0,1,0.00,7.0
"hair's karen",0,1,0.00,28.0
"hair2000",0,1,0.00,11.0
"hair4",0,1,0.00,32.0
"hair4u shampoo",0,1,0.00,5.0
"hairapist salon",0,2,0.00,59.5
"hairbella",0,1,0.00,4.0
"hairboss university",0,1,0.00,25.0
"hairbuzz",0,1,0.00,60.0
"hairbylew",0,10,0.00,7.7
"hairbysheleen l.l.c. (black hair salon in houston) photos",0,4,0.00,8.5
"haircare",0,2,0.00,9.0
"hairchitect",0,2,0.00,23.5
"hairchitect barber shop & lounge san francisco",0,6,0.00,8.0
"hairchitect reviews",0,27,0.00,10.9
"haircity",0,11,0.00,4.1
"haircity near me",0,1,0.00,10.0
"hairclub houston",0,1,0.00,40.0
"haircraft collective",0,6,0.00,4.3
"haircut",0,12,0.00,1.0
"haircut 2000",0,1,0.00,6.0
"haircut 504",0,1,0.00,12.0
"haircut academy",0,1,0.00,10.0
"haircut and eyebrow threading near me",0,1,0.00,3.0
"haircut and style",0,1,0.00,1.0
"haircut asian near me",0,1,0.00,4.0
"haircut by whitney",0,1,0.00,11.0
"haircut domain",0,1,0.00,81.0
"haircut for women near me",0,1,0.00,1.0
"haircut for women short hair",0,1,0.00,2.0
"haircut houston",0,1,0.00,1.0
"haircut license cost",0,2,0.00,42.5
"haircut lounge",0,6,0.00,8.7
"haircut lounge midland tx",0,5,0.00,7.4
"haircut lounge reviews",0,3,0.00,7.0
"haircut near me black hair",0,1,0.00,7.0
"haircut near me open now within 5 mi",0,2,0.00,4.0
"haircut near me within 0.5 mi",0,1,0.00,7.0
"haircut near me women",0,1,0.00,16.0
"haircut nearby",0,1,0.00,1.0
"haircut pasadena tx",0,1,0.00,1.0
"haircut place near me",0,1,0.00,2.0
"haircut places near me",0,1,0.00,1.0
"haircut preston hollow",0,3,0.00,62.7
"haircut prices near me",0,1,0.00,2.0
"haircut russwood acres",0,1,0.00,70.0
"haircut salon for women near me",0,1,0.00,1.0
"haircut supplies near me",0,1,0.00,33.0
"haircut westchase",0,1,0.00,11.0
"haircut women",0,1,0.00,1.0
"haircuts",0,1,0.00,1.0
"haircuts 504",0,1,0.00,20.0
"haircuts at home for seniors near me",0,3,0.00,11.7
"haircuts at whitney's",0,7,0.00,10.0
"haircuts at whitney's reviews",0,18,0.00,9.6
"haircuts bear me",0,1,0.00,1.0
"haircuts by manny",0,1,0.00,10.0
"haircuts by whitney",0,5,0.00,10.4
"haircuts college station",0,1,0.00,36.0
"haircuts for curly hair near me",0,1,0.00,1.0
"haircuts for kids near me",0,2,0.00,1.0
"haircuts for men",0,1,0.00,3.0
"haircuts in pearland",0,1,0.00,9.0
"haircuts inc",0,1,0.00,44.0
"haircuts lounge",0,11,0.00,8.4
"haircuts near me",0,7,0.00,2.4
"haircutting shears near me",0,1,0.00,37.0
"haircutz",0,3,0.00,5.3
"hairdepot near me",0,1,0.00,10.0
"hairdresseenina",0,1,0.00,6.0
"hairdresser galleria",0,3,0.00,41.7
"hairdresser galleria houston",0,3,0.00,36.3
"hairdresser manly",0,1,0.00,44.0
"hairdresser school near me",0,1,0.00,10.0
"hairdresses near me",0,1,0.00,1.0
"hairdressing and barbering",0,1,0.00,68.0
"hairetc",0,1,0.00,3.0
"hairgalleria",0,10,0.00,7.1
"hairgalleria beauty northside",0,2,0.00,5.0
"hairgalleria beauty northside houston",0,36,0.00,4.9
"hairglo",0,1,0.00,54.0
"hairhouse salon",0,1,0.00,3.0
"hairi",0,2,0.00,3.0
"hairification dry wash",0,1,0.00,6.0
"hairitage barbershop",0,2,0.00,10.5
"hairitage salon",0,4,0.00,7.5
"hairlab salon",0,1,0.00,9.0
"hairline pencil near me",0,1,0.00,59.0
"hairmart",0,1,0.00,10.0
"hairmart near me",0,2,0.00,5.0
"hairmasters laredo",0,2,0.00,10.5
"hairmatt",0,1,0.00,3.0
"hairmosa beauty academy",0,2,0.00,10.0
"hairology",0,1,0.00,5.0
"hairpalace",0,1,0.00,43.0
"hairplus beauty supply",0,1,0.00,13.0
"hairport beauty salon",0,1,0.00,2.0
"hairport photos",0,1,0.00,5.0
"hairport salon",0,4,0.00,9.5
"hairroin salon",0,67,0.00,7.6
"hairroin salon - hair salon - los angeles - los feliz ✂",0,11,0.00,7.0
"hairroin salon hollywood",0,3,0.00,9.0
"hairroin salon los feliz",0,7,0.00,6.3
"hairroin salon reviews",0,31,0.00,8.5
"hairsalon",0,1,0.00,1.0
"hairschool near me",0,8,0.00,15.1
"hairspot",0,1,0.00,9.0
"hairstore",0,1,0.00,1.0
"hairstores",0,1,0.00,1.0
"hairstyles",0,1,0.00,9.0
"hairstyles braid",0,1,0.00,5.0
"hairstyles for school",0,1,0.00,5.0
"hairstyles for two strand twist",0,1,0.00,8.0
"hairstyles for women",0,1,0.00,11.0
"hairstyling",0,1,0.00,1.0
"hairstylish",0,1,0.00,14.0
"hairstylist",0,4,0.00,6.0
"hairtalk beauty salon",0,1,0.00,11.0
"hairtherapy and spa",0,1,0.00,75.0
"hairtime",0,5,0.00,6.0
"hairtown",0,1,0.00,51.0
"hairvolution",0,3,0.00,5.7
"hairwaves salon",0,1,0.00,6.0
"hairway 2 heaven",0,5,0.00,5.4
"hairway 2 heaven beauty supply shop",0,18,0.00,4.2
"hairway to heaven",0,24,0.00,1.0
"hairway to heaven fresno",0,22,0.00,7.1
"hairworld",0,28,0.00,3.9
"hairworld near me",0,1,0.00,1.0
"hairzone",0,2,0.00,7.0
"hairzone beauty supply",0,2,0.00,6.5
"haisma",0,3,0.00,58.7
"hait world",0,1,0.00,2.0
"haitcut",0,1,0.00,1.0
"haite hair",0,1,0.00,6.0
"haley hair salon",0,1,0.00,1.0
"half wig",0,1,0.00,1.0
"hali hair salon",0,8,0.00,7.6
"halis hair salon",0,24,0.00,8.1
"halls of ivy salon",0,35,0.00,8.0
"halo and hue",0,1,0.00,16.0
"halo beauty salon",0,2,0.00,7.0
"halo hair salon",0,4,0.00,6.0
"halo hair studio",0,2,0.00,8.5
"ham barber",0,3,0.00,9.3
"ham barber studio",0,2,0.00,9.5
"hammer and nails el paso reviews",0,1,0.00,12.0
"hammer and nails frisco",0,14,0.00,13.1
"hammer and nails frisco reviews",0,11,0.00,10.3
"hamza barber",0,1,0.00,2.0
"hamza barber shop",0,1,0.00,4.0
"han's beauty",0,3,0.00,8.3
"han's beauty la crescenta",0,3,0.00,11.0
"han's beauty supply",0,1,0.00,11.0
"han's hair",0,1,0.00,31.0
"han's salon",0,1,0.00,45.0
"hana hair salon",0,1,0.00,5.0
"hands approach",0,1,0.00,24.0
"hands on approach",0,39,0.00,9.2
"hands on approach corpus christi",0,10,0.00,10.7
"hands on approach school of massage and spa",0,29,0.00,10.6
"hands on approach school of massage and spa reviews",0,8,0.00,6.9
"hands-on approach",0,1,0.00,21.0
"handsome barber",0,2,0.00,3.5
"handsome barber shop",0,31,0.00,4.1
"handsome barbershop",0,1,0.00,4.0
"handsome devils barber shop",0,3,0.00,8.0
"handsome devils shave and cuts",0,1,0.00,10.0
"handsome devils shave and cuts reviews",0,4,0.00,7.0
"handsome house",0,18,0.00,4.0
"handsome house barber shop",0,9,0.00,4.0
"handsome house barber shop reviews",0,1,0.00,3.0
"handz barbershop",0,6,0.00,10.2
"hanic",0,1,0.00,48.0
"hanirs",0,1,0.00,46.0
"hank barber shop",0,1,0.00,4.0
"hank the barber",0,1,0.00,3.0
"hanks barbershop",0,2,0.00,5.5
"hanna beauty salon",0,4,0.00,5.3
"hanna hair",0,1,0.00,5.0
"hanna hair salon",0,2,0.00,6.0
"hanna salon",0,4,0.00,5.3
"hannah salon",0,2,0.00,3.5
"hannah salon near me",0,1,0.00,7.0
"hannas salon",0,1,0.00,7.0
"hans beauty store la crescenta",0,2,0.00,11.0
"hans hair",0,1,0.00,47.0
"hany barbershop",0,4,0.00,10.5
"hanys barbershop",0,1,0.00,12.0
"happy beauty",0,3,0.00,5.0
"happy beauty co",0,10,0.00,4.3
"happy beauty co near me",0,1,0.00,7.0
"happy beauty dallas",0,10,0.00,4.0
"happy beauty denton",0,3,0.00,25.3
"happy beauty near me",0,1,0.00,1.0
"happy beauty store",0,3,0.00,13.0
"happy beauty supply",0,5,0.00,9.0
"happy hair houston",0,5,0.00,11.6
"happy hair salon",0,2,0.00,1.0
"happy hair salon garland",0,7,0.00,9.4
"happy hair salon garland reviews",0,1,0.00,5.0
"happy nail supply",0,5,0.00,8.0
"happy nails supply",0,8,0.00,5.0
"happybeauty",0,1,0.00,1.0
"hardluck barbershop",0,1,0.00,44.0
"haricut near me",0,1,0.00,1.0
"haris hair",0,1,0.00,23.0
"harlem haircut",0,2,0.00,7.0
"harlow austin",0,8,0.00,7.9
"harlow beauty",0,6,0.00,6.3
"harlow beauty and hair salon reviews",0,13,0.00,6.2
"harlow beauty salon",0,6,0.00,11.7
"harlow salon",0,42,0.00,7.5
"harlow salon austin",0,10,0.00,8.6
"harlow salon reviews",0,1,0.00,29.0
"harlow's",0,1,0.00,9.0
"harlows",0,1,0.00,10.0
"harmony beauty",0,9,0.00,7.9
"harmony beauty supply photos",0,4,0.00,6.8
"harmony beuty",0,1,0.00,7.0
"harmony shop",0,1,0.00,6.0
"harmony store",0,2,0.00,13.0
"harold's barbershop reviews",0,6,0.00,9.7
"harris salon",0,2,0.00,7.0
"harrison barber shop",0,1,0.00,11.0
"harrison's barber shop",0,1,0.00,10.0
"harrisons barber shop",0,1,0.00,8.0
"harrisons barbershop",0,1,0.00,7.0
"harroin salon",0,5,0.00,6.6
"harrts hair studio",0,4,0.00,22.0
"hart beauty",0,1,0.00,9.0
"hart hair salon",0,13,0.00,10.1
"hart hair studio",0,1,0.00,12.0
"hart house hair place",0,1,0.00,8.0
"hart salon",0,4,0.00,13.5
"hart studios",0,179,0.00,6.9
"hart studios cypress",0,7,0.00,7.0
"hart studios cypress tx",0,19,0.00,8.3
"hart studios reviews",0,21,0.00,7.7
"harts hair studio",0,1,0.00,8.0
"harts salon",0,1,0.00,16.0
"harts studio",0,2,0.00,6.0
"hartstudio",0,1,0.00,7.0
"harwin international inc",0,1,0.00,63.0
"hasan beauty",0,8,0.00,4.0
"hasan beauty club laredo",0,11,0.00,4.2
"hasan beauty salon",0,6,0.00,4.2
"hasan hair salon",0,15,0.00,3.6
"hasan salon",0,3,0.00,5.7
"hassan hair salon",0,1,0.00,4.0
"hattache.com",0,2,0.00,40.0
"hauce",0,1,0.00,18.0
"haus of beaute houston",0,3,0.00,10.7
"haus of hues",0,1,0.00,25.0
"haus of luxe frisco",0,3,0.00,9.3
"haute hair",0,38,0.00,7.4
"havana barber shop",0,2,0.00,8.0
"havana plus braids",0,1,0.00,4.0
"havana salon",0,4,0.00,5.5
"haven cuts",0,6,0.00,10.5
"haven cuts photos",0,1,0.00,11.0
"haven cuts plano",0,1,0.00,26.0
"haven cuts reviews",0,1,0.00,8.0
"haviaire",0,1,0.00,2.0
"hawleywood barber",0,1,0.00,14.0
"hawleywood's barber shop",0,1,0.00,6.0
"hawleywoods barbershop",0,1,0.00,22.0
"hay hair",0,2,0.00,5.5
"hazel hair",0,13,0.00,8.7
"hazel hair studio",0,2,0.00,19.5
"hazel salon",0,1,0.00,2.0
"hb barber company",0,1,0.00,11.0
"hbs store",0,1,0.00,1.0
"hcc alief bissonnet",0,1,0.00,16.0
"hcc bissonnet",0,1,0.00,21.0
"hd barber shop",0,10,0.00,3.1
"hd barbershop",0,6,0.00,1.0
"hd beauty salon",0,2,0.00,61.5
"head honcho barber",0,1,0.00,11.0
"head honchos barbershop",0,1,0.00,10.0
"head massage",0,2,0.00,1.0
"head massage houston",0,1,0.00,1.0
"head massage near me",0,1,0.00,8.0
"head quarters",0,1,0.00,12.0
"head shave near me",0,2,0.00,1.0
"head spa",0,3,0.00,2.3
"head spa baytown",0,1,0.00,9.0
"head spa for couples near me",0,1,0.00,1.0
"head spa houston",0,4,0.00,1.0
"head spa houston tx",0,1,0.00,1.0
"head spa humble tx",0,2,0.00,10.5
"head spa in houston",0,1,0.00,1.0
"head spa in katy",0,1,0.00,81.0
"head spa pasadena",0,1,0.00,1.0
"head spa sherman tx",0,2,0.00,13.5
"head spa sugar land",0,1,0.00,1.0
"head spa waco",0,1,0.00,8.0
"head spas",0,2,0.00,1.0
"head to toe beauty",0,10,0.00,8.3
"head to toe beauty conroe",0,3,0.00,6.7
"head to toe beauty photos",0,1,0.00,6.0
"head to toe beauty reviews",0,2,0.00,5.0
"head to toe beauty salon",0,1,0.00,9.0
"head waves hair and spa pearland",0,6,0.00,6.5
"headbangerz barbershop",0,2,0.00,11.5
"headliners barbershop",0,2,0.00,9.5
"headliners hair salon houston",0,4,0.00,13.8
"headliners houston",0,1,0.00,15.0
"headliners houston tx",0,2,0.00,21.0
"headliners league city",0,1,0.00,29.0
"headliners salon houston",0,2,0.00,40.5
"headlines barber academy",0,3,0.00,12.0
"headlines barber college",0,2,0.00,8.0
"headprint studio castro",0,4,0.00,6.5
"headquarters barber shop",0,3,0.00,9.7
"headquarters barber studio",0,2,0.00,4.5
"headquarters barbershop",0,3,0.00,9.3
"headquarters barbershop ceres",0,46,0.00,8.2
"headquarters ceres",0,26,0.00,8.6
"headquarters hair salon",0,1,0.00,9.0
"headquarters men’s salon",0,1,0.00,7.0
"headquarters salon",0,16,0.00,8.1
"headquarters salon tyler tx",0,11,0.00,8.4
"headquarters studio",0,2,0.00,7.0
"headquarters tyler",0,24,0.00,9.2
"headquarters tyler tx",0,8,0.00,12.3
"headquarterz barbershop",0,2,0.00,7.0
"headquaters salon",0,1,0.00,11.0
"headspabeauty",0,1,0.00,1.0
"headspace barber",0,1,0.00,15.0
"headspace barbershop",0,10,0.00,10.5
"headspace salon",0,53,0.00,5.0
"headspace salon photos",0,1,0.00,9.0
"headspace salon reviews",0,4,0.00,7.0
"headwaves",0,10,0.00,8.4
"headwaves pearland",0,4,0.00,10.0
"headwaves salon",0,3,0.00,10.3
"headwinds barbershop",0,1,0.00,34.0
"headz and dreadz",0,1,0.00,18.0
"headz hair fixing",0,1,0.00,6.0
"headz up anaheim",0,1,0.00,11.0
"headzup",0,1,0.00,12.0
"headzup anaheim",0,37,0.00,9.5
"headzup barber shop",0,1,0.00,11.0
"headzup barbershop",0,3,0.00,22.3
"headzup barbershop anaheim",0,42,0.00,9.6
"headzup barbershop reviews",0,30,0.00,8.5
"headzup barbershop | anaheim",0,19,0.00,9.5
"headzup barbershop | anaheim reviews",0,33,0.00,3.4
"heart studios",0,6,0.00,7.2
"heartbeat studios apple valley",0,2,0.00,51.0
"hearts and stars salon and day spa",0,1,0.00,12.0
"heather marie hair studio",0,1,0.00,17.0
"heaven beauty",0,1,0.00,8.0
"heaven beauty studio",0,2,0.00,21.0
"heaven salon & spa",0,2,0.00,36.0
"heaven spa & salon",0,1,0.00,29.0
"heavenlee",0,2,0.00,8.0
"heavenly beauty supply",0,1,0.00,12.0
"heavenly hair",0,2,0.00,4.0
"heavenly lashes",0,12,0.00,7.0
"heavens beauty",0,1,0.00,24.0
"heavy hitters barber shop",0,1,0.00,36.0
"heb barber academy",0,76,0.00,9.5
"hector barber",0,1,0.00,23.0
"hector barber shop",0,1,0.00,34.0
"hector estrada salon",0,7,0.00,9.1
"hector haircut",0,1,0.00,5.0
"hectors barbershop",0,1,0.00,3.0
"hedge clippers for sale near me",0,1,0.00,59.0
"heights beauty college",0,32,0.00,7.8
"heist hair bar",0,1,0.00,29.0
"helen 3 beauty supply",0,8,0.00,7.1
"helen beauty supply",0,3,0.00,7.3
"helen beauty supply garland tx",0,1,0.00,1.0
"helen hair",0,1,0.00,4.0
"helen hair salon",0,2,0.00,10.0
"helen hair salon houston",0,4,0.00,10.0
"helen hairdresser",0,1,0.00,11.0
"helen nail spa",0,1,0.00,11.0
"helen nails",0,1,0.00,9.0
"helen's beauty salon",0,2,0.00,10.0
"helen's beauty shop",0,1,0.00,24.0
"helenhair",0,1,0.00,3.0
"helens beauty supply",0,1,0.00,1.0
"helens salon",0,1,0.00,9.0
"hellen hair salon",0,1,0.00,10.0
"hello beaty",0,1,0.00,8.0
"hello beautiful hair salon",0,1,0.00,6.0
"hello beautiful salon",0,43,0.00,6.6
"hello beautiful salon missouri city",0,2,0.00,4.0
"hello beautiful salon reviews",0,1,0.00,6.0
"hello beautiful signature salon by elisa",0,10,0.00,7.6
"hello beautiful signature salon by elisa missouri city photos",0,6,0.00,6.3
"hello beautiful signature salon by elisa missouri city reviews",0,17,0.00,5.4
"hello beauty houston",0,31,0.00,1.7
"hello beauty salon",0,37,0.00,8.2
"hello beauty salon reviews",0,9,0.00,5.2
"hello beauty salon san antonio",0,2,0.00,7.5
"hello beauty supply",0,62,0.00,2.3
"hello beauty supply store",0,2,0.00,2.0
"hello beauty.",0,1,0.00,1.0
"hello besuty",0,2,0.00,3.0
"hello gorgeous hair lounge",0,20,0.00,3.8
"hello iris beauty supply",0,23,0.00,1.0
"hello salon",0,2,0.00,19.0
"hello salon spring reviews",0,1,0.00,11.0
"hello salon spring tx",0,1,0.00,15.0
"hello sugar",0,8,0.00,7.3
"hello sugar college station",0,9,0.00,7.0
"hello sugar houston",0,1,0.00,17.0
"hello sugar midtown",0,1,0.00,25.0
"hello sugar river oaks",0,226,0.00,10.4
"hello sugar river oaks reviews",0,268,0.00,7.9
"hello sugar sugar land",0,8,0.00,10.1
"hello sugar sugarland brazilian wax & sugar salon sugar land reviews",0,1,0.00,9.0
"hello sugar waxing",0,1,0.00,11.0
"hello sugar | midtown - brazilian wax & sugar salon houston reviews",0,2,0.00,10.0
"hello sugar | river oaks - brazilian wax & sugar salon",0,9,0.00,9.9
"hello sugat",0,1,0.00,5.0
"hello sunshine spa",0,2,0.00,10.5
"hellohair",0,1,0.00,1.0
"helloo",0,2,0.00,84.0
"hellosugar",0,2,0.00,9.5
"helmet hair salon",0,1,0.00,67.0
"hema barber",0,2,0.00,4.0
"hema haircut",0,1,0.00,1.0
"hemming jeans",0,1,0.00,1.0
"hendricks barber",0,1,0.00,38.0
"hendricks barbershop",0,1,0.00,42.0
"hendrix barber shop",0,1,0.00,3.0
"henna",0,1,0.00,3.0
"henna near me",0,1,0.00,1.0
"henry's woodlands barber shop",0,2,0.00,54.0
"hensalon",0,1,0.00,6.0
"her mane",0,1,0.00,4.0
"herbatint",0,1,0.00,4.0
"herman barber",0,2,0.00,16.0
"herman barbershop",0,1,0.00,9.0
"herman's barber shop",0,6,0.00,10.3
"hermans barber",0,2,0.00,10.5
"hermans barber shop",0,1,0.00,11.0
"hermans barbershop",0,12,0.00,10.0
"hermes barber shop",0,1,0.00,37.0
"hermes hair salon",0,4,0.00,14.0
"hermes nail salon",0,1,0.00,63.0
"hermes salon",0,1,0.00,21.0
"hero cutz",0,1,0.00,35.0
"hey beautiful nail supplies",0,19,0.00,8.5
"hey beautiful nail supplies houston",0,56,0.00,5.6
"hey beautiful nail supplies westheimer",0,3,0.00,4.0
"hey beautiful nail supply",0,2,0.00,15.5
"hey beauty nail supply",0,2,0.00,7.5
"hey beauty supply",0,2,0.00,18.5
"hey gorgeous",0,1,0.00,10.0
"hey guapa",0,4,0.00,8.8
"heyhae nails",0,1,0.00,5.0
"hi life barber shop fresno",0,7,0.00,10.9
"hi style salon",0,1,0.00,39.0
"hi tech cuts",0,2,0.00,22.5
"hi tech hair",0,1,0.00,5.0
"hi tech hair salon",0,2,0.00,5.0
"hi-tech hair salon",0,1,0.00,7.0
"hi-tech salon",0,1,0.00,4.0
"hie salon",0,2,0.00,11.0
"hierarch academy",0,6,0.00,9.7
"high class academy",0,1,0.00,7.0
"high class barber studio",0,1,0.00,10.0
"high definition barbershop",0,1,0.00,10.0
"high definition hd barbershop",0,1,0.00,1.0
"high demand barbershop",0,24,0.00,11.9
"high end fades",0,3,0.00,10.3
"high end fades reviews",0,1,0.00,12.0
"high level beauty",0,4,0.00,6.8
"high life barber shop",0,1,0.00,11.0
"high schools in texas city",0,1,0.00,21.0
"high sense hair salon",0,1,0.00,33.0
"high society barbershop",0,2,0.00,5.5
"high society cut club",0,1,0.00,47.0
"high tech cuts",0,2,0.00,17.0
"high tech hair",0,1,0.00,4.0
"high tech hair salon",0,4,0.00,3.3
"high tech hair studio",0,1,0.00,5.0
"higher beauty",0,1,0.00,6.0
"higher level beauty",0,5,0.00,6.8
"higher level beauty el paso",0,6,0.00,8.2
"higher level skin & beauty",0,6,0.00,10.3
"higher level skin & beauty reviews",0,19,0.00,6.6
"higher level skin and beauty",0,89,0.00,9.0
"higher level skin and beauty el paso",0,6,0.00,7.8
"higher level skin beauty",0,3,0.00,24.0
"higher skin",0,2,0.00,11.0
"highland hair products",0,1,0.00,4.0
"highland knolls salon",0,2,0.00,21.0
"highlander salon",0,1,0.00,5.0
"highness beauty",0,3,0.00,8.0
"highway 2 heaven",0,1,0.00,1.0
"hikmat barbershop and barber supplies",0,1,0.00,87.0
"hilda beauty",0,1,0.00,6.0
"hilda hair salon",0,1,0.00,24.0
"hilda salon",0,1,0.00,20.0
"hilda's beauty salon",0,2,0.00,5.5
"hilda's hair salon",0,1,0.00,17.0
"hilda's salon",0,1,0.00,13.0
"hildas beauty salon",0,10,0.00,6.4
"hildas salon",0,1,0.00,5.0
"hill college cosmetology",0,9,0.00,8.9
"hill college cosmetology cleburne tx",0,3,0.00,9.7
"hills college",0,1,0.00,29.0
"hillside hair salon",0,1,0.00,6.0
"him barber",0,3,0.00,20.7
"him barbershop",0,1,0.00,12.0
"him highland village",0,1,0.00,29.0
"hims barber",0,1,0.00,56.0
"hint of jazmin esthetics",0,1,0.00,48.0
"hip beauty supply photos",0,5,0.00,3.2
"hip hair",0,1,0.00,5.0
"hip hop beauty",0,3,0.00,2.3
"hippo beauty",0,1,0.00,9.0
"hippo beauty supply",0,1,0.00,50.0
"hips and clips barber salon",0,1,0.00,33.0
"hiral hair studio",0,1,0.00,6.0
"hire mustache expert",0,3,0.00,18.0
"hire padrino expert",0,12,0.00,10.5
"his & hers beauty supply",0,1,0.00,43.0
"his and her hair company",0,1,0.00,51.0
"his and her hair wilshire",0,2,0.00,74.0
"his and hers hair goods",0,1,0.00,31.0
"his and hers hair los angeles",0,1,0.00,40.0
"his and hers hair store",0,1,0.00,49.0
"his her hair",0,2,0.00,40.0
"his n hers hair",0,1,0.00,45.0
"hispanic beauty supply near me",0,1,0.00,38.0
"hispanos beauty salon",0,1,0.00,10.0
"hit",0,1,0.00,5.0
"hit beauty",0,3,0.00,4.7
"hit beauty supply",0,1,0.00,5.0
"hk beauty bar",0,1,0.00,29.0
"hm beauty parlour",0,1,0.00,10.0
"hm beauty salon",0,1,0.00,20.0
"hm hormiguitas fashion & beauty supplies",0,8,0.00,6.3
"hm salon",0,5,0.00,7.8
"hm salon near me",0,1,0.00,5.0
"hol beauty supply",0,5,0.00,5.6
"holand hair",0,1,0.00,3.0
"holiday inn salon",0,1,0.00,62.0
"holland hair",0,2,0.00,3.5
"holloman barber shop",0,1,0.00,50.0
"hollywood beauty school",0,32,0.00,5.7
"hollywood cut",0,1,0.00,10.0
"hollywood cuts",0,18,0.00,9.8
"hollywood cuts salon & barbershop",0,10,0.00,8.4
"hollywood cutting up barbershop",0,3,0.00,8.7
"hollywood cutz",0,1,0.00,10.0
"hollywood hair scarsdale",0,18,0.00,6.1
"hollywood makeup school",0,10,0.00,11.0
"hollywood royalty barber shop",0,1,0.00,23.0
"hollywood school of beauty",0,1,0.00,6.0
"holt barber",0,1,0.00,9.0
"holy ground barber shop",0,26,0.00,8.6
"home of beauty",0,4,0.00,10.3
"home of beauty salon",0,1,0.00,12.0
"home of beauty xiv",0,11,0.00,7.5
"home of beauty xiv photos",0,1,0.00,9.0
"home of the fade barber lounge",0,1,0.00,49.0
"home town barber shop",0,1,0.00,1.0
"home town barbershop",0,1,0.00,5.0
"homeboyz barbershop",0,24,0.00,9.3
"homestead beauty supply",0,3,0.00,7.7
"hometown barber",0,1,0.00,4.0
"hometown barber shop",0,22,0.00,4.0
"hometown barbershop",0,8,0.00,3.5
"hometown barbershop photos",0,3,0.00,6.3
"honest barber",0,1,0.00,58.0
"honey punch hair",0,1,0.00,8.0
"honeylove shapewear",0,2,0.00,6.0
"hong kong hair salon",0,1,0.00,1.0
"hooked on cutz",0,3,0.00,7.0
"horacio's",0,1,0.00,10.0
"horacios beauty salon",0,2,0.00,10.0
"horario de beauty supply",0,1,0.00,10.0
"horario de sally",0,1,0.00,9.0
"horario de ulta hoy",0,1,0.00,1.0
"horarios y costo",0,1,0.00,2.0
"hos lee",0,1,0.00,62.0
"hoss lee",0,1,0.00,20.0
"hoss lee academy",0,2,0.00,12.0
"hoss lee academy photos",0,1,0.00,19.0
"hoss lee academy reviews",0,1,0.00,13.0
"hot like me hair care",0,1,0.00,3.0
"hot spot barber",0,1,0.00,11.0
"hot spot barber shop",0,2,0.00,11.0
"hot towel shave",0,1,0.00,8.0
"hotspot barbershop",0,11,0.00,10.6
"hourani's barbershop reviews",0,2,0.00,10.0
"hours for cosmetology in texas",0,1,0.00,55.0
"hours for supercuts",0,1,0.00,26.0
"hours of operation",0,2,0.00,4.0
"hours supercuts",0,1,0.00,22.0
"hous of hair",0,1,0.00,1.0
"house of alchemy",0,2,0.00,4.5
"house of alchemy salon",0,2,0.00,7.5
"house of barbers",0,1,0.00,10.0
"house of barbers houston",0,8,0.00,9.6
"house of barbers national city",0,17,0.00,9.8
"house of beaty",0,1,0.00,9.0
"house of beauty",0,38,0.00,7.4
"house of beauty by sandra lozano",0,8,0.00,6.4
"house of beauty by sandra lozano photos",0,1,0.00,10.0
"house of beauty by sandra lozano reviews",0,15,0.00,7.0
"house of beauty fort worth",0,70,0.00,5.8
"house of beauty fort worth reviews",0,1,0.00,4.0
"house of beauty near me",0,1,0.00,12.0
"house of beauty san bernardino",0,23,0.00,7.0
"house of beauty supply",0,4,0.00,3.0
"house of besuty",0,1,0.00,8.0
"house of blends",0,13,0.00,10.8
"house of blends barber lounge",0,9,0.00,11.9
"house of blends barber lounge & scalp pigmentation modesto reviews",0,2,0.00,11.0
"house of blends modesto",0,4,0.00,12.0
"house of blends salinas",0,45,0.00,8.4
"house of blendz",0,3,0.00,7.7
"house of blond",0,1,0.00,5.0
"house of blonde",0,11,0.00,5.7
"house of blonde fort worth",0,9,0.00,6.7
"house of blonde reviews",0,1,0.00,4.0
"house of blondes",0,3,0.00,7.3
"house of brown beauty salon houston tx",0,1,0.00,22.0
"house of brown salon",0,1,0.00,46.0
"house of clippers",0,4,0.00,8.0
"house of color hair salon",0,2,0.00,8.0
"house of color houston",0,54,0.00,7.8
"house of color salon",0,2,0.00,10.0
"house of colors houston",0,9,0.00,19.9
"house of colour houston",0,2,0.00,56.5
"house of curls",0,1,0.00,8.0
"house of cuts",0,1,0.00,3.0
"house of cuts and curls",0,31,0.00,6.7
"house of cuts stockton",0,1,0.00,7.0
"house of dear",0,1,0.00,24.0
"house of dear hair salon reviews",0,11,0.00,9.5
"house of elegance",0,8,0.00,5.9
"house of fades",0,3,0.00,10.3
"house of fades 1960",0,4,0.00,11.5
"house of fades athens",0,1,0.00,6.0
"house of fades barbershop",0,1,0.00,8.0
"house of fades cypress",0,7,0.00,9.6
"house of fades cypress reviews",0,5,0.00,9.6
"house of fades oxnard reviews",0,2,0.00,8.5
"house of fades spring",0,1,0.00,11.0
"house of fades the woodlands",0,1,0.00,10.0
"house of fades woodlands",0,6,0.00,14.8
"house of fades woodlands reviews",0,4,0.00,6.5
"house of glamour",0,1,0.00,1.0
"house of hair",0,15,0.00,1.0
"house of hair fort worth",0,1,0.00,19.0
"house of hair la",0,36,0.00,2.2
"house of hair los angeles",0,10,0.00,1.6
"house of handsome",0,1,0.00,1.0
"house of hsir",0,1,0.00,1.0
"house of lace",0,1,0.00,1.0
"house of royal",0,1,0.00,1.0
"house of royal t",0,7,0.00,4.3
"house of royalt beauty bar & boutique",0,6,0.00,7.7
"house of royalt beauty bar & boutique photos",0,1,0.00,5.0
"house of royalt beauty bar & boutique san antonio",0,9,0.00,2.0
"house of royalt beauty bar & boutique san antonio photos",0,5,0.00,5.0
"house of royalt beauty bar & boutique san antonio reviews",0,3,0.00,5.0
"house of royalty",0,3,0.00,1.0
"house of salon",0,2,0.00,31.0
"house of style",0,7,0.00,21.7
"house of style salon",0,1,0.00,28.0
"house of styles",0,1,0.00,35.0
"house of the barber",0,1,0.00,6.0
"houseofbeauty",0,1,0.00,7.0
"houston",0,1,0.00,1.0
"houston 55",0,1,0.00,25.0
"houston barber and co",0,12,0.00,9.9
"houston barber co",0,2,0.00,10.0
"houston barber college",0,1,0.00,3.0
"houston barber expo",0,1,0.00,11.0
"houston barber school",0,4,0.00,7.8
"houston barber school reviews",0,2,0.00,9.0
"houston barber school southwest",0,1,0.00,9.0
"houston barber shop online marketing",0,17,0.00,27.2
"houston barber shop social media marketing",0,2,0.00,74.5
"houston barber supply",0,1,0.00,28.0
"houston barbers",0,1,0.00,1.0
"houston beauty bar",0,1,0.00,10.0
"houston beauty school",0,3,0.00,48.0
"houston beauty schools",0,1,0.00,45.0
"houston beauty studio",0,26,0.00,22.3
"houston beauty supply",0,3,0.00,26.0
"houston block studios",0,1,0.00,33.0
"houston blonde",0,2,0.00,23.5
"houston braiders",0,1,0.00,1.0
"houston braids",0,1,0.00,1.0
"houston braids near me",0,1,0.00,1.0
"houston brows & beauty school llc",0,4,0.00,8.5
"houston colour salon service",0,1,0.00,49.0
"houston colour service",0,1,0.00,42.0
"houston cosmetology",0,2,0.00,57.5
"houston cosmetology school",0,2,0.00,51.0
"houston cosmetology schools",0,6,0.00,37.7
"houston eros",0,1,0.00,13.0
"houston fadez barbershop",0,4,0.00,19.5
"houston finest weave and natural hair",0,3,0.00,8.7
"houston galleria hair salon",0,1,0.00,34.0
"houston hair braiding",0,1,0.00,1.0
"houston hair color",0,1,0.00,1.0
"houston hair extensions studio",0,1,0.00,44.0
"houston hair galleria",0,31,0.00,8.1
"houston hair salon and day spa",0,4,0.00,33.5
"houston hair salons",0,1,0.00,1.0
"houston haircuts",0,1,0.00,1.0
"houston head spa",0,1,0.00,1.0
"houston heights hair salon",0,1,0.00,45.0
"houston kennedy salon",0,1,0.00,8.0
"houston loctician princess styles",0,4,0.00,5.5
"houston loctician princess styles (locs)",0,4,0.00,5.8
"houston makeup school",0,5,0.00,60.0
"houston nail supply 249",0,1,0.00,14.0
"houston nail supply store",0,3,0.00,31.0
"houston nails supply",0,1,0.00,36.0
"houston salon studio",0,3,0.00,45.3
"houston salons",0,1,0.00,41.0
"houston school of esthetics and massage",0,16,0.00,6.3
"houston training school",0,3,0.00,20.0
"houston training school cosmetology",0,2,0.00,8.5
"houston training school gessner",0,2,0.00,31.5
"houston training school gulfgate loan",0,1,0.00,20.0
"houston training school jacinto city loan",0,2,0.00,20.5
"houston training school reviews",0,4,0.00,14.5
"houston training schools",0,27,0.00,23.0
"houston training schools gessner",0,2,0.00,16.5
"houston training schools houston tx",0,1,0.00,20.0
"houston training schools loan",0,1,0.00,31.0
"houston training schools reviews",0,3,0.00,11.0
"houston training schools southwest loan",0,2,0.00,47.0
"houston vivid hair",0,2,0.00,11.0
"houston's house of blendz reviews",0,2,0.00,6.0
"houston55",0,2,0.00,12.5
"houston55 barber studio",0,2,0.00,28.5
"houston55 reviews",0,1,0.00,10.0
"houston’s house of blendz reviews",0,2,0.00,8.5
"how far is sally beauty from me",0,1,0.00,10.0
"how long are cosmetology hours good for",0,7,0.00,48.0
"how long does a barber license last",0,1,0.00,11.0
"how long is barber school",0,1,0.00,85.0
"how many continuing education hours for cosmetology",0,6,0.00,49.0
"how many cosmetology hours in texas",0,7,0.00,29.4
"how many hours do you need for cosmetology in texas",0,6,0.00,39.2
"how many hours does texas require for cosmetology",0,6,0.00,37.0
"how many hours for cosmetology license in texas",0,6,0.00,35.5
"how many hours is barber school",0,2,0.00,30.5
"how many hours of continuing education are required for license renewal cosmetology",0,5,0.00,41.8
"how much are haircuts at cost cutters",0,1,0.00,25.0
"how much does it cost",0,1,0.00,5.0
"how much does it cost to renew esthetician license",0,6,0.00,56.3
"how much is a haircut at cost cutters",0,2,0.00,33.0
"how much is barber booth rent",0,1,0.00,23.0
"how much is barber booth rent per month",0,1,0.00,32.0
"how much is booth rent at a barbershop",0,2,0.00,27.5
"how much is crochet hair at the beauty supply store",0,1,0.00,2.0
"how much is it?",0,1,0.00,2.0
"how much monthly",0,1,0.00,2.0
"how much to rent a chair in a barber shop",0,2,0.00,40.5
"how often",0,1,0.00,1.0
"how often must you renew your license cosmetology",0,4,0.00,62.3
"how to become a nail tech in texas",0,22,0.00,68.0
"how to become a nail tech texas",0,1,0.00,92.0
"how to check tdlr hours",0,1,0.00,25.0
"how to get a barber license in texas",0,2,0.00,29.5
"how to get a cosmetology license in texas",0,2,0.00,32.0
"how to get an establishment license",0,1,0.00,37.0
"how to get barber license in texas",0,1,0.00,34.0
"how to get cosmetology license in texas",0,2,0.00,31.5
"how to get cosmetology license texas",0,1,0.00,34.0
"how to get nail license in texas",0,2,0.00,48.0
"how to renew a cosmetology license",0,1,0.00,90.0
"how to renew an expired cosmetology license",0,1,0.00,84.0
"how to renew cosmetology license",0,1,0.00,56.0
"how to renew esthetician license",0,2,0.00,80.5
"how to renew manicurist license",0,4,0.00,74.5
"howard college cosmetology san angelo",0,3,0.00,11.0
"hows of color",0,18,0.00,6.0
"hp barbershop",0,6,0.00,10.0
"hq barbershop dallas photos",0,1,0.00,10.0
"hr beauty",0,1,0.00,5.0
"hreat clips",0,1,0.00,8.0
"hsa store",0,1,0.00,4.0
"ht beauty salon",0,2,0.00,39.0
"ht hair",0,1,0.00,6.0
"https://hbmecollection.com/collections/human-hair-for-braids",0,1,0.00,3.0
"htx barber",0,1,0.00,7.0
"htx cuts",0,23,0.00,7.4
"htx evolution barber shop",0,9,0.00,7.8
"htxbraids",0,1,0.00,2.0
"hu hair salon",0,1,0.00,8.0
"hudson family barber",0,1,0.00,4.0
"hue hair",0,2,0.00,7.5
"hue hair lounge",0,8,0.00,6.0
"hue hair lounge katy",0,2,0.00,10.0
"hue hair lounge photos",0,1,0.00,10.0
"hue hair lounge reviews",0,6,0.00,7.5
"hue hair salon",0,23,0.00,8.0
"hue hair salon san francisco",0,12,0.00,7.8
"hue hair salon sf",0,11,0.00,6.6
"hue hairdressing",0,2,0.00,35.5
"hue salon",0,83,0.00,6.4
"hue salon houston",0,43,0.00,6.2
"hue salon photos",0,1,0.00,8.0
"hue salon reviews",0,1,0.00,12.0
"hue salon sf",0,4,0.00,9.0
"hue san francisco",0,1,0.00,19.0
"hue sf",0,1,0.00,13.0
"hue the salon",0,1,0.00,41.0
"huehair",0,1,0.00,5.0
"huma's beauty salon",0,1,0.00,40.0
"human braiding hair",0,1,0.00,4.0
"human hair braiding hair",0,2,0.00,4.5
"human hair crochet bundles",0,1,0.00,10.0
"human hair factory",0,1,0.00,39.0
"human hair in houston",0,1,0.00,38.0
"human hair wigs",0,1,0.00,21.0
"human hair wigs near me",0,1,0.00,1.0
"humble barber",0,1,0.00,16.0
"humble barber shop",0,1,0.00,32.0
"humble beauty",0,1,0.00,20.0
"humble beauty salon",0,10,0.00,9.6
"humble beauty supply",0,4,0.00,9.3
"humble hair salon",0,1,0.00,1.0
"humble hustle barber",0,19,0.00,7.6
"humble hustle barbershop",0,7,0.00,8.4
"humble nation",0,1,0.00,8.0
"humphrey salon",0,1,0.00,10.0
"humphrey's salon",0,1,0.00,10.0
"humphreys salon irving",0,2,0.00,8.0
"humphreys salon reviews",0,9,0.00,8.8
"hung hair salon",0,1,0.00,63.0
"hurst beauty school",0,2,0.00,10.5
"hurst cosmetology school",0,2,0.00,10.0
"hustlers barber shop",0,1,0.00,7.0
"hutto barber school",0,2,0.00,10.0
"hydration head spa",0,2,0.00,7.5
"hygiene products",0,1,0.00,6.0
"hypnotic hair",0,1,0.00,11.0
"hypnotic hair salon",0,2,0.00,9.0
"hypnotic salon",0,4,0.00,10.3
"hypnotik salon",0,30,0.00,8.3
"i beauty nail supply",0,16,0.00,3.3
"i brow bar",0,1,0.00,1.0
"i brow beauty bar",0,4,0.00,6.3
"i c beauty",0,2,0.00,3.5
"i design hair salon",0,1,0.00,6.0
"i heart beauty",0,1,0.00,7.0
"i heart hair",0,6,0.00,9.2
"i heart hair salon",0,3,0.00,11.7
"i heart hair salon & day spa",0,3,0.00,9.3
"i heart hair waco",0,5,0.00,9.2
"i heart lashes",0,2,0.00,11.5
"i heart salon",0,3,0.00,10.7
"i love beauty supply",0,1,0.00,5.0
"i love you beauty supply",0,2,0.00,46.5
"i pro barber",0,1,0.00,50.0
"i see beauty",0,10,0.00,1.3
"i see beauty hair",0,1,0.00,2.0
"i see beauty supply",0,5,0.00,1.8
"i see hair beauty",0,1,0.00,2.0
"i&i barber",0,2,0.00,8.5
"i'munique",0,8,0.00,1.9
"i.t.s. academy of beauty",0,1,0.00,7.0
"ianni's barber shop",0,1,0.00,51.0
"ibeauty academy",0,41,0.00,4.8
"ibeauty nail supply",0,5,0.00,5.6
"iboss gel",0,1,0.00,9.0
"ic beauty",0,13,0.00,5.0
"ic beauty supply",0,16,0.00,4.2
"icatchers",0,2,0.00,19.0
"iceberg cuts",0,2,0.00,18.0
"iceberg haircut",0,1,0.00,1.0
"icon barbershop",0,17,0.00,11.1
"icon beauty",0,1,0.00,5.0
"icon beauty supply",0,1,0.00,1.0
"iconic head spa",0,1,0.00,7.0
"iconic nail bar",0,27,0.00,10.0
"iconic nail bar & head spa",0,5,0.00,6.6
"iconic nail bar & head spa houston",0,67,0.00,8.8
"iconic nail bar & head spa houston reviews",0,89,0.00,8.7
"iconic nail bar houston",0,18,0.00,10.1
"iconic nail lounge",0,1,0.00,13.0
"iconic nail spa",0,1,0.00,10.0
"iconic nail.bar",0,1,0.00,11.0
"iconic nails bar",0,1,0.00,11.0
"icy kutz",0,1,0.00,1.0
"id salon",0,1,0.00,5.0
"ida beauty salon",0,1,0.00,30.0
"ide salon",0,1,0.00,8.0
"ideal barber shop",0,2,0.00,10.0
"ideal barbershop",0,1,0.00,12.0
"ideal fades",0,38,0.00,10.2
"ideal fades 2.0",0,35,0.00,10.1
"ideal fades 2.0 reviews",0,12,0.00,6.4
"ideal hair",0,8,0.00,12.6
"ideal hair salon",0,2,0.00,9.0
"ideal hair salon pearland",0,4,0.00,13.0
"ideal salon",0,86,0.00,7.7
"ideal salon mckinney",0,25,0.00,7.2
"ideal salon photos",0,7,0.00,5.0
"ideal salon reviews",0,12,0.00,5.8
"idealbarbersupply",0,34,0.00,7.7
"idealbarbersupply reviews",0,12,0.00,8.3
"identities hair studio",0,1,0.00,7.0
"iepb",0,2,0.00,5.5
"if g is the incenter of abc find each measure",0,1,0.00,87.0
"ife spa",0,1,0.00,27.0
"ifinity nails",0,1,0.00,5.0
"igel led lamp",0,1,0.00,3.0
"igora",0,2,0.00,4.5
"igora royal 8 60 mocha mousse",0,1,0.00,8.0
"ihana",0,2,0.00,36.0
"iheart hair salon",0,3,0.00,9.7
"iheart lash academy",0,1,0.00,25.0
"ihearthair",0,1,0.00,13.0
"iiriis",0,1,0.00,6.0
"ike the barber",0,2,0.00,6.0
"ike's barber shop",0,1,0.00,9.0
"ikes barber",0,1,0.00,20.0
"ikes barbershop",0,1,0.00,30.0
"ikon beauty supply",0,19,0.00,4.1
"ikon dealer in houston tx",0,1,0.00,71.0
"ikon hair",0,1,0.00,1.0
"illest barber shop",0,3,0.00,8.3
"illest barber studio",0,5,0.00,7.6
"illumination barber school",0,30,0.00,7.0
"illy",0,2,0.00,5.5
"illy coffee",0,3,0.00,5.3
"illy hair",0,12,0.00,5.1
"illy hair photos",0,1,0.00,5.0
"illy hair plano",0,1,0.00,7.0
"illy hair reviews",0,2,0.00,4.5
"illys",0,1,0.00,1.0
"imad barber shop",0,1,0.00,34.0
"imad barbershop",0,1,0.00,43.0
"image 360 salon suites",0,2,0.00,31.5
"image academy",0,6,0.00,8.2
"image academy houston",0,4,0.00,11.5
"image academy reviews",0,14,0.00,9.0
"image beauty center",0,1,0.00,45.0
"image beauty school",0,1,0.00,12.0
"image enhancement center houston",0,1,0.00,54.0
"image hair salon",0,1,0.00,11.0
"image institute",0,1,0.00,52.0
"image memorial",0,1,0.00,7.0
"image nails gulfgate",0,1,0.00,59.0
"image salon studios at houston",0,8,0.00,15.4
"image salon suites",0,3,0.00,17.0
"image salon westheimer",0,3,0.00,10.3
"image school",0,1,0.00,40.0
"image skin studio",0,1,0.00,77.0
"image studio salon suites",0,2,0.00,7.0
"image studios",0,4,0.00,7.3
"image studios 360 katy",0,1,0.00,8.0
"image studios hair salon",0,1,0.00,13.0
"image studios mckinney",0,6,0.00,7.5
"image studios memorial",0,30,0.00,9.1
"image studios salon",0,1,0.00,17.0
"image united mckinney",0,3,0.00,33.3
"image united salon",0,1,0.00,40.0
"images hair salon",0,2,0.00,6.5
"images hair studio",0,5,0.00,5.8
"images hair studio reviews",0,1,0.00,6.0
"images ii barbershop",0,3,0.00,7.3
"images salon",0,2,0.00,9.5
"imagesalon",0,1,0.00,49.0
"imageunited",0,8,0.00,8.8
"imale",0,1,0.00,68.0
"imeldas hair salon",0,1,0.00,3.0
"immaculate barber shop",0,4,0.00,13.5
"immaculate cut",0,14,0.00,9.1
"immaculate cut barber institute",0,30,0.00,7.5
"immaculate cuts",0,3,0.00,14.0
"immaculate cuts barbershop",0,3,0.00,14.7
"immanuel beauty supply",0,2,0.00,41.5
"immerse hair studio",0,8,0.00,7.4
"immerse studio",0,145,0.00,7.4
"immerse studio pasadena",0,17,0.00,7.0
"immerse studio photos",0,3,0.00,9.0
"immerse studio reviews",0,30,0.00,7.3
"impact barber",0,3,0.00,10.7
"impact barber academy",0,14,0.00,7.2
"impact cuts",0,2,0.00,34.5
"impact cuts barbershop",0,1,0.00,8.0
"impact cuts barbershop reviews",0,2,0.00,8.0
"impact cuts frisco",0,9,0.00,10.0
"imperial beauty salon",0,1,0.00,6.0
"imperial beauty supply",0,7,0.00,9.3
"imperial hair",0,1,0.00,34.0
"imperial hair & beauty supply",0,4,0.00,14.8
"imperial hair care",0,2,0.00,39.5
"imperial salon",0,1,0.00,7.0
"imperial shave and supply",0,1,0.00,20.0
"impres salon spa",0,1,0.00,10.0
"impress beauty outlet",0,1,0.00,31.0
"impressions hair salon near me",0,2,0.00,6.5
"impressions hair salon photos",0,1,0.00,4.0
"impressions salon and spa",0,1,0.00,5.0
"impressions salon red oak",0,1,0.00,25.0
"impulse beauty",0,3,0.00,5.3
"impulse beauty salon",0,2,0.00,23.0
"impulse beauty supply",0,47,0.00,6.8
"impulse beauty supply reviews",0,7,0.00,8.0
"impulse hours",0,1,0.00,41.0
"impulse near me",0,1,0.00,26.0
"imrans barber shop",0,3,0.00,33.7
"imunique",0,22,0.00,1.0
"imunique hair artistry",0,19,0.00,3.9
"imunique williams",0,1,0.00,3.0
"in a beauty salon",0,2,0.00,11.0
"in beauty",0,1,0.00,8.0
"in beauty shop",0,1,0.00,4.0
"in corona, ca",0,1,0.00,17.0
"in cosmetology",0,1,0.00,81.0
"in da kut",0,1,0.00,45.0
"in da kut barbershop",0,1,0.00,46.0
"in da kut barbershop llc",0,1,0.00,55.0
"in home salon requirements texas",0,1,0.00,27.0
"in salon",0,2,0.00,29.0
"in style barber shop",0,4,0.00,9.0
"in style barbershop",0,1,0.00,6.0
"in style salon",0,2,0.00,4.5
"in texas",0,1,0.00,7.0
"in the cut barber lounge",0,1,0.00,6.0
"in the cut barbershop palmdale",0,2,0.00,10.5
"in the kutt",0,1,0.00,47.0
"in the mix parlor",0,1,0.00,49.0
"in the shadow fadez barber lounge",0,33,0.00,8.1
"ina salon",0,1,0.00,30.0
"inas",0,1,0.00,1.0
"inas hair salon",0,1,0.00,10.0
"inas threading",0,36,0.00,3.5
"inas threading and beauty",0,118,0.00,2.4
"inas threading and beauty photos",0,9,0.00,7.6
"inas threading and beauty reviews",0,12,0.00,9.6
"inclusive cuts",0,1,0.00,4.0
"index salon",0,1,0.00,100.0
"indi remi pack hair",0,1,0.00,7.0
"india salon",0,3,0.00,1.0
"india salon near me",0,1,0.00,1.0
"india saloon",0,2,0.00,1.5
"indian hair cut",0,2,0.00,4.0
"indian hair cut near me",0,2,0.00,1.0
"indian hair salon irving, tx",0,1,0.00,11.0
"indian haircut near me",0,1,0.00,1.0
"indian parlor",0,1,0.00,2.0
"indian parlor near me",0,1,0.00,1.0
"indian salon",0,1,0.00,1.0
"indian salon irving",0,10,0.00,5.1
"indian salon irving tx",0,1,0.00,15.0
"indian salon near me",0,4,0.00,1.8
"indian salon near me for men",0,1,0.00,1.0
"indigo child dallas",0,7,0.00,7.3
"indigo child dallas reviews",0,7,0.00,5.9
"indigo child hair",0,3,0.00,6.7
"indigo child hair salon",0,2,0.00,7.0
"indigo child salon",0,3,0.00,8.0
"indigo child, dallas, tx, united states, review",0,1,0.00,12.0
"indigo hair",0,1,0.00,10.0
"indigo hair salon",0,21,0.00,12.9
"indigo hair studio",0,25,0.00,9.0
"indigo hairdressers",0,1,0.00,48.0
"indigo salon",0,11,0.00,9.0
"indigo salon spring tx",0,10,0.00,8.6
"industrial barber shop",0,2,0.00,69.5
"industry barber",0,1,0.00,58.0
"industry barbers",0,1,0.00,68.0
"ines hair studio",0,1,0.00,46.0
"infinate beauty",0,2,0.00,13.0
"infini beauty",0,1,0.00,7.0
"infinite barber shop",0,2,0.00,7.0
"infinite beauty",0,33,0.00,12.7
"infinite beauty hours",0,2,0.00,4.5
"infinite beauty houston",0,10,0.00,10.5
"infinite beauty hwy 6",0,4,0.00,3.5
"infinite beauty missouri city",0,42,0.00,6.2
"infinite beauty near me",0,1,0.00,38.0
"infinite beauty supply",0,69,0.00,10.0
"infinite beauty supply hwy 6",0,22,0.00,5.8
"infinite beuty",0,1,0.00,13.0
"infinite glow academy",0,1,0.00,13.0
"infinite hair",0,3,0.00,17.0
"infinite hair & beauty",0,28,0.00,7.7
"infinite hair & beauty houston",0,2,0.00,5.0
"infinite hair & beauty photos",0,4,0.00,8.0
"infinite hair and beauty",0,65,0.00,7.8
"infinite hair and beauty houston",0,23,0.00,7.4
"infinite hair and beauty hwy 6",0,2,0.00,10.0
"infinite hair and beauty missouri city",0,21,0.00,6.0
"infinite hair beauty",0,1,0.00,8.0
"infinite hair store",0,7,0.00,12.3
"infinite hair studio",0,3,0.00,3.3
"infinite tresses shop",0,7,0.00,3.1
"infinite tresses wigs",0,7,0.00,4.4
"infiniti beauty",0,9,0.00,9.7
"infinity barbershop",0,1,0.00,6.0
"infinity beauty",0,6,0.00,27.8
"infinity beauty supply",0,29,0.00,7.5
"infinity beauty supply and wigs",0,2,0.00,6.0
"infinity beauty supply missouri city",0,5,0.00,4.8
"infinity beuty",0,1,0.00,12.0
"infinity cuts",0,1,0.00,6.0
"infinity hair and beauty",0,26,0.00,6.1
"infinity hair and beauty salon",0,1,0.00,6.0
"infinity hair store",0,7,0.00,13.6
"infinity nails",0,7,0.00,5.1
"infinitygamesaga",0,1,0.00,1.0
"infinty salon",0,1,0.00,10.0
"influance hair products",0,6,0.00,5.2
"influance hair products near me",0,1,0.00,6.0
"influence hair products",0,2,0.00,2.0
"inga salon",0,1,0.00,52.0
"ingram mall hair salon",0,1,0.00,29.0
"inhair salon",0,3,0.00,57.0
"ink and glo",0,1,0.00,54.0
"ink salon",0,1,0.00,44.0
"inn the cutt barbershop 2",0,1,0.00,27.0
"innae mascara",0,1,0.00,7.0
"inner artist",0,1,0.00,7.0
"inner beauty dry bar",0,1,0.00,13.0
"inner salon",0,1,0.00,5.0
"inner state beauty",0,1,0.00,85.0
"innersense shampoo",0,1,0.00,9.0
"innerstate beauty",0,3,0.00,84.3
"innovation beauty institute",0,3,0.00,67.0
"innovations barber studio",0,9,0.00,10.9
"innovative kutz",0,1,0.00,63.0
"inova hair salon & barbershop",0,4,0.00,1.8
"inova salon",0,1,0.00,2.0
"ins hair salon",0,1,0.00,37.0
"ins salon",0,2,0.00,49.0
"inside barber shops",0,1,0.00,58.0
"inside chi",0,1,0.00,4.0
"inspirations salon",0,1,0.00,29.0
"inspirations salon and spa",0,1,0.00,26.0
"inspire academy of barbering and cosmetology",0,4,0.00,12.0
"inspire barbershop",0,2,0.00,6.5
"inspire hair studio",0,1,0.00,4.0
"inspire institute of barbering & cosmetology carrollton",0,3,0.00,10.3
"inspire institute of barbering and cosmetology",0,1,0.00,10.0
"inspired by beauty institute",0,6,0.00,9.0
"inspired cutz",0,1,0.00,10.0
"instagram",0,1,0.00,4.0
"instant beauty skin studio",0,8,0.00,9.3
"institute aveda",0,1,0.00,15.0
"institute of beauty",0,1,0.00,72.0
"institute of modern aesthetics",0,1,0.00,1.0
"instituto de belleza cerca de mi",0,1,0.00,1.0
"instituto de belleza y arte",0,22,0.00,10.2
"instyle barber shop",0,1,0.00,86.0
"instyle center",0,1,0.00,8.0
"instyle hair",0,2,0.00,7.5
"instyle hair salon",0,4,0.00,1.8
"instyle near me",0,1,0.00,25.0
"instyle salon",0,18,0.00,4.8
"instyle salon & spa",0,1,0.00,42.0
"instyle salon near me",0,2,0.00,6.0
"instyle salon spa",0,1,0.00,32.0
"instyles barbershop",0,1,0.00,42.0
"intellect barber",0,1,0.00,59.0
"intellect barber co",0,1,0.00,76.0
"interior beauty salon",0,3,0.00,54.7
"interior hair",0,1,0.00,50.0
"interior hair salon",0,2,0.00,74.0
"intermissions barber shop",0,2,0.00,32.5
"intermissions barbershop",0,1,0.00,44.0
"international academy of beauty",0,4,0.00,71.8
"international academy of cosmetology",0,30,0.00,17.4
"international academy of cosmetology alhambra",0,1,0.00,46.0
"international academy of hair design",0,1,0.00,34.0
"international barber college",0,1,0.00,5.0
"international beauty academy",0,2,0.00,38.5
"international beauty college",0,4,0.00,10.3
"international college of beauty",0,3,0.00,11.3
"international college of beauty arts & sciences reviews",0,10,0.00,7.7
"international college of cosmetology",0,3,0.00,11.0
"international cosmetology academy",0,1,0.00,7.0
"international cosmetology school",0,1,0.00,12.0
"international hair salon",0,1,0.00,1.0
"international house of barbers",0,2,0.00,9.0
"international institute of aesthetic arts and beauty",0,1,0.00,7.0
"international salon and spa academy",0,1,0.00,66.0
"international salon and spa academy reviews",0,1,0.00,34.0
"international school of cosmetology",0,1,0.00,12.0
"interstate barber school",0,1,0.00,10.0
"invictus barber",0,13,0.00,10.8
"invictus barber shop",0,47,0.00,10.5
"invictus barbershop",0,9,0.00,9.1
"invictus career college",0,28,0.00,7.3
"invictus institute of barbering",0,2,0.00,29.0
"invictus salon",0,1,0.00,6.0
"invisible changes hair salon",0,1,0.00,8.0
"ipolish digital nails",0,4,0.00,8.0
"ipolish smart nails",0,1,0.00,8.0
"ira barber shop",0,2,0.00,10.0
"ira's barber shop",0,1,0.00,11.0
"iras barber shop",0,33,0.00,8.5
"iras barber shop palmdale",0,16,0.00,7.9
"iras barbershop",0,9,0.00,9.3
"irene beauty",0,2,0.00,22.5
"irene beauty salon",0,2,0.00,17.5
"irene hair",0,1,0.00,36.0
"irene hair salon",0,2,0.00,21.5
"irene salon",0,1,0.00,19.0
"irene's beauty supply",0,2,0.00,15.0
"irene's hair salon",0,3,0.00,4.0
"irenes beauty salon",0,1,0.00,30.0
"irenes beauty supply and braiding",0,1,0.00,37.0
"iris beauty lounge",0,1,0.00,11.0
"iris beauty salon",0,16,0.00,9.4
"iris beauty supply",0,7,0.00,1.4
"iris salon",0,13,0.00,24.2
"iris-beauty",0,1,0.00,62.0
"irma hair salon",0,1,0.00,17.0
"irma salon de belleza",0,1,0.00,4.0
"irma's beauty salon",0,3,0.00,15.0
"irma's hair salon",0,6,0.00,6.5
"irmas",0,1,0.00,1.0
"irmas hair salon",0,3,0.00,4.0
"irmas salon",0,1,0.00,4.0
"irresistible hair extensions",0,2,0.00,5.0
"irving",0,1,0.00,3.0
"irving barber",0,1,0.00,7.0
"irving barber shop",0,6,0.00,27.0
"irving barbershop",0,2,0.00,39.5
"irving's barbershop",0,1,0.00,43.0
"irvington hair salon",0,1,0.00,1.0
"is cost cutters open on sunday",0,3,0.00,14.0
"is cost cutters open today",0,1,0.00,12.0
"is hair lab still open",0,1,0.00,9.0
"is hair studio",0,1,0.00,7.0
"is luxe foundation sold in stores",0,1,0.00,33.0
"is pressed houston still open",0,1,0.00,44.0
"is sally beauty open",0,1,0.00,12.0
"is sally beauty open on sunday",0,1,0.00,12.0
"is sally's beauty open",0,1,0.00,10.0
"is sally's beauty supply open on sunday",0,1,0.00,11.0
"is sally's open on sunday",0,5,0.00,9.4
"is sally's open on sundays",0,1,0.00,9.0
"is salon",0,1,0.00,50.0
"is saloncentric open to the public",0,1,0.00,11.0
"is saloncentric open today",0,2,0.00,11.5
"is sport clips open on sunday",0,1,0.00,11.0
"is sports clips open on monday",0,1,0.00,12.0
"is sports clips open on sunday",0,3,0.00,12.0
"is supercuts open on sundays",0,4,0.00,7.5
"is supercuts open today",0,1,0.00,29.0
"is the beauty supply open",0,2,0.00,14.0
"is the beauty supply open today",0,3,0.00,34.3
"is the beauty supply store open on sunday",0,1,0.00,11.0
"is the beauty supply store open today",0,3,0.00,12.7
"is ulta open on sundays",0,2,0.00,10.5
"isabel hair salon",0,2,0.00,6.0
"isabella hair",0,1,0.00,40.0
"isabella hair salon",0,1,0.00,6.0
"isabels salon",0,1,0.00,3.0
"ise hair",0,1,0.00,4.0
"isee",0,3,0.00,2.7
"isee beauty",0,17,0.00,1.1
"isee beauty supply",0,53,0.00,3.4
"isee hair location",0,3,0.00,6.0
"isee hair wigs",0,4,0.00,7.8
"isee wigs",0,1,0.00,6.0
"isee.beauty",0,1,0.00,19.0
"iseebeauty",0,2,0.00,2.0
"isha salon",0,1,0.00,11.0
"isi salon",0,1,0.00,2.0
"island beauty",0,3,0.00,3.7
"island beauty supply",0,10,0.00,6.4
"island breeze house of hair",0,12,0.00,8.3
"island faded barbershop",0,1,0.00,43.0
"island twist braids",0,1,0.00,3.0
"islands beauty",0,11,0.00,7.8
"islands beauty supply",0,19,0.00,9.1
"isolated chrome nails",0,1,0.00,9.0
"issi hair",0,1,0.00,8.0
"it's hair",0,2,0.00,12.0
"it's my hair salon",0,1,0.00,46.0
"its a wrap hair salon",0,1,0.00,12.0
"its academy of beauty",0,17,0.00,6.6
"its academy of beauty fort worth",0,4,0.00,5.0
"its beauty academy",0,10,0.00,9.2
"its hair",0,2,0.00,28.0
"its personal",0,1,0.00,1.0
"its personal salon",0,1,0.00,5.0
"its personal the salon",0,5,0.00,5.6
"its.personal the salon",0,1,0.00,1.0
"iv salon",0,1,0.00,72.0
"ivan the barber",0,5,0.00,11.4
"iverson mall hair academy",0,1,0.00,34.0
"iverson mall hair salon",0,1,0.00,68.0
"ivni",0,6,0.00,8.5
"ivni hair studio",0,12,0.00,7.7
"ivory salon",0,18,0.00,7.4
"ivory salon reviews",0,9,0.00,5.4
"ivory salon san jose",0,26,0.00,9.2
"ivy beauty",0,1,0.00,6.0
"ivy beauty institute",0,29,0.00,8.2
"ivy beauty institute frisco",0,16,0.00,8.9
"ivy league barber",0,1,0.00,8.0
"iwig lashes",0,8,0.00,5.0
"j & a beauty supply",0,2,0.00,21.0
"j & c royal beauty supply",0,14,0.00,9.9
"j & c royal beauty supply photos",0,6,0.00,6.2
"j & j barber shop",0,1,0.00,10.0
"j & j beauty supplies oakland",0,13,0.00,7.6
"j & j beauty supply",0,5,0.00,14.8
"j & m barbershop",0,3,0.00,7.0
"j & m hair salon",0,3,0.00,9.3
"j & n hair salon",0,1,0.00,5.0
"j & s beauty store",0,2,0.00,29.0
"j and c beauty supply",0,1,0.00,7.0
"j and c hair salon",0,1,0.00,11.0
"j and j barber supply",0,8,0.00,7.1
"j and j beauty",0,3,0.00,4.7
"j and j beauty supply",0,10,0.00,7.0
"j and j hair studio",0,1,0.00,36.0
"j and l salon",0,1,0.00,6.0
"j and m barbershop",0,2,0.00,7.5
"j and m hair",0,1,0.00,7.0
"j and m hair salon",0,3,0.00,7.3
"j and m salon",0,1,0.00,16.0
"j and n hair salon",0,1,0.00,6.0
"j and n salon",0,1,0.00,5.0
"j art hair salon",0,2,0.00,5.5
"j beauty",0,2,0.00,1.0
"j beauty mart",0,1,0.00,9.0
"j beauty near me",0,1,0.00,15.0
"j beauty supply",0,33,0.00,8.4
"j beauty supply near me",0,1,0.00,16.0
"j bez",0,5,0.00,10.4
"j bez barbershop",0,10,0.00,9.6
"j c beauty salon",0,1,0.00,6.0
"j co salon & blo dry bar",0,1,0.00,45.0
"j dall",0,5,0.00,8.2
"j dall hair salon",0,2,0.00,19.5
"j dall hair salon houston",0,1,0.00,30.0
"j dall salon",0,2,0.00,8.0
"j j beauty salon",0,1,0.00,15.0
"j jireh",0,3,0.00,8.7
"j k salon",0,3,0.00,4.3
"j n beauty salon",0,1,0.00,19.0
"j n hair salon",0,32,0.00,4.1
"j n j hair studio",0,1,0.00,34.0
"j nine hair salon suites",0,1,0.00,13.0
"j p kempt",0,1,0.00,15.0
"j ritzy hair lounge",0,1,0.00,51.0
"j s beauty store",0,3,0.00,11.3
"j strickland and co",0,1,0.00,66.0
"j wigs",0,1,0.00,5.0
"j&b beauty supply",0,1,0.00,38.0
"j&c beauty supply",0,2,0.00,7.0
"j&c royal",0,1,0.00,10.0
"j&c royal beauty supply",0,5,0.00,10.6
"j&j barber",0,1,0.00,9.0
"j&j barber shop",0,1,0.00,1.0
"j&j barber supply",0,15,0.00,16.6
"j&j barber supply co",0,14,0.00,11.6
"j&j beauty",0,1,0.00,5.0
"j&j beauty house",0,1,0.00,37.0
"j&j beauty supply",0,13,0.00,9.2
"j&m barber shop",0,2,0.00,7.0
"j&m barbershop",0,13,0.00,8.0
"j&m beauty salon",0,2,0.00,9.0
"j&m beauty spa location",0,1,0.00,5.0
"j&m hair",0,1,0.00,11.0
"j&n hair salon",0,2,0.00,10.0
"j'bez barbershop",0,3,0.00,11.0
"j's barber college",0,1,0.00,4.0
"j's beauty supply",0,5,0.00,6.6
"j's hair studio",0,1,0.00,4.0
"j-royals barbershop",0,1,0.00,23.0
"j. strickland & co",0,1,0.00,65.0
"j.co",0,1,0.00,73.0
"ja hair school",0,1,0.00,10.0
"ja school of hairdressing",0,2,0.00,21.0
"ja school of hairdressing reviews",0,17,0.00,10.5
"jack of all fades",0,1,0.00,1.0
"jackie beauty salon",0,1,0.00,3.0
"jackie hair salon",0,4,0.00,5.5
"jackie salon near me",0,1,0.00,6.0
"jackie's beauty supply",0,2,0.00,4.0
"jackie's hair",0,1,0.00,9.0
"jackie's nails beauty supplies",0,1,0.00,6.0
"jackie's salon",0,1,0.00,2.0
"jackies nails",0,1,0.00,3.0
"jackson barber college",0,42,0.00,7.2
"jackson rose barber studio",0,18,0.00,8.3
"jacqueline day spa",0,10,0.00,15.2
"jacqueline hair salon",0,1,0.00,5.0
"jacqueline morgan spa",0,2,0.00,29.5
"jacqueline salon",0,1,0.00,22.0
"jacqueline spa",0,2,0.00,36.5
"jacqueline's day spa",0,1,0.00,1.0
"jacqueline's day spa & salon",0,5,0.00,9.6
"jacqueline's salon & day spa",0,6,0.00,17.2
"jacqueline's spa",0,2,0.00,20.0
"jacquelines day spa",0,1,0.00,6.0
"jade hair and beauty",0,1,0.00,7.0
"jade hair cut",0,1,0.00,3.0
"jade hair salon",0,6,0.00,4.0
"jade salon",0,1,0.00,1.0
"jade's beauty salon",0,1,0.00,5.0
"jades beauty salon",0,7,0.00,5.0
"jades hair salon",0,2,0.00,5.0
"jag hair",0,2,0.00,9.0
"jagged edge hair salon",0,1,0.00,7.0
"jagged edge salon",0,7,0.00,7.3
"jaimie adams",0,2,0.00,7.0
"jam beauty",0,1,0.00,18.0
"jam beauty bar",0,37,0.00,6.4
"jam beauty bar reviews",0,17,0.00,9.1
"jam hair",0,7,0.00,22.0
"jam hairdresser",0,1,0.00,19.0
"jam hairdressers",0,2,0.00,22.5
"jam salon",0,1,0.00,19.0
"jam'd salon",0,1,0.00,28.0
"jama barber",0,1,0.00,11.0
"jama beauty college",0,6,0.00,9.0
"jama beauty college reviews",0,7,0.00,9.4
"jama's beauty & barber college",0,2,0.00,9.5
"jamas beauty and barber college",0,6,0.00,8.8
"jamas beauty school",0,3,0.00,9.3
"jame's beauty supply",0,1,0.00,6.0
"james alfredo",0,4,0.00,9.8
"james and co barbershop",0,2,0.00,7.5
"james beauty",0,7,0.00,5.7
"james beauty shop",0,1,0.00,7.0
"james beauty supply",0,265,0.00,6.5
"james beauty supply near me",0,9,0.00,4.7
"james beauty supply store",0,4,0.00,3.5
"james cuts",0,1,0.00,8.0
"james hair store",0,1,0.00,7.0
"james hair supply",0,5,0.00,6.4
"james irving grooming",0,2,0.00,22.0
"james irving hair",0,1,0.00,24.0
"jami's beauty salon",0,1,0.00,11.0
"jamie's beauty supply",0,2,0.00,11.0
"jana's hair salon",0,1,0.00,19.0
"jane beauty supply",0,1,0.00,6.0
"jane salon",0,1,0.00,8.0
"jane's beauty supply",0,1,0.00,24.0
"janelle alexis salon",0,1,0.00,20.0
"janelle alexis salon reviews",0,1,0.00,11.0
"janelle hair salon",0,1,0.00,7.0
"janet nail salon",0,2,0.00,7.0
"janet's hair salon",0,1,0.00,11.0
"janeth beauty salon",0,3,0.00,7.7
"janeth's",0,1,0.00,9.0
"janeth's beauty salon",0,10,0.00,8.7
"janeths salon",0,2,0.00,9.5
"janeth’s beauty nail salon houston",0,9,0.00,8.0
"japan perm",0,1,0.00,1.0
"japanese hair straightening houston",0,14,0.00,1.1
"japanese head spa",0,2,0.00,1.0
"japanese head spa houston",0,2,0.00,1.0
"japanese head spa near me",0,2,0.00,1.5
"japanese straightening houston",0,3,0.00,2.7
"japanese thermal straightening cost",0,1,0.00,1.0
"jaqueline beauty salon",0,1,0.00,6.0
"jasmin salon",0,1,0.00,1.0
"jasmine beauty salon",0,1,0.00,7.0
"jasmine beauty school",0,32,0.00,10.2
"jasmine beauty school reviews",0,25,0.00,10.2
"jasmine beauty school san diego",0,7,0.00,5.6
"jasmine school",0,2,0.00,6.5
"jasmine's hair salon",0,1,0.00,1.0
"jasmines salon",0,2,0.00,9.5
"javier hair",0,2,0.00,5.0
"javier hair salon",0,2,0.00,11.0
"javier hernandez hair",0,1,0.00,1.0
"javier salon",0,1,0.00,28.0
"jay barber shop",0,1,0.00,1.0
"jay cutz barbershop",0,2,0.00,8.0
"jay hair studio",0,1,0.00,5.0
"jay's beauty supply",0,1,0.00,12.0
"jay's technical institute",0,11,0.00,9.3
"jaycutz",0,1,0.00,4.0
"jays barber college",0,12,0.00,5.6
"jays beauty supply",0,1,0.00,3.0
"jazmin beauty salon",0,1,0.00,4.0
"jazmin hair salon",0,2,0.00,24.5
"jazmin salon",0,1,0.00,22.0
"jazzie hair studio",0,4,0.00,10.3
"jazzy beauty",0,1,0.00,28.0
"jazzys hair studio",0,1,0.00,7.0
"jb barber shop",0,3,0.00,9.0
"jb beauty",0,1,0.00,5.0
"jb beauty salon",0,1,0.00,7.0
"jb beauty supply",0,1,0.00,7.0
"jb hair",0,1,0.00,7.0
"jb haircut",0,1,0.00,8.0
"jb's hair",0,1,0.00,9.0
"jbez",0,1,0.00,21.0
"jbs hair salon",0,2,0.00,5.0
"jc beauty",0,4,0.00,6.3
"jc beauty salon",0,20,0.00,10.9
"jc beauty salon houston tx",0,6,0.00,18.8
"jc beauty supply",0,50,0.00,5.0
"jc beauty supply reviews",0,2,0.00,3.0
"jc beauty supply store",0,1,0.00,6.0
"jc cuts barbershop",0,1,0.00,4.0
"jc hair salon",0,1,0.00,10.0
"jc hair store",0,1,0.00,4.0
"jc royal modesto",0,5,0.00,9.6
"jc salon",0,16,0.00,9.4
"jc salon corpus christi",0,2,0.00,10.0
"jc salon houston tx",0,4,0.00,25.3
"jc salon meyerland",0,5,0.00,7.0
"jc salon pearland",0,1,0.00,19.0
"jc salon pearland parkway",0,5,0.00,9.4
"jc salon waco",0,2,0.00,10.0
"jc salons near me",0,1,0.00,13.0
"jc salons pearland parkway",0,1,0.00,10.0
"jc style",0,4,0.00,8.5
"jc styles",0,1,0.00,12.0
"jc styles salon",0,1,0.00,22.0
"jcfvded",0,3,0.00,9.7
"jcpenney salon corpus christi",0,1,0.00,29.0
"jcpenney salon katy",0,1,0.00,22.0
"jcpenny",0,1,0.00,2.0
"jcthebarber",0,3,0.00,8.0
"jcutz",0,1,0.00,8.0
"jcutz barber",0,2,0.00,9.5
"jd barber",0,1,0.00,11.0
"jd cuts",0,23,0.00,10.4
"jd cuts reviews",0,23,0.00,9.4
"jd muscle release",0,1,0.00,9.0
"jean percy school of barbering",0,2,0.00,11.0
"jean philippe dallas",0,1,0.00,11.0
"jean philippe salon",0,11,0.00,8.1
"jean philippe salon dallas",0,1,0.00,10.0
"jean philippe salon reviews",0,3,0.00,7.3
"jean phillip salon",0,1,0.00,9.0
"jean phillipe dallas",0,2,0.00,15.0
"jeanie hair salon",0,1,0.00,6.0
"jel hair salon",0,4,0.00,8.5
"jeni salon",0,1,0.00,6.0
"jenni hair salon",0,1,0.00,6.0
"jenni salon",0,2,0.00,17.5
"jenni's salon",0,4,0.00,13.3
"jennifer beauty salon",0,1,0.00,8.0
"jennifer store",0,1,0.00,49.0
"jennis hair salon",0,8,0.00,12.5
"jenny beauty",0,2,0.00,8.0
"jenny beauty salon",0,5,0.00,8.4
"jenny beauty super center",0,2,0.00,12.5
"jenny beauty supplies",0,3,0.00,9.0
"jenny beauty supply dallas",0,10,0.00,11.8
"jenny beauty supply dallas reviews",0,9,0.00,5.9
"jenny beauty supply dallas tx",0,2,0.00,12.5
"jenny beauty supply fort worth",0,8,0.00,8.3
"jenny beauty supply hours",0,2,0.00,13.5
"jenny beauty supply houston",0,45,0.00,7.7
"jenny beauty supply irving tx",0,2,0.00,17.0
"jenny beauty supply lewisville",0,17,0.00,5.3
"jenny beauty supply lewisville photos",0,5,0.00,9.6
"jenny beauty supply locations",0,1,0.00,16.0
"jenny beauty supply near me",0,14,0.00,10.9
"jenny beauty supply store",0,5,0.00,12.0
"jenny beauty supply super center",0,4,0.00,13.0
"jenny beauty supply super center photos",0,1,0.00,10.0
"jenny beauty supply westheimer & 6",0,36,0.00,4.6
"jenny beauty supply westheimer & 6 photos",0,4,0.00,9.3
"jenny beauty supply westheimer & 6 reviews",0,2,0.00,8.5
"jenny hair",0,2,0.00,7.5
"jenny hair salon",0,2,0.00,5.0
"jenny hair store",0,10,0.00,6.5
"jenny hair stylist",0,5,0.00,6.2
"jenny hair supply",0,2,0.00,1.0
"jenny hours",0,1,0.00,5.0
"jenny salon",0,2,0.00,7.0
"jenny salon de belleza",0,1,0.00,9.0
"jenny supply",0,5,0.00,11.2
"jenny's beauty",0,1,0.00,27.0
"jenny's beauty salon llc",0,1,0.00,19.0
"jenny's beauty supply",0,9,0.00,13.0
"jenny's beauty supply dallas",0,1,0.00,9.0
"jenny's beauty supply fort worth",0,1,0.00,9.0
"jenny's beauty supply houston",0,2,0.00,8.5
"jenny's beauty supply irving",0,3,0.00,10.0
"jenny's beauty supply lewisville",0,1,0.00,1.0
"jenny's beauty supply near me",0,2,0.00,9.0
"jenny's beauty supply store",0,4,0.00,15.3
"jenny's hair and beauty salon",0,1,0.00,6.0
"jenny's wig center",0,2,0.00,29.5
"jennys",0,1,0.00,1.0
"jennys beauty",0,1,0.00,24.0
"jennys beauty dallas",0,1,0.00,11.0
"jennys beauty salon",0,6,0.00,7.8
"jennys beauty supply",0,43,0.00,6.3
"jennys beauty supply dallas",0,1,0.00,13.0
"jennys beauty supply fort worth",0,9,0.00,8.1
"jennys beauty supply hours",0,1,0.00,22.0
"jennys beauty supply houston",0,22,0.00,7.9
"jennys beauty supply irving",0,10,0.00,10.0
"jennys beauty supply lewisville",0,21,0.00,5.0
"jennys beauty supply near me",0,8,0.00,13.4
"jennys beauty supply store",0,3,0.00,20.3
"jennys fort worth",0,1,0.00,9.0
"jennys hair",0,2,0.00,9.5
"jennys hair salon",0,1,0.00,5.0
"jennys hair store",0,8,0.00,10.6
"jennys hair supply",0,1,0.00,7.0
"jennys haircut",0,1,0.00,5.0
"jennys irving",0,2,0.00,8.5
"jennys lewisville",0,9,0.00,3.6
"jenny’s beauty supply",0,1,0.00,9.0
"jerry lee beauty college",0,1,0.00,14.0
"jerry's barber shop",0,23,0.00,10.0
"jerry's barber shop lubbock",0,2,0.00,11.0
"jerrys barber shop",0,4,0.00,11.8
"jerrys barbershop lubbock",0,1,0.00,11.0
"jessica beauty",0,3,0.00,7.0
"jessica beauty supply",0,10,0.00,10.1
"jessica beauty supply frisco",0,2,0.00,6.0
"jessica beauty supply mckinney",0,14,0.00,9.6
"jessica beauty supply mckinney tx",0,2,0.00,10.5
"jessica beauty supply near me",0,1,0.00,11.0
"jessica beauty supply photos",0,8,0.00,7.8
"jessica beauty supply reviews",0,2,0.00,9.5
"jessica hair store",0,4,0.00,8.5
"jessica hair store frisco",0,3,0.00,7.7
"jessica hair studio",0,1,0.00,40.0
"jessica rocha artistic nails",0,1,0.00,9.0
"jessica studio",0,2,0.00,28.5
"jessica's beauty supply",0,16,0.00,7.6
"jessica's beauty supply mckinney",0,4,0.00,9.0
"jessica's hair studio",0,1,0.00,29.0
"jessicas beauty",0,1,0.00,8.0
"jessicas beauty supply",0,18,0.00,8.1
"jessicas beauty supply frisco",0,1,0.00,7.0
"jessicas beauty supply mckinney",0,12,0.00,9.3
"jessicas hair store",0,1,0.00,13.0
"jessica’s beauty supply",0,1,0.00,6.0
"jessicutz",0,2,0.00,21.5
"jesus barber shop",0,1,0.00,26.0
"jesus barbershop",0,2,0.00,10.0
"jesus cuts",0,1,0.00,59.0
"jesus cutz",0,1,0.00,9.0
"jet hairdressing",0,1,0.00,27.0
"jh beauty supply",0,2,0.00,10.5
"jheri curl near me",0,1,0.00,11.0
"ji dominican barber shop",0,1,0.00,10.0
"jill's hair salon",0,1,0.00,51.0
"jimbo barber shop",0,3,0.00,5.0
"jimbo real kutz",0,16,0.00,7.6
"jimbo's",0,1,0.00,1.0
"jimmy barber shop 504",0,16,0.00,10.9
"jimmy's barbershop 504",0,3,0.00,8.7
"jimmys barbershop",0,1,0.00,1.0
"jin hair salon",0,1,0.00,40.0
"jinny",0,1,0.00,6.0
"jireh hair salon",0,3,0.00,21.0
"jireh salon",0,5,0.00,12.4
"jj barber supply",0,43,0.00,6.2
"jj beauty",0,1,0.00,1.0
"jj beauty salon",0,2,0.00,10.5
"jj beauty supply",0,4,0.00,8.5
"jj beauty supply reviews",0,1,0.00,6.0
"jj hair",0,1,0.00,8.0
"jj hair salon",0,7,0.00,9.3
"jj hair store",0,2,0.00,27.5
"jj hair studio",0,2,0.00,12.0
"jj hairdressers",0,1,0.00,14.0
"jj salon",0,1,0.00,6.0
"jj store",0,2,0.00,10.5
"jj supply",0,1,0.00,11.0
"jj's beauty supply",0,1,0.00,11.0
"jj's hair design",0,2,0.00,19.5
"jj's hair salon",0,1,0.00,6.0
"jjs beauty salon",0,2,0.00,14.0
"jjs beauty supply",0,7,0.00,8.6
"jjs hair salon",0,12,0.00,7.8
"jjs hair store",0,1,0.00,8.0
"jjv sports",0,1,0.00,20.0
"jjv sports barbershop",0,1,0.00,29.0
"jk barber shop",0,1,0.00,9.0
"jk barbershop",0,1,0.00,10.0
"jk hair",0,5,0.00,5.8
"jk hair design",0,2,0.00,9.5
"jk hair salon",0,15,0.00,4.1
"jk salon",0,115,0.00,5.8
"jk salon near me",0,1,0.00,1.0
"jkhair",0,1,0.00,8.0
"jl art salon",0,3,0.00,13.0
"jl art salon reviews",0,22,0.00,8.7
"jlc beauty school",0,4,0.00,10.5
"jm beauty",0,1,0.00,5.0
"jm beauty salon",0,2,0.00,2.0
"jm hair salon",0,11,0.00,5.2
"jm hair studio",0,2,0.00,3.5
"jm salon",0,1,0.00,4.0
"jmajorcutz",0,3,0.00,7.3
"jms beauty",0,1,0.00,4.0
"jn beauty college",0,18,0.00,6.8
"jn beauty salon",0,5,0.00,8.2
"jn hair salon",0,52,0.00,6.2
"jn salon",0,7,0.00,6.4
"jnj hair studio",0,1,0.00,36.0
"jobella beauty supply",0,7,0.00,6.7
"jocelyns hair salon",0,1,0.00,48.0
"joco barber",0,1,0.00,43.0
"joe's barber shop corona",0,2,0.00,13.5
"joe's beauty",0,1,0.00,2.0
"joe's beauty near me",0,1,0.00,1.0
"joel barbershop",0,1,0.00,6.0
"joel haircut",0,1,0.00,11.0
"joes barber shop corona",0,1,0.00,10.0
"joes barber supply",0,1,0.00,10.0
"joes beauty supply",0,1,0.00,10.0
"joes chop shop",0,1,0.00,9.0
"johana beauty",0,1,0.00,5.0
"johana beauty salon",0,2,0.00,5.5
"john barber shop",0,1,0.00,12.0
"john david salon",0,1,0.00,10.0
"john dubiski career high school",0,1,0.00,21.0
"john hair salon",0,1,0.00,8.0
"john salon dallas",0,1,0.00,8.0
"johnny rodriguez the salon reviews",0,3,0.00,7.0
"joico color intensity",0,1,0.00,9.0
"joie salon",0,12,0.00,43.6
"join us beauty",0,38,0.00,6.0
"join us beauty supply",0,36,0.00,3.6
"join us beauty supply photos",0,10,0.00,5.6
"joinus beauty supply",0,19,0.00,14.8
"joinus beauty supply photos",0,1,0.00,1.0
"jojo barber",0,1,0.00,11.0
"jojo haircut",0,4,0.00,4.3
"jojos barber shop",0,2,0.00,9.0
"jojos barbershop",0,1,0.00,40.0
"jolla beauty",0,25,0.00,5.8
"jolla bella",0,114,0.00,9.7
"jolla bella beauty supply",0,253,0.00,7.3
"jolla bella beauty supply houston",0,3,0.00,10.0
"jolla bella beauty supply houston tx",0,22,0.00,6.9
"jolla bella beauty supply missouri city",0,1,0.00,21.0
"jolla bella beauty supply pearland",0,19,0.00,5.1
"jolla bella cullen",0,10,0.00,3.5
"jolla bella houston",0,11,0.00,5.5
"jolla bella missouri city",0,3,0.00,19.7
"jolla bella near me",0,4,0.00,7.8
"jolla bella pearland",0,5,0.00,10.6
"jollabella",0,6,0.00,8.0
"jolly beauty supply",0,6,0.00,7.5
"jolly bella",0,1,0.00,1.0
"jolly bella beauty supply",0,4,0.00,7.3
"jolly hair and beauty",0,1,0.00,1.0
"jon david hair salon",0,2,0.00,9.0
"jon david salon",0,1,0.00,9.0
"jonas aveda",0,6,0.00,9.7
"jonas aveda salon dallas",0,1,0.00,10.0
"jonas hair salon",0,1,0.00,11.0
"jonas salon",0,1,0.00,7.0
"jones road austin",0,1,0.00,10.0
"jones road beauty",0,1,0.00,5.0
"jones road beauty austin",0,26,0.00,5.5
"jones road cosmetics near me",0,1,0.00,31.0
"jones road locations",0,1,0.00,1.0
"jonny rodriguez salon",0,1,0.00,10.0
"jons barbershop",0,2,0.00,10.0
"jordy beauty",0,1,0.00,5.0
"jorge barber shop",0,4,0.00,9.5
"jorge the barbershop",0,1,0.00,11.0
"jorge's barber shop",0,2,0.00,11.0
"jose barber shop",0,1,0.00,5.0
"jose beauty",0,1,0.00,1.0
"jose's vip barbershop",0,1,0.00,38.0
"josebarber",0,3,0.00,6.7
"joseblendz",0,3,0.00,8.3
"josephine beauty salon",0,1,0.00,10.0
"josephine day spa",0,2,0.00,17.0
"josephine day spa houston",0,3,0.00,10.0
"josephine salon rice village",0,1,0.00,8.0
"josephine's day spa",0,2,0.00,23.0
"josephine's day spa & salon",0,1,0.00,12.0
"josephine's day spa & salon - eldridge",0,13,0.00,8.1
"josephine's day spa & salon - eldridge photos",0,1,0.00,10.0
"josephine's day spa & salon eldridge",0,2,0.00,8.5
"josephine's day spa eldridge",0,4,0.00,9.0
"josephine's day spa houston",0,1,0.00,16.0
"josephine's eldridge",0,10,0.00,6.6
"josephine's houston hair",0,2,0.00,8.5
"josephine's rice village",0,2,0.00,8.5
"josephine's rice village reviews",0,2,0.00,11.0
"josephine's salon eldridge",0,3,0.00,6.3
"josephine's salon houston",0,2,0.00,17.5
"josephine's salon rice village",0,1,0.00,7.0
"josephine's spa",0,1,0.00,18.0
"josephines day spa",0,1,0.00,21.0
"josephines day spa and salon",0,2,0.00,20.5
"josephines day spa eldridge",0,7,0.00,9.3
"josephines day spa houston",0,1,0.00,10.0
"josephines eldridge",0,11,0.00,7.9
"josephines salon",0,2,0.00,16.0
"josh barber shop",0,8,0.00,12.1
"josh barbershop",0,1,0.00,22.0
"josie dominican hair salon houston",0,3,0.00,19.0
"josue barber shop",0,2,0.00,9.0
"josues",0,1,0.00,7.0
"josé eber salon",0,1,0.00,35.0
"josé eber salon reviews",0,10,0.00,8.7
"journeys hair salon cypress tx",0,1,0.00,6.0
"journeys hair studio",0,16,0.00,38.6
"jovie hair salon",0,2,0.00,10.0
"jovie salon",0,14,0.00,21.1
"jovie salon allen",0,1,0.00,27.0
"jovie salon frisco",0,11,0.00,11.5
"jovie salon frisco reviews",0,5,0.00,4.2
"jovie salon mckinney",0,60,0.00,7.6
"jovie salon mckinney reviews",0,6,0.00,5.5
"jovie salon mckinney tx",0,1,0.00,10.0
"jovie salon near me",0,3,0.00,13.0
"joy beauty",0,3,0.00,7.0
"joy beauty supply",0,66,0.00,6.3
"joy beauty supply long beach",0,32,0.00,6.0
"joy beauty supply near me",0,5,0.00,4.2
"joy beauty supply san bernardino ca",0,3,0.00,1.0
"joy hair store",0,6,0.00,5.3
"joy joy hair store",0,1,0.00,11.0
"joy me",0,1,0.00,3.0
"joy supply",0,1,0.00,7.0
"joy wig",0,1,0.00,1.0
"joy's beauty supply",0,19,0.00,13.8
"joybeauty",0,1,0.00,7.0
"joyce beauty supply",0,1,0.00,1.0
"joyce's beauty supply",0,1,0.00,1.0
"joys",0,1,0.00,1.0
"joys beauty",0,3,0.00,9.0
"joys beauty salon",0,1,0.00,31.0
"joys beauty supply",0,99,0.00,3.7
"joys beauty supply san bernardino",0,26,0.00,1.6
"joys hair salon",0,1,0.00,1.0
"jp barber shop",0,4,0.00,6.8
"jp kempt",0,4,0.00,20.3
"jp kempt barber",0,1,0.00,17.0
"jp kempt reviews",0,51,0.00,10.1
"jp kempt sf",0,1,0.00,15.0
"jp the boss barber",0,15,0.00,7.1
"jpkempt",0,1,0.00,38.0
"jq artistry",0,5,0.00,8.6
"jq beauty salon",0,77,0.00,6.1
"jq hair",0,2,0.00,6.0
"jq hair salon",0,4,0.00,6.0
"jq salon",0,1,0.00,7.0
"jr barber",0,3,0.00,3.0
"jr beauty",0,1,0.00,26.0
"jrbarber",0,2,0.00,5.5
"jrl 3000c",0,2,0.00,4.0
"jrl clippers near me",0,1,0.00,1.0
"jrl onyx",0,2,0.00,8.0
"jroyals",0,1,0.00,22.0
"js beauty store",0,2,0.00,11.5
"js beauty supply",0,12,0.00,5.3
"js cuts",0,1,0.00,11.0
"jt boss cuts",0,1,0.00,11.0
"jt family barber",0,45,0.00,8.7
"jtfadez",0,2,0.00,17.5
"jtfadez barbershop",0,1,0.00,28.0
"juan zurita the barber",0,1,0.00,6.0
"juanita hair salon",0,2,0.00,24.0
"juanita's barber shop",0,1,0.00,1.0
"juanita's beauty salon",0,2,0.00,7.5
"juanita's hair salon",0,12,0.00,5.4
"juanita's international beauty salon",0,1,0.00,17.0
"juanitas",0,1,0.00,4.0
"juanitas hair salon",0,3,0.00,7.0
"juanitas salon",0,5,0.00,4.8
"judy beauty",0,1,0.00,22.0
"judy beauty salon",0,4,0.00,6.5
"judy beauty supply",0,2,0.00,10.0
"judy's beauty",0,1,0.00,20.0
"judy's beauty salon",0,13,0.00,9.0
"judy's hair salon",0,1,0.00,9.0
"judys barbershop",0,1,0.00,11.0
"judys beauty salon",0,1,0.00,5.0
"judys hair salon",0,4,0.00,5.8
"julia's hair salon",0,2,0.00,2.5
"julian barber shop",0,1,0.00,4.0
"julian beauty salon",0,3,0.00,5.3
"julian's beauty salon",0,5,0.00,5.8
"julian's hair salon",0,3,0.00,18.3
"julians hair salon",0,2,0.00,6.0
"julians nail shop",0,1,0.00,46.0
"julians salon",0,2,0.00,24.0
"julio barbershop",0,1,0.00,9.0
"julio haircut",0,1,0.00,10.0
"julissa beauty salon",0,6,0.00,6.8
"julissa hair salon",0,3,0.00,9.0
"julissa salon",0,1,0.00,4.0
"juma barberbershop san antonio",0,25,0.00,6.7
"juma barberbershop san antonio reviews",0,4,0.00,5.8
"juma barbershop",0,35,0.00,7.5
"junior barber",0,1,0.00,3.0
"junior the barber",0,1,0.00,44.0
"juniors barbershop",0,2,0.00,4.5
"just 4 him men's haircuts of beaumont |",0,3,0.00,10.0
"just 4 him men's haircuts of beaumont | #1 men's hair salon & barber shop",0,1,0.00,8.0
"just a cut near me",0,1,0.00,1.0
"just for him",0,1,0.00,12.0
"just for him beaumont",0,1,0.00,11.0
"just peachy nails",0,14,0.00,6.1
"just peachy nails & lashes sherman",0,1,0.00,7.0
"just peachy nails & lashes sherman reviews",0,4,0.00,4.0
"just peachy sherman",0,3,0.00,7.3
"just peachy sherman tx",0,6,0.00,6.2
"just your beauty hair studio",0,6,0.00,10.5
"justice store",0,2,0.00,7.0
"justin fades",0,4,0.00,9.3
"justin's fades & hairstyles",0,2,0.00,7.0
"justin's fades and hairstyles",0,2,0.00,10.0
"justinas hair salon",0,1,0.00,2.0
"justins fades",0,2,0.00,8.5
"justins hair salon",0,1,0.00,5.0
"jv barber",0,1,0.00,18.0
"jv barber and beauty",0,1,0.00,29.0
"jv barber shop",0,3,0.00,16.7
"jv barber studio",0,2,0.00,9.5
"jv barber studio reviews",0,4,0.00,11.0
"jv barbershop",0,3,0.00,9.0
"jv beauty salon",0,1,0.00,1.0
"jv hair",0,7,0.00,4.7
"jv hair salon",0,1,0.00,3.0
"jv the barber",0,1,0.00,7.0
"jventure salon",0,6,0.00,6.3
"k & k beauty supply",0,1,0.00,21.0
"k & k wigs & beauty supply",0,1,0.00,28.0
"k & s beauty supply",0,1,0.00,6.0
"k 1 beauty",0,3,0.00,4.7
"k a beauty",0,1,0.00,51.0
"k and j beauty supply",0,6,0.00,19.2
"k and k salon",0,2,0.00,6.0
"k and m hair salon",0,1,0.00,7.0
"k and s beauty supply",0,1,0.00,7.0
"k b beauty supply",0,1,0.00,34.0
"k beauty salon",0,26,0.00,6.2
"k beauty salon houston photos",0,8,0.00,3.0
"k beauty salon photos",0,2,0.00,1.0
"k beauty supply",0,67,0.00,10.0
"k beauty supply near me",0,3,0.00,14.7
"k cool cutz",0,5,0.00,13.4
"k cutz barbershop",0,1,0.00,6.0
"k emporium",0,1,0.00,6.0
"k hair",0,3,0.00,5.0
"k hair beauty",0,1,0.00,4.0
"k hair express",0,1,0.00,24.0
"k hair irving",0,14,0.00,7.4
"k hair salon irving",0,2,0.00,9.5
"k renee salon",0,30,0.00,7.6
"k renee salon houston",0,14,0.00,7.7
"k salon",0,8,0.00,6.3
"k sugar land salon",0,3,0.00,3.3
"k sugarland salon",0,6,0.00,2.8
"k&g beauty salon",0,1,0.00,12.0
"k&g hair salon",0,1,0.00,44.0
"k&m beauty supply",0,2,0.00,17.0
"k&p beauty supply",0,1,0.00,19.0
"k&s hair",0,1,0.00,44.0
"k&t hair salon",0,1,0.00,48.0
"k&t salon",0,1,0.00,26.0
"k-18 products",0,1,0.00,5.0
"k-beauty stores near me",0,1,0.00,1.0
"k1 beauty",0,3,0.00,8.7
"k1 beauty supply",0,10,0.00,10.4
"k2 beauty",0,4,0.00,5.5
"k2 beauty supply",0,13,0.00,4.9
"k2 store",0,2,0.00,36.0
"ka zen builder gel",0,1,0.00,6.0
"kaes emporium",0,22,0.00,5.7
"kaes emporium photos",0,6,0.00,4.7
"kafui hair braiding",0,22,0.00,8.0
"kaint be faded",0,3,0.00,9.3
"kaizen barber",0,2,0.00,52.0
"kaizen barbershop",0,1,0.00,48.0
"kaizen beauty",0,1,0.00,16.0
"kaizen hair",0,49,0.00,7.5
"kaizen hair salon",0,5,0.00,9.0
"kaizen hair studio",0,46,0.00,7.1
"kaizen hair studio houston",0,13,0.00,5.8
"kaizen hair studio reviews",0,21,0.00,6.2
"kaizen haircut",0,1,0.00,8.0
"kaizen studio",0,1,0.00,23.0
"kaizen studios",0,1,0.00,20.0
"kajal beauty",0,1,0.00,11.0
"kajal eyebrow threading",0,3,0.00,17.0
"kajal salon",0,9,0.00,7.2
"kajol salon",0,1,0.00,8.0
"kala beauty",0,1,0.00,9.0
"kala studio",0,1,0.00,48.0
"kaleido hair",0,3,0.00,12.0
"kaleido hair reviews",0,5,0.00,11.2
"kalibur barber college",0,27,0.00,7.8
"kalibur barber college reviews",0,2,0.00,5.5
"kalibur cutz",0,1,0.00,48.0
"kalon",0,5,0.00,59.8
"kalon and co",0,1,0.00,44.0
"kalon beauty",0,1,0.00,1.0
"kalon beauty institute",0,18,0.00,4.9
"kalon hair",0,2,0.00,28.5
"kalon hair reviews",0,1,0.00,21.0
"kalon hair salon",0,1,0.00,47.0
"kalon hair studio",0,6,0.00,15.5
"kalon hair studio photos",0,2,0.00,6.0
"kalons",0,2,0.00,69.5
"kalumo",0,25,0.00,3.8
"kalumo hair salon",0,3,0.00,5.7
"kalumo salon",0,61,0.00,4.1
"kalumo salon photos",0,2,0.00,8.5
"kalumo salon reviews",0,17,0.00,5.6
"kalumo salon spring",0,1,0.00,1.0
"kam cuts",0,1,0.00,3.0
"kam cutz",0,2,0.00,21.5
"kam cutz barber",0,1,0.00,2.0
"kam kutz",0,1,0.00,11.0
"kam the barber",0,1,0.00,4.0
"kane barbershop",0,1,0.00,9.0
"kane's barber shop",0,1,0.00,9.0
"kane's barbershop",0,1,0.00,12.0
"kanekalon",0,1,0.00,4.0
"kapital kutz",0,1,0.00,25.0
"karen and company",0,1,0.00,47.0
"karen beauty salon",0,2,0.00,18.0
"karen beuty",0,1,0.00,6.0
"karen hair salon",0,1,0.00,5.0
"karen salon",0,1,0.00,25.0
"karen's beauty salon",0,2,0.00,18.5
"karen's beauty style",0,2,0.00,3.5
"karen's salon",0,1,0.00,31.0
"karens beauty salon",0,1,0.00,1.0
"karens beauty shop",0,1,0.00,12.0
"karens beauty style",0,1,0.00,1.0
"karin hair",0,1,0.00,5.0
"karin hair salon",0,1,0.00,32.0
"karina barber shop",0,1,0.00,16.0
"karina barbershop",0,1,0.00,24.0
"karina beauty",0,1,0.00,56.0
"karina hair salon",0,1,0.00,10.0
"karina peluqueria",0,1,0.00,8.0
"karina salon",0,1,0.00,8.0
"karina's beauty salon",0,1,0.00,8.0
"karina's hair salon",0,2,0.00,32.0
"karinana",0,1,0.00,16.0
"karinas barbershop",0,2,0.00,1.0
"karinas salon",0,1,0.00,9.0
"karis hair",0,3,0.00,19.0
"karis hair salon",0,2,0.00,9.0
"karishma hair salon",0,1,0.00,9.0
"karla beauty",0,1,0.00,9.0
"karla beauty salon",0,7,0.00,12.1
"karla beauty salon inc",0,1,0.00,10.0
"karla hair salon",0,3,0.00,8.0
"karla salon",0,2,0.00,14.0
"karla styles beauty bar",0,2,0.00,6.5
"karla's beauty salon",0,3,0.00,19.3
"karla's hair salon",0,10,0.00,6.7
"karlas beauty salon",0,1,0.00,11.0
"karlas hair salon",0,12,0.00,8.7
"karlas salon",0,2,0.00,14.5
"karmen beauty salon",0,9,0.00,8.4
"karnales",0,5,0.00,7.8
"karoli professional beauty",0,11,0.00,8.2
"kary beauty salon",0,1,0.00,5.0
"kary hair salon",0,50,0.00,8.6
"kary's beauty salon",0,1,0.00,7.0
"karys hair salon",0,14,0.00,6.1
"kasha beauty",0,2,0.00,2.0
"kashia beauty",0,5,0.00,1.0
"kashmir amarillo",0,4,0.00,7.0
"kashmir hair salon",0,2,0.00,6.0
"kashmir salon",0,12,0.00,5.9
"kashmir salon amarillo",0,3,0.00,6.3
"kashmir salon reviews",0,2,0.00,7.0
"kasmir salon",0,3,0.00,6.0
"katella beauty supply",0,6,0.00,6.5
"katherine beauty salon",0,1,0.00,7.0
"katherine hair salon",0,1,0.00,5.0
"katherine salon",0,1,0.00,14.0
"katherine's salon",0,1,0.00,3.0
"kathleen beauty supply",0,1,0.00,10.0
"kathy beauty salon",0,1,0.00,7.0
"kathy beauty studio",0,1,0.00,15.0
"kathy hair salon",0,1,0.00,4.0
"kathy salon",0,6,0.00,8.3
"kathy's beauty salon",0,4,0.00,4.0
"kathy's cuts",0,1,0.00,9.0
"kathy's salon",0,5,0.00,5.6
"kathys salon",0,4,0.00,5.5
"katie beez hair salon",0,2,0.00,12.5
"katie's hair braiding",0,1,0.00,37.0
"katour salon",0,5,0.00,7.8
"kats barber shop",0,1,0.00,10.0
"katty hair salon",0,15,0.00,9.3
"katty salon",0,1,0.00,8.0
"katy barbershop",0,1,0.00,38.0
"katy beauty supply",0,1,0.00,29.0
"katy braids",0,27,0.00,1.0
"katy esthetician academy",0,26,0.00,7.4
"katy esthetician academy reviews",0,6,0.00,8.3
"katy hair studio",0,1,0.00,26.0
"katy mills barber shop",0,2,0.00,16.5
"katy natural hair",0,11,0.00,1.2
"katy's beauty salon",0,1,0.00,15.0
"katy's hair salon",0,1,0.00,17.0
"katz barbershop",0,1,0.00,11.0
"kawaii hair salon",0,1,0.00,1.0
"kawi",0,1,0.00,2.0
"kawi salon",0,23,0.00,7.7
"kay beauty supply",0,1,0.00,8.0
"kay's beauty salon",0,1,0.00,9.0
"kaya salon",0,14,0.00,6.6
"kaya salon plano",0,4,0.00,6.8
"kaya salons",0,10,0.00,5.7
"kaya salons plano photos",0,1,0.00,8.0
"kaya salons plano reviews",0,4,0.00,3.0
"kayla hair salon",0,2,0.00,4.0
"kayla salon",0,1,0.00,3.0
"kayla salon near me",0,1,0.00,6.0
"kays beauty supply",0,3,0.00,7.0
"kb glam",0,3,0.00,9.3
"kb glam studio",0,1,0.00,17.0
"kb kashia beauty",0,1,0.00,1.0
"kbeauty salon",0,1,0.00,8.0
"kbeauty supply",0,1,0.00,8.0
"kbg barbershop reviews",0,44,0.00,7.5
"kc beauty",0,1,0.00,5.0
"kc beauty academy",0,4,0.00,21.8
"kc beauty mart",0,6,0.00,4.2
"kc beauty supply",0,5,0.00,4.2
"kc express",0,1,0.00,6.0
"kc hair salon",0,1,0.00,5.0
"kd nails supply",0,1,0.00,6.0
"kdv salon",0,5,0.00,6.4
"kdv salon and spa",0,3,0.00,6.0
"keewee shampoo where to buy",0,1,0.00,1.0
"keith kristofer",0,1,0.00,12.0
"keith kristofer salon",0,1,0.00,9.0
"keith kristofer salon reviews",0,6,0.00,9.5
"kelatic",0,5,0.00,9.6
"kelatic hair lounge",0,2,0.00,14.0
"kelatic hair lounge houston",0,3,0.00,10.3
"kelatic hair lounge reviews",0,14,0.00,9.7
"kelley hair salon",0,1,0.00,7.0
"kelly and company salon",0,1,0.00,33.0
"kelly beauty salon",0,2,0.00,6.0
"kelly hair",0,1,0.00,13.0
"kelly hair salon",0,15,0.00,9.1
"kelly hair studio",0,1,0.00,16.0
"kelly haircut",0,2,0.00,10.5
"kelly hairdressing",0,1,0.00,20.0
"kelly house of color",0,19,0.00,7.9
"kelly salon",0,4,0.00,6.3
"kelly's hair salon",0,1,0.00,6.0
"kelly's house of color",0,58,0.00,9.2
"kellys hair",0,1,0.00,8.0
"kellys hair salon",0,2,0.00,8.5
"kellys house of color",0,137,0.00,10.6
"kellys salon",0,3,0.00,8.3
"kelly’s hair salon",0,1,0.00,7.0
"kemet beauty supply",0,1,0.00,8.0
"kemet social beauty supply llc",0,5,0.00,6.4
"kemet social beauty supply llc fort worth",0,3,0.00,6.0
"kempt barber",0,1,0.00,22.0
"ken and ry",0,1,0.00,1.0
"ken hair salon",0,6,0.00,9.3
"kenia beauty salon",0,12,0.00,6.6
"kenias beauty salon",0,2,0.00,5.0
"kennedy haircut",0,1,0.00,6.0
"kenneth's hair salon",0,1,0.00,2.0
"kenneths hair salon",0,1,0.00,5.0
"kenny barbershop",0,2,0.00,8.0
"kenny hair",0,4,0.00,11.8
"kenny hair salon",0,5,0.00,10.0
"kenny hair studio",0,1,0.00,18.0
"kenny haircut",0,4,0.00,3.8
"kenny salon",0,12,0.00,7.8
"kenny the barber",0,1,0.00,10.0
"kenny's barber shop",0,1,0.00,9.0
"kenny's salon",0,5,0.00,9.8
"kennys barbershop",0,2,0.00,6.0
"kennys hair",0,2,0.00,2.5
"kennys hair salon",0,21,0.00,6.5
"kennys salon",0,6,0.00,10.2
"kenny’s hair salon",0,1,0.00,6.0
"kentlands family barber shop",0,2,0.00,58.0
"kentlands family barbershop",0,1,0.00,52.0
"kentlands main street barber & stylists",0,1,0.00,63.0
"kenya's hair salon",0,1,0.00,5.0
"keratin treatment",0,1,0.00,5.0
"keratin treatment dallas for black hair",0,1,0.00,17.0
"keratin xperts",0,1,0.00,51.0
"kerms",0,6,0.00,9.7
"kern beauty",0,37,0.00,2.5
"kern beauty supply",0,19,0.00,3.0
"kern hair",0,2,0.00,1.0
"kern store",0,1,0.00,2.0
"kern wig",0,22,0.00,2.3
"kern wig and beauty supply",0,69,0.00,2.0
"kern wig and beauty supply photos",0,17,0.00,2.9
"kern wigs",0,61,0.00,2.7
"kess hair salon",0,1,0.00,48.0
"kev cutta",0,13,0.00,9.4
"kevcutta",0,45,0.00,9.4
"kevcutta barbershop",0,13,0.00,12.2
"key beauty supply",0,1,0.00,4.0
"keyla salon",0,1,0.00,5.0
"kg beauty supply",0,1,0.00,25.0
"kh barbershop",0,1,0.00,10.0
"kh royalty",0,33,0.00,8.5
"kh royalty barber",0,5,0.00,8.8
"kharisma hair",0,5,0.00,8.4
"kharisma hair salon",0,1,0.00,8.0
"kharisma hair studio",0,6,0.00,5.8
"kharisma houston",0,2,0.00,6.5
"khbeauty",0,1,0.00,52.0
"khoobsurat beauty parlour",0,4,0.00,5.8
"khoobsurat salon",0,2,0.00,8.0
"khoobsurat salon near me",0,1,0.00,8.0
"khroma hair",0,2,0.00,8.0
"khroma hair studio",0,15,0.00,4.7
"khroma hair studio photos",0,1,0.00,1.0
"khroma salon",0,1,0.00,24.0
"kiara sky monomer near me",0,1,0.00,16.0
"kid haircuts near me",0,1,0.00,20.0
"kids barber shop near me that welcomes children",0,1,0.00,6.0
"kids haircut conroe tx",0,1,0.00,1.0
"kids haircut houston",0,1,0.00,8.0
"kids haircuts",0,4,0.00,15.8
"kids haircuts near me",0,12,0.00,19.6
"kim & co hair studio",0,1,0.00,36.0
"kim beauty salon",0,1,0.00,8.0
"kim beauty supply",0,7,0.00,4.3
"kim hair",0,1,0.00,1.0
"kim hair and nails",0,1,0.00,6.0
"kim hair salon",0,3,0.00,9.0
"kim hair store",0,2,0.00,16.0
"kim hair studio",0,2,0.00,9.0
"kim son supply",0,2,0.00,21.0
"kim's barber shop",0,1,0.00,4.0
"kim's barbershop",0,1,0.00,7.0
"kim's beauty supply",0,5,0.00,9.8
"kim's beauty supply fontana",0,10,0.00,2.6
"kim's beauty supply store",0,2,0.00,20.0
"kim's hair and nail studio",0,12,0.00,6.8
"kim's hair store",0,2,0.00,11.5
"kim's salon",0,1,0.00,1.0
"kim's wigs & hair beauty supply",0,1,0.00,23.0
"kims beauty",0,4,0.00,3.5
"kims beauty supply",0,35,0.00,4.4
"kims beauty supply near me",0,3,0.00,1.0
"kims beauty supply store",0,2,0.00,6.0
"kims hair store",0,2,0.00,5.0
"kim’s beauty supply store",0,7,0.00,6.6
"king barber",0,2,0.00,8.0
"king barber shop",0,18,0.00,6.1
"king barver",0,2,0.00,8.5
"king beauty supply",0,67,0.00,5.7
"king beauty supply los angeles",0,13,0.00,7.6
"king beauty supply near me",0,3,0.00,9.0
"king beauty supply store",0,7,0.00,9.1
"king cuts",0,4,0.00,11.3
"king cuts barbershop",0,2,0.00,10.0
"king cuts san jose",0,2,0.00,9.5
"king cutz",0,1,0.00,10.0
"king discount beauty supply",0,5,0.00,21.4
"king hair",0,3,0.00,5.7
"king hair salon",0,8,0.00,7.0
"king hair store",0,5,0.00,5.4
"king of cuts",0,1,0.00,14.0
"king of cuts barber shop",0,5,0.00,7.6
"king of cutz",0,8,0.00,9.9
"king of cutz barbershop",0,3,0.00,11.0
"king of salon",0,1,0.00,22.0
"king of wigs",0,3,0.00,9.3
"king salon",0,11,0.00,8.5
"king salon bellaire",0,2,0.00,16.0
"king salon houston",0,2,0.00,13.0
"king st hair store",0,2,0.00,1.0
"king street hair",0,1,0.00,2.0
"king street hair store",0,8,0.00,1.9
"king way salon",0,1,0.00,10.0
"king's beauty",0,2,0.00,3.5
"king's beauty supply",0,14,0.00,7.9
"king's beauty supply store",0,1,0.00,6.0
"king's salon",0,2,0.00,6.5
"king's wigs & beauty supply",0,1,0.00,9.0
"king's wigs & beauty supply 2",0,1,0.00,11.0
"king's wigs & beauty supply 3 photos",0,1,0.00,21.0
"king's wigs & beauty supply 4",0,19,0.00,5.7
"kingcuts",0,1,0.00,8.0
"kingdom barber",0,7,0.00,5.6
"kingdom barber college station",0,2,0.00,8.5
"kingdom barber studio",0,3,0.00,8.3
"kingdom barber studio reviews",0,7,0.00,8.3
"kingdom barbershop",0,2,0.00,1.0
"kingdom barbershop corona",0,11,0.00,9.9
"kingdom hair salon",0,3,0.00,9.7
"kingdom retreat",0,9,0.00,8.6
"kingdom retreat salon",0,11,0.00,9.4
"kinghair",0,1,0.00,23.0
"kings and queens royalty salon",0,1,0.00,5.0
"kings barber and beauty",0,1,0.00,7.0
"kings barber school",0,1,0.00,4.0
"kings barbershop",0,1,0.00,1.0
"kings beauty",0,5,0.00,4.8
"kings beauty hours",0,3,0.00,7.0
"kings beauty mart",0,20,0.00,2.8
"kings beauty shop",0,1,0.00,3.0
"kings beauty supply",0,30,0.00,7.0
"kings beauty supply lancaster ca",0,10,0.00,7.1
"kings beauty supply mart",0,9,0.00,1.6
"kings beauty supply mart photos",0,2,0.00,1.5
"kings beauty supply near me",0,12,0.00,11.8
"kings beauty supply northgate",0,4,0.00,8.8
"kings beauty supply sacramento",0,10,0.00,10.1
"kings beauty supply store",0,3,0.00,6.7
"kings cut",0,1,0.00,1.0
"kings cut barber",0,1,0.00,64.0
"kings cut barbershop",0,1,0.00,62.0
"kings hair",0,2,0.00,1.0
"kings hair and beauty",0,1,0.00,4.0
"kings hair store",0,17,0.00,10.5
"kings hair store near me",0,5,0.00,8.8
"kings hair supply",0,3,0.00,16.0
"kings kuts",0,1,0.00,3.0
"kings mart beauty supply",0,7,0.00,2.6
"kings of cutz",0,1,0.00,9.0
"kings professional",0,1,0.00,52.0
"kings wig",0,2,0.00,12.5
"kings wigs",0,3,0.00,6.0
"kings wigs and beauty supply",0,2,0.00,5.0
"kings wigs natomas",0,2,0.00,10.0
"kings wigs near me",0,5,0.00,9.0
"kings wigs northgate",0,6,0.00,10.0
"kings wigs sacramento california",0,1,0.00,11.0
"kingsman barber",0,5,0.00,7.8
"kingsmen barber",0,1,0.00,8.0
"kingsmen barber shop",0,1,0.00,9.0
"kingsmen barber studio",0,1,0.00,9.0
"kingsmen barber studio reviews",0,1,0.00,6.0
"kingz barbershop",0,1,0.00,10.0
"kingz cuts",0,1,0.00,28.0
"kingz cutz",0,2,0.00,3.5
"kingz kutz",0,1,0.00,9.0
"kingz of cutz",0,15,0.00,6.0
"kingz of kutz",0,1,0.00,27.0
"kingzues",0,10,0.00,18.2
"kinjal beauty salon",0,1,0.00,5.0
"kinsla",0,2,0.00,2.0
"kintanas",0,10,0.00,8.9
"kira salon",0,2,0.00,4.0
"kirkland barber luan",0,1,0.00,41.0
"kismet salon amarillo",0,1,0.00,7.0
"kit",0,3,0.00,2.7
"kiwi",0,2,0.00,1.0
"kiwi beauty",0,16,0.00,6.1
"kiwi beauty salon",0,2,0.00,7.5
"kiwi beauty supply",0,17,0.00,6.0
"kiwi beauty supply arlington tx",0,1,0.00,15.0
"kiwi beauty supply near me",0,2,0.00,10.0
"kiwi beauty supply photos",0,26,0.00,7.6
"kiwi beauty supply reviews",0,30,0.00,9.2
"kiwi beauty supply store",0,3,0.00,11.3
"kiwi hair salon",0,1,0.00,8.0
"kiwi hair store",0,6,0.00,6.5
"kiwi nails",0,1,0.00,1.0
"kiwi salon",0,2,0.00,6.5
"kiwi store",0,1,0.00,1.0
"kiwi store near me",0,1,0.00,10.0
"kj hair salon",0,1,0.00,57.0
"kk beauty supply",0,1,0.00,6.0
"kkiwi",0,1,0.00,1.0
"kla beauty",0,2,0.00,5.0
"klassic kutz & salons",0,2,0.00,19.0
"klean kutz",0,2,0.00,7.0
"klean kutz barbershop",0,1,0.00,5.0
"kley beauty salon and spa",0,2,0.00,9.5
"klutch barber shop",0,10,0.00,7.2
"klutch barbershop",0,3,0.00,7.7
"km beauty and barber institute",0,22,0.00,9.1
"km hair salon",0,1,0.00,42.0
"km hair studio",0,3,0.00,18.0
"km hair works and spa",0,1,0.00,32.0
"kmc beauty",0,2,0.00,39.0
"kmh studio",0,1,0.00,32.0
"kmh studio reviews",0,3,0.00,10.7
"knk hair salon",0,1,0.00,6.0
"knk salon",0,11,0.00,8.8
"knk salon cuts for kids and more sugar land",0,5,0.00,9.4
"knuckleheads and harlots reviews",0,4,0.00,8.0
"koil beauty institute",0,1,0.00,24.0
"koncepts of barbering",0,12,0.00,7.9
"korea barber shop",0,2,0.00,8.0
"korean barbershops",0,1,0.00,1.0
"korean beauty stores near me",0,1,0.00,6.0
"korean digital perm",0,1,0.00,3.0
"korean digital perm houston",0,1,0.00,3.0
"korean hair salon",0,2,0.00,10.0
"korean hair salon near me",0,1,0.00,14.0
"korean hair spa dallas",0,1,0.00,1.0
"korean hair wash",0,1,0.00,1.0
"korean haircut near me",0,1,0.00,1.0
"korean head spa houston",0,1,0.00,1.0
"korean lash lift near me",0,1,0.00,4.0
"korean mens perm near me",0,1,0.00,1.0
"korean nail supply store near me",0,1,0.00,1.0
"korean salon near me",0,1,0.00,1.0
"korean skincare oakland",0,1,0.00,1.0
"korean skincare store san diego",0,1,0.00,1.0
"kori hair studio",0,1,0.00,68.0
"koris hair studio",0,1,0.00,45.0
"korma hair salon",0,7,0.00,7.6
"kosmatik",0,1,0.00,7.0
"kosmetik",0,1,0.00,4.0
"kosmetik hair studio",0,13,0.00,12.6
"kosmetik studio",0,4,0.00,5.8
"kosmetikstudio sch",0,2,0.00,53.0
"kosmo hair",0,2,0.00,7.5
"kosmo hair salon",0,7,0.00,8.9
"kosmo salon",0,62,0.00,7.9
"kosmo salon photos",0,17,0.00,9.4
"kosmo salon reviews",0,26,0.00,7.8
"kosmos hair salon",0,2,0.00,9.0
"kozmetik studio",0,2,0.00,29.0
"krasa beauty studio",0,4,0.00,16.8
"krasa salon",0,1,0.00,9.0
"kreations barber lounge",0,29,0.00,8.7
"kreations barber lounge (2nd floor)",0,6,0.00,10.0
"kreations barber shop",0,1,0.00,7.0
"krenee salon",0,13,0.00,7.8
"krew kutz locations",0,1,0.00,14.0
"krew kutz locations usa",0,1,0.00,65.0
"kristin hair products",0,1,0.00,7.0
"kroma hair salon",0,4,0.00,7.5
"krystal nails and spa",0,1,0.00,7.0
"ks beauty lounge",0,1,0.00,7.0
"ks beauty supply",0,53,0.00,6.7
"ks international beauty academy",0,1,0.00,9.0
"ksr hair & beauty supply",0,1,0.00,34.0
"kt hair salon",0,2,0.00,7.0
"kt hairdressers",0,1,0.00,55.0
"kt salon",0,1,0.00,9.0
"ktips near me",0,1,0.00,1.0
"ktx hair salon",0,18,0.00,7.5
"ktx salon suites",0,7,0.00,9.9
"kustom kuts",0,3,0.00,6.7
"kustom kuts barber shop",0,1,0.00,9.0
"kut beauty",0,1,0.00,40.0
"kut klose barber",0,1,0.00,2.0
"kut klose barbershop",0,1,0.00,9.0
"kut kreator barber shop",0,4,0.00,10.0
"kut kreators barber shop",0,3,0.00,8.3
"kutking",0,2,0.00,8.0
"kutn em up",0,1,0.00,6.0
"kutt factory",0,2,0.00,18.5
"kuttin edge",0,8,0.00,11.6
"kuttin edge barbershop",0,6,0.00,10.3
"kutting edge barber shop",0,7,0.00,11.1
"kutting edge barbershop",0,1,0.00,7.0
"kutting edge pearland",0,1,0.00,10.0
"kutz and styles",0,2,0.00,14.0
"kutz and styles of silverlake",0,2,0.00,16.0
"kutz by que",0,4,0.00,9.0
"kuza indian hemp",0,1,0.00,1.0
"kwayah",0,14,0.00,2.9
"kwayah african braiding hair salon",0,10,0.00,9.5
"kwayah-african-braiding-salon",0,4,0.00,6.0
"ky beauty salon",0,1,0.00,1.0
"kyung beauty supply",0,9,0.00,7.6
"kyung's beauty supply store",0,8,0.00,7.4
"kz beauty",0,2,0.00,35.5
"kāwi",0,1,0.00,5.0
"l & j barbershop",0,1,0.00,9.0
"l & l beauty",0,6,0.00,7.8
"l & l beauty salon",0,25,0.00,8.2
"l & l beauty salon photos",0,3,0.00,9.7
"l & l beauty salon reviews",0,9,0.00,7.6
"l and l beauty",0,7,0.00,9.1
"l and l beauty institute abilene tx",0,6,0.00,9.7
"l and l beauty salon",0,1,0.00,5.0
"l and l salon",0,4,0.00,8.5
"l hair studio",0,1,0.00,7.0
"l institute",0,2,0.00,15.5
"l k hair",0,9,0.00,28.8
"l l hair salon",0,1,0.00,8.0
"l makeup",0,5,0.00,12.8
"l makeup institute",0,7,0.00,14.7
"l makeup institute dallas",0,2,0.00,42.0
"l makeup institute dallas fort worth",0,2,0.00,31.0
"l makeup institute reviews",0,1,0.00,20.0
"l makeup institute southlake",0,15,0.00,14.3
"l makeup institute texas",0,1,0.00,21.0
"l makeup school",0,6,0.00,11.8
"l makeup southlake",0,7,0.00,13.0
"l n beauty",0,3,0.00,7.0
"l n beauty express",0,3,0.00,5.7
"l shear hair salon",0,1,0.00,14.0
"l&g barbershop",0,2,0.00,6.0
"l&j barbershop",0,1,0.00,5.0
"l&l beauty",0,8,0.00,11.3
"l&l beauty institute",0,104,0.00,7.4
"l&l beauty salon",0,4,0.00,9.0
"l&l salon",0,17,0.00,8.2
"l&m beauty salon",0,1,0.00,9.0
"l&n beauty salon",0,1,0.00,1.0
"l'ange products near me",0,1,0.00,31.0
"l'avantage salon",0,1,0.00,34.0
"l'image hair salon",0,1,0.00,8.0
"l'makeup institute",0,1,0.00,13.0
"l'scissors",0,1,0.00,28.0
"l'shear hair salon",0,7,0.00,8.1
"l'shear hair salon & spa",0,7,0.00,6.3
"la barberia",0,3,0.00,7.7
"la barberia barber shop",0,1,0.00,6.0
"la barberia lancaster",0,12,0.00,10.3
"la beaut",0,1,0.00,24.0
"la beaute",0,7,0.00,8.7
"la beaute beauty salon",0,2,0.00,14.0
"la beaute hair salon",0,2,0.00,13.5
"la beaute nail",0,1,0.00,9.0
"la beaute nail salon",0,1,0.00,7.0
"la beaute nails",0,6,0.00,9.0
"la beaute nails & spa",0,52,0.00,8.8
"la beaute nails & spa reviews",0,19,0.00,10.1
"la beauty",0,5,0.00,4.0
"la beauty academy",0,2,0.00,25.5
"la beauty nail",0,1,0.00,6.0
"la beauty nails",0,8,0.00,6.8
"la beauty salon",0,1,0.00,5.0
"la bell vie",0,1,0.00,8.0
"la bella",0,9,0.00,6.7
"la bella beauty salon",0,1,0.00,7.0
"la bella hair salon",0,7,0.00,8.7
"la bella salon",0,54,0.00,8.4
"la bella salon & beauty lounge",0,10,0.00,7.8
"la bella salon waco",0,2,0.00,8.5
"la bella salon waco tx",0,2,0.00,9.5
"la bella vie salon",0,2,0.00,6.0
"la bella waco",0,6,0.00,7.5
"la belle african braids",0,2,0.00,27.5
"la belle beauty",0,1,0.00,12.0
"la belle beauty salon",0,6,0.00,5.8
"la belle hair salon",0,2,0.00,5.5
"la belle salon",0,6,0.00,6.2
"la belle vie",0,3,0.00,10.3
"la belle vie nail spa",0,218,0.00,10.0
"la belle vie nail spa houston",0,36,0.00,9.2
"la belle vie nail spa houston reviews",0,1,0.00,9.0
"la belle vie nail spa photos",0,17,0.00,9.3
"la belle vie nail spa reviews",0,64,0.00,8.6
"la belle vie spa",0,3,0.00,6.3
"la belleza",0,1,0.00,6.0
"la bendicion barbershop",0,9,0.00,9.3
"la bonita beauty",0,2,0.00,3.0
"la bonita beauty salon",0,1,0.00,2.0
"la bonita hair salon",0,3,0.00,9.7
"la bonita houston",0,2,0.00,13.0
"la bonita salon",0,3,0.00,12.0
"la carmen salon",0,2,0.00,21.0
"la chic beauty salon",0,1,0.00,5.0
"la cuts barbershop",0,1,0.00,7.0
"la cutz",0,2,0.00,6.5
"la dama salon",0,1,0.00,7.0
"la diva hair salon",0,2,0.00,6.5
"la fama barber shop",0,2,0.00,11.0
"la fama barbershop",0,2,0.00,14.5
"la femme beauty",0,2,0.00,12.5
"la femme beauty lounge",0,85,0.00,4.6
"la femme beauty lounge photos",0,7,0.00,10.1
"la femme beauty lounge reviews",0,66,0.00,5.9
"la femme beauty salon",0,4,0.00,11.0
"la femme hair",0,1,0.00,1.0
"la femme hair salon",0,6,0.00,5.5
"la femme salon",0,6,0.00,3.8
"la girl makeup near me",0,1,0.00,74.0
"la hair studio",0,8,0.00,5.4
"la hair studio photos",0,3,0.00,3.0
"la hair studio reviews",0,5,0.00,4.6
"la lumiere beauty salon",0,3,0.00,4.7
"la maison dallas",0,1,0.00,8.0
"la maison hair salon",0,1,0.00,7.0
"la maison salon",0,1,0.00,10.0
"la manga barbershop",0,1,0.00,56.0
"la moda barber shop",0,1,0.00,8.0
"la perla dominican salon reviews",0,1,0.00,5.0
"la perla houston",0,1,0.00,1.0
"la raza barber shop",0,13,0.00,9.4
"la reyna salon",0,8,0.00,6.9
"la roche beauty salon",0,1,0.00,8.0
"la rosa",0,1,0.00,1.0
"la rosa hair salon",0,7,0.00,7.1
"la rosa houston reviews",0,1,0.00,7.0
"la rosa salon",0,1,0.00,16.0
"la rose salon",0,1,0.00,22.0
"la rosh & adel beauty katy",0,2,0.00,6.5
"la salon",0,1,0.00,5.0
"la shear",0,3,0.00,38.0
"la vida aesthetics institute",0,1,0.00,7.0
"la vida barbershop",0,6,0.00,3.7
"la vida hair salon",0,2,0.00,8.0
"la vie nail salon",0,1,0.00,11.0
"la vita bella salon photos",0,5,0.00,8.6
"la vita bella salon tyler tx",0,6,0.00,7.8
"la voute beauty academy",0,11,0.00,5.4
"la-tino hair",0,8,0.00,5.3
"labella beauty",0,1,0.00,10.0
"labella beauty salon",0,2,0.00,5.5
"labella salon",0,28,0.00,8.3
"labella salon waco",0,1,0.00,10.0
"labella waco",0,1,0.00,12.0
"labellas salon",0,1,0.00,12.0
"labelle beauty salon",0,11,0.00,6.9
"labelle hair",0,1,0.00,15.0
"labelle hair salon",0,3,0.00,6.7
"labelle salon",0,1,0.00,5.0
"labelle salon and spa",0,2,0.00,9.0
"labeute",0,1,0.00,8.0
"labubu hair salon series",0,2,0.00,4.5
"lace front wigs",0,3,0.00,1.0
"lace tint spray near me",0,1,0.00,5.0
"lacey's chop shop",0,4,0.00,6.3
"lacutz",0,1,0.00,7.0
"lady a's braids & weaves studio llc",0,6,0.00,8.3
"lady ari",0,2,0.00,4.0
"lady ayri",0,12,0.00,2.6
"lady ayri natural hair care",0,3,0.00,11.0
"lady ayri natural hair care llc",0,6,0.00,8.3
"lafemme",0,1,0.00,2.0
"lahera barber studio",0,17,0.00,8.6
"lahera barber studio lancaster reviews",0,12,0.00,3.1
"laidback boutique",0,2,0.00,2.5
"laila beauty",0,2,0.00,8.0
"laila beauty studio",0,2,0.00,8.0
"laila's beauty studio reviews",0,11,0.00,9.5
"lailas",0,1,0.00,8.0
"lailas studio",0,1,0.00,10.0
"lakeland beauty school",0,1,0.00,11.0
"lakes+beauty",0,1,0.00,5.0
"lakewood beauty supply",0,2,0.00,9.0
"lakewood beauty supply photos",0,12,0.00,10.6
"lakewood beauty supply reviews",0,1,0.00,12.0
"lakewood hair",0,1,0.00,9.0
"lakewood hair design",0,3,0.00,28.0
"lakewood hair design reviews",0,8,0.00,11.1
"lakewood hair salon",0,2,0.00,7.5
"lakewood salon",0,2,0.00,9.5
"lala beauty shop",0,1,0.00,25.0
"lala beauty supply",0,14,0.00,7.6
"lala blush llc",0,1,0.00,6.0
"lala pedi spa",0,5,0.00,9.2
"lalla pedi spa",0,9,0.00,8.6
"lalla pedi spa pasadena",0,1,0.00,9.0
"lalla pedi spa photos",0,7,0.00,10.1
"lalla pedi spa reviews",0,21,0.00,4.6
"lam beauty salon",0,1,0.00,10.0
"lam hair",0,2,0.00,5.0
"lam hair design",0,59,0.00,1.8
"lam hair design katy",0,14,0.00,1.9
"lam hair design photos",0,1,0.00,17.0
"lam hair design reviews",0,111,0.00,11.1
"lam hair salon",0,3,0.00,8.0
"lam hair studio",0,2,0.00,6.0
"lam salon",0,3,0.00,10.3
"lam's beauty salon",0,4,0.00,16.8
"lam's hair salon",0,7,0.00,6.9
"lamar cosmetology school",0,1,0.00,10.0
"lamar port arthur cosmetology",0,7,0.00,7.6
"lamine yamal hair",0,1,0.00,3.0
"lamine yamal hairstyle",0,1,0.00,6.0
"lams hair design",0,2,0.00,5.5
"lan hair design",0,1,0.00,9.0
"lana hair salon",0,1,0.00,5.0
"lana miers",0,2,0.00,10.5
"lana permanent makeup",0,1,0.00,6.0
"lanas salon",0,1,0.00,8.0
"lancaster hair store",0,2,0.00,11.0
"landon barber shop",0,1,0.00,6.0
"landon hair",0,1,0.00,10.0
"lane salon",0,1,0.00,9.0
"lane salon sf",0,8,0.00,8.6
"langley beauty",0,1,0.00,7.0
"langley beauty supply",0,19,0.00,6.6
"larc salon dallas",0,1,0.00,10.0
"laredo barber shop",0,1,0.00,1.0
"laredo beauty college",0,2,0.00,25.5
"laredo chi academy",0,8,0.00,9.3
"laredo chi academy reviews",0,7,0.00,11.0
"laredo college cosmetology cost",0,2,0.00,7.0
"large knotless braids",0,7,0.00,4.6
"large wax sticks",0,1,0.00,1.0
"lark salon",0,1,0.00,4.0
"laser hair removal belleaire",0,1,0.00,82.0
"laser hair removal school san antonio",0,1,0.00,50.0
"laser tattoo removal training near me",0,1,0.00,7.0
"lash academy",0,1,0.00,6.0
"lash and nail bar",0,4,0.00,5.5
"lash bar amarillo",0,1,0.00,8.0
"lash beauty supply near me",0,2,0.00,49.5
"lash beauty supply store",0,2,0.00,42.5
"lash boss",0,2,0.00,1.0
"lash boss university",0,60,0.00,8.4
"lash clusters in bulk",0,1,0.00,3.0
"lash clusters near me beauty supply",0,1,0.00,1.0
"lash courses near me",0,1,0.00,1.0
"lash extensions sherman tx",0,1,0.00,2.0
"lash glow humble",0,3,0.00,5.7
"lash glow supply",0,11,0.00,9.9
"lash glow.",0,1,0.00,1.0
"lash habit",0,1,0.00,20.0
"lash habit academy",0,9,0.00,7.7
"lash places near me",0,1,0.00,1.0
"lash remover",0,2,0.00,3.5
"lash room academy",0,3,0.00,6.0
"lash rx dallas",0,1,0.00,16.0
"lash schools near me",0,1,0.00,1.0
"lash serum",0,1,0.00,8.0
"lash store supply near me",0,1,0.00,1.0
"lash studio walmart",0,1,0.00,7.0
"lash supply",0,1,0.00,1.0
"lash supply co",0,2,0.00,6.5
"lash supply store",0,2,0.00,3.0
"lash supply store houston",0,2,0.00,27.5
"lash supply store near me",0,4,0.00,6.5
"lash supply store san diego",0,2,0.00,9.5
"lash tech certification",0,1,0.00,2.0
"lash tech courses near me",0,1,0.00,1.0
"lash tech school near me",0,2,0.00,5.5
"lash training near me",0,1,0.00,1.0
"lash vogue",0,1,0.00,20.0
"lashboss university",0,6,0.00,6.8
"lashes baytown",0,1,0.00,7.0
"lashes extensions near me",0,1,0.00,5.0
"lashes near me",0,3,0.00,1.0
"lashes wholesale near me",0,1,0.00,28.0
"lashing out ink",0,2,0.00,8.0
"lashing out ink academy",0,19,0.00,9.6
"lashing out ink academy houston reviews",0,2,0.00,10.5
"lashing out ink academy reviews",0,10,0.00,5.1
"late barbers",0,1,0.00,7.0
"late night barbers",0,1,0.00,5.0
"lather + fade barbershop spring reviews",0,4,0.00,10.0
"lather and fade barbershop spring, texas",0,1,0.00,10.0
"lather fade barbershop spring reviews",0,3,0.00,6.3
"lather lounge",0,1,0.00,7.0
"lather lounge barbershop",0,1,0.00,7.0
"lather lounge barbershop reviews",0,1,0.00,10.0
"latin america beauty school",0,23,0.00,9.0
"latina hair salon",0,1,0.00,11.0
"latinas beauty",0,1,0.00,31.0
"latinas beauty salon",0,1,0.00,7.0
"latinas salon",0,1,0.00,8.0
"latino barber",0,1,0.00,1.0
"latino beauty",0,3,0.00,10.0
"latino beauty salon",0,4,0.00,5.5
"latino beauty salon photos",0,1,0.00,10.0
"latino nail salon near me",0,1,0.00,9.0
"latino salon",0,4,0.00,11.0
"latino's beauty salon",0,2,0.00,8.5
"latinos barber school",0,8,0.00,5.0
"latinos barber shop",0,2,0.00,2.0
"latinos beauty salon",0,10,0.00,9.6
"latinos hair",0,4,0.00,7.8
"latinos hair & nail salon",0,1,0.00,10.0
"latinos hair and nail salon",0,7,0.00,10.1
"latinos hair salon",0,88,0.00,6.2
"latinos hair studio",0,1,0.00,13.0
"latinos salon",0,1,0.00,8.0
"laura beauty",0,1,0.00,11.0
"laura beauty salon",0,2,0.00,12.5
"laura fashion hair braiding",0,6,0.00,8.8
"laura hair braiding",0,1,0.00,8.0
"laura salon",0,1,0.00,14.0
"laura salon and spa",0,1,0.00,6.0
"laura salon near me",0,1,0.00,17.0
"laura's barbershop",0,4,0.00,4.0
"laura's beauty & barber shop",0,1,0.00,18.0
"laura's beauty salon",0,5,0.00,5.2
"laura's beauty studio",0,1,0.00,19.0
"laura's fashion",0,3,0.00,6.0
"laura's fashion hair braiding humble reviews",0,3,0.00,5.3
"laura's hair braiding",0,2,0.00,8.0
"laura's hair salon",0,6,0.00,6.2
"laura's salon",0,1,0.00,13.0
"laura's salon and spa",0,1,0.00,26.0
"lauras beauty",0,1,0.00,4.0
"lauras beauty salon",0,11,0.00,3.9
"lauras salon",0,2,0.00,6.0
"lauren hair salon",0,14,0.00,3.6
"lauren haircut",0,1,0.00,5.0
"lauren salon",0,1,0.00,3.0
"lauren's barber shop",0,1,0.00,11.0
"laurens hair salon",0,2,0.00,2.5
"lavendar salon",0,1,0.00,8.0
"lavender beauty",0,1,0.00,5.0
"lavender hair salon",0,1,0.00,5.0
"lavender lane salon",0,1,0.00,5.0
"lavish",0,1,0.00,13.0
"lavish barber lounge",0,2,0.00,9.5
"lavish beauty boutique",0,1,0.00,37.0
"lavish beauty salon",0,1,0.00,9.0
"lavish cuts",0,2,0.00,8.5
"lavish cuts manvel",0,2,0.00,6.5
"lavish cuts pearland",0,2,0.00,10.0
"lavish hair",0,1,0.00,4.0
"lavish hair salon",0,2,0.00,9.0
"lavish looks",0,1,0.00,8.0
"lavish looks salon",0,1,0.00,5.0
"lavish pflugerville",0,9,0.00,9.2
"lavish photos",0,1,0.00,4.0
"lavish salon",0,4,0.00,6.8
"lavish salon and spa",0,2,0.00,6.5
"lavish salon webster",0,6,0.00,8.7
"lavish salon webster reviews",0,1,0.00,9.0
"lavish salon webster texas",0,1,0.00,7.0
"lavish salon webster tx",0,2,0.00,9.0
"layer beauty",0,1,0.00,17.0
"layers hair salon",0,4,0.00,19.5
"layers hair studio",0,3,0.00,7.0
"layers salon",0,4,0.00,18.8
"layla's beauty",0,1,0.00,9.0
"layrite wholesale",0,2,0.00,4.5
"lbl academy",0,11,0.00,8.5
"lbl beauty academy",0,12,0.00,8.2
"lcc cosmetology",0,1,0.00,10.0
"ld salon",0,1,0.00,6.0
"le artist hair salon",0,10,0.00,9.4
"le beaute",0,1,0.00,10.0
"le beaute nails",0,1,0.00,12.0
"le belle salon",0,1,0.00,5.0
"le bijou",0,5,0.00,1.4
"le bijou nail & spa",0,1,0.00,1.0
"le bijou nails",0,1,0.00,20.0
"le bijou nails and spa",0,11,0.00,5.4
"le bijou nails and spa reviews",0,2,0.00,11.5
"le bliss",0,8,0.00,4.9
"le bliss brownsville",0,1,0.00,11.0
"le bliss hair salon",0,1,0.00,10.0
"le bliss salon",0,8,0.00,7.1
"le chic",0,1,0.00,8.0
"le chic beauty academy",0,87,0.00,9.7
"le chic beauty salon",0,1,0.00,4.0
"le chic esthetic",0,4,0.00,9.3
"le chic esthetics",0,4,0.00,7.0
"le chic hair salon",0,1,0.00,35.0
"le chic salon",0,1,0.00,3.0
"le cuts",0,1,0.00,6.0
"le hair design",0,1,0.00,28.0
"le hair salon",0,4,0.00,9.3
"le hair salon garland",0,2,0.00,9.5
"le hair studio",0,1,0.00,19.0
"le lilia gel polish",0,1,0.00,6.0
"le lilia nail polish",0,1,0.00,4.0
"le lux beautique houston",0,1,0.00,37.0
"le prof",0,2,0.00,7.0
"le salon",0,1,0.00,9.0
"le salon chic",0,1,0.00,23.0
"le scissors",0,3,0.00,8.0
"le'bliss hair & beauty salon brownsville",0,6,0.00,9.5
"le's cuts",0,3,0.00,5.7
"le's hair salon",0,1,0.00,9.0
"league city barber shop",0,1,0.00,25.0
"league city barbers",0,6,0.00,23.3
"league city ulta",0,1,0.00,8.0
"leah estrada",0,1,0.00,24.0
"leander beauty supply",0,18,0.00,8.6
"leander beauty supply photos",0,7,0.00,6.0
"learn lash repeat",0,8,0.00,9.8
"learn to be a barber killeen tx",0,3,0.00,48.0
"leave a review",0,1,0.00,2.0
"lebliss",0,12,0.00,9.9
"lebliss salon",0,4,0.00,9.8
"ledo barber",0,7,0.00,23.4
"ledo barbershop",0,1,0.00,6.0
"legacy barber",0,8,0.00,8.1
"legacy barber shop houston",0,3,0.00,9.3
"legacy barber studio",0,1,0.00,10.0
"legacy barbers",0,16,0.00,5.3
"legacy barbers of the woodlands",0,19,0.00,5.8
"legacy barbers of the woodlands reviews",0,8,0.00,6.1
"legacy barbershop",0,6,0.00,6.7
"legacy barbershop newark",0,16,0.00,9.4
"legacy beauty academy",0,57,0.00,9.1
"legacy cuts",0,1,0.00,1.0
"legacy fades",0,13,0.00,10.5
"legacy fades barbershop",0,24,0.00,8.3
"legacy fades barbershop lancaster",0,13,0.00,6.3
"legacy fades barbershop reviews",0,34,0.00,7.0
"legacy hair salon",0,1,0.00,11.0
"legacy republic",0,3,0.00,5.7
"legacy republic barber shop",0,5,0.00,6.2
"legacy salon fort worth",0,1,0.00,16.0
"legado barbershop",0,3,0.00,8.7
"legend barber",0,2,0.00,50.0
"legend barber prices",0,1,0.00,51.0
"legend barber studio",0,1,0.00,7.0
"legend barbers",0,1,0.00,52.0
"legend barbershop",0,2,0.00,26.5
"legend barbershop near me",0,1,0.00,42.0
"legend cutz",0,1,0.00,11.0
"legend haircuts",0,2,0.00,52.5
"legend the barber",0,1,0.00,50.0
"legendary barber near me",0,3,0.00,54.3
"legendary barber prices",0,1,0.00,41.0
"legendary barbershop prices",0,3,0.00,53.0
"legends barber",0,2,0.00,57.5
"legends barber & accessory shop",0,2,0.00,30.5
"legends barber academy",0,2,0.00,11.5
"legends barber near me",0,1,0.00,52.0
"legends barber prices",0,2,0.00,46.5
"legends barber shop",0,7,0.00,30.3
"legends barber shop price list",0,1,0.00,58.0
"legends barber studio",0,9,0.00,10.4
"legends barbershop",0,46,0.00,12.6
"legends barbershop & hair studio",0,9,0.00,10.0
"legends barbershop and beauty bar",0,1,0.00,9.0
"legends barbershop and co",0,19,0.00,7.9
"legends barbershop and co photos",0,1,0.00,11.0
"legends barbershop and co reviews",0,10,0.00,5.7
"legends barbershop and co.",0,22,0.00,8.0
"legends barbershop conroe reviews",0,2,0.00,6.5
"legends barbershop dallas",0,2,0.00,10.0
"legends barbershop near me",0,1,0.00,40.0
"legends barbershop price",0,1,0.00,41.0
"legends barbershop prices",0,4,0.00,39.0
"legends barbershop richardson",0,1,0.00,3.0
"legends cut",0,2,0.00,20.0
"legends cuts",0,2,0.00,32.5
"legends dominican barbershop",0,1,0.00,10.0
"legends grooming lounge",0,3,0.00,22.7
"legends hair cut",0,1,0.00,52.0
"legends hair salon",0,1,0.00,40.0
"legends hair studio",0,1,0.00,10.0
"legends haircut",0,2,0.00,29.5
"legends hairdressers",0,2,0.00,31.0
"legends men's grooming",0,1,0.00,43.0
"legends salon",0,2,0.00,40.0
"legends studio barber shop",0,1,0.00,9.0
"legendz barber academy",0,3,0.00,9.3
"legendz barber academy reviews",0,1,0.00,10.0
"legendz barber college",0,2,0.00,7.0
"legendz barbershop",0,3,0.00,7.3
"legendz cutz",0,1,0.00,6.0
"legendz grooming lounge",0,6,0.00,10.2
"leif's hair studio",0,1,0.00,8.0
"leif's hair studio reviews",0,4,0.00,8.3
"leifs hair studio",0,1,0.00,9.0
"lel barber shop",0,1,0.00,4.0
"lemmon beauty supply",0,65,0.00,2.4
"lemmon beauty supply and wigs",0,21,0.00,3.1
"lemmon beauty supply and wigs photos",0,22,0.00,6.6
"lemmon wigs",0,6,0.00,3.3
"lemmonds salon suites",0,1,0.00,17.0
"lemon hair salon",0,2,0.00,8.5
"lemon tree hair salon dallas",0,5,0.00,9.0
"lemon tree hair salon dallas central forest reviews",0,11,0.00,10.8
"lemon tree salon",0,1,0.00,7.0
"lemon wigs",0,8,0.00,1.4
"lemonade hair",0,1,0.00,6.0
"lemontree salon",0,1,0.00,11.0
"lena hair salon",0,3,0.00,2.3
"lennox salon",0,8,0.00,8.6
"lennox salon amarillo",0,1,0.00,9.0
"lenny barbershop",0,1,0.00,8.0
"lenox salon",0,1,0.00,10.0
"leo houston texas barber",0,1,0.00,7.0
"leons den",0,2,0.00,6.0
"leor beauty",0,1,0.00,6.0
"les cuts",0,1,0.00,8.0
"les scissors",0,29,0.00,5.0
"les scissors reviews",0,1,0.00,5.0
"les scissors sugar land",0,5,0.00,6.8
"leslie's hair salon",0,4,0.00,8.5
"lester beauty academy",0,26,0.00,6.4
"let's hair salon",0,1,0.00,4.0
"letty hair salon",0,9,0.00,5.9
"letty haircut",0,1,0.00,6.0
"letty's barbering and cosmetology college",0,11,0.00,8.7
"letty's hair salon",0,4,0.00,6.8
"letty's salon",0,2,0.00,4.0
"lettys college",0,3,0.00,8.0
"lettys hair design",0,8,0.00,5.3
"lettys hair salon",0,4,0.00,4.0
"letty’s barbering and cosmetology college",0,8,0.00,7.6
"lety beauty salon",0,1,0.00,3.0
"lety salon",0,1,0.00,7.0
"lety's hair salon",0,7,0.00,5.7
"letys hair salon",0,1,0.00,11.0
"levation salon",0,1,0.00,9.0
"level nine salon",0,1,0.00,60.0
"level up barber",0,1,0.00,8.0
"level up barber shop",0,6,0.00,6.8
"level up barbershop",0,3,0.00,8.0
"level up cuts",0,8,0.00,7.6
"level up cuts barber salon",0,2,0.00,9.0
"level up cuts bryan tx",0,1,0.00,11.0
"level up hair salon",0,2,0.00,7.5
"levelup barbershop",0,2,0.00,8.0
"lewisville beauty school",0,1,0.00,36.0
"leyzer cuts",0,1,0.00,37.0
"lg hair salon",0,1,0.00,41.0
"lg's barber shop",0,1,0.00,42.0
"lia & tai wigs reviews",0,1,0.00,4.0
"liam hair salon",0,1,0.00,7.0
"libertad barber shop",0,22,0.00,8.7
"libertad classic barbershop",0,7,0.00,8.3
"lic salon",0,1,0.00,48.0
"licencia de manicurista en texas",0,11,0.00,49.4
"license tx cosmetology",0,8,0.00,36.8
"licensed barbers",0,1,0.00,33.0
"licensed cosmetologist texas",0,2,0.00,38.0
"licensed nail technician texas",0,3,0.00,63.7
"licha barber",0,13,0.00,8.2
"licha barber & beauty salon",0,17,0.00,8.4
"lichas barber",0,16,0.00,8.7
"lido",0,1,0.00,1.0
"lief hair salon",0,2,0.00,8.0
"life beauty",0,1,0.00,29.0
"life beauty salon",0,1,0.00,39.0
"life salon and spa",0,3,0.00,43.3
"life spa city center",0,1,0.00,24.0
"lifespa city center",0,1,0.00,25.0
"lifespa hair salon",0,1,0.00,9.0
"lifespa hours",0,4,0.00,10.8
"lifespa massage",0,1,0.00,8.0
"lifespa missouri city",0,2,0.00,9.5
"lifespa salon",0,5,0.00,8.6
"lifestyles hair",0,1,0.00,9.0
"lifestyles salon",0,1,0.00,7.0
"lifetime hair salon",0,4,0.00,10.5
"lifetime haircut",0,1,0.00,11.0
"lifetime spa city center",0,1,0.00,26.0
"lights lacquer",0,1,0.00,4.0
"like this",0,1,0.00,1.0
"lil tony hair cut",0,1,0.00,3.0
"lilac beauty salon",0,1,0.00,39.0
"lili hair salon",0,1,0.00,6.0
"lilian beauty salon",0,1,0.00,31.0
"liliana beauty salon",0,1,0.00,11.0
"lilli beauty salon reviews",0,1,0.00,1.0
"lillian rose salon",0,1,0.00,36.0
"lilly hair salon",0,7,0.00,7.4
"lilly victoria beauty salon",0,1,0.00,24.0
"lilly's beauty salon",0,2,0.00,10.0
"lillys hair salon",0,11,0.00,6.8
"lillys salon",0,1,0.00,6.0
"lilt hair",0,1,0.00,10.0
"lily barber shop",0,1,0.00,8.0
"lily beauty",0,2,0.00,7.0
"lily beauty salon",0,6,0.00,5.8
"lily hair salon",0,17,0.00,8.1
"lily salon near me",0,2,0.00,10.5
"lily's beauty dominican hair salon",0,1,0.00,11.0
"lily's beauty salon",0,6,0.00,12.2
"lily's hair salon",0,3,0.00,8.0
"lilys beauty salon",0,4,0.00,6.0
"lilys hair salon",0,7,0.00,8.3
"lilys salon",0,2,0.00,5.0
"lily’s hair salon",0,1,0.00,7.0
"limitless barber",0,2,0.00,1.0
"limitless barber lounge",0,10,0.00,3.1
"limitless barbershop",0,3,0.00,1.0
"limitless beauty",0,1,0.00,3.0
"limon salon",0,19,0.00,7.2
"limon salon reviews",0,26,0.00,9.7
"limon salon san jose",0,10,0.00,9.2
"limon salon san jose ca",0,2,0.00,11.0
"limon salon stevens creek",0,2,0.00,15.0
"limón salon",0,3,0.00,10.7
"limón salon san jose",0,2,0.00,8.5
"lina beauty",0,1,0.00,14.0
"lina beauty salon",0,11,0.00,6.8
"lina hair",0,1,0.00,15.0
"lina hair salon",0,3,0.00,12.7
"lina salon",0,1,0.00,11.0
"lina's beauty salon",0,3,0.00,9.3
"lina's salon",0,1,0.00,14.0
"linas beauty salon",0,9,0.00,6.6
"linas hair salon",0,1,0.00,4.0
"linas salon",0,3,0.00,8.0
"linda beauty supply",0,12,0.00,8.8
"linda's beauty supply",0,25,0.00,7.9
"linda's beauty supply fullerton",0,2,0.00,10.0
"lindas beauty supply",0,26,0.00,8.8
"lindsay salon",0,15,0.00,8.3
"lindsey hair salon",0,2,0.00,18.5
"lindsey salon",0,22,0.00,8.2
"lindsey salon houston",0,10,0.00,7.0
"linear hair salon",0,5,0.00,9.2
"linear salon",0,79,0.00,7.2
"linear salon houston",0,15,0.00,6.2
"linh's beauty salon",0,2,0.00,5.0
"linhs hair salon",0,1,0.00,5.0
"linna hair beauty supply",0,1,0.00,42.0
"lion barbershop",0,1,0.00,5.0
"lion king barber",0,11,0.00,5.5
"lion king barber shop",0,6,0.00,4.7
"lion king barbershop",0,82,0.00,5.2
"lion king barbershop reviews",0,5,0.00,3.0
"lions den barber shop",0,1,0.00,6.0
"lions den barbershop",0,2,0.00,8.0
"lions king barbershop",0,2,0.00,6.0
"lip gloss beauty supply store",0,1,0.00,66.0
"lip gloss near me",0,1,0.00,70.0
"lip gloss store near me",0,1,0.00,87.0
"lip injections near me",0,1,0.00,18.0
"lipstick near me",0,1,0.00,34.0
"lisa barber shop",0,3,0.00,8.7
"lisa's barber shop",0,12,0.00,9.7
"lisa's barbershop",0,2,0.00,8.0
"lisas barber shop",0,1,0.00,9.0
"list other places",0,1,0.00,1.0
"lit",0,1,0.00,1.0
"lit barber",0,1,0.00,7.0
"lit barber shop",0,3,0.00,14.3
"lit barbershop",0,68,0.00,7.9
"lit cosmetology",0,7,0.00,8.1
"little champs dickinson",0,13,0.00,10.3
"little champs haircuts",0,2,0.00,6.0
"little champs haircuts dickinson reviews",0,1,0.00,11.0
"liv barbershop",0,1,0.00,8.0
"liv the barber",0,1,0.00,5.0
"live oak hair salon",0,1,0.00,7.0
"live oak salon",0,11,0.00,10.1
"live oak salon katy",0,1,0.00,10.0
"live oak salon reviews",0,6,0.00,6.0
"living legends barbershop",0,2,0.00,36.0
"liz african braiding",0,2,0.00,6.0
"liz beauty supply",0,5,0.00,5.2
"liz hair salon",0,7,0.00,6.0
"liza academy",0,1,0.00,1.0
"liza beauty salon",0,5,0.00,11.6
"liza's beauty salon",0,3,0.00,10.3
"liza's beauty salon & torito's barber",0,6,0.00,6.5
"lizas beauty salon",0,11,0.00,10.1
"lizbetee african hairbraiding and beauty house houston",0,57,0.00,4.1
"lizbeth beauty salon",0,5,0.00,8.0
"lizbeth hair salon",0,2,0.00,5.0
"lizbeth salon",0,5,0.00,8.0
"lizette hair salon",0,1,0.00,4.0
"lj barber shop",0,6,0.00,12.2
"lj barbershop",0,1,0.00,5.0
"lj beauty salon",0,1,0.00,1.0
"lj hair salon",0,1,0.00,4.0
"lj hair studio",0,1,0.00,1.0
"lj hair studio houston",0,1,0.00,11.0
"lj salon",0,1,0.00,3.0
"ljs barber shop",0,1,0.00,23.0
"lk beauty",0,1,0.00,32.0
"lk beauty salon",0,5,0.00,15.2
"lk beauty studio",0,2,0.00,27.5
"lk hair and beauty",0,1,0.00,14.0
"lk hair studio",0,2,0.00,20.5
"lk salon",0,4,0.00,9.8
"lk signature nails spa reviews",0,1,0.00,29.0
"lk style studio",0,20,0.00,3.0
"lk style studio reviews",0,3,0.00,9.7
"ll beauty institute",0,14,0.00,7.4
"ll hair",0,6,0.00,7.0
"ll hair salon",0,1,0.00,9.0
"ll hair studio",0,5,0.00,9.8
"ll salon",0,6,0.00,9.7
"lm hair studio",0,2,0.00,4.0
"lm lash lounge",0,5,0.00,4.8
"lm nail",0,1,0.00,5.0
"lm nail spa",0,1,0.00,11.0
"lm nail studio",0,7,0.00,4.4
"lm nails",0,4,0.00,6.0
"lm nails spa",0,1,0.00,6.0
"lm studio",0,22,0.00,6.5
"lmhair",0,1,0.00,9.0
"lmtlss barber",0,1,0.00,26.0
"ln beauty",0,5,0.00,6.6
"ln beauty express",0,70,0.00,6.3
"ln beauty express sugar land",0,4,0.00,5.8
"ln beauty salon",0,5,0.00,7.2
"ln hair salon",0,1,0.00,7.0
"ln hair tech",0,2,0.00,5.5
"ln salon",0,7,0.00,7.4
"lnl salon",0,1,0.00,9.0
"loc maintenance",0,1,0.00,10.0
"loc retwist near me",0,3,0.00,3.0
"loc styles near me",0,1,0.00,1.0
"loc trap",0,1,0.00,39.0
"loc'd n studios",0,1,0.00,10.0
"local barber co",0,2,0.00,21.5
"local barber co frisco",0,1,0.00,7.0
"local barber co mckinney reviews",0,1,0.00,10.0
"local barber mckinney",0,1,0.00,29.0
"local beauty supply stores",0,1,0.00,1.0
"local nail supply store",0,1,0.00,1.0
"local vibe",0,2,0.00,1.0
"locals barbershop",0,18,0.00,8.1
"locals barbershop san francisco",0,2,0.00,12.0
"locals barbershop sf",0,6,0.00,10.3
"location",0,1,0.00,1.0
"lock and twist gel",0,1,0.00,2.0
"lock em in barbershop",0,17,0.00,5.8
"lock em' in innovated barbershop moreno valley",0,15,0.00,5.0
"lock em' in innovated barbershop moreno valley reviews",0,27,0.00,5.9
"lockemin",0,37,0.00,6.4
"locker room barber shop",0,1,0.00,11.0
"locker room barbershop",0,6,0.00,9.7
"lockwood beauty supply",0,6,0.00,7.0
"locs houston",0,1,0.00,1.0
"locs near me",0,1,0.00,1.0
"locs near me open now",0,1,0.00,1.0
"locs retwist near me",0,1,0.00,1.0
"loctician houston tx",0,1,0.00,4.0
"loctician kustombyqueen",0,2,0.00,6.0
"loctician near me",0,9,0.00,3.2
"loctician/kustombyqueen",0,22,0.00,6.7
"locticians near me",0,1,0.00,3.0
"lodge barber",0,1,0.00,11.0
"loft hair salon",0,1,0.00,9.0
"loiks",0,1,0.00,11.0
"lola hair salon",0,4,0.00,9.3
"lola salon",0,2,0.00,6.0
"lola's hair salon",0,4,0.00,12.3
"lolas hair salon",0,33,0.00,6.7
"lolibay",0,17,0.00,15.6
"london beauty salon",0,3,0.00,10.3
"london cosmetic",0,1,0.00,50.0
"london hair salon",0,5,0.00,5.0
"london heights",0,32,0.00,4.8
"london heights hair salon",0,2,0.00,1.0
"london salon",0,1,0.00,8.0
"london's beauty experts",0,6,0.00,5.8
"londons beauty",0,8,0.00,6.3
"londons hair salon",0,1,0.00,7.0
"lone star college cosmetology",0,1,0.00,12.0
"lone star cosmetology",0,6,0.00,8.0
"lone star cosmetology cost",0,3,0.00,7.0
"lonesome blonde",0,36,0.00,6.8
"lonesome blonde cypress",0,2,0.00,6.5
"lonesome blonde cypress tx",0,5,0.00,6.2
"lonesome blonde reviews",0,11,0.00,6.0
"lonestar chi",0,3,0.00,9.3
"lonestar cosmetology",0,12,0.00,7.4
"long hair studio",0,45,0.00,24.8
"long hair studio 2",0,1,0.00,14.0
"long hair studio katy",0,1,0.00,34.0
"long's hair studio",0,1,0.00,18.0
"long's hair studio 1 reviews",0,43,0.00,9.7
"long's hair studio 2 reviews",0,1,0.00,10.0
"long's hair studio katy",0,1,0.00,26.0
"long-lasting hair extensions the woodlands, tx",0,3,0.00,50.7
"longs hair studio",0,1,0.00,10.0
"long’s hair studio",0,3,0.00,11.3
"look 360",0,17,0.00,10.6
"look 360 hair studio",0,21,0.00,10.0
"look 360 hair studio reviews",0,1,0.00,12.0
"look at me now barbershop",0,1,0.00,29.0
"look salon",0,5,0.00,4.6
"look salon san antonio",0,1,0.00,6.0
"look360",0,1,0.00,17.0
"lookers",0,2,0.00,8.5
"lookers salon",0,1,0.00,4.0
"lookin sharp barber",0,1,0.00,31.0
"looks",0,140,0.00,15.2
"looks barber shop",0,1,0.00,70.0
"looks beauty",0,4,0.00,9.5
"looks beauty parlour",0,1,0.00,11.0
"looks beauty supply",0,21,0.00,9.4
"looks beauty supply store",0,2,0.00,6.5
"looks hair salon",0,1,0.00,11.0
"looks hair saloon",0,1,0.00,31.0
"looks hair studio",0,1,0.00,35.0
"looks houston",0,29,0.00,7.8
"looks near me",0,1,0.00,11.0
"looks photos",0,1,0.00,16.0
"looks salon",0,61,0.00,13.5
"looks salon houston",0,75,0.00,9.8
"looks salon near me",0,6,0.00,27.8
"looks studio",0,1,0.00,24.0
"looks,",0,2,0.00,12.5
"looksalon",0,1,0.00,40.0
"lookssalon",0,1,0.00,12.0
"lookssalon.de",0,3,0.00,45.3
"lookw",0,1,0.00,9.0
"lookz salon",0,1,0.00,41.0
"loose endz barber shop",0,1,0.00,41.0
"lopez barber shop",0,1,0.00,5.0
"lords barber shop",0,1,0.00,8.0
"lords barbering",0,2,0.00,16.0
"lords barbers",0,1,0.00,28.0
"lorena beauty",0,1,0.00,7.0
"lorena beauty salon",0,6,0.00,14.8
"lorena hair salon",0,6,0.00,7.2
"lorena salon",0,1,0.00,11.0
"lorena salon de belleza",0,1,0.00,7.0
"lorena's beauty salon",0,9,0.00,9.1
"lorena's hair salon",0,4,0.00,10.8
"lorena's hair studio",0,1,0.00,7.0
"lorenas hair salon",0,2,0.00,8.0
"lores beauty salon",0,1,0.00,10.0
"lorraine beauty salon",0,1,0.00,33.0
"lorraine's beauty salon",0,2,0.00,23.5
"los angeles barber shop",0,1,0.00,48.0
"los angeles barber shops",0,1,0.00,46.0
"los angeles barbers",0,1,0.00,53.0
"los angeles college of aesthetics",0,1,0.00,16.0
"los angeles college of aesthetics reviews",0,4,0.00,7.8
"los clásicos barbershop spring reviews",0,2,0.00,2.0
"los latinos beauty salon",0,1,0.00,7.0
"lot 8 salon",0,66,0.00,5.0
"lot barbershop",0,4,0.00,6.5
"lotus eyebrow threading",0,5,0.00,8.4
"lotus hair salon",0,4,0.00,7.5
"lotus layne waco",0,1,0.00,10.0
"lotus salon",0,4,0.00,8.0
"lotus threading",0,62,0.00,4.9
"lotus threading near me",0,4,0.00,8.0
"lotus threading reviews",0,14,0.00,6.4
"lotus threading salon & spa",0,1,0.00,27.0
"lou's barbershop",0,2,0.00,11.5
"louie barber shop",0,3,0.00,9.0
"louie's barber chop",0,7,0.00,10.0
"louie's barber shop",0,8,0.00,9.3
"louie's barberchop barber shop in pacific beach san diego reviews",0,287,0.00,9.6
"louie's barbershop",0,4,0.00,13.8
"louie's barbershop sf",0,31,0.00,9.0
"louies barber chop",0,17,0.00,8.8
"louies barber shop",0,20,0.00,7.7
"louies barbershop",0,9,0.00,9.2
"louie’s barber chop",0,2,0.00,11.0
"louie’s barber chop photos",0,14,0.00,9.0
"louie’s barberchop",0,110,0.00,9.1
"louie’s barberchop, 1475 garnet ave, san diego, ca 92109",0,18,0.00,9.3
"louis barbershop",0,4,0.00,9.8
"louis barbershop sf",0,3,0.00,9.7
"louis hair",0,1,0.00,27.0
"louis hair salon",0,36,0.00,4.1
"louis hair salon houston",0,9,0.00,3.8
"louis hair salon photos",0,17,0.00,8.0
"louis hair salon reviews",0,21,0.00,5.7
"louis salon",0,4,0.00,4.8
"louise barbershop",0,5,0.00,9.0
"love beauty",0,4,0.00,1.0
"love beauty products",0,1,0.00,7.0
"love beauty supply",0,3,0.00,4.3
"love hair store",0,1,0.00,18.0
"love is beauty",0,1,0.00,1.0
"love is in the hair",0,8,0.00,1.6
"love is n the hair",0,1,0.00,1.0
"love me wigs",0,4,0.00,4.3
"love more cutz",0,13,0.00,7.2
"love's beauty supply",0,1,0.00,2.0
"lover hair salon",0,2,0.00,29.0
"lovings.com",0,3,0.00,59.3
"low fade haircut",0,2,0.00,3.5
"lowell hair salon",0,1,0.00,42.0
"lower greenville barber",0,5,0.00,8.6
"lower greenville barber shop",0,2,0.00,15.5
"lower greenville barbershop",0,3,0.00,14.0
"lshear",0,1,0.00,16.0
"lshear reviews",0,16,0.00,5.3
"lt",0,1,0.00,4.0
"lt hair",0,40,0.00,2.2
"lt hair care",0,40,0.00,2.3
"lt hair salon",0,8,0.00,5.0
"lt hair studio",0,3,0.00,9.3
"lu barber",0,1,0.00,12.0
"lu barber shop",0,7,0.00,8.6
"lu barber shop league city",0,4,0.00,10.8
"lu barbershop",0,1,0.00,7.0
"lu ross",0,3,0.00,38.7
"lu ross academy",0,2,0.00,29.0
"lu ross academy ventura",0,1,0.00,30.0
"lu ross ventura",0,1,0.00,37.0
"lu the barber",0,5,0.00,7.2
"lu's barber",0,1,0.00,11.0
"lu's barber shop",0,14,0.00,5.1
"lu's barber shop clear lake",0,7,0.00,11.0
"lu's barber shop haircut & shave",0,2,0.00,8.0
"lu's barber shop league city",0,4,0.00,9.8
"lu's barber shop pearland",0,1,0.00,11.0
"lubbock barber college",0,2,0.00,22.0
"lubbock hair academy",0,80,0.00,8.7
"lubbock hair academy lubbock tx",0,2,0.00,9.0
"luce salon",0,1,0.00,8.0
"luces unisex beauty salon",0,1,0.00,23.0
"luci's salon",0,2,0.00,33.0
"lucia hair and beauty",0,1,0.00,4.0
"lucia hair salon",0,4,0.00,10.3
"lucia salon",0,2,0.00,17.5
"lucia's hair salon",0,5,0.00,9.8
"lucia's health and beauty",0,1,0.00,15.0
"lucias hair",0,1,0.00,5.0
"lucky nail",0,1,0.00,9.0
"lucky nail shop",0,1,0.00,1.0
"lucky nail supply",0,3,0.00,7.3
"lucky nail supply austin",0,5,0.00,8.8
"lucky nail supply near me",0,1,0.00,9.0
"lucky nail supply reviews",0,4,0.00,6.5
"lucky nail supply san antonio",0,21,0.00,7.0
"lucky nail supply san antonio reviews",0,2,0.00,4.0
"lucky nail supply store",0,1,0.00,10.0
"lucky nails",0,2,0.00,1.0
"lucky's beauty supply store",0,1,0.00,13.0
"luckynailsupply",0,1,0.00,1.0
"luckynailsupply.com locations",0,5,0.00,11.6
"luckys nail supply",0,5,0.00,9.4
"lucy beauty",0,1,0.00,10.0
"lucy beauty bar",0,8,0.00,4.5
"lucy beauty salon",0,3,0.00,16.0
"lucy beauty supply",0,27,0.00,6.9
"lucy hair",0,1,0.00,7.0
"lucy hair salon",0,10,0.00,4.7
"lucy hair store",0,2,0.00,5.5
"lucy hair studio",0,2,0.00,15.5
"lucy nail supply",0,1,0.00,7.0
"lucy salon",0,1,0.00,7.0
"lucy salon de belleza",0,2,0.00,6.5
"lucy store locator",0,1,0.00,5.0
"lucy's beauty",0,1,0.00,14.0
"lucy's beauty bar",0,2,0.00,4.0
"lucy's beauty salon",0,10,0.00,17.5
"lucy's beauty supply",0,1,0.00,13.0
"lucy's hair salon",0,2,0.00,4.5
"lucy's hair studio",0,1,0.00,12.0
"lucy's salon",0,3,0.00,13.7
"lucy's salon & spa",0,1,0.00,25.0
"lucys beauty",0,1,0.00,25.0
"lucys beauty salon",0,11,0.00,15.7
"lucys beauty supply",0,6,0.00,9.0
"lucys hair salon",0,1,0.00,7.0
"lucys salon",0,4,0.00,17.8
"lucy’s hair salon",0,1,0.00,3.0
"ludas barber shop",0,1,0.00,11.0
"lugar donde ponen extensiones de cabello",0,1,0.00,1.0
"luigi hair",0,1,0.00,42.0
"luigi hair salon",0,1,0.00,29.0
"luigi haircut",0,1,0.00,27.0
"luigi's hair",0,1,0.00,42.0
"luis barber",0,1,0.00,6.0
"luis barber shop",0,1,0.00,7.0
"luis barber shop eagle pass",0,1,0.00,6.0
"luis barbershop",0,1,0.00,8.0
"luis blendz",0,5,0.00,7.4
"luis gabriel cuban barber shop reviews",0,9,0.00,3.0
"luis the barber",0,1,0.00,9.0
"luke neri",0,2,0.00,7.0
"luke the barber",0,2,0.00,5.0
"lulu's barbershop",0,1,0.00,12.0
"lumberton barber shop",0,6,0.00,10.5
"lume salon",0,1,0.00,6.0
"lumee beauty",0,2,0.00,4.0
"lumiere nail salon",0,2,0.00,27.0
"lumiere nail studios & salon park",0,1,0.00,5.0
"lumiere nail studios & salon park photos",0,1,0.00,35.0
"lumiere nail studios & salon park reviews",0,7,0.00,10.6
"lumiere nails",0,1,0.00,19.0
"lumiere nails and spa",0,2,0.00,56.5
"luminous hair salon",0,4,0.00,11.5
"luminous hair salon - corpus christi reviews",0,2,0.00,5.0
"luminous salon",0,1,0.00,13.0
"luminous skin",0,3,0.00,65.3
"luminous skin tech",0,1,0.00,7.0
"luminous skin tech corpus christi",0,2,0.00,8.5
"luminous skin tech reviews",0,16,0.00,6.3
"luminous spa",0,2,0.00,11.0
"lumière salon",0,1,0.00,38.0
"luna azteca beauty salon",0,7,0.00,12.1
"lupe hair",0,1,0.00,8.0
"lupe hair salon",0,3,0.00,8.0
"lupe salon",0,1,0.00,13.0
"lupe's beauty salon",0,5,0.00,18.4
"lupe's hair salon",0,1,0.00,4.0
"lupes beauty salon",0,3,0.00,4.7
"lupes hair salon",0,3,0.00,6.7
"lupita beauty salon",0,5,0.00,6.0
"lupita hair salon",0,6,0.00,4.0
"lupita haircut",0,1,0.00,5.0
"lupitas beauty salon",0,1,0.00,7.0
"lupitas hair salon",0,4,0.00,3.8
"lupitas hair salon near me",0,1,0.00,1.0
"lupitas salon de belleza",0,1,0.00,5.0
"lure hair salon",0,1,0.00,7.0
"lure salon reviews",0,7,0.00,9.1
"luross",0,2,0.00,29.0
"lus barbershop clear lake",0,2,0.00,20.5
"luscious beauty bar",0,6,0.00,10.0
"luscious hair salon",0,4,0.00,7.5
"luscious hair westbank",0,1,0.00,52.0
"lush esthetics institute",0,36,0.00,10.2
"lush hair folk",0,23,0.00,5.4
"lush hair folk salon",0,1,0.00,15.0
"lusso barber",0,2,0.00,8.0
"lusso barbers",0,16,0.00,12.1
"luv beauty",0,1,0.00,5.0
"luv beauty reviews",0,1,0.00,4.0
"luv beauty supply",0,17,0.00,4.5
"luvcuts",0,1,0.00,2.0
"luve wigs",0,2,0.00,4.5
"lux barber shop",0,1,0.00,1.0
"lux beaty",0,1,0.00,7.0
"lux beauty",0,80,0.00,11.3
"lux beauty and hair gallery",0,1,0.00,15.0
"lux beauty baytown",0,1,0.00,10.0
"lux beauty houston",0,10,0.00,8.7
"lux beauty houston reviews",0,12,0.00,8.9
"lux beauty lab",0,1,0.00,10.0
"lux beauty near me",0,9,0.00,27.8
"lux beauty salon",0,16,0.00,8.6
"lux beauty studio salon",0,1,0.00,22.0
"lux beauty supply",0,1,0.00,10.0
"lux beauty supply baytown",0,1,0.00,20.0
"lux beauty supply near me",0,1,0.00,6.0
"lux beauty supply stockton",0,11,0.00,5.6
"lux beuty",0,1,0.00,6.0
"lux cosmetic",0,1,0.00,39.0
"lux hair",0,7,0.00,19.7
"lux hair and spa",0,16,0.00,11.9
"lux hair and spa reviews",0,4,0.00,5.0
"lux hair salon",0,19,0.00,8.6
"lux hair store",0,2,0.00,29.0
"lux hair studio",0,1,0.00,10.0
"lux hairsalon",0,1,0.00,9.0
"lux lashes houston",0,1,0.00,64.0
"lux nails missouri city",0,22,0.00,10.6
"lux salon",0,14,0.00,13.1
"lux salon and spa",0,3,0.00,9.3
"lux salon photos",0,2,0.00,18.0
"lux salon san antonio",0,4,0.00,2.0
"lux studio salon",0,1,0.00,57.0
"luxandluxy",0,1,0.00,3.0
"luxbeauty",0,10,0.00,27.7
"luxe and legacy",0,3,0.00,7.3
"luxe aveda",0,6,0.00,7.8
"luxe aveda concept salon reviews",0,3,0.00,5.3
"luxe beauty bar baytown",0,5,0.00,7.4
"luxe beauty barre",0,28,0.00,7.0
"luxe beauty store",0,4,0.00,36.0
"luxe beauty supply",0,30,0.00,14.1
"luxe beauty supply store",0,17,0.00,9.1
"luxe hair salon",0,2,0.00,7.0
"luxe hair salon and spa",0,1,0.00,8.0
"luxe hair store",0,1,0.00,29.0
"luxe lounge barbershop",0,3,0.00,9.3
"luxe lounge hair and beauty",0,1,0.00,8.0
"luxe nail bar 9612 highway 6 ste 120, missouri city, tx 77459, united states",0,4,0.00,12.8
"luxe nail bar missouri city",0,52,0.00,10.1
"luxe nail bar missouri city photos",0,15,0.00,5.5
"luxe nails missouri city",0,5,0.00,9.6
"luxe pearland",0,1,0.00,26.0
"luxe salon",0,2,0.00,32.5
"luxe salon & spa",0,16,0.00,11.0
"luxe salon & spa photos",0,5,0.00,13.4
"luxe salon & spa reviews",0,8,0.00,9.4
"luxe salon and soa",0,1,0.00,7.0
"luxe salon and spa",0,5,0.00,15.6
"luxe salon and spa pearland",0,2,0.00,18.0
"luxe salon corpus christi",0,3,0.00,6.7
"luxe salon spa",0,1,0.00,9.0
"luxe spa pearland",0,2,0.00,17.0
"luxe studio spa",0,1,0.00,24.0
"luxly beauty",0,1,0.00,9.0
"luxor barber shop",0,2,0.00,8.0
"luxor beauty",0,1,0.00,12.0
"luxor hair",0,1,0.00,29.0
"luxor hair and beauty",0,1,0.00,14.0
"luxor hair salon",0,3,0.00,18.3
"luxor salon",0,3,0.00,5.7
"luxor salon & barber co",0,1,0.00,10.0
"luxor salon & barber co. el paso reviews",0,11,0.00,10.9
"luxul beauty supply",0,2,0.00,8.0
"luxurious beauty salon",0,1,0.00,12.0
"luxury aesthetics academy",0,21,0.00,7.3
"luxury barber lounge reviews",0,57,0.00,11.3
"luxury beauty store museum district",0,3,0.00,24.3
"luxury beauty store rice village",0,1,0.00,39.0
"luxury beauty store west university",0,8,0.00,21.9
"luxury beauty supply",0,11,0.00,5.3
"luxury beauty supply store",0,2,0.00,6.0
"luxury grooming lounge",0,1,0.00,47.0
"luxury lounge",0,25,0.00,19.8
"luxury lounge barbershop",0,1,0.00,6.0
"luxury nails corpus christi",0,1,0.00,39.0
"luxury salon & spa",0,1,0.00,67.0
"luxury salon and spa",0,1,0.00,67.0
"luxury salon centerville",0,6,0.00,55.2
"luxus",0,1,0.00,4.0
"luxx",0,1,0.00,8.0
"luxx beauty supply",0,1,0.00,9.0
"luxx hair studio",0,1,0.00,1.0
"luxx lash",0,2,0.00,8.0
"luxy beauty alliance",0,7,0.00,5.7
"luxy hair",0,19,0.00,3.3
"luxy hair salon",0,65,0.00,4.2
"luxy hair salon houston",0,11,0.00,8.0
"luxy hair salon photos",0,11,0.00,10.0
"luxy hair salon reviews",0,4,0.00,11.5
"luxy shop",0,1,0.00,2.0
"luxyhair",0,2,0.00,5.0
"luxyl",0,22,0.00,6.5
"luxyl beauty",0,25,0.00,6.9
"luxyl beauty supply photos",0,18,0.00,7.3
"luxyl beauty supply reviews",0,14,0.00,7.0
"luxyl beauty supply stockton",0,83,0.00,5.1
"luz hair salon",0,1,0.00,3.0
"lu’s barber shop",0,3,0.00,5.0
"lv hair salon",0,6,0.00,6.7
"lv hair salon el paso",0,6,0.00,6.8
"lv hair salon photos",0,3,0.00,6.0
"lv hair salon reviews",0,6,0.00,5.5
"lv hair salón",0,8,0.00,8.1
"lv salon",0,2,0.00,9.0
"lvl barbershop",0,20,0.00,9.5
"lvls barbershop",0,1,0.00,46.0
"lvm hair",0,7,0.00,11.6
"lyles college of beauty",0,2,0.00,20.0
"lyles colleges of beauty",0,1,0.00,20.0
"lyna's beauty depot",0,12,0.00,8.2
"lyna's beauty depot photos",0,7,0.00,6.4
"lynas beauty",0,1,0.00,36.0
"lynas beauty depot",0,9,0.00,1.0
"lynn barber shop",0,3,0.00,6.7
"lynn beauty",0,1,0.00,10.0
"lynn beauty supply",0,15,0.00,7.9
"lynn beauty supply store",0,1,0.00,6.0
"lynn hair salon",0,7,0.00,8.7
"lynn hair stylist",0,29,0.00,10.8
"lynn hair stylist reviews",0,8,0.00,7.1
"lynn salon",0,1,0.00,7.0
"lynn's barber",0,7,0.00,6.1
"lynn's barber shop",0,13,0.00,7.7
"lynn's beauty supply",0,4,0.00,13.3
"lynn's hair & beauty supply",0,23,0.00,6.8
"lynnie beauty salon",0,23,0.00,6.3
"lynns barber",0,3,0.00,7.7
"lynns barber shop",0,1,0.00,4.0
"lynns beauty supply",0,15,0.00,9.9
"lyons hair salon",0,1,0.00,5.0
"lytle's",0,2,0.00,9.0
"lytle's beauty college",0,2,0.00,7.5
"lytle's beauty college reviews",0,7,0.00,10.6
"lytles beauty school",0,1,0.00,12.0
"lê artist hair salon",0,11,0.00,6.2
"lê artist hair salon photos",0,5,0.00,5.4
"lê artist hair salon reviews",0,12,0.00,3.6
"m",0,3,0.00,2.0
"m & m barber shop",0,1,0.00,2.0
"m & m beauty outlet",0,15,0.00,6.2
"m & m beauty supply",0,3,0.00,13.3
"m & m hair salon",0,1,0.00,2.0
"m and a hair salon",0,6,0.00,7.3
"m and a salon",0,6,0.00,6.8
"m and m barber shop",0,1,0.00,7.0
"m and m beauty supply",0,6,0.00,5.3
"m and m hair and beauty",0,1,0.00,4.0
"m b salon",0,1,0.00,24.0
"m beauty supply",0,3,0.00,17.0
"m co beauty",0,1,0.00,4.0
"m cuts",0,1,0.00,7.0
"m dominican",0,15,0.00,9.3
"m dominican beauty salon",0,127,0.00,6.8
"m dominican beauty salon photos",0,6,0.00,10.8
"m dominican beauty salon reviews",0,44,0.00,9.5
"m dominican hair salon",0,6,0.00,6.2
"m dominican salon",0,9,0.00,6.8
"m dominican salon houston",0,2,0.00,13.0
"m fadez",0,42,0.00,11.0
"m fadez barbershop",0,1,0.00,9.0
"m fadez irving",0,1,0.00,10.0
"m fadez photos",0,1,0.00,27.0
"m fadez professional barber",0,1,0.00,7.0
"m fadez reviews",0,2,0.00,14.5
"m hair",0,3,0.00,8.0
"m hair lounge",0,1,0.00,37.0
"m hair salon",0,1,0.00,10.0
"m k beauty supply",0,4,0.00,8.0
"m salon hours",0,1,0.00,11.0
"m salon houston",0,3,0.00,10.7
"m salon houston tx",0,3,0.00,32.0
"m salon plano",0,1,0.00,23.0
"m w hair studio",0,1,0.00,4.0
"m&a beauty salon",0,1,0.00,9.0
"m&a hair salon",0,14,0.00,7.0
"m&a salon",0,3,0.00,6.7
"m&d beauty salon",0,3,0.00,11.3
"m&g hair salon",0,4,0.00,44.8
"m&j barbershop vip",0,9,0.00,7.9
"m&j beauty academy",0,8,0.00,7.8
"m&j beauty academy - escuela de cosmetologia dallas",0,5,0.00,2.2
"m&j dominican beauty salon",0,1,0.00,20.0
"m&m barber shop",0,1,0.00,8.0
"m&m beads",0,1,0.00,5.0
"m&m beauty",0,6,0.00,2.3
"m&m beauty supply",0,5,0.00,1.0
"m&m beauty supply near me",0,2,0.00,20.0
"m&m hair salon",0,1,0.00,2.0
"m&s beauty salon",0,1,0.00,21.0
"m&t beauty supply",0,1,0.00,27.0
"ma maison de beauté",0,1,0.00,48.0
"maatii beauty supply",0,7,0.00,5.9
"mac barber",0,1,0.00,29.0
"mac barbershop",0,1,0.00,5.0
"macal hair studio",0,6,0.00,8.7
"macal's hair studio",0,1,0.00,33.0
"macals",0,45,0.00,1.8
"macals hair studio",0,23,0.00,2.2
"macho barber",0,3,0.00,9.0
"macho barber shop",0,6,0.00,9.5
"macho haircut",0,1,0.00,53.0
"macho's barbershop",0,1,0.00,11.0
"machos",0,17,0.00,9.4
"machos barber",0,5,0.00,10.6
"machos barber shop",0,50,0.00,8.2
"machos barbershop",0,3,0.00,13.7
"machos haircut",0,3,0.00,16.0
"macti",0,2,0.00,7.5
"made man barber",0,1,0.00,1.0
"made man barbershop",0,1,0.00,6.0
"made men",0,16,0.00,1.0
"made men - barber, hair salon & design cuts",0,3,0.00,1.0
"made men barber hair salon design cuts",0,2,0.00,11.0
"made men barbershop",0,10,0.00,1.0
"made men galleria",0,5,0.00,1.0
"made men houston",0,1,0.00,29.0
"made men houston reviews",0,1,0.00,11.0
"made to slay",0,8,0.00,7.6
"made to slay salon",0,12,0.00,5.8
"made to slay salon reviews",0,3,0.00,4.3
"mademan",0,4,0.00,1.0
"mademan barber",0,5,0.00,1.0
"mademan barbershop",0,1,0.00,1.0
"mademan galleria",0,2,0.00,1.0
"mademen barber",0,4,0.00,1.0
"mademen galleria",0,1,0.00,1.0
"madison barber",0,1,0.00,8.0
"madison barber school",0,2,0.00,7.5
"madison barber stylist school",0,2,0.00,6.0
"madison hair salon",0,1,0.00,11.0
"madison reed",0,5,0.00,11.2
"madison reed allen",0,2,0.00,57.5
"madison reed austin",0,1,0.00,30.0
"madison reed cinco ranch",0,1,0.00,9.0
"madison reed color bar",0,3,0.00,13.3
"madison reed color bar locations",0,1,0.00,11.0
"madison reed dallas",0,11,0.00,10.0
"madison reed fort worth",0,27,0.00,9.3
"madison reed fort worth reviews",0,10,0.00,6.6
"madison reed frisco",0,4,0.00,10.0
"madison reed garland",0,2,0.00,43.5
"madison reed hair color bar",0,1,0.00,8.0
"madison reed hair color bar preston royal reviews",0,1,0.00,8.0
"madison reed hair color bar rice village",0,2,0.00,39.0
"madison reed hair salon",0,2,0.00,11.0
"madison reed highland village",0,1,0.00,16.0
"madison reed hours",0,1,0.00,12.0
"madison reed houston",0,26,0.00,11.4
"madison reed hulen",0,3,0.00,10.7
"madison reed katy",0,4,0.00,9.5
"madison reed la centerra",0,1,0.00,9.0
"madison reed museum district",0,9,0.00,18.7
"madison reed near me",0,1,0.00,11.0
"madison reed plano",0,11,0.00,11.2
"madison reed plano reviews",0,8,0.00,10.0
"madison reed rice village",0,54,0.00,7.8
"madison reed rice village reviews",0,14,0.00,9.9
"madison reed salon",0,5,0.00,10.0
"madison reed sugar land",0,15,0.00,16.1
"madison reed sugar land reviews",0,1,0.00,9.0
"madison reed the woodlands",0,67,0.00,10.5
"madison reed the woodlands reviews",0,9,0.00,7.4
"madison reed west university",0,13,0.00,21.0
"madison reed woodlands",0,11,0.00,12.0
"maduson reed",0,2,0.00,8.5
"magalis beauty salon",0,1,0.00,11.0
"magaly beauty salon",0,3,0.00,7.7
"magaly hair salon",0,1,0.00,17.0
"magaly salon",0,6,0.00,2.2
"magalys beauty salon",0,1,0.00,8.0
"magari hair salon",0,1,0.00,10.0
"maggie beauty salon",0,1,0.00,5.0
"maggie beauty supply",0,3,0.00,16.0
"maggie hair salon",0,8,0.00,9.1
"maggie salon",0,4,0.00,12.5
"maggie the salon",0,2,0.00,54.5
"maggie's beauty salon",0,2,0.00,16.0
"maggie's beauty supply",0,4,0.00,27.8
"maggie's hair",0,1,0.00,25.0
"maggie's hair salon",0,5,0.00,17.6
"maggie's studio",0,1,0.00,40.0
"maggies beauty salon",0,2,0.00,40.5
"maggies beauty supply",0,18,0.00,9.9
"maggies hair salon",0,3,0.00,5.0
"maggies store",0,1,0.00,10.0
"maggy's beauty salon",0,2,0.00,14.0
"maggys beauty salon",0,1,0.00,16.0
"magi cuts",0,1,0.00,6.0
"magic barbershop",0,1,0.00,7.0
"magic beauty",0,1,0.00,6.0
"magic beauty hair salon",0,1,0.00,3.0
"magic beauty salon",0,3,0.00,3.0
"magic cuts",0,3,0.00,5.0
"magic hair",0,2,0.00,9.5
"magic hair and nails",0,20,0.00,4.8
"magic hair salon",0,9,0.00,5.7
"magic hairz beauty supply",0,1,0.00,45.0
"magic hand barber shop",0,4,0.00,7.0
"magic hands barber shop",0,4,0.00,10.8
"magic look salon",0,1,0.00,6.0
"magic looks",0,24,0.00,7.0
"magic looks salon",0,3,0.00,6.7
"magic salon",0,1,0.00,4.0
"magic salon & spa",0,2,0.00,8.0
"magic salon and spa",0,103,0.00,8.5
"magic salon and spa reviews",0,38,0.00,4.2
"magic touch barber shop",0,1,0.00,6.0
"magical hair and beauty",0,1,0.00,9.0
"magician salon",0,1,0.00,13.0
"magictouch barbershop",0,11,0.00,8.4
"magicuts",0,4,0.00,5.5
"magicuts irving",0,5,0.00,7.0
"magicuts irving reviews",0,2,0.00,4.0
"magicuts salon",0,2,0.00,5.5
"magique hair salon",0,1,0.00,33.0
"magnetic eyelashes where to buy",0,1,0.00,1.0
"magnolia barbershop",0,1,0.00,34.0
"magnolia hair salon",0,1,0.00,1.0
"magnolias hair salon",0,1,0.00,4.0
"magpies barbershop",0,1,0.00,36.0
"maguires barbershop",0,3,0.00,17.0
"maha beauty salon",0,1,0.00,6.0
"maha beauty studio",0,1,0.00,24.0
"maha eyebrow threading",0,1,0.00,1.0
"maha eyebrows",0,13,0.00,1.0
"maha hair salon",0,1,0.00,4.0
"maha salon",0,6,0.00,1.0
"maha threading salon",0,13,0.00,6.8
"maha threading tidwell",0,4,0.00,8.3
"maha's threading and salon #1 jones rd houston reviews",0,28,0.00,9.3
"maha's threading salon",0,16,0.00,11.4
"mahalo hair salon",0,1,0.00,8.0
"mahalo hair studio",0,1,0.00,10.0
"maharani",0,3,0.00,1.0
"maharani beauty salon",0,16,0.00,5.4
"maharani parlour",0,1,0.00,1.0
"maharani salon",0,7,0.00,2.0
"maharanis",0,43,0.00,1.9
"maharanis beauty salon",0,36,0.00,3.6
"maharanis beauty salon photos",0,6,0.00,5.2
"maharanis beauty salon reviews",0,37,0.00,8.4
"mahas",0,3,0.00,1.0
"mahas salon",0,11,0.00,9.0
"mahas threading",0,18,0.00,3.6
"mahas threading and salon",0,48,0.00,3.5
"mahas threading salon",0,9,0.00,1.8
"maher cutz irving",0,6,0.00,11.0
"mahogany beauty",0,3,0.00,12.7
"mahogany beauty supplies",0,2,0.00,17.5
"mahranis",0,1,0.00,1.0
"mai barber",0,1,0.00,28.0
"mai barber shop",0,1,0.00,6.0
"mai barbershop",0,2,0.00,6.5
"mai hair",0,7,0.00,7.7
"mai hair design",0,1,0.00,5.0
"mai hair salon",0,12,0.00,5.5
"mai salon",0,1,0.00,13.0
"mai salon and spa",0,2,0.00,8.5
"mai's barber",0,2,0.00,8.0
"mai's barber shop",0,4,0.00,7.5
"mai's barber shop photos",0,5,0.00,8.0
"mai's barber shop reviews",0,7,0.00,6.7
"maia bella",0,12,0.00,7.1
"maia bella barber & salon",0,6,0.00,8.0
"main street barber",0,2,0.00,11.5
"main street barbershop",0,1,0.00,10.0
"mainstreet barbershop",0,2,0.00,10.5
"mais barber",0,3,0.00,8.0
"mais barbershop",0,4,0.00,9.0
"mais hair salon",0,3,0.00,5.3
"maise salon",0,34,0.00,5.3
"maise salon & suites",0,10,0.00,3.7
"maise salon & suites fort worth",0,19,0.00,5.6
"maison de glam",0,6,0.00,6.3
"maize hair salon",0,1,0.00,5.0
"majestic barber",0,2,0.00,11.0
"majestic barber shop",0,3,0.00,10.3
"majestic barber shop reviews",0,20,0.00,10.9
"majestic beauty supply",0,1,0.00,5.0
"majestic hair salon",0,1,0.00,6.0
"majestic hair studio",0,1,0.00,9.0
"majesty barbershop",0,15,0.00,10.1
"majesty barbershop anaheim",0,15,0.00,9.1
"majesty barbershop reviews",0,4,0.00,5.3
"major league barbershop",0,1,0.00,8.0
"major the barber",0,1,0.00,38.0
"majors barber shop",0,1,0.00,11.0
"make up artist near me",0,1,0.00,1.0
"make up for ever ultra hd foundation stores",0,1,0.00,68.0
"make up school near me",0,1,0.00,1.0
"makeover beauty salon",0,2,0.00,6.5
"makeover parlour",0,1,0.00,20.0
"makeover salon",0,5,0.00,9.2
"makeover store",0,1,0.00,3.0
"makeover studio",0,1,0.00,28.0
"makeover tx",0,2,0.00,27.0
"makeovers salon",0,3,0.00,19.7
"makeup artist katy",0,1,0.00,1.0
"makeup artist schools in southlake",0,4,0.00,14.5
"makeup artistry school in southlake",0,10,0.00,15.4
"makeup classes san antonio",0,1,0.00,8.0
"makeup fontana",0,1,0.00,14.0
"makeup hours",0,1,0.00,70.0
"makeup school arlington",0,1,0.00,29.0
"makeup school dallas",0,11,0.00,85.6
"makeup school grapevine",0,1,0.00,34.0
"makeup school green valley",0,1,0.00,22.0
"makeup school henderson",0,2,0.00,20.0
"makeup school hollywood",0,4,0.00,30.5
"makeup school in dallas",0,6,0.00,72.5
"makeup school irving",0,6,0.00,19.5
"makeup school keller",0,3,0.00,11.7
"makeup school plano",0,5,0.00,17.4
"makeup school san antonio",0,11,0.00,28.2
"makeup school san jose",0,3,0.00,23.0
"makeup school sugar land",0,8,0.00,16.4
"makeup school westlake",0,9,0.00,15.7
"makeup schools in dallas",0,3,0.00,58.7
"makeup schools in dallas texas",0,2,0.00,90.5
"makeup schools in dallas tx",0,3,0.00,75.3
"makeup schools in sacramento",0,2,0.00,58.0
"makeup schools in sugar land",0,10,0.00,22.4
"makeup sets near me",0,1,0.00,1.0
"makeup store near me",0,1,0.00,1.0
"malon dominican barber",0,29,0.00,10.2
"mama beauty supply",0,1,0.00,9.0
"mamas beauty",0,1,0.00,5.0
"mamas beauty supply",0,4,0.00,8.0
"mambo barber",0,7,0.00,7.7
"mambo barbershop",0,18,0.00,9.8
"mambo beauty salon",0,1,0.00,6.0
"mambo salon",0,2,0.00,9.5
"man barbershop academy",0,51,0.00,5.5
"man basics",0,1,0.00,66.0
"man cave cutz",0,10,0.00,9.7
"man cave cutz barbershop",0,1,0.00,8.0
"manbasics",0,2,0.00,7.0
"manbasics 1488",0,1,0.00,21.0
"mancave cutz",0,16,0.00,9.1
"mandm",0,1,0.00,1.0
"mandocuts",0,1,0.00,36.0
"mane allure",0,6,0.00,10.0
"mane allure salon",0,1,0.00,10.0
"mane and tailored",0,24,0.00,6.4
"mane and tailored salon",0,32,0.00,5.3
"mane barber",0,1,0.00,11.0
"mane cave barbershop",0,1,0.00,12.0
"mane event",0,1,0.00,6.0
"mane event barbershop",0,3,0.00,8.0
"mane event hair",0,1,0.00,9.0
"mane event waco",0,3,0.00,6.0
"mane event waco tx",0,2,0.00,7.5
"mane hair",0,2,0.00,12.0
"mane hair salon dallas",0,1,0.00,10.0
"mane muse",0,5,0.00,6.2
"mane muse salon",0,4,0.00,5.0
"mane place barber shop",0,15,0.00,8.0
"mane salon dallas",0,3,0.00,9.3
"mane salon reviews",0,1,0.00,7.0
"mane studio",0,1,0.00,7.0
"mane studio salon",0,2,0.00,11.5
"maneallure reviews",0,1,0.00,3.0
"manes barber shop",0,2,0.00,8.5
"mani love studio",0,1,0.00,42.0
"maniac barber",0,1,0.00,11.0
"maniac barbers",0,2,0.00,19.0
"manicure license texas",0,2,0.00,40.0
"manicure near me",0,2,0.00,1.0
"manicuring licensure",0,1,0.00,65.0
"manicurist license renewal",0,7,0.00,62.6
"manicurist license renewal texas",0,1,0.00,33.0
"manicurist license texas",0,2,0.00,44.0
"manicurist school",0,1,0.00,1.0
"manicurist school amarillo tx",0,4,0.00,17.8
"manicurist school vacaville",0,1,0.00,18.0
"mankind barber",0,1,0.00,13.0
"mankind barbers",0,13,0.00,9.8
"mankind barbers reviews",0,1,0.00,4.0
"mankind barbershop",0,1,0.00,9.0
"manly barber shop",0,1,0.00,24.0
"manly barbershop",0,2,0.00,25.5
"manly hair salon",0,1,0.00,17.0
"manly hairdresser",0,1,0.00,27.0
"manly tune up",0,2,0.00,10.0
"mannequin beauty school",0,21,0.00,9.3
"manny barbershop",0,4,0.00,9.5
"manny hair",0,1,0.00,50.0
"manny the barber",0,3,0.00,16.0
"mannys barber",0,1,0.00,8.0
"manscaped in store near me",0,1,0.00,43.0
"manscaper salon",0,11,0.00,9.6
"manscaper salon reviews",0,5,0.00,5.0
"manuel and theresa",0,3,0.00,7.7
"manuel and theresa's school of hair design",0,2,0.00,6.0
"marabella salon",0,2,0.00,10.0
"marbella hair",0,1,0.00,9.0
"marbella hair salon",0,24,0.00,9.3
"marbella houston tx",0,3,0.00,34.7
"marbella salon",0,59,0.00,8.0
"marbella salon houston",0,6,0.00,7.0
"marbella salon near me",0,1,0.00,8.0
"marbella salon photos",0,1,0.00,12.0
"marbella salon reviews",0,48,0.00,11.1
"marbella spa and salon",0,1,0.00,29.0
"marbella's salon",0,1,0.00,3.0
"marc anthony hair products",0,1,0.00,5.0
"marcuts",0,1,0.00,8.0
"maree hair products",0,1,0.00,8.0
"margarita beauty salon",0,3,0.00,7.3
"margarita hair salon",0,1,0.00,6.0
"margarita salon",0,1,0.00,10.0
"margarita's hair salon",0,1,0.00,11.0
"margaritas beauty salon",0,1,0.00,5.0
"margaritas hair salon",0,14,0.00,7.4
"margaritas salon",0,2,0.00,11.0
"mari beauty salon",0,1,0.00,11.0
"mari the barber",0,1,0.00,9.0
"maria dominican salon",0,1,0.00,9.0
"maria hair",0,1,0.00,26.0
"maria hair salon",0,2,0.00,7.0
"maria salon",0,4,0.00,17.8
"maria salon de belleza",0,2,0.00,12.0
"maria's beauty salon photos",0,1,0.00,8.0
"maria's hair salon",0,2,0.00,12.5
"maria's hair salon near me",0,1,0.00,21.0
"maria's wig salon",0,1,0.00,30.0
"mariam beauty supply",0,4,0.00,9.3
"mariam's beauty lab",0,5,0.00,7.6
"mariams beauty lab",0,27,0.00,7.2
"mariana acosta maynez",0,1,0.00,6.0
"marianas salon",0,1,0.00,5.0
"marias barber school",0,2,0.00,4.5
"marias hair salon",0,2,0.00,11.5
"marias hair studio",0,3,0.00,5.7
"marias unisex salon",0,1,0.00,6.0
"maribel beauty salon",0,1,0.00,7.0
"maribel hair salon",0,2,0.00,11.5
"maribel salon",0,6,0.00,8.2
"maribel's",0,3,0.00,6.7
"maribel's great cuts",0,22,0.00,3.5
"maribel's hair salon",0,2,0.00,14.5
"maribel's salon",0,1,0.00,6.0
"maribella",0,1,0.00,2.0
"maribella salon",0,13,0.00,3.9
"maribels",0,6,0.00,7.0
"maribels great cuts",0,18,0.00,2.6
"maribels hair salon",0,1,0.00,6.0
"maribel’s",0,1,0.00,8.0
"marie and esther salon",0,71,0.00,3.6
"marie salon",0,1,0.00,6.0
"marigold hair",0,3,0.00,7.0
"marigold hair salon",0,49,0.00,6.0
"marigold hair salon houston",0,39,0.00,3.7
"marigold hairdressing",0,2,0.00,13.0
"marigold salon",0,135,0.00,6.1
"marigold salon houston",0,48,0.00,7.1
"marigold salon houston reviews",0,17,0.00,7.7
"mariposa beauty salon",0,4,0.00,4.0
"marisala beauty salon",0,652,0.00,9.1
"marisela beauty salon",0,1,0.00,4.0
"marisela hair salon",0,1,0.00,2.0
"mark salon",0,2,0.00,7.0
"mark vang",0,1,0.00,11.0
"mark vang hair design reviews",0,2,0.00,8.0
"markham hair salon",0,50,0.00,9.1
"markham salon",0,7,0.00,17.9
"markham salon el paso tx",0,4,0.00,5.8
"markham salons",0,16,0.00,8.5
"markland wood barber shop",0,1,0.00,30.0
"marlow hair",0,1,0.00,12.0
"maroon and white barber",0,8,0.00,10.1
"maroon and white barber shop",0,1,0.00,9.0
"maroon and white barbershop",0,1,0.00,9.0
"maroon summer nails",0,1,0.00,6.0
"marq blendz",0,1,0.00,1.0
"marquee hair salon",0,1,0.00,12.0
"marquee salon",0,70,0.00,7.0
"marquee salon oakland",0,21,0.00,6.0
"martin gentlemen salon houston tx",0,4,0.00,15.5
"martin's gentlemen salon",0,7,0.00,11.0
"martin's gentlemen salon reviews",0,1,0.00,11.0
"martina salon",0,1,0.00,7.0
"martinas",0,2,0.00,6.0
"martinas beauty salon",0,1,0.00,3.0
"martinez barber",0,9,0.00,12.2
"martinez barber shop",0,8,0.00,9.3
"martinez barber shop lancaster ca",0,1,0.00,8.0
"martinez barbershop",0,2,0.00,20.5
"martins barbershop",0,1,0.00,10.0
"martins gentleman salon",0,1,0.00,9.0
"martins gentlemans salon",0,1,0.00,11.0
"martins gentlemen salon",0,9,0.00,10.2
"martins gentlemen's salon",0,3,0.00,7.3
"marty hair salon",0,8,0.00,7.0
"marty salon",0,6,0.00,5.2
"marty's hair art beauty salon",0,1,0.00,7.0
"marty's salon",0,1,0.00,31.0
"martys hair salon",0,22,0.00,5.2
"martys salon",0,1,0.00,4.0
"mary ann's beauty salon",0,1,0.00,7.0
"mary ann's hair salon",0,1,0.00,7.0
"mary beauty salon",0,3,0.00,6.3
"mary beauty shop",0,1,0.00,5.0
"mary beauty space",0,1,0.00,11.0
"mary carmen's hair studio brownsville",0,8,0.00,4.4
"mary hair salon",0,21,0.00,5.0
"mary jane salon",0,1,0.00,42.0
"mary salon",0,4,0.00,15.8
"mary salon near me",0,1,0.00,24.0
"mary saloon",0,17,0.00,4.8
"mary's beauty hair salon",0,9,0.00,4.1
"mary's beauty salon",0,3,0.00,16.7
"mary's hair salon",0,11,0.00,7.0
"mary's hair salon irving tx",0,5,0.00,9.6
"mary's salon",0,2,0.00,8.5
"mary's salon de belleza",0,1,0.00,9.0
"mary's salon irving",0,5,0.00,3.0
"marys beauty salon",0,4,0.00,7.5
"marys hair salon",0,2,0.00,5.0
"marys salon",0,6,0.00,8.0
"marys salon de belleza",0,1,0.00,9.0
"marys saloon",0,1,0.00,8.0
"mary’s hair salon",0,2,0.00,1.0
"marz cuts",0,1,0.00,43.0
"marz cutz",0,1,0.00,10.0
"massage around me",0,1,0.00,1.0
"massage establishment license texas",0,1,0.00,37.0
"massage near me",0,3,0.00,32.7
"massage schools in texas",0,1,0.00,41.0
"master academy barber school",0,1,0.00,9.0
"master barber institute",0,10,0.00,11.3
"master barbers institute",0,12,0.00,9.5
"master cut salon",0,1,0.00,11.0
"master cuts",0,4,0.00,9.0
"master cuts fontana",0,12,0.00,11.3
"master haircutter",0,1,0.00,38.0
"master m barbershop",0,11,0.00,10.4
"mastercuts",0,6,0.00,9.3
"mastercuts barbershop",0,1,0.00,7.0
"mastercuts beauty salon",0,1,0.00,8.0
"mastercuts hair salon",0,1,0.00,20.0
"mastercuts salon",0,1,0.00,22.0
"masterdallas",0,1,0.00,8.0
"masters barber shop houston",0,2,0.00,11.5
"matador hair",0,2,0.00,39.5
"matador haircut",0,1,0.00,46.0
"matique salon",0,25,0.00,7.5
"matrix hair salon",0,1,0.00,37.0
"matrix hairdressers",0,1,0.00,90.0
"matrix salon",0,1,0.00,43.0
"matter of style",0,1,0.00,33.0
"mauricio barber",0,1,0.00,5.0
"mauricio barber shop",0,2,0.00,12.0
"mauricio hair salon",0,1,0.00,27.0
"mauricio's barber",0,1,0.00,16.0
"mauricios barber shop",0,1,0.00,3.0
"maverick barber school",0,15,0.00,10.1
"max beauty supply",0,5,0.00,6.6
"max beauty supply dallas",0,8,0.00,9.4
"maxx beauty supply",0,1,0.00,25.0
"maya hair design",0,1,0.00,7.0
"mayde hair bundles",0,1,0.00,6.0
"mayfair beauty salon",0,1,0.00,28.0
"mayfair salon",0,1,0.00,6.0
"mayfair styling",0,1,0.00,6.0
"mayra alejandra salon",0,9,0.00,6.2
"mayra alejandra the salon experience",0,3,0.00,6.3
"mb hair salon",0,5,0.00,10.8
"mb hair studio",0,1,0.00,22.0
"mb haus of luxe",0,6,0.00,8.7
"mb salon",0,2,0.00,18.0
"mb saloon",0,1,0.00,9.0
"mbs hair",0,1,0.00,40.0
"mbt salon",0,2,0.00,73.5
"mc barber & beauty supply",0,3,0.00,8.0
"mc barber shop",0,2,0.00,16.5
"mc barber supply",0,51,0.00,7.5
"mc beauty supply",0,3,0.00,6.0
"mc hair",0,1,0.00,8.0
"mc hair salon",0,1,0.00,7.0
"mc hair studio",0,1,0.00,8.0
"mc haircuts",0,29,0.00,7.0
"mca skin care academy",0,20,0.00,7.6
"mcc beauty school",0,2,0.00,9.5
"mccall hair salon",0,1,0.00,9.0
"mccalls barber shop",0,1,0.00,24.0
"mcguire barber shop",0,9,0.00,7.8
"mcguire's barber shop",0,2,0.00,14.5
"mcguire's barbershop",0,28,0.00,8.2
"mcguire's barbershop austin",0,8,0.00,6.6
"mcguires barber shop",0,1,0.00,7.0
"mcguires barbershop",0,48,0.00,8.5
"mckinney barber school",0,4,0.00,9.0
"mckinney barber shop",0,1,0.00,30.0
"mckinney haircut",0,2,0.00,31.5
"mckinney texas barber and hairstylist",0,1,0.00,50.0
"mclennan community college cosmetology",0,2,0.00,4.5
"mcp beauty",0,2,0.00,2.0
"mdi salon equipment",0,9,0.00,7.7
"mdisalonequipment",0,17,0.00,6.9
"me in beauty supply",0,2,0.00,23.5
"me time nail",0,1,0.00,7.0
"me time nail bar",0,72,0.00,8.9
"me time nail salon",0,5,0.00,10.4
"me time nail salon missouri city",0,34,0.00,9.0
"me time nails",0,49,0.00,8.8
"me time nails missouri city",0,3,0.00,8.7
"me time salon",0,2,0.00,8.0
"mechanics barber shop",0,1,0.00,8.0
"meche",0,11,0.00,2.1
"meche beauty and boutique",0,11,0.00,5.0
"meche hair salon",0,3,0.00,4.0
"med spa jersey village tx",0,1,0.00,64.0
"medallion barber",0,3,0.00,8.0
"medallion barber shop",0,4,0.00,6.5
"medallion barbers",0,1,0.00,7.0
"medical aesthetician school san antonio",0,2,0.00,64.5
"medical esthetician school san antonio",0,1,0.00,63.0
"medium knotless braids",0,3,0.00,5.3
"medusa beauty",0,1,0.00,11.0
"medusa hair",0,3,0.00,10.0
"medusa hair alchemist",0,4,0.00,7.0
"medusa hair cut",0,1,0.00,6.0
"medusa hair salon",0,1,0.00,9.0
"medusa houston",0,3,0.00,10.0
"meeks hair",0,1,0.00,8.0
"meena beauty parlor",0,1,0.00,6.0
"meena beauty parlour",0,1,0.00,8.0
"meena hair salon",0,2,0.00,18.5
"meena parlour",0,1,0.00,10.0
"meena salon",0,7,0.00,7.1
"meena salon near me",0,9,0.00,4.0
"meena's hair salon",0,1,0.00,16.0
"meena's salon",0,28,0.00,6.6
"meena's salon photos",0,10,0.00,1.1
"meena's salon reviews",0,17,0.00,6.2
"meenas",0,1,0.00,1.0
"meenas salon",0,3,0.00,7.0
"mega beauty",0,5,0.00,19.4
"mega beauty center",0,2,0.00,24.5
"mega beauty salon",0,4,0.00,6.8
"mega beauty supply",0,107,0.00,6.0
"mega beauty supply and wigs",0,1,0.00,19.0
"mega beauty supply cypress tx",0,2,0.00,6.0
"mega beauty supply near me",0,5,0.00,8.2
"mega beauty supply reviews",0,23,0.00,6.3
"mega beauty supply store",0,4,0.00,7.5
"mega hair store",0,1,0.00,5.0
"mei academy of cosmetology",0,44,0.00,8.8
"mei barber",0,3,0.00,3.7
"mei barber school",0,59,0.00,6.2
"mei barber school brownsville tx",0,2,0.00,5.0
"mei cosmetology",0,19,0.00,9.2
"mel's barber shop",0,8,0.00,7.8
"mel's barber shop college station",0,1,0.00,9.0
"mel's barbershop",0,1,0.00,10.0
"melanie baldwin hair salon",0,1,0.00,12.0
"melfri",0,4,0.00,8.3
"melfri's dominican beauty salon",0,5,0.00,10.4
"meli beauty salon",0,2,0.00,5.5
"melis salon",0,1,0.00,1.0
"melisa near me",0,1,0.00,35.0
"melissa beauty salon",0,4,0.00,10.5
"melissa michelle",0,1,0.00,8.0
"melissa michelle beauty salon",0,1,0.00,8.0
"melissa salon",0,1,0.00,27.0
"melissa's beauty salon",0,2,0.00,18.0
"melissas beauty salon",0,1,0.00,5.0
"melling barber shop",0,1,0.00,49.0
"mellow & barbers cole valley",0,3,0.00,8.7
"mellow and barbers",0,2,0.00,16.5
"mellow and barbers cole valley",0,3,0.00,11.3
"mellow barber cole valley",0,5,0.00,8.6
"mellow barber shop",0,1,0.00,15.0
"mellow barbers",0,2,0.00,22.5
"melluzi academy",0,13,0.00,9.8
"melluzi academy austin",0,1,0.00,19.0
"melluzi academy reviews",0,3,0.00,10.0
"mellys hair salon",0,4,0.00,8.0
"melody beauty center",0,1,0.00,7.0
"melody beauty salon",0,1,0.00,10.0
"melody salon",0,1,0.00,22.0
"melody's hair",0,1,0.00,15.0
"melody's salon",0,1,0.00,15.0
"mels barber",0,7,0.00,10.6
"mels barber shop",0,1,0.00,8.0
"mels barbershop",0,2,0.00,8.0
"melt cosmetics",0,1,0.00,6.0
"melvin barbershop",0,1,0.00,39.0
"melys beauty salon",0,2,0.00,7.0
"melys hair salon",0,6,0.00,3.0
"memorial city mall hair salon",0,1,0.00,21.0
"memorial city mall visible changes",0,4,0.00,31.0
"memorial hair salon",0,8,0.00,9.5
"memorial hair salon houston",0,2,0.00,8.0
"memorial hair salon reviews",0,6,0.00,10.7
"men barbershop near me",0,2,0.00,1.0
"men hair salon near me",0,1,0.00,1.0
"men haircut near me",0,1,0.00,2.0
"men hairstyles",0,1,0.00,8.0
"men salon near me",0,2,0.00,1.0
"men's barber shops near me",0,1,0.00,1.0
"men's club barbershop moreno valley",0,1,0.00,7.0
"men's grooming products near me",0,1,0.00,95.0
"men's haircut and massage",0,1,0.00,1.0
"men's haircut deep ellum",0,11,0.00,63.8
"men's haircut near me",0,2,0.00,1.0
"men's haircuts near me",0,1,0.00,1.0
"men's hairdresser near me",0,1,0.00,7.0
"men's only",0,1,0.00,8.0
"men's only haircuts",0,2,0.00,20.0
"men's parlor",0,1,0.00,56.0
"men's salon in preston road dallas",0,4,0.00,65.8
"men's salon near me open now",0,1,0.00,1.0
"menas salon",0,1,0.00,1.0
"menor barber shop",0,2,0.00,6.5
"mens barber shop near me",0,1,0.00,1.0
"mens club barbershop",0,8,0.00,8.4
"mens grooming club",0,2,0.00,7.5
"mens grooming lounge",0,1,0.00,12.0
"mens hair cut",0,1,0.00,1.0
"mens hair cut near me",0,1,0.00,1.0
"mens hair cuts near me",0,1,0.00,1.0
"mens hair salons",0,1,0.00,21.0
"mens hair stylist",0,1,0.00,1.0
"mens haircut chinatown",0,1,0.00,7.0
"mens haircut near me",0,2,0.00,1.0
"mens haircut today",0,1,0.00,26.0
"mens haircuts near me",0,5,0.00,1.0
"mens hairstyles",0,1,0.00,6.0
"mens headquarters",0,11,0.00,8.4
"mens only",0,20,0.00,8.8
"mens only haircut",0,2,0.00,9.0
"mens only haircuts",0,3,0.00,10.3
"mens only haircuts amarillo",0,8,0.00,10.5
"mens parlor amarillo",0,3,0.00,9.0
"mensclub barbershop",0,1,0.00,10.0
"mentality barber frazer",0,1,0.00,47.0
"mentality barbers frazer",0,1,0.00,44.0
"mera salon",0,1,0.00,10.0
"meraki baytown",0,5,0.00,9.2
"meraki esthetics institute",0,1,0.00,54.0
"meraki hair salon",0,1,0.00,7.0
"meraki institute",0,52,0.00,6.4
"meraki institute of beauty and wellness",0,11,0.00,6.3
"meraki salon & boutique",0,7,0.00,8.1
"meraki salon baytown",0,2,0.00,9.0
"meraki willis tx",0,1,0.00,9.0
"mercedes beauty salon",0,1,0.00,1.0
"mercedes hair studio",0,1,0.00,1.0
"mercedes salon",0,3,0.00,5.3
"mercury nail supply houston",0,5,0.00,11.6
"mere salon",0,9,0.00,9.2
"mere salon dallas",0,5,0.00,9.2
"merlin barber",0,1,0.00,7.0
"merlin barber shop",0,4,0.00,7.3
"merlin's beard barbershop",0,43,0.00,8.8
"merlins beard",0,1,0.00,1.0
"mesa barber college",0,13,0.00,10.0
"mesa barber school",0,1,0.00,6.0
"mesa barber supply",0,2,0.00,6.5
"mesa beauty supply",0,3,0.00,4.7
"mesa top beauty supply",0,1,0.00,4.0
"mesabarber.com",0,2,0.00,77.0
"mesquite barber",0,1,0.00,21.0
"mesquite beauty supply",0,1,0.00,29.0
"method hair",0,11,0.00,7.9
"method hair austin",0,1,0.00,8.0
"method makeup academy",0,1,0.00,31.0
"method salon",0,1,0.00,11.0
"method salon austin",0,1,0.00,8.0
"metime",0,4,0.00,7.8
"metime nail",0,2,0.00,7.5
"metime nail bar missouri city",0,60,0.00,7.8
"metime nail bar missouri city photos",0,26,0.00,7.0
"metime nail bar missouri city reviews",0,37,0.00,4.4
"metime nail bar photos",0,3,0.00,7.3
"metime nails",0,14,0.00,9.8
"metine",0,1,0.00,7.0
"metro palace beauty",0,3,0.00,27.7
"meyerland hair salon",0,1,0.00,20.0
"meyerland salon",0,4,0.00,18.8
"mia bella beauty salon",0,1,0.00,8.0
"mia bella hair",0,5,0.00,6.6
"mia bella hair salon",0,6,0.00,7.0
"mia bella hair studio",0,2,0.00,9.5
"mia bella salon",0,14,0.00,15.0
"mia bella studios",0,47,0.00,6.1
"mia bella studios houston tx",0,3,0.00,8.0
"mia bella studios reviews",0,7,0.00,8.6
"mia hair",0,1,0.00,8.0
"mia hair salon",0,1,0.00,8.0
"mia salon",0,1,0.00,1.0
"mia studios",0,1,0.00,36.0
"miabella beauty",0,1,0.00,11.0
"miabella hair salon",0,1,0.00,8.0
"miabella salon",0,2,0.00,26.5
"miabelle beauty",0,1,0.00,24.0
"mias hair salon",0,1,0.00,12.0
"mich adela's beauty salon",0,20,0.00,6.8
"michadela",0,34,0.00,9.6
"michael alan barber",0,1,0.00,28.0
"michael saldana",0,1,0.00,19.0
"michael saldana salon",0,13,0.00,10.9
"michael saldana salon greenway",0,16,0.00,8.6
"michael saldana salon houston",0,4,0.00,6.8
"michael saldana salon houston tx",0,1,0.00,11.0
"michael saldaña",0,1,0.00,30.0
"michael vincent academy",0,6,0.00,10.0
"michelle beauty salon",0,1,0.00,13.0
"michelles barber shop",0,1,0.00,9.0
"michi hair products",0,1,0.00,11.0
"microblading in baytown",0,1,0.00,43.0
"microblading in sugar land",0,1,0.00,46.0
"mid century barber",0,2,0.00,8.0
"mid cities barber college",0,12,0.00,9.7
"midland college cosmetology",0,27,0.00,10.5
"midland cosmetology school",0,1,0.00,11.0
"midmod barber",0,2,0.00,6.0
"midtown barbershop",0,4,0.00,24.0
"midtown barbershop lubbock",0,1,0.00,12.0
"midtown barbershop lubbock texas photos",0,1,0.00,10.0
"midtown barbershop lubbock texas reviews",0,5,0.00,11.0
"midtown beauty supply",0,2,0.00,19.5
"miggys barbershop",0,1,0.00,4.0
"mighty cuts",0,1,0.00,67.0
"miguel barber service’s dallas",0,5,0.00,10.0
"mika beauty studio",0,10,0.00,4.9
"mika beauty studio reviews",0,3,0.00,6.0
"mika hair salon",0,2,0.00,10.0
"mika salon",0,5,0.00,8.8
"mike barber shop",0,2,0.00,9.0
"mike the barber",0,3,0.00,4.0
"mike's barber shop",0,8,0.00,9.0
"mikes barber",0,2,0.00,10.5
"mikes barber school",0,37,0.00,9.3
"mikes barber shop",0,24,0.00,8.2
"mikes barbershop",0,1,0.00,9.0
"mike’s barber shop",0,1,0.00,10.0
"mila bee",0,2,0.00,10.0
"mila bee studios",0,3,0.00,5.7
"mila bee studios houston",0,19,0.00,8.1
"mila bee studios photos",0,1,0.00,9.0
"mila j salon",0,1,0.00,27.0
"milagro hair salon",0,3,0.00,13.0
"milagro salon",0,26,0.00,7.5
"milagro salon sienna",0,2,0.00,7.0
"milagro salons",0,5,0.00,6.2
"milagro salons sienna reviews",0,1,0.00,10.0
"milagro's beauty salon",0,2,0.00,10.0
"milagros beauty salon",0,3,0.00,19.3
"milagros hair salon",0,9,0.00,10.6
"milagros salon",0,5,0.00,8.2
"milan amarillo tx",0,1,0.00,18.0
"milan bakersfield",0,4,0.00,17.3
"milan barber school",0,3,0.00,9.7
"milan beauty school",0,1,0.00,8.0
"milan cosmetology",0,18,0.00,10.8
"milan cosmetology school",0,1,0.00,11.0
"milan cosmetology school san antonio",0,1,0.00,11.0
"milan denton",0,6,0.00,10.8
"milan el paso",0,2,0.00,12.0
"milan fresno",0,1,0.00,24.0
"milan george dieter",0,1,0.00,8.0
"milan hair institute",0,2,0.00,10.0
"milan hair school",0,1,0.00,8.0
"milan houston",0,1,0.00,19.0
"milan institure",0,1,0.00,7.0
"milan institute",0,41,0.00,8.4
"milan institute - bakersfield central",0,1,0.00,11.0
"milan institute - houston",0,4,0.00,8.5
"milan institute - houston photos",0,1,0.00,18.0
"milan institute - houston reviews",0,32,0.00,9.5
"milan institute bakersfield",0,4,0.00,14.3
"milan institute bakersfield ca",0,3,0.00,17.3
"milan institute bakersfield central",0,5,0.00,11.6
"milan institute bakersfield central photos",0,2,0.00,9.5
"milan institute denton",0,73,0.00,10.1
"milan institute el paso",0,1,0.00,19.0
"milan institute el paso tx",0,1,0.00,15.0
"milan institute fresno",0,1,0.00,25.0
"milan institute houston",0,18,0.00,9.4
"milan institute houston reviews",0,4,0.00,13.8
"milan institute merced",0,2,0.00,18.0
"milan institute merced ca",0,1,0.00,18.0
"milan institute merced reviews",0,3,0.00,11.0
"milan institute of cosmetology",0,2,0.00,20.0
"milan institute of cosmetology - plano",0,22,0.00,9.3
"milan institute of cosmetology - san antonio south",0,15,0.00,9.2
"milan institute of cosmetology denton",0,30,0.00,10.3
"milan institute of cosmetology el paso",0,4,0.00,13.5
"milan institute of cosmetology el paso photos",0,2,0.00,11.0
"milan institute of cosmetology san antonio",0,2,0.00,17.0
"milan institute of cosmetology san antonio south",0,3,0.00,9.7
"milan institute of cosmetology san antonio south reviews",0,12,0.00,11.3
"milan institute of cosmetology vacaville",0,1,0.00,12.0
"milan institute plano",0,77,0.00,9.6
"milan institute prices",0,3,0.00,6.7
"milan institute san antonio reviews",0,1,0.00,30.0
"milan institute san antonio south",0,10,0.00,9.7
"milan merced",0,6,0.00,12.3
"milan merced ca",0,1,0.00,12.0
"milan plano",0,13,0.00,9.4
"milan school",0,9,0.00,7.3
"milan school of beauty",0,2,0.00,8.5
"milan south",0,4,0.00,9.8
"milano 77056",0,4,0.00,11.0
"milano galleria",0,26,0.00,9.2
"milano galleria 77056",0,1,0.00,6.0
"milano houston",0,1,0.00,34.0
"milano nail galleria",0,1,0.00,11.0
"milano nail spa galleria reviews",0,44,0.00,9.5
"milano nail spa memorial reviews",0,60,0.00,10.2
"milano nail spa spring",0,2,0.00,52.0
"milano nails galleria",0,1,0.00,16.0
"milano nails memorial",0,1,0.00,18.0
"milbon hair products",0,7,0.00,6.7
"miles hair",0,1,0.00,10.0
"miley hair salon",0,1,0.00,5.0
"milk & honey hair",0,3,0.00,27.3
"milk & honey houston",0,1,0.00,29.0
"milk + honey houston",0,1,0.00,18.0
"milk + honey river oaks",0,1,0.00,14.0
"milk and honey hair",0,2,0.00,8.0
"milk and honey houston",0,8,0.00,29.9
"milk and honey houston salon",0,3,0.00,18.0
"milk and honey houston tx",0,5,0.00,29.6
"milk and honey kirby",0,1,0.00,11.0
"milk and honey river oaks",0,4,0.00,17.8
"milk and honey river oaks houston",0,1,0.00,11.0
"milk and honey salon houston",0,4,0.00,17.8
"milk and honey salon near me",0,1,0.00,10.0
"milk and honey spa river oaks reviews",0,10,0.00,10.8
"milk bath houston",0,2,0.00,16.5
"milk honey houston",0,2,0.00,27.0
"milk honey river oaks",0,2,0.00,31.5
"milk+honey houston",0,1,0.00,25.0
"milkbath hair",0,1,0.00,8.0
"milkbath hair & scalp spa",0,16,0.00,9.8
"milkbath hair & scalp spa houston",0,1,0.00,17.0
"milkbath houston",0,1,0.00,11.0
"millennium beauty",0,1,0.00,4.0
"millennium beauty supply",0,1,0.00,23.0
"miller academy",0,1,0.00,11.0
"million dollar barber co",0,1,0.00,61.0
"million dollar barber co reviews",0,2,0.00,40.0
"mina beauty salon",0,1,0.00,23.0
"mina hair",0,5,0.00,24.6
"mina hair design",0,3,0.00,18.3
"mina hair salon",0,4,0.00,13.8
"mina hair studio",0,1,0.00,11.0
"mina houston",0,1,0.00,11.0
"mina salon",0,1,0.00,38.0
"mina salon reviews",0,1,0.00,1.0
"mina studio",0,2,0.00,10.5
"mina's beauty salon",0,1,0.00,12.0
"mina's hair",0,2,0.00,11.0
"mina's hair salon",0,3,0.00,8.3
"mina's salon",0,1,0.00,12.0
"minas hair salon",0,3,0.00,14.7
"minas hair studio",0,2,0.00,5.5
"minas studio",0,1,0.00,27.0
"minettes amazing hair",0,4,0.00,10.0
"mingli hair",0,1,0.00,33.0
"minh hair",0,3,0.00,6.3
"minh hair salon",0,15,0.00,6.3
"minh salon",0,4,0.00,5.5
"minh's hair salon",0,1,0.00,5.0
"mini establishment license",0,2,0.00,25.5
"mini establishment license tdlr",0,1,0.00,11.0
"mini establishment license texas",0,21,0.00,18.1
"mini salon license",0,1,0.00,30.0
"mini salon license tdlr",0,2,0.00,29.5
"mini salon license texas",0,1,0.00,30.0
"mini salon license texas online application",0,1,0.00,14.0
"minions cut",0,1,0.00,3.0
"mins hair",0,1,0.00,9.0
"mint condition houston",0,1,0.00,9.0
"mint salon",0,2,0.00,6.5
"mint well salon & head spa",0,1,0.00,7.0
"minty barber",0,1,0.00,9.0
"minty barber - mckinney location (haircuts | beard trims | hot towel and straight razor shaves - fine men's barbershop and salon)",0,6,0.00,8.5
"minty barber - mckinney location (haircuts | beard trims | hot towel and straight razor shaves - fine men's barbershop and salon) reviews",0,3,0.00,11.3
"minty barber frisco",0,2,0.00,7.0
"minty barber mckinney",0,27,0.00,7.9
"minty barber reviews",0,10,0.00,9.7
"miracle barber shop",0,2,0.00,6.5
"miracle barbershop",0,12,0.00,7.8
"miracle beauty center",0,1,0.00,22.0
"miracle beauty salon",0,2,0.00,6.0
"miracle hair salon",0,16,0.00,10.1
"miracle hair salon houston",0,10,0.00,10.3
"miracle salon",0,5,0.00,6.4
"miracle salon near me",0,2,0.00,9.0
"mirage barber",0,1,0.00,6.0
"mirage barber shop",0,11,0.00,9.6
"mirage beauty boutique",0,6,0.00,9.3
"mirage beauty salon",0,2,0.00,4.5
"mirage hair",0,2,0.00,19.0
"mirage plano reviews",0,3,0.00,8.3
"mirage salon and spa",0,3,0.00,7.7
"mire beauty",0,1,0.00,8.0
"mireyas salon",0,1,0.00,6.0
"mirha threading salon",0,9,0.00,3.8
"mirha threading salon houston reviews",0,1,0.00,5.0
"mirha threading salon reviews",0,50,0.00,6.4
"miriam's beauty salon",0,4,0.00,4.8
"miriam's hair salon",0,1,0.00,4.0
"mirror mirror hair salon",0,3,0.00,5.3
"mirror mirror salon",0,33,0.00,5.3
"mirror mirror salon reviews",0,1,0.00,9.0
"mirror mirror salon the grove austin reviews",0,9,0.00,7.9
"mis salon",0,1,0.00,9.0
"misfits barber shop",0,1,0.00,49.0
"miss a",0,38,0.00,9.2
"miss a beauty store",0,1,0.00,5.0
"miss a beauty supply",0,2,0.00,11.5
"miss a cerca de mi",0,2,0.00,10.0
"miss a hours",0,2,0.00,10.0
"miss a houston",0,43,0.00,8.6
"miss a houston tx",0,3,0.00,8.0
"miss a jewelry store",0,1,0.00,8.0
"miss a locations",0,1,0.00,7.0
"miss a makeup near me",0,1,0.00,30.0
"miss a mall",0,1,0.00,12.0
"miss a near me",0,19,0.00,14.1
"miss a near me in mall",0,1,0.00,28.0
"miss a near me store",0,1,0.00,23.0
"miss a near me store locator",0,2,0.00,9.5
"miss a store",0,6,0.00,11.5
"miss a store houston",0,1,0.00,16.0
"miss a store locations",0,3,0.00,6.7
"miss a store near me",0,8,0.00,11.6
"miss a willowbrook mall",0,7,0.00,10.0
"miss aoa near me",0,1,0.00,28.0
"mission barber college",0,1,0.00,8.0
"mission barber san jose",0,5,0.00,12.0
"mission barber school",0,4,0.00,9.5
"mission barber shop san jose",0,1,0.00,11.0
"mission beauty institute",0,3,0.00,10.0
"mission beauty supply",0,2,0.00,8.0
"mission square barber",0,8,0.00,11.5
"mission square barber shop",0,8,0.00,11.6
"missouri city",0,1,0.00,8.0
"missouri city beauty school",0,9,0.00,11.4
"missouri city nails and lashes",0,4,0.00,8.5
"missouri nails and lashes",0,17,0.00,7.5
"missouri nails and lashes reviews",0,6,0.00,5.2
"mister grooming and goods",0,1,0.00,58.0
"mitchell beauty school",0,2,0.00,10.0
"mix hair salon",0,4,0.00,11.0
"mix salon",0,29,0.00,9.9
"mix salon and spa",0,1,0.00,11.0
"mix's salon and spa",0,1,0.00,11.0
"mixed institute of cosmetology",0,1,0.00,43.0
"mixed institute of cosmetology & barber",0,1,0.00,38.0
"mizani butter blend relaxer near me",0,1,0.00,1.0
"mizani relaxer butter blend",0,1,0.00,5.0
"mizani true textures",0,1,0.00,8.0
"mizz celebrity style bar llc",0,1,0.00,6.0
"mj academy",0,1,0.00,1.0
"mj barber & beauty academy",0,2,0.00,31.5
"mj barber and beauty academy",0,1,0.00,27.0
"mj barber and beauty academy hemet",0,1,0.00,23.0
"mj beauty academy",0,6,0.00,1.0
"mj blade",0,2,0.00,6.5
"mj blade barbershop",0,3,0.00,10.3
"mj dominican salon",0,1,0.00,12.0
"mk beaty",0,1,0.00,10.0
"mk beauty",0,14,0.00,9.1
"mk beauty club",0,39,0.00,7.6
"mk beauty club reviews",0,2,0.00,9.0
"mk beauty salon",0,1,0.00,11.0
"mk beauty supply",0,20,0.00,12.1
"mk beauty supply store",0,1,0.00,6.0
"ml beauty salon",0,3,0.00,8.0
"ml braiding",0,2,0.00,1.0
"ml hair",0,3,0.00,3.7
"ml hair braiding",0,10,0.00,2.2
"ml hair braiding reviews",0,2,0.00,5.0
"ml hair salon",0,2,0.00,14.5
"ml hair studio",0,1,0.00,10.0
"ml hair studio reviews",0,18,0.00,7.2
"ml salon",0,7,0.00,12.4
"ml2",0,10,0.00,31.6
"ml2 bellaire",0,1,0.00,8.0
"ml2 hair",0,3,0.00,12.0
"ml2 hair design",0,12,0.00,11.9
"ml2 hair design (in dunhuang)",0,3,0.00,5.7
"ml2 hair design (in dunhuang) photos",0,7,0.00,8.3
"ml2 hair design houston",0,5,0.00,8.4
"ml2 hair design kim son",0,12,0.00,8.0
"ml2 hair design reviews",0,3,0.00,17.3
"ml2 hair salon",0,12,0.00,9.7
"ml2 hair salon houston",0,5,0.00,11.0
"ml2 houston",0,4,0.00,14.0
"ml2 salon",0,13,0.00,7.7
"mlb barbershop",0,1,0.00,33.0
"mlk beauty supply",0,1,0.00,28.0
"mlk hair store",0,1,0.00,2.0
"mls barbershop",0,1,0.00,9.0
"mm beauty supply",0,2,0.00,4.0
"mmix hair products",0,1,0.00,2.0
"mo city beauty college",0,1,0.00,7.0
"mo3 barbershop",0,2,0.00,19.0
"mo3 barbershop san jose",0,3,0.00,20.3
"mo3 haircut",0,1,0.00,45.0
"mobile barber atlanta",0,2,0.00,37.5
"mobile barber houston texas",0,1,0.00,13.0
"mobile barber near me",0,1,0.00,1.0
"mobile barber supply near me",0,1,0.00,1.0
"mobile beauty salon",0,1,0.00,8.0
"mochi polygel",0,1,0.00,6.0
"mod and black",0,10,0.00,9.5
"mod and black academy",0,38,0.00,5.6
"mod and black odessa tx",0,15,0.00,8.9
"mod and black salon",0,4,0.00,10.0
"mod hair factory",0,4,0.00,8.5
"moder salon",0,1,0.00,12.0
"modern academy",0,1,0.00,64.0
"modern barber & beauty institute",0,1,0.00,21.0
"modern barber and beauty institute",0,5,0.00,9.4
"modern barber and beauty institute reviews",0,10,0.00,8.9
"modern barber college",0,7,0.00,11.3
"modern barber shop glendale",0,7,0.00,9.9
"modern beauty academy",0,2,0.00,56.0
"modern beauty academy oxnard",0,1,0.00,32.0
"modern beauty institute of cosmetology",0,5,0.00,14.4
"modern day salon",0,10,0.00,7.8
"modern hair salon",0,6,0.00,7.5
"modern image barber",0,3,0.00,49.3
"modern image barber & stylist - dallas reviews",0,1,0.00,4.0
"modern image garland",0,6,0.00,24.5
"modern image institute",0,4,0.00,47.3
"modern image institute barber & stylist",0,1,0.00,22.0
"modern image institute barber & stylist richardson reviews",0,4,0.00,12.0
"modern luxe salon",0,1,0.00,22.0
"modern luxe salon reviews",0,19,0.00,7.6
"modern rebel barbershop",0,10,0.00,8.9
"modern rose salon",0,1,0.00,35.0
"modern salon",0,44,0.00,10.4
"modern salon equipment",0,2,0.00,1.0
"modern salon houston",0,60,0.00,8.1
"modern salon houston reviews",0,9,0.00,10.4
"modern salon houston tx",0,1,0.00,16.0
"modern salon huffmeister",0,58,0.00,7.3
"modern salon on huffmeister",0,1,0.00,7.0
"modern salon summerwood",0,43,0.00,9.9
"modern stylist",0,1,0.00,7.0
"modern stylists",0,1,0.00,8.0
"modernsalon",0,3,0.00,23.3
"modest salon",0,3,0.00,20.7
"modesto bath and body works",0,3,0.00,8.3
"modesto beauty college",0,2,0.00,10.5
"modesto beauty school",0,1,0.00,16.0
"modesty hair",0,1,0.00,15.0
"modesty hair salon",0,1,0.00,20.0
"modesty hair studio",0,1,0.00,30.0
"modesty salon",0,1,0.00,12.0
"modish",0,4,0.00,8.5
"modish hair salon",0,4,0.00,7.3
"modish salon",0,9,0.00,7.8
"modish salon professional",0,7,0.00,6.7
"modish salon professional reviews",0,7,0.00,5.7
"modish salon san antonio",0,1,0.00,1.0
"moe better cuts",0,12,0.00,9.0
"moebettercuts",0,4,0.00,9.8
"mofan hair salon",0,7,0.00,8.0
"mofan hair salon houston photos",0,8,0.00,9.3
"mofan hair salon houston reviews",0,11,0.00,5.3
"mofan salon",0,46,0.00,8.2
"mogo salon academy",0,33,0.00,10.5
"mogo salon academy of montgomery",0,10,0.00,9.6
"mogo salon academy reviews",0,3,0.00,10.0
"mojgan beauty salon houston",0,10,0.00,4.2
"moler barber college",0,1,0.00,9.0
"moler barber college hayward",0,1,0.00,28.0
"moler cosmetology",0,1,0.00,45.0
"molers barber college",0,1,0.00,42.0
"momo barber",0,1,0.00,4.0
"momo barbershop",0,4,0.00,5.5
"momo hair salon",0,1,0.00,5.0
"momo the barber",0,37,0.00,4.8
"momo the barber san francisco reviews",0,39,0.00,3.7
"momos barbershop",0,3,0.00,4.0
"mona d coiffeur",0,9,0.00,5.8
"monarch and co beauty studio",0,1,0.00,25.0
"monarch barber",0,4,0.00,11.3
"monarch barber shop",0,8,0.00,10.0
"monarch barbershop",0,20,0.00,10.8
"monarch barbershop austin",0,3,0.00,11.7
"monarch barbershop reviews",0,2,0.00,13.0
"monarch beauty",0,2,0.00,3.0
"monarch beauty salon",0,2,0.00,5.0
"monarch beauty studio",0,3,0.00,9.0
"monarch beauty waxing",0,1,0.00,28.0
"monarch hair",0,1,0.00,6.0
"monarch hair salon",0,6,0.00,10.5
"monarch hair studio",0,1,0.00,11.0
"monarch salon",0,15,0.00,7.7
"monat hair products",0,1,0.00,5.0
"monat hair products near me",0,1,0.00,47.0
"monchis barber shop",0,4,0.00,10.0
"mondu mens spa",0,1,0.00,62.0
"monica beauty salon",0,3,0.00,10.0
"monica hair",0,2,0.00,5.0
"monica hair salon",0,3,0.00,13.7
"monica hair studio",0,2,0.00,21.0
"monica resendez",0,4,0.00,7.8
"monica salon",0,1,0.00,4.0
"monica salon de belleza",0,1,0.00,1.0
"monica saloon",0,1,0.00,4.0
"monica tony aesthetics & skincare",0,2,0.00,94.0
"monica's beauty",0,1,0.00,10.0
"monica's beauty salon",0,3,0.00,6.0
"monica's hair salon",0,2,0.00,18.5
"monicas hair salon",0,2,0.00,4.5
"monicas salon",0,1,0.00,4.0
"monkara",0,4,0.00,7.5
"monomer for nails near me",0,1,0.00,10.0
"monomer liquid near me",0,1,0.00,24.0
"monomer near me",0,2,0.00,7.5
"monopoly hair salon",0,5,0.00,7.4
"monopoly salon",0,2,0.00,6.0
"montana barber institute",0,7,0.00,7.7
"montenegro hair salon",0,1,0.00,9.0
"montenegro salon",0,10,0.00,8.1
"monterrey barber",0,1,0.00,11.0
"monterrey barber shop",0,4,0.00,10.3
"monterrey barber shop telephone rd",0,12,0.00,8.3
"monterrey hair salon",0,4,0.00,5.5
"montes barbershop",0,1,0.00,11.0
"montgomery beauty school",0,1,0.00,11.0
"montoya beauty salon",0,1,0.00,7.0
"montoya hair salon",0,2,0.00,8.0
"montoya salon",0,1,0.00,7.0
"monty's barbershop",0,12,0.00,7.8
"moon beauty supply",0,1,0.00,43.0
"moon hair salon near me",0,1,0.00,9.0
"moon hair store",0,1,0.00,47.0
"moon salon",0,3,0.00,9.0
"moon salon studio",0,2,0.00,9.5
"moon salon studios",0,15,0.00,8.5
"moon studios salon",0,1,0.00,9.0
"moptop hair",0,1,0.00,9.0
"more lyfe 2250",0,2,0.00,10.0
"more places",0,1,0.00,1.0
"morenos barber shop",0,2,0.00,11.0
"morenos barber studio",0,2,0.00,9.5
"moroccan beauty center",0,66,0.00,6.1
"moroccan beauty center cypress reviews",0,29,0.00,10.6
"moroccan hair salon near me",0,5,0.00,8.8
"moroccan salon",0,1,0.00,16.0
"moroccan salon near me",0,1,0.00,11.0
"morocco hair salon",0,3,0.00,14.0
"moses hair salon location",0,2,0.00,6.0
"most famous cutz",0,19,0.00,11.3
"most high barber college",0,85,0.00,7.8
"most high barber college san antonio",0,21,0.00,6.9
"most high barber college san antonio reviews",0,2,0.00,5.5
"mounir hair salon locations",0,2,0.00,55.5
"mount vernon hair salon",0,2,0.00,5.0
"mountain beauty supply",0,3,0.00,10.7
"moxi hair salon",0,1,0.00,9.0
"moxi hair studio",0,7,0.00,9.4
"moxie hair",0,8,0.00,10.1
"moxie hair salon",0,25,0.00,9.6
"moxie hair salon and spa",0,10,0.00,19.7
"moxie hair salon and spa photos",0,9,0.00,9.7
"moxie hair salon and spa reviews",0,13,0.00,8.3
"moxie hair salon san antonio",0,2,0.00,10.5
"moxie hair studio",0,1,0.00,9.0
"moxie salon",0,4,0.00,11.3
"moxie salon san antonio",0,2,0.00,12.5
"moxies hair salon",0,1,0.00,10.0
"mp hair",0,3,0.00,4.0
"mp hair salon",0,6,0.00,2.3
"mp salon",0,1,0.00,9.0
"mr and mrs salon",0,1,0.00,8.0
"mr b barber supply",0,1,0.00,24.0
"mr beauty",0,15,0.00,22.2
"mr dunn's barber shop",0,9,0.00,9.0
"mr johnny fades",0,1,0.00,8.0
"mr kim's beauty supply",0,8,0.00,2.3
"mr smith hair products",0,1,0.00,4.0
"mr winstons reviews",0,1,0.00,9.0
"mr winstons uptown",0,1,0.00,5.0
"mr. winston's",0,2,0.00,20.0
"ms a store",0,6,0.00,10.2
"ms barbershop",0,3,0.00,11.0
"ms beauty",0,3,0.00,7.7
"ms beauty spa",0,1,0.00,6.0
"ms hair",0,3,0.00,20.0
"ms hair salon",0,1,0.00,14.0
"ms hairstyling",0,1,0.00,13.0
"ms salon",0,16,0.00,7.3
"mscg hair studio",0,7,0.00,9.9
"mssalon",0,1,0.00,8.0
"mt beauty salon",0,1,0.00,11.0
"mt beauty supply",0,1,0.00,8.0
"mt salon",0,27,0.00,4.9
"mtb barber academy",0,12,0.00,6.8
"mti paul mitchell",0,2,0.00,35.5
"mua address",0,1,0.00,48.0
"mua nail supply",0,2,0.00,1.0
"mua supply nail",0,1,0.00,2.0
"mulan school",0,1,0.00,12.0
"multicultural hair houston, tx",0,4,0.00,11.3
"multicultural hair salon",0,1,0.00,5.0
"multicultural salon",0,1,0.00,7.0
"multicultural trichology center salon arlington tx",0,1,0.00,46.0
"mundan barber",0,1,0.00,24.0
"mundan fremont",0,1,0.00,16.0
"murphy salon",0,2,0.00,10.5
"murphy's retreat",0,2,0.00,4.5
"muse beauty salon",0,7,0.00,9.9
"muse beauty studio",0,2,0.00,24.5
"muse beauty suite",0,1,0.00,52.0
"muse beauty supply",0,35,0.00,9.2
"muse beauty supply houston",0,5,0.00,10.2
"muse beauty supply photos",0,1,0.00,11.0
"muse beauty supply reviews",0,48,0.00,7.1
"muse dental houston",0,1,0.00,21.0
"muse hair",0,3,0.00,11.0
"muse hair salon",0,11,0.00,7.7
"muse hair salon dallas",0,1,0.00,8.0
"muse hair studio",0,1,0.00,6.0
"muse salon",0,3,0.00,6.3
"muse salon dallas",0,7,0.00,10.9
"muse salon studios",0,1,0.00,35.0
"muse studio",0,8,0.00,16.9
"muse studio houston",0,11,0.00,6.3
"muse studios",0,2,0.00,8.0
"muse the salon",0,7,0.00,7.7
"muse the salon dallas",0,3,0.00,7.3
"muse the salon reviews",0,2,0.00,7.0
"mused hair",0,1,0.00,13.0
"muss a",0,1,0.00,10.0
"mustache cut barber shop",0,1,0.00,10.0
"mvc barber",0,18,0.00,10.3
"mvc barber shop",0,2,0.00,10.0
"mvc barbershop",0,33,0.00,9.5
"mvc barbershop reviews",0,4,0.00,8.8
"mvp beauty",0,26,0.00,2.6
"mvp beauty supply",0,109,0.00,3.1
"mvp beauty supply moreno valley",0,10,0.00,3.5
"mvp beauty supply photos",0,1,0.00,6.0
"mvp moreno valley",0,7,0.00,3.7
"mw hair salon",0,2,0.00,18.5
"mw salon",0,1,0.00,4.0
"mwe barbershop",0,3,0.00,8.7
"mx barber",0,2,0.00,8.5
"mx barber shop",0,8,0.00,10.4
"mx barbershop",0,1,0.00,10.0
"my beauty concepts salon",0,1,0.00,31.0
"my beauty hair salon",0,4,0.00,8.0
"my beauty house",0,1,0.00,53.0
"my beauty place",0,2,0.00,12.0
"my beauty place reviews",0,7,0.00,7.0
"my beauty salon",0,5,0.00,24.0
"my beauty suite",0,1,0.00,8.0
"my beauty supply",0,1,0.00,47.0
"my fair lady hair salon",0,1,0.00,8.0
"my fair lady salon",0,5,0.00,8.0
"my hair and beauty shop",0,1,0.00,8.0
"my hair design",0,81,0.00,5.7
"my haircut",0,1,0.00,1.0
"my hairdresser",0,1,0.00,9.0
"my le beauty college",0,1,0.00,15.0
"my le's beauty college reviews",0,3,0.00,11.0
"my place beauty salon",0,1,0.00,9.0
"my salon",0,5,0.00,9.2
"my salon arlington",0,27,0.00,49.5
"my salon store",0,1,0.00,12.0
"my salon suite houston",0,1,0.00,28.0
"my salon suite pasadena",0,11,0.00,15.6
"my salon suite pasadena reviews",0,2,0.00,11.0
"my salon suites bellaire",0,4,0.00,8.5
"my salon suites houston",0,2,0.00,19.5
"my salon suites pasadena tx",0,52,0.00,8.7
"my studio hair salon",0,1,0.00,9.0
"my style salon",0,1,0.00,38.0
"my stylist",0,19,0.00,15.4
"my stylist salon",0,95,0.00,5.6
"my stylist salon reviews",0,19,0.00,7.3
"my stylist salon san jose",0,7,0.00,5.6
"my suite studio",0,12,0.00,7.4
"my supply guy",0,63,0.00,8.5
"my supply guy 3580 breckinridge blvd (suite 101) duluth ga 30096",0,9,0.00,8.1
"my supply guy 3580 breckinridge blvd suite 101 duluth ga 30096",0,2,0.00,5.5
"my time beauty salon",0,1,0.00,6.0
"mykolor hair salon",0,2,0.00,11.0
"myles hair salon",0,1,0.00,9.0
"mylk hair",0,2,0.00,4.0
"mynt barbershop",0,1,0.00,7.0
"myntbarbershop.com email and owner",0,1,0.00,11.0
"myself",0,1,0.00,3.0
"mystros",0,1,0.00,11.0
"mystros barber academy",0,1,0.00,1.0
"mystros barber academy missouri city",0,6,0.00,5.8
"mystros barber academy reviews",0,15,0.00,4.5
"mystros barber shop",0,3,0.00,21.0
"mystylist",0,1,0.00,11.0
"mystylist hair studio",0,1,0.00,26.0
"mystylist salon",0,13,0.00,8.8
"mysupplyguy",0,4,0.00,8.5
"mytime nail bar",0,1,0.00,10.0
"n & h",0,2,0.00,1.0
"n & y",0,1,0.00,1.0
"n and h beauty",0,3,0.00,1.0
"n and h beauty supply",0,18,0.00,5.4
"n beauty salon",0,2,0.00,7.0
"n hair",0,4,0.00,33.0
"n hair salon",0,47,0.00,6.6
"n hair salon reviews",0,2,0.00,7.0
"n s salon",0,1,0.00,7.0
"n salon",0,7,0.00,5.9
"n salon near me",0,1,0.00,6.0
"n saloon",0,1,0.00,6.0
"n&h",0,5,0.00,6.2
"n&h beauty supply",0,31,0.00,7.7
"n&p hair salon",0,1,0.00,7.0
"n&t hair salon",0,1,0.00,26.0
"n.g. barber studio",0,2,0.00,12.0
"naics code barber shop",0,1,0.00,67.0
"nail academy",0,1,0.00,1.0
"nail airbrush machine",0,1,0.00,9.0
"nail b",0,1,0.00,7.0
"nail bar college station",0,1,0.00,13.0
"nail bar corpus christi",0,5,0.00,22.0
"nail bliss",0,3,0.00,7.7
"nail bliss bar",0,2,0.00,9.5
"nail bliss salon",0,1,0.00,9.0
"nail boss academy",0,4,0.00,7.3
"nail brushes near me",0,1,0.00,1.0
"nail by helen",0,1,0.00,10.0
"nail classes near me",0,3,0.00,4.7
"nail course",0,1,0.00,1.0
"nail courses near me",0,1,0.00,6.0
"nail cutter near me",0,1,0.00,16.0
"nail depot houston",0,4,0.00,9.3
"nail depot supply",0,2,0.00,23.5
"nail depot supply near me",0,1,0.00,54.0
"nail design store",0,1,0.00,5.0
"nail desk",0,1,0.00,2.0
"nail drill nearby",0,3,0.00,4.7
"nail kit",0,1,0.00,2.0
"nail license texas",0,20,0.00,46.6
"nail master",0,2,0.00,8.5
"nail master dallas",0,8,0.00,2.0
"nail monomer",0,1,0.00,4.0
"nail monomer near me",0,3,0.00,15.0
"nail near me",0,1,0.00,6.0
"nail places near me",0,1,0.00,1.0
"nail plus",0,6,0.00,7.7
"nail plus dallas",0,6,0.00,1.0
"nail plus nail supply",0,1,0.00,1.0
"nail plus near me",0,2,0.00,1.0
"nail plus richardson",0,2,0.00,4.0
"nail plus supply",0,31,0.00,1.0
"nail plus supply store",0,1,0.00,1.0
"nail polish",0,1,0.00,2.0
"nail polish store near me",0,1,0.00,1.0
"nail pro supply",0,1,0.00,7.0
"nail programs near me",0,2,0.00,1.0
"nail salon",0,4,0.00,6.0
"nail salon baytown",0,1,0.00,27.0
"nail salon baytown garth rd",0,1,0.00,25.0
"nail salon donna tx",0,1,0.00,1.0
"nail salon near me prices",0,1,0.00,1.0
"nail salon open at 8am",0,2,0.00,1.0
"nail salon open now near me",0,1,0.00,1.0
"nail salon school",0,1,0.00,1.0
"nail salon suites plano",0,1,0.00,51.0
"nail salon the woodlands mall",0,1,0.00,12.0
"nail salons",0,1,0.00,1.0
"nail salons near me",0,2,0.00,1.0
"nail salons near me open early",0,1,0.00,1.0
"nail school",0,9,0.00,11.0
"nail school arlington tx",0,2,0.00,30.5
"nail school in sugar land texas",0,13,0.00,15.0
"nail school near me",0,6,0.00,9.0
"nail school sugar land",0,4,0.00,13.0
"nail school whitehouse",0,6,0.00,12.7
"nail schools",0,1,0.00,1.0
"nail schools san antonio",0,3,0.00,44.7
"nail scool",0,1,0.00,2.0
"nail shine buffer",0,1,0.00,7.0
"nail shop midtown",0,1,0.00,1.0
"nail shop near me",0,4,0.00,3.3
"nail shop on griggs",0,2,0.00,9.0
"nail shop on tidwell",0,1,0.00,4.0
"nail shop open",0,1,0.00,1.0
"nail shops near me",0,5,0.00,1.2
"nail shops that sell nail supplies",0,1,0.00,3.0
"nail smart",0,13,0.00,8.2
"nail spa eagle pass",0,2,0.00,10.5
"nail store fresno",0,2,0.00,9.5
"nail store near me",0,1,0.00,1.0
"nail store richardson tx",0,1,0.00,1.0
"nail store san jose",0,2,0.00,2.0
"nail store supply near me",0,1,0.00,1.0
"nail stores",0,3,0.00,1.0
"nail superstore near me",0,1,0.00,2.0
"nail suplies",0,1,0.00,1.0
"nail supp",0,1,0.00,1.0
"nail supplies in sacramento",0,1,0.00,21.0
"nail supplies near me",0,2,0.00,1.0
"nail supply",0,10,0.00,4.1
"nail supply austin",0,1,0.00,19.0
"nail supply austin tx",0,1,0.00,43.0
"nail supply bellaire",0,2,0.00,32.0
"nail supply depot",0,3,0.00,27.0
"nail supply fresno",0,4,0.00,9.8
"nail supply houston",0,3,0.00,17.0
"nail supply in bellaire",0,1,0.00,36.0
"nail supply in houston",0,1,0.00,29.0
"nail supply in richardson",0,2,0.00,1.0
"nail supply national city",0,1,0.00,5.0
"nail supply nearby",0,1,0.00,11.0
"nail supply on bellaire",0,1,0.00,37.0
"nail supply open",0,1,0.00,7.0
"nail supply place near me",0,1,0.00,1.0
"nail supply plus",0,24,0.00,1.4
"nail supply plus richardson tx",0,2,0.00,1.0
"nail supply richardson",0,3,0.00,1.0
"nail supply richardson tx",0,2,0.00,1.0
"nail supply sacramento",0,3,0.00,16.7
"nail supply sacramento ca",0,1,0.00,22.0
"nail supply san antonio",0,1,0.00,28.0
"nail supply shop near me",0,1,0.00,1.0
"nail supply shops near me",0,1,0.00,8.0
"nail supply stockton",0,6,0.00,18.3
"nail supply store amarillo",0,2,0.00,1.5
"nail supply store amarillo tx",0,1,0.00,1.0
"nail supply store austin",0,8,0.00,10.8
"nail supply store chula vista",0,4,0.00,8.0
"nail supply store el paso",0,22,0.00,8.5
"nail supply store fontana",0,5,0.00,10.4
"nail supply store fort worth",0,6,0.00,5.2
"nail supply store fresno",0,23,0.00,9.7
"nail supply store fresno ca",0,4,0.00,10.0
"nail supply store houston",0,5,0.00,23.4
"nail supply store houston tx",0,5,0.00,24.4
"nail supply store in houston",0,1,0.00,38.0
"nail supply store in houston texas",0,2,0.00,23.0
"nail supply store in sacramento",0,1,0.00,18.0
"nail supply store in san antonio",0,2,0.00,11.0
"nail supply store katy",0,1,0.00,4.0
"nail supply store lancaster ca",0,9,0.00,10.0
"nail supply store near me",0,51,0.00,3.4
"nail supply store near me open",0,1,0.00,8.0
"nail supply store nearby",0,1,0.00,3.0
"nail supply store oakland ca",0,1,0.00,23.0
"nail supply store palmdale",0,1,0.00,18.0
"nail supply store plano",0,3,0.00,7.7
"nail supply store redlands",0,9,0.00,6.8
"nail supply store richardson",0,2,0.00,3.5
"nail supply store richardson tx",0,3,0.00,1.0
"nail supply store sacramento",0,28,0.00,10.7
"nail supply store sacramento ca",0,1,0.00,20.0
"nail supply store san antonio",0,7,0.00,8.1
"nail supply store san antonio tx",0,3,0.00,12.0
"nail supply store san bernardino",0,15,0.00,9.1
"nail supply store san jose",0,2,0.00,21.5
"nail supply store san jose ca",0,3,0.00,24.0
"nail supply store santa clarita",0,1,0.00,1.0
"nail supply store stockton",0,30,0.00,12.4
"nail supply store tyler tx",0,15,0.00,8.7
"nail supply store waco",0,1,0.00,9.0
"nail supply stores",0,3,0.00,1.0
"nail supply stores in houston",0,1,0.00,21.0
"nail supply stores near me",0,5,0.00,1.2
"nail supply warehouse",0,1,0.00,1.0
"nail table with ventilation system",0,1,0.00,7.0
"nail tech certification texas",0,1,0.00,75.0
"nail tech license in texas",0,2,0.00,62.0
"nail tech license texas",0,15,0.00,43.9
"nail tech programs near me",0,1,0.00,1.0
"nail tech school corpus christi",0,1,0.00,16.0
"nail tech school fresno",0,1,0.00,10.0
"nail tech school houston",0,1,0.00,5.0
"nail tech school san antonio",0,3,0.00,53.0
"nail tech school sugar land",0,16,0.00,11.6
"nail tech school tyler tx",0,8,0.00,10.5
"nail tech school vacaville",0,3,0.00,28.0
"nail tech schools in dallas",0,1,0.00,1.0
"nail tech schools in houston",0,2,0.00,54.5
"nail tech schools in san antonio",0,3,0.00,68.0
"nail tech schools in sugar land",0,13,0.00,11.8
"nail tech schools san antonio",0,3,0.00,50.3
"nail tech schools san antonio tx",0,4,0.00,51.5
"nail tech training near me",0,1,0.00,1.0
"nail technician license texas",0,21,0.00,45.7
"nail technician license texas online",0,15,0.00,54.3
"nail technician school",0,1,0.00,1.0
"nail technology school near me",0,1,0.00,1.0
"nail techs school near me",0,3,0.00,1.0
"nail tools near me",0,2,0.00,33.0
"nail training courses",0,1,0.00,1.0
"nail warehouse near me",0,1,0.00,2.0
"nail.bliss",0,1,0.00,10.0
"nail.salon near me",0,1,0.00,1.0
"nail.salons open late near me",0,1,0.00,1.0
"nailmaster locations",0,1,0.00,4.0
"nailmasterdallas",0,18,0.00,2.6
"nailplus",0,2,0.00,1.0
"nailplusonline",0,4,0.00,1.0
"nails",0,1,0.00,2.0
"nails & hair by dony",0,1,0.00,39.0
"nails baytown",0,1,0.00,24.0
"nails baytown tx",0,1,0.00,29.0
"nails booth supplies palia",0,1,0.00,5.0
"nails by helen",0,5,0.00,12.0
"nails classes near me",0,1,0.00,1.0
"nails donna tx",0,1,0.00,7.0
"nails license in texas",0,15,0.00,43.0
"nails plus",0,14,0.00,3.9
"nails plus dallas",0,2,0.00,1.0
"nails plus nail supply",0,49,0.00,1.0
"nails plus nail supply dallas/richardson",0,15,0.00,4.1
"nails plus nail supply photos",0,1,0.00,11.0
"nails plus nail supply reviews",0,6,0.00,8.8
"nails plus near me",0,1,0.00,1.0
"nails plus online",0,1,0.00,1.0
"nails plus richardson",0,3,0.00,1.0
"nails plus richardson tx",0,1,0.00,8.0
"nails plus supply store",0,2,0.00,4.0
"nails salon near me",0,1,0.00,3.0
"nails salons near me",0,1,0.00,1.0
"nails school",0,1,0.00,1.0
"nails school near me",0,1,0.00,1.0
"nails smart",0,3,0.00,4.7
"nails smart nail supply",0,10,0.00,4.7
"nails smart nail supply photos",0,1,0.00,7.0
"nails stores",0,1,0.00,8.0
"nails supplies near me",0,1,0.00,1.0
"nails supply",0,5,0.00,1.0
"nails supply bellaire",0,1,0.00,44.0
"nails supply depot",0,1,0.00,48.0
"nails supply in san jose",0,1,0.00,30.0
"nails supply near me",0,5,0.00,3.8
"nails supply plus",0,2,0.00,8.5
"nails supply san jose",0,1,0.00,11.0
"nails supply store near me",0,1,0.00,4.0
"nails training course",0,1,0.00,3.0
"nails+supplies",0,1,0.00,2.0
"nailsala",0,1,0.00,7.0
"nailshop near me",0,1,0.00,1.0
"nailsplus",0,3,0.00,1.0
"nailsplusonline",0,7,0.00,1.0
"nairobi foam wrap",0,1,0.00,4.0
"nairobi hair products",0,1,0.00,6.0
"nakhi barber",0,4,0.00,8.5
"namaste brows",0,27,0.00,10.1
"namaste brows plano",0,9,0.00,8.6
"namaste brows plano photos",0,3,0.00,9.7
"namaste brows plano reviews",0,4,0.00,8.0
"namcy nails",0,2,0.00,8.0
"nana hair salon",0,5,0.00,12.6
"nana's beauty salon",0,1,0.00,33.0
"nana's hair salon",0,2,0.00,11.5
"nana's hair salon and spa",0,8,0.00,7.9
"nana's hair salon and spa san jose photos",0,1,0.00,7.0
"nana's hair salon and spa san jose reviews",0,12,0.00,5.7
"nana's hair salon reviews",0,2,0.00,8.0
"nanas hair salon",0,4,0.00,10.0
"nana’s hair salon",0,2,0.00,20.5
"nancy barber shop",0,1,0.00,5.0
"nancy beauty center",0,1,0.00,30.0
"nancy beauty salon",0,3,0.00,8.3
"nancy hair",0,13,0.00,7.7
"nancy hair and nails",0,6,0.00,8.2
"nancy hair salon",0,14,0.00,6.7
"nancy hair studio",0,2,0.00,17.0
"nancy salon",0,9,0.00,8.8
"nancy salon de belleza",0,4,0.00,6.5
"nancy studios",0,3,0.00,46.0
"nancy's beauty salon",0,2,0.00,16.5
"nancy's hair salon",0,2,0.00,6.5
"nancys beauty salon",0,1,0.00,24.0
"nancys hair salon",0,1,0.00,3.0
"nando barber",0,7,0.00,8.9
"nando barbershop",0,1,0.00,24.0
"nando the barber",0,1,0.00,6.0
"nando's barber shop",0,1,0.00,26.0
"nandos barber shop",0,3,0.00,21.3
"nandos barbershop",0,1,0.00,27.0
"nano beauty salon",0,1,0.00,6.0
"nanoplastia treatment",0,1,0.00,6.0
"nanoplasty hair treatment",0,1,0.00,2.0
"nanoplasty near me",0,2,0.00,6.0
"nanu beauty salon",0,53,0.00,4.4
"nanu salon",0,9,0.00,4.1
"nasa hair salon",0,1,0.00,12.0
"natalie hair salon",0,4,0.00,6.8
"natalie michelle",0,22,0.00,8.1
"natalie michelle salon",0,44,0.00,8.2
"natalie salon",0,2,0.00,6.0
"national cosmetology beauty school",0,3,0.00,12.7
"national salon resources",0,1,0.00,50.0
"natural beauty academy",0,1,0.00,84.0
"natural beauty and beyond",0,1,0.00,76.0
"natural hair katy",0,12,0.00,3.3
"natural hair of katy photos",0,5,0.00,6.6
"natural hair of katy reviews",0,57,0.00,10.4
"natural hair resources",0,4,0.00,1.0
"natural hair salon katy",0,10,0.00,6.3
"natural hair salon katy tx",0,1,0.00,20.0
"natural hairstylist near me",0,1,0.00,1.0
"natural images beauty college",0,1,0.00,24.0
"natural kinky hair",0,1,0.00,9.0
"natural look braiding salon",0,10,0.00,7.3
"natural resources hair salon",0,11,0.00,4.5
"natural resources salon",0,74,0.00,4.3
"natural resources salon houston",0,2,0.00,1.0
"naturally rooted hair salon",0,7,0.00,8.1
"naturally rooted natural hair salon",0,13,0.00,7.8
"naturally you",0,4,0.00,4.5
"naturally you locs",0,10,0.00,3.5
"naturals at office",0,1,0.00,1.0
"naturals salon timings",0,1,0.00,56.0
"nature glow",0,4,0.00,1.0
"nature glow salon",0,4,0.00,2.5
"nature salon and spa",0,3,0.00,4.3
"nature's glow salon & spa",0,7,0.00,4.1
"nature's glow salon & spa reviews",0,5,0.00,5.8
"natures beauty",0,2,0.00,1.0
"natures glow",0,1,0.00,1.0
"naturewell beauty",0,1,0.00,5.0
"naty beauty salon",0,2,0.00,7.5
"naty hair salon",0,2,0.00,6.0
"naty salon",0,12,0.00,7.5
"naty salon & spa",0,10,0.00,9.0
"naty salon & spa photos",0,1,0.00,9.0
"naty salon and spa pasadena reviews",0,6,0.00,6.3
"natys hair salon",0,7,0.00,6.9
"natys salon",0,5,0.00,9.2
"nautikas barber shop",0,17,0.00,11.7
"navarro college cosmetology",0,1,0.00,13.0
"navarro cosmetology",0,5,0.00,5.4
"navas barber shop",0,15,0.00,11.0
"navas barbershop",0,1,0.00,11.0
"navy blue press on nails",0,1,0.00,7.0
"nayelis beauty salon",0,1,0.00,29.0
"nc hair & makeup artistry",0,2,0.00,5.0
"nc hair & makeup artistry + nails brownsville",0,7,0.00,5.7
"nc hair and makeup",0,1,0.00,6.0
"nc hair salon",0,2,0.00,5.0
"nctc cosmetology",0,2,0.00,34.5
"near 77095",0,1,0.00,5.0
"near me",0,1,0.00,12.0
"nearby beauty supply store",0,3,0.00,1.0
"nearest beauty parlour for ladies",0,1,0.00,1.0
"nearest beauty supply",0,2,0.00,5.0
"nearest beauty supply near me",0,1,0.00,2.0
"nearest beauty supply store",0,2,0.00,11.5
"nearest hair store",0,1,0.00,11.0
"nearest miss a",0,1,0.00,10.0
"nearest open barber shop",0,1,0.00,1.0
"nearest sally beauty",0,4,0.00,6.8
"nearest sally's beauty",0,1,0.00,9.0
"nebula hair",0,3,0.00,7.3
"nebula hair salon",0,5,0.00,8.8
"nebula noir salon",0,15,0.00,7.1
"nebula salon",0,2,0.00,6.0
"neecee's barber college",0,5,0.00,8.8
"nefertiti beauty",0,19,0.00,4.2
"nefertiti beauty salon",0,1,0.00,1.0
"nefertiti beauty supply",0,4,0.00,7.0
"nefertiti beauty supply and salon",0,4,0.00,1.0
"nefertiti hair",0,1,0.00,1.0
"nefertiti hair salon",0,2,0.00,6.0
"neff hair",0,1,0.00,4.0
"neffs majestic",0,11,0.00,8.5
"neighborhood barber shop",0,1,0.00,1.0
"neihule",0,1,0.00,12.0
"neihule academy of beauty",0,18,0.00,8.7
"neihule academy of beauty reviews",0,6,0.00,11.7
"nelis salon",0,1,0.00,7.0
"nelly beauty",0,2,0.00,7.0
"nelly beauty salon",0,3,0.00,7.3
"nelly hair salon",0,2,0.00,8.0
"nelly salon",0,3,0.00,7.7
"nelly's hair salon",0,4,0.00,9.5
"nelly's salon",0,2,0.00,9.5
"nellys beauty salon",0,3,0.00,6.0
"nellys hair",0,1,0.00,7.0
"nellys salon",0,2,0.00,8.5
"nena beauty salon",0,2,0.00,11.0
"nena hair salon",0,4,0.00,13.0
"nena salon",0,3,0.00,17.0
"nena's beauty salon",0,4,0.00,12.0
"nena's beauty salon and spa",0,1,0.00,20.0
"nena's beauty salon photos",0,1,0.00,10.0
"nenas barber shop",0,3,0.00,5.3
"nenas beauty salon",0,4,0.00,14.0
"nenas hair salon",0,12,0.00,7.9
"nenas hair studio",0,3,0.00,7.0
"nenas salon",0,4,0.00,10.8
"neno stylo barber shop",0,6,0.00,10.7
"neo beauty supply",0,5,0.00,6.6
"neo dubois",0,13,0.00,8.3
"neo dubois hair salon",0,12,0.00,7.4
"neo hair studio",0,1,0.00,11.0
"neon blonde parlour",0,3,0.00,50.3
"neon lux",0,1,0.00,46.0
"neon lux salon & spa",0,1,0.00,60.0
"nepali barbershop near me",0,1,0.00,10.0
"nepali hair cut near me",0,2,0.00,7.5
"nepali hair salon near me",0,4,0.00,8.3
"nepali haircut near me",0,2,0.00,8.0
"nepali super cut",0,9,0.00,7.0
"neris barber company",0,1,0.00,46.0
"network barber shop",0,1,0.00,63.0
"neutral summer colors for nails",0,1,0.00,11.0
"new beauty supply store",0,1,0.00,4.0
"new braunfels beauty school",0,1,0.00,11.0
"new city blonde",0,24,0.00,8.1
"new city blonde atx",0,1,0.00,9.0
"new city blonde austin",0,4,0.00,9.8
"new city blonde reviews",0,29,0.00,4.2
"new city blonde salon",0,5,0.00,9.0
"new concept beauty salon",0,18,0.00,13.2
"new concept brownsville tx",0,6,0.00,9.0
"new creation barber lounge",0,11,0.00,10.4
"new cuts garland",0,1,0.00,10.0
"new era barbershop",0,1,0.00,7.0
"new era barbershop hq",0,11,0.00,6.5
"new estilo",0,12,0.00,7.1
"new estilo hair studio",0,36,0.00,7.7
"new friends barbershop lubbock",0,1,0.00,13.0
"new hair",0,7,0.00,5.0
"new hair salon",0,1,0.00,6.0
"new hair store",0,1,0.00,6.0
"new hair today",0,4,0.00,6.0
"new image",0,2,0.00,6.5
"new image barber",0,1,0.00,4.0
"new image beauty salon",0,2,0.00,4.5
"new image beauty school",0,2,0.00,11.5
"new image hair studio",0,2,0.00,6.0
"new image institute",0,3,0.00,8.7
"new image institute of cosmetology",0,8,0.00,9.9
"new image salon",0,1,0.00,6.0
"new image spa",0,15,0.00,7.5
"new image spa beauty salon",0,8,0.00,8.5
"new imagen salon",0,2,0.00,7.0
"new look",0,2,0.00,3.0
"new look barber",0,1,0.00,9.0
"new look barber shop",0,1,0.00,10.0
"new look beauty salon",0,7,0.00,2.7
"new look beauty salon fort worth",0,1,0.00,1.0
"new look clothing",0,1,0.00,4.0
"new look hair salon",0,8,0.00,9.0
"new look hair salon photos",0,1,0.00,10.0
"new look hair studio",0,2,0.00,10.0
"new look houston",0,8,0.00,12.3
"new look salon",0,15,0.00,8.3
"new look salon and spa",0,6,0.00,10.0
"new look salon humble",0,5,0.00,7.4
"new look salon sugar land",0,19,0.00,9.6
"new looks",0,1,0.00,1.0
"new looks barber shop",0,1,0.00,11.0
"new looks hair salon",0,6,0.00,13.0
"new looks salon",0,156,0.00,6.8
"new looks salon photos",0,5,0.00,10.0
"new looks salon reviews",0,22,0.00,9.3
"new looks salon sugar land",0,163,0.00,6.6
"new looks sugar land",0,5,0.00,9.6
"new movement barbershop",0,8,0.00,6.9
"new star beauty supply",0,9,0.00,3.2
"new star beauty supply photos",0,8,0.00,4.5
"new stars",0,1,0.00,1.0
"new style barber shop",0,14,0.00,8.3
"new style barbers",0,30,0.00,7.8
"new style barbershop",0,19,0.00,5.4
"new style barbershop oakland",0,15,0.00,7.9
"new style beauty",0,1,0.00,11.0
"new style beauty supply",0,7,0.00,10.0
"new supper cut",0,10,0.00,6.9
"new supper cut ( nepali )",0,30,0.00,5.9
"new supper cut ( nepali ) photos",0,5,0.00,1.0
"new supper cut ( nepali ) reviews",0,9,0.00,4.2
"new vision barber supplies",0,3,0.00,8.7
"new vision barber supply",0,18,0.00,9.4
"new world beauty supply",0,1,0.00,25.0
"new york barber near me",0,2,0.00,1.0
"new york beauty salon",0,4,0.00,8.5
"new york hair salon",0,2,0.00,5.0
"new york style salon",0,1,0.00,9.0
"new york styles",0,1,0.00,9.0
"new york unisex salon",0,11,0.00,8.8
"newberry beauty school",0,1,0.00,10.0
"newberry school of beauty",0,2,0.00,16.5
"newberry school of beauty granada hills ca",0,2,0.00,10.0
"newberry school of beauty in granada hills",0,1,0.00,13.0
"newberry school of beauty photos",0,2,0.00,7.5
"newberry school of beauty reviews",0,26,0.00,10.3
"newbury school of beauty",0,1,0.00,14.0
"newhall commons",0,25,0.00,6.9
"newlook salon",0,3,0.00,8.3
"newlooks",0,5,0.00,4.4
"newport pacific barbershop",0,5,0.00,8.2
"next barber shop",0,2,0.00,4.5
"next generation barber",0,1,0.00,8.0
"next generation barber academy",0,1,0.00,7.0
"next generation barber school",0,1,0.00,8.0
"next generation barber shop",0,5,0.00,13.8
"next generation downtown",0,11,0.00,6.3
"next level barber",0,10,0.00,10.0
"next level barber shop",0,20,0.00,10.0
"next level barber studio",0,1,0.00,18.0
"next level barbershop",0,15,0.00,9.7
"next level barbershop photos",0,1,0.00,9.0
"next level barbershop spring",0,14,0.00,11.5
"next level beauty bar",0,1,0.00,9.0
"next level beauty bar reviews",0,2,0.00,5.5
"next level cutz",0,4,0.00,29.3
"next level grooming",0,1,0.00,8.0
"next level grooming lounge",0,4,0.00,8.8
"next level kutz",0,30,0.00,8.5
"next level kutz photos",0,15,0.00,6.1
"next level kutz reviews",0,14,0.00,9.4
"next level salon",0,1,0.00,6.0
"next lvl barber shop",0,1,0.00,10.0
"next lvl barber shop corpus christi reviews",0,3,0.00,3.3
"next lvl barbershop",0,13,0.00,4.6
"next top barber",0,12,0.00,4.7
"next top barber academy",0,43,0.00,7.7
"next top barber academy photos",0,10,0.00,8.8
"next up barber",0,5,0.00,8.2
"next up barber studio",0,1,0.00,2.0
"next up barber studio - jersey village",0,5,0.00,9.2
"next up barber studio reviews",0,94,0.00,10.0
"next up barbershop",0,2,0.00,21.5
"neymar barber",0,3,0.00,9.0
"neymar barbershop",0,2,0.00,11.0
"neymar's barber",0,1,0.00,9.0
"neymar's barber shop reviews",0,47,0.00,9.7
"nf3 barbershop",0,1,0.00,17.0
"ng barber",0,11,0.00,10.2
"ng barber shop",0,1,0.00,6.0
"ng barber studio",0,10,0.00,10.6
"ng hair studio",0,5,0.00,6.6
"nga hair salon",0,1,0.00,5.0
"ngs academy",0,1,0.00,5.0
"nh beauty",0,1,0.00,1.0
"nh beauty supply",0,2,0.00,1.0
"nhan fashion hair",0,6,0.00,5.8
"nhan hair salon garland",0,2,0.00,6.5
"nhi hair",0,1,0.00,22.0
"nice day barber",0,2,0.00,8.0
"nice day barbershop",0,21,0.00,9.4
"nice hair",0,3,0.00,3.7
"niceday barbershop",0,4,0.00,8.8
"nicholas reyes hair salon",0,2,0.00,12.0
"nicholas reyes hair salon reviews",0,4,0.00,6.8
"nicholas reyes salon",0,1,0.00,13.0
"nicole barber shop",0,1,0.00,11.0
"nicole beauty salon",0,2,0.00,3.0
"nicole beauty studio",0,1,0.00,4.0
"nicole hair salon",0,3,0.00,6.7
"nicole ramz salon",0,1,0.00,12.0
"nicole salon",0,1,0.00,24.0
"nicole spa",0,1,0.00,1.0
"nicole's hair salon",0,3,0.00,9.3
"nidias hair salon",0,1,0.00,7.0
"nigel beauty emporium reviews",0,9,0.00,7.4
"nigel emporium",0,1,0.00,15.0
"nigel makeup store",0,1,0.00,9.0
"nigels beauty emporium",0,1,0.00,8.0
"night bird salon",0,3,0.00,8.7
"night classes",0,1,0.00,2.0
"nightbird salon",0,12,0.00,6.9
"nightbird salon houston",0,8,0.00,19.4
"nightbird salon river oaks",0,7,0.00,45.6
"nika hair salon",0,1,0.00,42.0
"nika salon",0,1,0.00,35.0
"nikhar beauty salon",0,1,0.00,33.0
"nikhar salon",0,1,0.00,49.0
"niki atelier",0,6,0.00,8.3
"niki hair salon",0,1,0.00,50.0
"nikki atelier",0,2,0.00,8.0
"nikki beauty",0,3,0.00,20.7
"nikki beauty salon",0,6,0.00,12.0
"nikki beauty supply & salon",0,3,0.00,37.7
"nikki h salon",0,2,0.00,34.5
"nikki hair",0,1,0.00,12.0
"nikki hair salon",0,1,0.00,9.0
"nikki knows hair",0,7,0.00,15.1
"nikki l",0,1,0.00,29.0
"nikki lay",0,6,0.00,7.0
"nikki lay atelier",0,31,0.00,7.2
"nikki lay atelier frisco",0,6,0.00,7.7
"nikki salon",0,9,0.00,10.4
"nikki | lay atelier",0,6,0.00,7.7
"nikki's beauty salon",0,5,0.00,10.6
"nikki's beauty salon houston",0,2,0.00,10.5
"nikki's hair salon",0,1,0.00,12.0
"nikki's salon",0,7,0.00,24.7
"nikkis salon",0,3,0.00,9.0
"nikky’s beauty & co.",0,6,0.00,6.5
"niko barber",0,2,0.00,4.5
"niko the barber",0,1,0.00,3.0
"nilda hair salon",0,1,0.00,8.0
"niles barber",0,18,0.00,18.7
"niles barber shop",0,46,0.00,8.5
"niles barber shop and shave parlor fremont",0,15,0.00,10.5
"niles barbershop",0,32,0.00,9.2
"niles beauty school",0,5,0.00,93.2
"nina beauty salon",0,2,0.00,9.5
"nina hair",0,3,0.00,12.3
"nina hair salon",0,36,0.00,7.3
"nina hair salon sugar land",0,1,0.00,9.0
"nina hairdresser",0,2,0.00,35.5
"nina salon",0,10,0.00,8.6
"nina's hair",0,1,0.00,30.0
"nina's hair salon",0,4,0.00,7.3
"ninas hair salon",0,8,0.00,7.8
"nine beauty",0,1,0.00,75.0
"nine salon",0,1,0.00,7.0
"nine zero one salon",0,1,0.00,10.0
"ninety degrees barbershop",0,1,0.00,66.0
"ninetydegreesbarbershopdallas.com email and owner",0,4,0.00,10.5
"ninos salon",0,1,0.00,10.0
"nirelis",0,2,0.00,7.0
"nita store",0,1,0.00,4.0
"nitidos barber shop",0,1,0.00,40.0
"nivel",0,1,0.00,5.0
"nix salon",0,1,0.00,38.0
"nixon beauty salon",0,1,0.00,9.0
"nixon hair salon",0,28,0.00,7.3
"nixon salon",0,7,0.00,5.4
"njc cosmetology",0,1,0.00,67.0
"njs salon",0,1,0.00,42.0
"no 7 products",0,1,0.00,4.0
"no cap barbershop",0,1,0.00,5.0
"no cap kutz barbershop",0,1,0.00,3.0
"noelle hair salon",0,1,0.00,2.0
"noelle haircut",0,1,0.00,7.0
"noes barbershop",0,7,0.00,9.1
"noes kustom kutz",0,1,0.00,35.0
"norma's unisex",0,1,0.00,5.0
"normandy hair salon",0,1,0.00,3.0
"normas beauty salon",0,6,0.00,5.0
"normas hair salon",0,3,0.00,2.7
"north 37 barber",0,4,0.00,9.3
"north fade barber shop dallas",0,17,0.00,11.8
"north hollywood beauty supply",0,1,0.00,26.0
"north texas barbershop",0,1,0.00,11.0
"north west hair change",0,1,0.00,7.0
"north west hair change bob",0,1,0.00,8.0
"north37",0,3,0.00,9.0
"north37 barber",0,4,0.00,10.5
"northfade",0,2,0.00,9.0
"northgate barber",0,3,0.00,9.3
"northgate barber shop",0,1,0.00,9.0
"northgate barbershop",0,3,0.00,16.0
"northgate beauty supply",0,1,0.00,29.0
"northline barber shop",0,6,0.00,8.3
"northline beauty salon",0,11,0.00,4.2
"northridge mall bath and body works",0,1,0.00,10.0
"northside barber shop denton",0,2,0.00,11.0
"northside beauty salon",0,5,0.00,8.8
"nova career institute el paso",0,48,0.00,8.3
"nova hair collective",0,1,0.00,9.0
"nova hair salon",0,6,0.00,8.5
"nova hair salon reviews",0,2,0.00,11.5
"nova hair salon sugar land",0,4,0.00,8.8
"nova haircut",0,1,0.00,10.0
"nova salon",0,2,0.00,7.0
"novak hair studios",0,4,0.00,11.3
"novak hair studios fort worth",0,1,0.00,16.0
"novak hair studios reviews",0,16,0.00,7.9
"novak studio",0,1,0.00,17.0
"novak studios",0,1,0.00,22.0
"ns hair salon",0,22,0.00,6.0
"ns hair salon and spa",0,3,0.00,6.0
"ns hair salon and spa photos",0,6,0.00,4.7
"ns hair salon and spa reviews",0,4,0.00,4.0
"ns salon",0,6,0.00,8.0
"ntb houston",0,1,0.00,52.0
"ntt beauty supply",0,4,0.00,8.8
"nu beauty image",0,1,0.00,21.0
"nu era barbershop",0,1,0.00,10.0
"nu generation academy",0,1,0.00,8.0
"nu hair of texas",0,1,0.00,54.0
"nu healthy hair studio",0,2,0.00,5.5
"nu identity",0,11,0.00,7.5
"nu image beauty salon",0,2,0.00,12.0
"nu image hair",0,3,0.00,6.0
"nu image hair salon",0,2,0.00,6.0
"nu image salon",0,10,0.00,7.2
"nu images salon",0,1,0.00,11.0
"nu me",0,7,0.00,5.4
"nu me hair",0,17,0.00,6.2
"nu me hair salon",0,15,0.00,4.4
"nu me hair studio",0,5,0.00,5.8
"nu me salon",0,1,0.00,6.0
"nu.me",0,1,0.00,47.0
"nubia hair salon",0,2,0.00,8.0
"nubia salon",0,3,0.00,8.3
"nubia's hair salon",0,1,0.00,8.0
"nubias hair salon",0,10,0.00,7.6
"nue beauty salon",0,2,0.00,7.0
"nue image beauty shop",0,10,0.00,4.5
"nue image beauty shop sherman",0,13,0.00,3.8
"nueve 30",0,1,0.00,13.0
"nuevo estilo hair salon",0,3,0.00,5.3
"number 1 barbershop",0,1,0.00,7.0
"number of ce hours required for renewal",0,1,0.00,81.0
"number one barber shop",0,2,0.00,9.5
"numbersbarberstudio",0,1,0.00,35.0
"nume",0,2,0.00,5.0
"nume hair salon",0,7,0.00,1.0
"nur beauty salon",0,3,0.00,3.7
"nur salon",0,2,0.00,12.5
"nuvani",0,11,0.00,13.4
"nuvani beauty school",0,4,0.00,9.3
"nuvani institute",0,56,0.00,12.9
"nuvani institute - austin",0,3,0.00,8.3
"nuvani institute - del rio del rio",0,13,0.00,8.0
"nuvani institute - uvalde",0,5,0.00,8.2
"nuvani institute austin",0,10,0.00,8.1
"nuvani institute austin reviews",0,6,0.00,8.8
"nuvani institute del rio tx",0,9,0.00,7.8
"nuvani institute eagle pass",0,12,0.00,8.2
"nuvani institute uvalde",0,11,0.00,7.2
"nu’me hair studio irving",0,17,0.00,6.6
"nu’me hair studio irving reviews",0,46,0.00,3.5
"nw2d",0,2,0.00,73.5
"nxt level barber",0,1,0.00,8.0
"nxt lvl barbershop",0,1,0.00,7.0
"ny beauty salon",0,3,0.00,3.7
"ny hair",0,2,0.00,9.0
"ny hair studio",0,2,0.00,7.0
"ny makeup academy",0,2,0.00,9.5
"nydia salon",0,1,0.00,7.0
"nydia's beauty salon",0,3,0.00,7.0
"nyx",0,1,0.00,5.0
"nyx makeup",0,3,0.00,5.0
"número de teléfono de nelly",0,1,0.00,4.0
"o & r dominican hairstylist",0,61,0.00,6.9
"o & r dominican hairstylist photos",0,9,0.00,7.7
"o & r dominican hairstylist reviews",0,16,0.00,8.2
"o boo ja",0,1,0.00,23.0
"o boo ja #2 beauty supply & salon",0,25,0.00,6.9
"o boo ja beauty supply",0,6,0.00,8.3
"o&r dominican",0,16,0.00,4.4
"oak cliff barbers",0,16,0.00,9.8
"oakland barber academy",0,2,0.00,22.5
"oakland barber college",0,1,0.00,25.0
"oakland beauty supply",0,3,0.00,8.0
"oakland beauty supply 919 international blvd",0,11,0.00,8.3
"oakland nail and beauty supply",0,3,0.00,12.0
"oakland nail shop",0,1,0.00,36.0
"oakland nail supply",0,7,0.00,11.0
"oakland nails & beauty supply",0,18,0.00,9.2
"oakland nails & beauty supply photos",0,4,0.00,5.5
"oakland nails and beauty supply",0,15,0.00,10.9
"oakland nails supply",0,1,0.00,21.0
"oakley barber shop",0,4,0.00,24.8
"oakley haircut",0,1,0.00,28.0
"oakley's barber",0,1,0.00,27.0
"oakleys haircut",0,1,0.00,27.0
"oanh hair salon",0,1,0.00,33.0
"oasis beauty lounge",0,17,0.00,5.9
"oasis beauty lounge photos",0,5,0.00,5.8
"oasis beauty lounge reviews",0,2,0.00,5.0
"oath barber",0,23,0.00,4.7
"ob barbers",0,2,0.00,25.0
"obooja",0,2,0.00,1.0
"obooja beauty supply",0,10,0.00,10.7
"obooja beauty supply long beach",0,5,0.00,9.0
"oc barber salon supply",0,1,0.00,9.0
"oc barber supply",0,22,0.00,4.1
"oc cosmetology",0,2,0.00,11.0
"ocean locs",0,1,0.00,8.0
"ocean view barber",0,8,0.00,9.9
"oceanside barber college",0,1,0.00,19.0
"ocotillo barber shop",0,17,0.00,10.8
"ocotillo midland",0,46,0.00,11.0
"odaa beauty",0,5,0.00,2.8
"odaa beauty supply",0,6,0.00,1.3
"odaa beauty supply reviews",0,1,0.00,3.0
"odessa beauty supply",0,1,0.00,1.0
"odessa college cosmetology",0,1,0.00,8.0
"odessa cosmetology",0,2,0.00,10.0
"odessa cosmetology school",0,5,0.00,9.8
"odyssey barber",0,2,0.00,9.5
"odyssey barber studio",0,17,0.00,7.9
"odyssey barbershop",0,1,0.00,7.0
"odyssey haircut",0,1,0.00,11.0
"ofelia beauty salon",0,7,0.00,7.4
"ofelia hair salon",0,5,0.00,12.0
"ofelia peluqueria",0,3,0.00,8.0
"ofelia salon",0,2,0.00,8.0
"ofelia's beauty salon",0,3,0.00,8.0
"ofelia's hair salon",0,4,0.00,8.5
"ofelias beauty salon",0,3,0.00,8.0
"off the blade barber shop mesquite",0,1,0.00,11.0
"off the top",0,2,0.00,9.5
"off the top barbershop",0,12,0.00,9.0
"official cutz",0,1,0.00,32.0
"officialz",0,2,0.00,7.0
"officialz barbershop",0,5,0.00,14.0
"officialz barbershop reviews",0,4,0.00,10.5
"offshore barber",0,1,0.00,11.0
"offshore barber shop reviews",0,87,0.00,8.5
"offshore barbershop",0,1,0.00,10.0
"og barber",0,4,0.00,10.8
"og barber school",0,4,0.00,10.0
"og barber shop",0,2,0.00,19.5
"og barber studio",0,8,0.00,11.5
"og barber studio austin",0,5,0.00,9.6
"og barber studio south",0,11,0.00,6.8
"og barber studio south austin",0,2,0.00,4.0
"og cutz",0,2,0.00,15.5
"ogle beauty school denton",0,1,0.00,20.0
"ogle beauty school fort worth",0,2,0.00,8.5
"ogle beauty school houston",0,15,0.00,9.1
"ogle beauty school san antonio",0,1,0.00,8.0
"ogle beauty school services",0,1,0.00,51.0
"ogle beauty school stafford",0,5,0.00,10.2
"ogle beauty school willowbrook",0,5,0.00,11.6
"ogle cosmetology school",0,9,0.00,10.3
"ogle cosmetology school houston",0,3,0.00,9.0
"ogle dallas",0,5,0.00,16.4
"ogle denton",0,12,0.00,13.7
"ogle denton tx",0,1,0.00,16.0
"ogle esthetician school",0,1,0.00,11.0
"ogle fort worth",0,7,0.00,12.6
"ogle hair prices",0,1,0.00,24.0
"ogle hair salon",0,3,0.00,14.7
"ogle hair school",0,8,0.00,9.0
"ogle hair school fort worth",0,3,0.00,8.0
"ogle hair school houston",0,18,0.00,7.5
"ogle hair skin and nails",0,2,0.00,11.0
"ogle houston",0,23,0.00,11.5
"ogle hurst",0,3,0.00,17.3
"ogle hurst texas",0,1,0.00,17.0
"ogle north dallas",0,4,0.00,33.5
"ogle payment",0,1,0.00,33.0
"ogle san antonio",0,14,0.00,16.1
"ogle school",0,40,0.00,9.1
"ogle school - beauty and cosmetology (central dallas)",0,10,0.00,9.1
"ogle school - beauty and cosmetology (central dallas) photos",0,1,0.00,11.0
"ogle school - beauty and cosmetology (houston/stafford)",0,56,0.00,8.4
"ogle school - beauty and cosmetology (north houston - willowbrook)",0,40,0.00,10.9
"ogle school - beauty and cosmetology (north houston - willowbrook) photos",0,3,0.00,11.3
"ogle school - beauty and cosmetology (north houston - willowbrook) reviews",0,56,0.00,8.0
"ogle school - beauty and cosmetology (san antonio)",0,11,0.00,10.7
"ogle school - beauty and cosmetology (san antonio) photos",0,1,0.00,9.0
"ogle school - beauty and cosmetology (san antonio) reviews",0,21,0.00,11.0
"ogle school beauty and cosmetology san antonio",0,6,0.00,11.8
"ogle school dallas",0,2,0.00,12.5
"ogle school dallas preston",0,3,0.00,8.7
"ogle school denton",0,1,0.00,16.0
"ogle school fort worth",0,24,0.00,9.1
"ogle school fort worth reviews",0,8,0.00,15.9
"ogle school hours",0,2,0.00,7.0
"ogle school houston",0,29,0.00,11.2
"ogle school houston stafford",0,2,0.00,8.0
"ogle school locations",0,4,0.00,9.8
"ogle school near me",0,1,0.00,77.0
"ogle school of cosmetology",0,3,0.00,8.7
"ogle school of hair skin and nails",0,1,0.00,18.0
"ogle school preston",0,1,0.00,11.0
"ogle school san antonio",0,12,0.00,12.0
"ogle school san antonio reviews",0,1,0.00,17.0
"ogle school stafford",0,175,0.00,9.5
"ogle school stafford photos",0,1,0.00,11.0
"ogle school stafford tx",0,8,0.00,11.3
"ogle school sugar land",0,1,0.00,10.0
"ogle school willowbrook",0,156,0.00,10.5
"ogle school willowbrook photos",0,1,0.00,10.0
"ogle school willowbrook reviews",0,128,0.00,7.2
"ogle schools",0,1,0.00,9.0
"ogle stafford",0,15,0.00,11.9
"ogle stafford tx",0,5,0.00,17.6
"ogle willowbrook",0,49,0.00,9.6
"ogleschool",0,3,0.00,7.7
"ogs barber school",0,4,0.00,10.8
"oh la vache salon",0,6,0.00,7.7
"oh my hair",0,10,0.00,5.6
"oh my hair salon",0,11,0.00,5.5
"oh my hair salon & co",0,1,0.00,10.0
"oh my hair salon & co el paso reviews",0,6,0.00,4.0
"oh my hair salon & co.",0,10,0.00,7.5
"oj barber shop",0,1,0.00,11.0
"oj's barber shop reviews",0,10,0.00,11.2
"ojs barbershop",0,2,0.00,10.0
"ok beauty",0,3,0.00,7.0
"ok beauty & hair",0,3,0.00,9.0
"ok beauty and hair",0,4,0.00,14.0
"ok beauty long beach",0,7,0.00,5.3
"ok beauty supply",0,124,0.00,7.9
"ok beauty supply & salon",0,2,0.00,9.5
"ok beauty supply long beach",0,17,0.00,4.9
"ok beauty supply near me",0,3,0.00,10.0
"ok beauty supply photos",0,2,0.00,4.0
"ok beauty supply store",0,5,0.00,7.2
"okay beauty supply",0,10,0.00,6.7
"old fashioned barber and lounge",0,15,0.00,7.9
"old fashioned barber and lounge reviews",0,4,0.00,7.3
"old preston hollow barbershop",0,2,0.00,41.5
"old school barber",0,1,0.00,6.0
"old school barber shop",0,2,0.00,7.0
"old school barber shop houston",0,19,0.00,8.9
"old soul barbershop",0,1,0.00,42.0
"old soul barbershop riverside",0,2,0.00,10.5
"old soul traditional barbershop",0,6,0.00,9.0
"old souls barbershop",0,1,0.00,12.0
"old tyme barbershop",0,1,0.00,11.0
"olee barber shop",0,12,0.00,10.2
"olee's barber shop - channelview houston",0,3,0.00,8.7
"olga beauty school",0,29,0.00,8.3
"olga beauty school fort worth",0,1,0.00,9.0
"olga beauty school stafford tx",0,6,0.00,8.5
"olga beauty school willowbrook",0,4,0.00,8.0
"olga hair school",0,11,0.00,9.8
"olga school",0,2,0.00,11.5
"olga school of beauty",0,9,0.00,8.8
"olge beauty school",0,3,0.00,10.7
"olive and june press on nails nearby",0,1,0.00,5.0
"olive beauty",0,1,0.00,5.0
"olive beauty supply",0,29,0.00,6.9
"olive beauty supply camarillo",0,1,0.00,9.0
"oliver barber shop",0,1,0.00,9.0
"oliver club",0,1,0.00,30.0
"oliver rose salon",0,21,0.00,7.3
"oliver south",0,1,0.00,2.0
"olives beauty",0,1,0.00,10.0
"olivia hair",0,1,0.00,9.0
"olivia hair salon",0,2,0.00,12.5
"olivia salon",0,4,0.00,7.3
"olivia's hair salon",0,1,0.00,12.0
"olympian barber",0,1,0.00,14.0
"olympian barber shop",0,7,0.00,9.4
"olympian barbershop",0,9,0.00,8.6
"olynx academy",0,1,0.00,2.0
"omar beauty salon",0,1,0.00,40.0
"omar cuts",0,2,0.00,4.5
"omar cutz",0,2,0.00,6.0
"omar hair salon",0,1,0.00,8.0
"omar hightower",0,11,0.00,6.2
"omars barbershop",0,1,0.00,9.0
"omega institute of cosmetology",0,1,0.00,61.0
"omg barber",0,2,0.00,2.0
"omg the barber",0,36,0.00,2.1
"omg the barber enhancement",0,9,0.00,2.2
"omgthebarber",0,7,0.00,2.3
"omgthebarber enhancement",0,2,0.00,2.0
"on point barber shop lancaster",0,4,0.00,9.3
"on public display salon",0,1,0.00,75.0
"on the avenue salon",0,1,0.00,9.0
"onail drill",0,2,0.00,12.5
"onail lamp",0,1,0.00,11.0
"one beauty hair salon",0,1,0.00,14.0
"one beauty salon",0,4,0.00,10.8
"one beauty supply",0,2,0.00,7.0
"one fade above",0,3,0.00,6.0
"one for all barbershop",0,10,0.00,9.9
"one for all barbershop & shave parlor houston",0,13,0.00,11.2
"one hair salon",0,1,0.00,10.0
"one hundred grand barbershop",0,1,0.00,5.0
"one love barber shop",0,2,0.00,9.0
"one nine salon",0,1,0.00,41.0
"one plus one hair salon",0,1,0.00,30.0
"one stop barber shop",0,11,0.00,7.8
"one stop barbershop",0,1,0.00,8.0
"one stop beauty",0,1,0.00,5.0
"one stop beauty bar",0,9,0.00,7.2
"one stop beauty salon",0,2,0.00,9.0
"one stop beauty supply",0,1,0.00,6.0
"one stop beauty supply frisco",0,2,0.00,6.5
"one stop shop beauty salon",0,1,0.00,7.0
"one stop shop hair",0,1,0.00,6.0
"oneal barber shop",0,5,0.00,6.2
"oneals barber shop",0,15,0.00,6.1
"onee salon",0,1,0.00,13.0
"onestop barbershop",0,1,0.00,11.0
"onestop beauty",0,2,0.00,7.0
"onestop beauty supply",0,1,0.00,8.0
"onestop beauty supply frisco",0,7,0.00,7.3
"onix beauty salon",0,1,0.00,4.0
"onix hair salon",0,1,0.00,3.0
"online continuing education barber",0,5,0.00,51.6
"only the barber vip",0,1,0.00,7.0
"onstage beaumont",0,1,0.00,47.0
"onyx",0,5,0.00,2.2
"onyx beauty salon",0,1,0.00,1.0
"onyx donna tx",0,2,0.00,1.0
"onyx hair salon",0,3,0.00,3.0
"onyx nail institute",0,4,0.00,1.0
"onyx salon",0,1,0.00,1.0
"oogle school",0,1,0.00,9.0
"ooh lala baby dolls",0,1,0.00,3.0
"open barber",0,1,0.00,1.0
"open barber shops near me",0,1,0.00,3.0
"operate a beauty salon or barber shop",0,2,0.00,84.0
"operation barber company",0,1,0.00,50.0
"opi gelement polish",0,1,0.00,12.0
"oprah beauty supply",0,16,0.00,4.0
"oprah hair store",0,1,0.00,10.0
"ops salon",0,1,0.00,76.0
"optimum beauty",0,2,0.00,11.0
"optimum beauty supply",0,19,0.00,8.1
"option one barbershop",0,1,0.00,8.0
"option one barbershop reviews",0,4,0.00,11.5
"opulence beauty",0,1,0.00,18.0
"opulence beauty lounge",0,1,0.00,17.0
"opulence beauty salon",0,2,0.00,15.5
"opulence beauty spot",0,14,0.00,3.3
"opulence hair",0,1,0.00,26.0
"opulence hair company",0,1,0.00,27.0
"opulence hair salon",0,5,0.00,2.0
"opulence salon",0,1,0.00,11.0
"opulence salon reviews",0,1,0.00,26.0
"opulence wine",0,1,0.00,5.0
"opulencemd beauty",0,1,0.00,6.0
"oral exam baldwin",0,7,0.00,68.7
"oral exams in waller",0,4,0.00,19.0
"orange beauty school",0,1,0.00,24.0
"orange braiding gel",0,1,0.00,3.0
"orchid by huma",0,2,0.00,9.0
"orchid salon katy",0,1,0.00,12.0
"ore diaz hair salon",0,1,0.00,1.0
"organic head spa and salon",0,1,0.00,7.0
"organic headspa",0,1,0.00,12.0
"organic headspa & salon",0,11,0.00,8.7
"organic headspa & salon reviews",0,9,0.00,6.3
"organic salon pflugerville",0,13,0.00,8.8
"organica salon",0,4,0.00,10.3
"organics salon",0,164,0.00,9.0
"organics salon pflugerville",0,28,0.00,8.9
"organics salon pflugerville tx",0,13,0.00,7.5
"organics salon reviews",0,22,0.00,7.5
"organique ash latte breezy wave boho",0,1,0.00,6.0
"organique hair bundles straight",0,1,0.00,8.0
"organique hair near me",0,1,0.00,2.0
"ori hair salon",0,1,0.00,14.0
"original barbershop llc",0,14,0.00,8.1
"original barbershop pico",0,6,0.00,8.8
"original fanatics",0,1,0.00,7.0
"original talent barbershop",0,5,0.00,5.4
"orlando hair salon houston",0,28,0.00,5.7
"orlando hair studio",0,1,0.00,10.0
"orlando salon houston",0,26,0.00,8.3
"orlando salon houston tx",0,70,0.00,8.0
"orlandos salon",0,2,0.00,6.0
"osbarber",0,1,0.00,4.0
"oscar a barber midland",0,5,0.00,10.4
"oscar hair salon",0,3,0.00,36.7
"oscar hairdresser",0,2,0.00,30.0
"oscar oscar salons",0,2,0.00,27.0
"oscar sabha",0,5,0.00,9.0
"osiris barbershop",0,1,0.00,24.0
"otro nivel barber shop",0,10,0.00,6.8
"otto hair",0,1,0.00,6.0
"our beauty bar",0,2,0.00,2.0
"outcast hair",0,5,0.00,7.4
"outcast men's hair",0,8,0.00,6.9
"outcast mens hair",0,3,0.00,8.7
"outcast mens hair by aubree",0,13,0.00,8.2
"outcast men’s hair by aubree round rock reviews",0,1,0.00,9.0
"outcats grooming",0,1,0.00,11.0
"outliners barbershop",0,1,0.00,17.0
"outre braiding hair",0,1,0.00,13.0
"outre penny half wig near me",0,1,0.00,1.0
"outre store locator",0,1,0.00,6.0
"outre wigs near me",0,1,0.00,39.0
"oz barber and piercing academy photos",0,8,0.00,9.6
"oz barber and piercing academy reviews",0,7,0.00,9.4
"ozimari beauty salon",0,5,0.00,9.4
"ozimari beauty salon houston",0,4,0.00,5.5
"p and d hair salon",0,1,0.00,6.0
"p and k beauty supply",0,1,0.00,6.0
"pacheco barber",0,3,0.00,3.0
"pacheco barber shop",0,1,0.00,5.0
"pacheco barbershop",0,1,0.00,11.0
"pacheco beauty",0,1,0.00,2.0
"pacheco salon",0,2,0.00,9.5
"pachuca barber shop",0,2,0.00,9.5
"pacific styling college",0,39,0.00,6.2
"pacific styling college reviews",0,12,0.00,7.5
"pack hair",0,1,0.00,8.0
"paintbucket nail wraps",0,1,0.00,6.0
"palace beauty",0,1,0.00,1.0
"palace beauty salon",0,3,0.00,7.7
"palace cosmetics",0,1,0.00,9.0
"palace hair salon",0,2,0.00,5.0
"palace haircutters",0,1,0.00,4.0
"palace salon",0,5,0.00,33.0
"palm mitchell",0,1,0.00,12.0
"palo alto college cosmetology",0,4,0.00,7.0
"palo alto cosmetology",0,3,0.00,8.7
"paloma beauty",0,1,0.00,20.0
"paloma hair",0,2,0.00,15.5
"paloma hair parlour",0,2,0.00,16.0
"paloma hair salon",0,13,0.00,6.2
"paloma nails heights",0,1,0.00,41.0
"paloma nails houston",0,1,0.00,40.0
"paloma salon",0,4,0.00,25.3
"palomar beauty college",0,2,0.00,22.0
"palomar beauty school",0,1,0.00,18.0
"palomar cosmetology",0,1,0.00,19.0
"palomar cosmetology san marcos",0,1,0.00,16.0
"palomar institute of cosmetology",0,4,0.00,20.3
"palomar institute of cosmetology reviews",0,8,0.00,13.8
"palomar institute of cosmetology san marcos",0,1,0.00,16.0
"palomas beauty",0,1,0.00,20.0
"palomas beauty salon",0,1,0.00,29.0
"palomas hair salon",0,3,0.00,6.3
"palor salon",0,1,0.00,11.0
"pani hair salon",0,1,0.00,48.0
"pani style hair salon - katy texas blondes, balayage & extensions",0,3,0.00,11.0
"pani style hair salon katy reviews",0,10,0.00,8.0
"panola college cosmetology",0,5,0.00,8.2
"panther city salon",0,20,0.00,7.6
"panther city salon fort worth",0,3,0.00,8.0
"panther city salon reviews",0,6,0.00,9.2
"panther salon",0,1,0.00,17.0
"paper doll hair salon",0,1,0.00,11.0
"paper dolls hair salon",0,14,0.00,8.6
"paper dolls salon",0,2,0.00,8.5
"paper dollz",0,17,0.00,8.9
"paper dollz hair salon",0,11,0.00,7.4
"paperdoll salon",0,2,0.00,10.5
"paperdollz",0,1,0.00,1.0
"papillon salon",0,2,0.00,7.5
"papito blessed hands",0,1,0.00,6.0
"paradise barber shop",0,1,0.00,30.0
"paradise barbershop reviews",0,2,0.00,7.0
"paradise beauty supply",0,2,0.00,9.0
"paradise dallas reviews",0,1,0.00,7.0
"paradise hair by shelby",0,4,0.00,7.5
"paradise nail supply",0,1,0.00,1.0
"paradox downtown",0,3,0.00,10.0
"paradox downtown fremont",0,27,0.00,9.5
"paradox downtown fremont photos",0,7,0.00,3.1
"paradox downtown fremont reviews",0,27,0.00,5.1
"paradox fremont",0,21,0.00,9.3
"paradox salon",0,3,0.00,9.3
"paragon barber",0,1,0.00,12.0
"paragon barber shop",0,2,0.00,10.5
"paragon parlor",0,4,0.00,9.5
"paraiso salon",0,1,0.00,7.0
"pari hair salon",0,15,0.00,10.5
"pari's gallery hair salon & spa",0,1,0.00,9.0
"paris academy of beauty",0,1,0.00,39.0
"paris beauty college",0,8,0.00,11.0
"paris beauty college concord ca",0,1,0.00,19.0
"paris beauty college reviews",0,1,0.00,11.0
"paris beauty salon",0,1,0.00,7.0
"paris cosmetology",0,1,0.00,23.0
"paris gallery hair salon & spa",0,1,0.00,5.0
"paris hair",0,69,0.00,4.5
"paris hair and beauty salon",0,2,0.00,22.5
"paris hair salon near me",0,3,0.00,5.7
"paris hair studio",0,2,0.00,5.0
"paris hair studio jadore hair studio houston",0,1,0.00,12.0
"paris haircut",0,1,0.00,6.0
"paris salon",0,2,0.00,6.5
"parishair",0,1,0.00,27.0
"park avenue hair salon",0,1,0.00,7.0
"park place barber shop",0,1,0.00,6.0
"park salon",0,1,0.00,7.0
"parkavenuebeautyco",0,1,0.00,2.0
"parkcrest barber",0,1,0.00,12.0
"parkdale barber",0,8,0.00,11.0
"parlor 88",0,12,0.00,9.3
"parlor in the woods",0,6,0.00,7.3
"parlor on 8th",0,1,0.00,10.0
"parlor salon",0,2,0.00,10.5
"parlour at the village",0,1,0.00,32.0
"parlour hair salon",0,3,0.00,9.3
"parlour hair studio",0,1,0.00,55.0
"parlour in the woodlands",0,1,0.00,9.0
"parlour in the woods",0,26,0.00,8.6
"parlour in the woods reviews",0,32,0.00,6.5
"parlour in the woods the woodlands",0,1,0.00,6.0
"parlour salon",0,9,0.00,8.0
"parlour the woodlands",0,3,0.00,7.3
"part time beauty",0,1,0.00,3.0
"partial highlights near me",0,1,0.00,2.0
"party girl beauty bar",0,90,0.00,6.7
"pasadena barber shop",0,1,0.00,1.0
"pasadena beauty supply",0,49,0.00,8.2
"pasadena beauty supply photos",0,7,0.00,6.6
"pasadena paul mitchell",0,2,0.00,19.0
"pasha barbershop صالون باشا paşa",0,2,0.00,10.5
"pasha barbershop صالون باشا paşa photos",0,1,0.00,9.0
"pasha berber",0,3,0.00,10.0
"pasha haircut",0,1,0.00,43.0
"passini",0,1,0.00,1.0
"passini beauty group",0,1,0.00,5.0
"path salon",0,10,0.00,6.5
"pathway vocational academy",0,17,0.00,9.8
"pathway vocational school",0,5,0.00,8.0
"patilla barber",0,1,0.00,10.0
"patio barber",0,3,0.00,5.0
"patio barber shop",0,6,0.00,6.7
"patio barbershop",0,3,0.00,7.7
"patricia beauty salon",0,1,0.00,5.0
"patricia hair salon",0,1,0.00,9.0
"patricia's hair salon",0,2,0.00,9.5
"patrician beauty",0,8,0.00,9.6
"patrick evan salon",0,5,0.00,14.4
"patrick evan salon reviews",0,10,0.00,11.4
"patrick evan salon sf",0,1,0.00,15.0
"patron barbershop",0,6,0.00,9.3
"patting gel",0,1,0.00,10.0
"patting gels",0,1,0.00,8.0
"patting nail gel",0,1,0.00,11.0
"patty olivera",0,17,0.00,1.6
"patty olivera hair salon",0,11,0.00,2.8
"patty olivera hair salon & spa",0,1,0.00,1.0
"patty olivera hair salon and spa katy reviews",0,11,0.00,6.1
"patty olivera salon",0,1,0.00,1.0
"paty olivera hair salon",0,13,0.00,5.8
"paul mitchell austin",0,6,0.00,20.2
"paul mitchell austin tx",0,3,0.00,18.3
"paul mitchell barber school",0,22,0.00,10.4
"paul mitchell barber school san antonio",0,10,0.00,17.0
"paul mitchell carrollton",0,1,0.00,20.0
"paul mitchell clear lake",0,24,0.00,12.1
"paul mitchell costa mesa",0,5,0.00,23.0
"paul mitchell downtown san diego",0,1,0.00,42.0
"paul mitchell fresno",0,4,0.00,17.8
"paul mitchell hair academy",0,1,0.00,8.0
"paul mitchell hair school",0,1,0.00,12.0
"paul mitchell houston",0,2,0.00,22.0
"paul mitchell los angeles",0,1,0.00,22.0
"paul mitchell madison",0,3,0.00,33.7
"paul mitchell madison ave",0,1,0.00,29.0
"paul mitchell modesto",0,1,0.00,23.0
"paul mitchell mti",0,1,0.00,33.0
"paul mitchell night school hours",0,2,0.00,12.0
"paul mitchell pasadena",0,10,0.00,18.9
"paul mitchell pasadena ca",0,1,0.00,23.0
"paul mitchell pleasant hill ca",0,1,0.00,33.0
"paul mitchell sacramento",0,17,0.00,23.9
"paul mitchell sacramento ca",0,1,0.00,29.0
"paul mitchell salon san antonio",0,3,0.00,29.3
"paul mitchell salon san diego",0,1,0.00,37.0
"paul mitchell san antonio",0,10,0.00,19.2
"paul mitchell san diego",0,4,0.00,39.3
"paul mitchell san jose",0,3,0.00,20.3
"paul mitchell school",0,29,0.00,18.3
"paul mitchell school arden",0,1,0.00,38.0
"paul mitchell school austin",0,4,0.00,14.3
"paul mitchell school clear lake",0,2,0.00,8.5
"paul mitchell school costa mesa",0,1,0.00,23.0
"paul mitchell school dallas",0,11,0.00,9.9
"paul mitchell school fresno",0,3,0.00,21.0
"paul mitchell school houston",0,2,0.00,20.5
"paul mitchell school modesto",0,2,0.00,36.5
"paul mitchell school near me",0,3,0.00,20.0
"paul mitchell school pasadena",0,3,0.00,21.3
"paul mitchell school sacramento",0,1,0.00,35.0
"paul mitchell school san antonio",0,10,0.00,22.4
"paul mitchell school san diego",0,2,0.00,40.0
"paul mitchell school san jose",0,1,0.00,22.0
"paul mitchell school sherman oaks",0,1,0.00,22.0
"paul mitchell school texas",0,1,0.00,39.0
"paul mitchell school webster",0,13,0.00,13.7
"paul mitchell sherman oaks",0,5,0.00,16.8
"paul mitchell store",0,2,0.00,39.5
"paul mitchell stores",0,2,0.00,34.5
"paul mitchell supply store",0,2,0.00,23.0
"paul mitchell the school",0,1,0.00,18.0
"paul mitchell the school austin",0,5,0.00,12.2
"paul mitchell the school clear lake",0,29,0.00,8.7
"paul mitchell the school clear lake photos",0,9,0.00,9.8
"paul mitchell the school clear lake reviews",0,59,0.00,11.9
"paul mitchell the school costa mesa reviews",0,2,0.00,21.5
"paul mitchell the school dallas",0,11,0.00,9.1
"paul mitchell the school fresno",0,1,0.00,24.0
"paul mitchell the school houston",0,4,0.00,8.8
"paul mitchell the school pasadena photos",0,3,0.00,10.7
"paul mitchell the school pasadena reviews",0,3,0.00,12.0
"paul mitchell the school sacramento",0,3,0.00,36.7
"paul mitchell the school san antonio",0,6,0.00,16.8
"paul mitchell the school san antonio reviews",0,3,0.00,11.3
"paul mitchell the school san diego",0,1,0.00,38.0
"paul mitchell the school san jose",0,1,0.00,21.0
"paul mitchell the school sherman oaks reviews",0,22,0.00,11.3
"paul mitchell the school webster",0,1,0.00,11.0
"paul mitchell webster",0,13,0.00,11.2
"paul mitchell webster tx",0,4,0.00,14.3
"paul the barber",0,1,0.00,11.0
"paul's mission barbershop",0,3,0.00,9.3
"paul.mitchell school",0,1,0.00,8.0
"paulines hair and beauty salon",0,1,0.00,8.0
"pauls barber",0,1,0.00,3.0
"pauls barbershop",0,1,0.00,6.0
"payless beauty",0,2,0.00,20.5
"payless beauty supply",0,1,0.00,11.0
"pch beauty",0,2,0.00,7.0
"pch beauty supply",0,33,0.00,9.6
"pd hair salon",0,1,0.00,11.0
"peaceful beauty",0,1,0.00,7.0
"pearland barber college",0,7,0.00,12.0
"pearland barbershop",0,3,0.00,45.0
"pearland beauty",0,83,0.00,6.0
"pearland beauty and barber college",0,11,0.00,10.2
"pearland beauty school",0,1,0.00,15.0
"pearland beauty supply",0,11,0.00,16.2
"pearland's innovative school of beauty of silverlake",0,2,0.00,6.5
"pearland's innovative school of beauty of silverlake reviews",0,1,0.00,8.0
"pearlands",0,2,0.00,35.0
"pearls beauty supply",0,1,0.00,6.0
"pedicure liners near me",0,1,0.00,1.0
"pedicure near me",0,3,0.00,1.0
"pedicure school near me",0,1,0.00,1.0
"pedicures",0,2,0.00,1.5
"pedro barbershop",0,1,0.00,3.0
"peeling lip stain",0,1,0.00,5.0
"pegasus barbershop",0,1,0.00,19.0
"peggys creations 3111 indigo lane missouri city tx 77459",0,7,0.00,9.7
"pelucas y extensiones cerca de mi",0,1,0.00,1.0
"peluqueria abiertas cerca de mi",0,1,0.00,1.0
"peluqueria aguilar",0,5,0.00,4.0
"peluqueria alejandro",0,3,0.00,6.3
"peluqueria ana",0,1,0.00,31.0
"peluqueria anita",0,1,0.00,49.0
"peluqueria cerca de mi",0,6,0.00,3.0
"peluqueria florida",0,1,0.00,8.0
"peluqueria houston",0,2,0.00,1.0
"peluqueria juanita",0,1,0.00,7.0
"peluqueria la bonita",0,1,0.00,3.0
"peluqueria latina near me",0,1,0.00,1.0
"peluqueria lupita",0,1,0.00,5.0
"peluqueria luz",0,1,0.00,12.0
"peluqueria mary",0,2,0.00,10.5
"peluqueria mercedes",0,1,0.00,7.0
"peluqueria san luis",0,1,0.00,4.0
"peluqueria vicente",0,2,0.00,7.0
"peluquerias cerca de mi",0,1,0.00,1.0
"peluquería cerca de mi abierto ahora",0,1,0.00,19.0
"peluquería cerca de mí",0,1,0.00,1.0
"peluquería de mujer cerca de mi ubicación",0,1,0.00,1.0
"peluquería lorena",0,1,0.00,7.0
"peluquería luz",0,1,0.00,24.0
"peluquerías baratas cerca de mi",0,1,0.00,1.0
"peluquerías cerca de mi que hablen español",0,1,0.00,1.0
"penelope beauty salon",0,1,0.00,9.0
"penelope hair",0,1,0.00,5.0
"penelope hair salon",0,9,0.00,37.9
"penelope salon",0,5,0.00,5.2
"penrose academy",0,2,0.00,82.5
"peonies beaute",0,20,0.00,6.8
"peonies beauty",0,2,0.00,4.5
"peony salon",0,2,0.00,8.0
"people's barber oakland",0,2,0.00,24.5
"peoples barber oakland",0,2,0.00,20.5
"peoples barber oakland ca",0,2,0.00,24.0
"peoples barber shop oakland",0,1,0.00,18.0
"pepe le barbershop",0,8,0.00,8.3
"pepes barber",0,2,0.00,11.5
"pepes barber shop",0,1,0.00,23.0
"pepes hair salon",0,2,0.00,9.5
"peppers hair salon",0,1,0.00,26.0
"per rods",0,1,0.00,6.0
"per se hair salon",0,2,0.00,10.5
"per se houston",0,2,0.00,11.0
"per se salon heights",0,5,0.00,9.4
"perfect barber",0,4,0.00,10.0
"perfect barber pearland",0,9,0.00,9.9
"perfect beauty",0,7,0.00,7.1
"perfect beauty salon",0,1,0.00,6.0
"perfect brows threading studio reviews",0,3,0.00,11.0
"perfect brows threading, tinting, eyelashes & body waxing | korean lash lift & lash tint | brow lamination~ facials studio pflugerville reviews",0,9,0.00,6.9
"perfect cut hair salon reviews",0,1,0.00,1.0
"perfect cut salon",0,18,0.00,3.8
"perfect cuts by tracy",0,12,0.00,3.4
"perfect cutz",0,1,0.00,37.0
"perfect glow salon",0,1,0.00,43.0
"perfect hair and beauty salon",0,1,0.00,38.0
"perfect salon",0,3,0.00,10.0
"perfected palette salon",0,1,0.00,22.0
"perfection barber shop",0,2,0.00,11.0
"perfection barbershop",0,6,0.00,7.2
"perfection beauty",0,1,0.00,9.0
"perfection beauty boutique",0,2,0.00,11.0
"perfection beauty salon",0,4,0.00,18.3
"perfection cuts",0,3,0.00,10.3
"perfection hair",0,4,0.00,12.5
"perfection hair salon",0,6,0.00,10.7
"perfection hair salon near me",0,1,0.00,12.0
"perfection hair studio",0,1,0.00,7.0
"perfection salon",0,6,0.00,9.5
"perfection unisex salon",0,4,0.00,21.5
"perfections",0,7,0.00,21.0
"perfections barber",0,1,0.00,25.0
"perfections barber shop",0,5,0.00,15.2
"perfections barbershop",0,3,0.00,9.0
"perfections beauty",0,1,0.00,24.0
"perfections beauty salon",0,2,0.00,11.5
"perfections salon",0,2,0.00,18.5
"perfektion",0,1,0.00,6.0
"perfektion hair",0,8,0.00,7.5
"perfektion hair photos",0,2,0.00,8.5
"perfektion hair reviews",0,1,0.00,9.0
"perfektion hair salon",0,2,0.00,6.5
"performance barber shop",0,1,0.00,41.0
"perfumes en palomar chula vista",0,1,0.00,13.0
"periodcute hair outlet -- houston",0,1,0.00,60.0
"perla salon",0,1,0.00,11.0
"perm",0,1,0.00,2.0
"perm for kids near me",0,1,0.00,2.0
"perm near me",0,1,0.00,1.0
"perm neck tray",0,1,0.00,7.0
"perm rods",0,11,0.00,7.5
"perm salons near me",0,1,0.00,1.0
"permanent afro curls",0,1,0.00,5.0
"permian basin barber college",0,9,0.00,8.2
"perse beauty",0,1,0.00,47.0
"personal touch wigs and beauty supply",0,44,0.00,8.4
"pet grooming tools",0,2,0.00,9.0
"peters dominican barber shop reviews",0,7,0.00,10.6
"pez hair studio",0,1,0.00,53.0
"pfinesse",0,16,0.00,9.1
"pfinesse salon",0,9,0.00,7.7
"pfinesse salon & spa",0,1,0.00,8.0
"pfinesse salon and spa",0,1,0.00,8.0
"pfinesse salon and spa appointments",0,1,0.00,12.0
"pfinesse salon and spa reviews",0,3,0.00,7.0
"pflugerville barber",0,1,0.00,47.0
"pflugerville beauty supply",0,1,0.00,1.0
"pflugerville brow tinting",0,4,0.00,26.8
"pflugerville hair store",0,5,0.00,9.0
"phaded klipz",0,7,0.00,9.9
"phayes two barber shop",0,14,0.00,15.8
"phazes hair salon",0,1,0.00,9.0
"phenix salon",0,1,0.00,7.0
"phenix salon river oaks",0,3,0.00,7.7
"phenix salon suites",0,1,0.00,17.0
"phenix salon suites - midtown",0,5,0.00,7.6
"phenix salon suites galleria",0,2,0.00,42.0
"phenix salon suites heights",0,9,0.00,7.8
"phenix salon suites houston",0,2,0.00,26.0
"phenix salon suites houston tx",0,2,0.00,34.0
"phenix salon suites katy",0,4,0.00,12.3
"phenix salon suites mckinney",0,9,0.00,9.7
"phenix salon suites mckinney tx",0,1,0.00,10.0
"phenix salon suites memorial city",0,18,0.00,11.2
"phenix salon suites midtown",0,1,0.00,6.0
"phenix salon suites of katy",0,2,0.00,15.5
"phenix salon suites river oaks",0,18,0.00,10.2
"phenix salon suites west university",0,1,0.00,19.0
"pheonix hair",0,1,0.00,3.0
"pheonix salon",0,2,0.00,7.5
"phia alchemy salon",0,2,0.00,41.0
"philippe salon",0,1,0.00,9.0
"phillips 47 salon",0,1,0.00,78.0
"phinesse",0,1,0.00,38.0
"phoebe gray salon",0,13,0.00,7.3
"phoebe grey salon",0,12,0.00,4.7
"phoenix salon deals",0,1,0.00,15.0
"phone number for cost cutters",0,1,0.00,25.0
"phone number for donna",0,1,0.00,44.0
"phoniex hair salon memorial city mall",0,36,0.00,7.9
"photo ready salon",0,11,0.00,7.5
"photography service bammel",0,7,0.00,39.9
"photography service jacinto city",0,7,0.00,44.0
"photography service jersey village",0,1,0.00,37.0
"photoready salon",0,6,0.00,8.7
"phresh as duck",0,1,0.00,10.0
"picasso hair salon",0,4,0.00,5.0
"picasso salon",0,1,0.00,4.0
"picasso studio",0,1,0.00,9.0
"pico beauty",0,19,0.00,6.2
"pico beauty supplies & salon",0,33,0.00,4.0
"pico beauty supplies & salon photos",0,9,0.00,5.0
"pico beauty supply",0,89,0.00,2.5
"pico hair",0,6,0.00,2.0
"picture perfect cuts",0,1,0.00,11.0
"piercing",0,1,0.00,1.0
"piercings near me",0,1,0.00,1.0
"pierre hair salon",0,1,0.00,9.0
"pierre salon",0,2,0.00,13.5
"pigment hair wigs",0,1,0.00,7.0
"pigtails & crewcuts haircuts for kids tyler tx reviews",0,6,0.00,7.0
"pigtails and crewcuts",0,2,0.00,10.0
"pigtails and crewcuts reviews",0,2,0.00,4.0
"pigtails and crewcuts tyler",0,8,0.00,8.0
"pilates near me",0,1,0.00,5.0
"pink almond cat eye nails",0,1,0.00,7.0
"pink and white ombre cat eye nails",0,1,0.00,5.0
"pink beauty",0,2,0.00,13.0
"pink beauty items",0,1,0.00,12.0
"pink beauty lakewood",0,3,0.00,5.3
"pink beauty supply",0,67,0.00,10.0
"pink beauty supply compton #2",0,12,0.00,9.1
"pink beauty supply compton #2 compton",0,5,0.00,7.8
"pink beauty supply compton 2",0,8,0.00,8.4
"pink beauty supply la",0,1,0.00,25.0
"pink beauty supply long beach",0,7,0.00,5.6
"pink beauty supply near me",0,11,0.00,8.1
"pink beauty supply store",0,4,0.00,8.0
"pink braiding hair",0,1,0.00,6.0
"pink hair dye",0,1,0.00,8.0
"pink hair store",0,1,0.00,7.0
"pink lemon hair website",0,1,0.00,7.0
"pink nails",0,1,0.00,3.0
"pink palace fresno",0,37,0.00,2.7
"pink palace fresno ca",0,4,0.00,1.0
"pink palace hair store",0,3,0.00,1.0
"pink palace massage",0,1,0.00,1.0
"pink place",0,1,0.00,4.0
"pink wig",0,5,0.00,7.8
"pink wigs",0,1,0.00,4.0
"pink's beauty supply",0,17,0.00,6.9
"pink's beauty supply in compton",0,1,0.00,12.0
"pinkees",0,1,0.00,2.0
"pinks beauty",0,2,0.00,4.5
"pinks beauty supply compton",0,19,0.00,7.2
"pinks beauty supply lakewood",0,3,0.00,4.0
"pinku",0,5,0.00,3.0
"pinkus",0,1,0.00,6.0
"pinky beauty supply",0,4,0.00,10.3
"pipo academy",0,4,0.00,11.0
"pipo academy of hair design",0,1,0.00,11.0
"pipo barber college",0,21,0.00,8.7
"pits barbershop",0,5,0.00,6.6
"pitts barber",0,2,0.00,14.5
"pitts barbershop",0,4,0.00,12.8
"pixie cut salon near me",0,1,0.00,5.0
"pixie haircut wigs",0,1,0.00,10.0
"pixie on main",0,3,0.00,8.3
"pj barbershop",0,1,0.00,7.0
"pja barber lounge",0,4,0.00,28.0
"places that sell hair dye",0,1,0.00,1.0
"places that sell hair dye near me",0,1,0.00,2.0
"planet beauty",0,2,0.00,4.5
"planet beauty locations",0,1,0.00,10.0
"planet beauty near me",0,7,0.00,19.1
"planet beauty riverside",0,19,0.00,9.5
"planet braids",0,28,0.00,4.1
"planet braids photos",0,2,0.00,5.0
"planet braids reviews",0,13,0.00,8.3
"planet curl",0,1,0.00,16.0
"planet curls",0,14,0.00,7.6
"planet curls houston",0,1,0.00,6.0
"planet hair inc",0,1,0.00,64.0
"planet hair studio",0,1,0.00,28.0
"planet sol",0,8,0.00,8.0
"planet sol corpus christi",0,2,0.00,12.0
"planet sol salon",0,2,0.00,29.5
"planet sol salon corpus christi",0,2,0.00,6.5
"planet sol salon reviews",0,5,0.00,8.0
"planet store near me",0,2,0.00,38.0
"planets+barber",0,1,0.00,1.0
"plano barber shop",0,1,0.00,36.0
"plano barbers",0,1,0.00,31.0
"plano beauty school",0,1,0.00,26.0
"plano salon suites",0,3,0.00,51.0
"platinum cuts barber shop",0,2,0.00,3.5
"platinum fades",0,1,0.00,5.0
"platinum fx hair salon",0,1,0.00,7.0
"platinum nail bar photos",0,2,0.00,10.0
"platinum nail bar reviews",0,83,0.00,6.2
"players club barber shop",0,1,0.00,26.0
"players club barbershop",0,1,0.00,12.0
"plaza beauty salon",0,1,0.00,7.0
"plaza hair",0,1,0.00,5.0
"plaza salon",0,1,0.00,10.0
"plaza salons",0,1,0.00,8.0
"plug barber",0,1,0.00,7.0
"plugged in barber shop",0,1,0.00,10.0
"plugged in barbershop",0,1,0.00,20.0
"plugged la cutz",0,3,0.00,9.3
"plugged la cutz #2",0,1,0.00,22.0
"plugged la cutz 1",0,3,0.00,8.3
"plugged la cutz 3",0,3,0.00,6.3
"plum salon",0,1,0.00,12.0
"plum salon and spa",0,1,0.00,46.0
"plume hair",0,1,0.00,11.0
"plume hair salon",0,6,0.00,9.3
"plume salon",0,57,0.00,5.8
"plume salon austin",0,18,0.00,7.4
"plus barber shop",0,1,0.00,8.0
"plus beauty",0,1,0.00,2.0
"plus haircut",0,1,0.00,1.0
"plus nail",0,1,0.00,1.0
"pmc 288",0,1,0.00,9.0
"pmc barber shop",0,1,0.00,28.0
"pmc barbershop",0,3,0.00,9.0
"pmc barbershop 288",0,20,0.00,9.3
"pmc barbershop reviews",0,1,0.00,15.0
"pochi barber",0,2,0.00,8.5
"pochi barber shop",0,4,0.00,4.3
"pochis barber shop",0,3,0.00,6.7
"polish for nail biting",0,1,0.00,14.0
"polishey nail pens",0,1,0.00,7.0
"polishey nail polish pens",0,2,0.00,8.5
"polk st barbershop",0,15,0.00,9.3
"polk street barber shop",0,4,0.00,11.5
"polk street barbershop",0,60,0.00,7.4
"polo salon",0,10,0.00,7.2
"polo salon and spa",0,2,0.00,5.5
"polo's hair salon and spa houston",0,3,0.00,7.3
"polos salon",0,7,0.00,9.1
"poly nails kit",0,1,0.00,5.0
"polygel nail builder",0,1,0.00,10.0
"pomade suavecita",0,1,0.00,9.0
"pomade suavecito",0,1,0.00,6.0
"ponytail beauty supply",0,1,0.00,9.0
"ponytail hair extensions",0,1,0.00,13.0
"ponytail hairstylist near me",0,1,0.00,16.0
"pop beauty supply",0,4,0.00,10.0
"pop shelf hours",0,1,0.00,7.0
"pop shelf pasadena",0,3,0.00,9.3
"popcorn beauty supply",0,1,0.00,63.0
"popcorn beauty supply near me",0,1,0.00,29.0
"popcorn beauty supply store",0,1,0.00,60.0
"popshelf hours",0,3,0.00,8.0
"popshelf houston",0,10,0.00,9.5
"popshelf houston locations",0,1,0.00,10.0
"popshelf houston tx",0,1,0.00,11.0
"popshelf katy",0,2,0.00,28.0
"popshelf pasadena",0,2,0.00,7.0
"popshelf pasadena tx",0,11,0.00,10.0
"porch barber shop",0,1,0.00,9.0
"portal salon",0,1,0.00,49.0
"posh barber",0,1,0.00,14.0
"posh barber salon",0,1,0.00,32.0
"posh barber shop",0,1,0.00,6.0
"posh beauty",0,3,0.00,3.3
"posh friendswood",0,17,0.00,7.4
"posh hair salon",0,4,0.00,7.0
"posh nail baytown",0,3,0.00,8.0
"posh nails - baytown",0,2,0.00,8.0
"posh nails baytown",0,45,0.00,7.1
"posh nails baytown reviews",0,15,0.00,5.7
"posh salon",0,3,0.00,7.3
"posh salon chula vista",0,4,0.00,9.0
"posh salon friendswood",0,86,0.00,6.2
"posh salon friendswood reviews",0,23,0.00,10.1
"posh salon hours",0,1,0.00,9.0
"posh salon studios",0,1,0.00,42.0
"posh salon suites",0,3,0.00,20.3
"posh salons",0,1,0.00,8.0
"posh studio",0,3,0.00,5.7
"posh suite",0,1,0.00,35.0
"posh waco",0,9,0.00,9.7
"positive image salon",0,1,0.00,9.0
"post oak salon",0,2,0.00,13.0
"pour la belle",0,9,0.00,6.8
"powdered wigs",0,1,0.00,8.0
"powell's beauty supply",0,1,0.00,54.0
"powerdose treatment houston",0,1,0.00,98.0
"pr beauty college",0,5,0.00,6.0
"practitioner and establishment license have a term of",0,5,0.00,11.0
"practitioner and establishment license have a term of:",0,1,0.00,11.0
"pradeep cuts",0,1,0.00,2.0
"pravana hair dye",0,1,0.00,6.0
"pre stretched braiding hair",0,2,0.00,1.5
"pre stretched braiding hair human",0,1,0.00,6.0
"precious beauty",0,1,0.00,16.0
"precious beauty academy",0,3,0.00,7.3
"precise barbershop",0,1,0.00,24.0
"precision barbershop conroe",0,1,0.00,13.0
"precision beauty salon",0,1,0.00,43.0
"precision creations",0,3,0.00,50.7
"precision hair",0,1,0.00,9.0
"precision hair braiding",0,7,0.00,9.6
"precision hair braiding katy",0,7,0.00,4.7
"precision hair braiding katy llc",0,14,0.00,9.9
"precision hair braiding katy reviews",0,6,0.00,7.2
"precision hair braiding photos",0,1,0.00,11.0
"precision hair design",0,1,0.00,10.0
"precision hair salon",0,4,0.00,6.5
"precision salon",0,15,0.00,5.5
"preeti salon",0,1,0.00,8.0
"premier barber",0,8,0.00,9.1
"premier barber academy",0,2,0.00,10.5
"premier barber co",0,1,0.00,16.0
"premier barber college",0,7,0.00,10.1
"premier barber company",0,17,0.00,10.2
"premier barber lounge dallas reviews",0,2,0.00,10.0
"premier barber school",0,45,0.00,9.4
"premier barber school houston",0,3,0.00,9.0
"premier barber shop",0,4,0.00,10.0
"premier barber studio",0,7,0.00,10.4
"premier barbershop",0,1,0.00,11.0
"premier cuts barbershop",0,1,0.00,10.0
"premier cutz",0,1,0.00,10.0
"premier fadez",0,1,0.00,37.0
"premium barbers inc",0,4,0.00,24.0
"premium barbers incorporated",0,5,0.00,11.8
"premium barbers incorporated reviews",0,1,0.00,7.0
"premium beauty outlet",0,2,0.00,18.5
"presidential cuts barber shop",0,4,0.00,5.5
"press on near me",0,1,0.00,54.0
"pressed hair salon",0,1,0.00,8.0
"pressed roots",0,29,0.00,10.2
"pressed roots houston",0,3,0.00,8.3
"pressed roots houston reviews",0,1,0.00,8.0
"pressed roots locations",0,1,0.00,35.0
"pressed roots salon",0,1,0.00,9.0
"pressology salon",0,1,0.00,8.0
"pressology salon photos",0,2,0.00,6.5
"pressology salon tyler",0,6,0.00,5.0
"prestige barber college",0,2,0.00,7.5
"prestige barber college midland tx",0,1,0.00,6.0
"prestige barber studio",0,3,0.00,9.7
"prestige barbershop oxnard reviews",0,88,0.00,4.8
"prestige beauty school",0,11,0.00,9.8
"prestigious cutz",0,3,0.00,11.3
"pretty and balayage",0,6,0.00,3.2
"pretty and balayage photos",0,2,0.00,1.0
"pretty and balayage reviews",0,1,0.00,3.0
"pretty in pink salon",0,7,0.00,9.7
"pretty in pink salon reviews",0,5,0.00,6.6
"pretty in pink salon tyler",0,1,0.00,8.0
"pretty in pink salon tyler tx",0,3,0.00,7.3
"pretty on premises",0,6,0.00,8.2
"pretty palor",0,1,0.00,8.0
"pretty parlor",0,2,0.00,9.5
"prices at cost cutters",0,1,0.00,24.0
"pricing",0,1,0.00,4.0
"prime cutz barber studio llc reviews",0,2,0.00,6.0
"prime time technical institute",0,6,0.00,5.7
"primetime technical institute",0,3,0.00,8.0
"primo hair",0,1,0.00,15.0
"primp and blow",0,4,0.00,13.3
"primp and blow heights",0,2,0.00,30.0
"primp and blow houston",0,1,0.00,15.0
"primp and blow west u",0,13,0.00,10.2
"primp and blow west university",0,3,0.00,10.7
"primrose suite salon reviews",0,4,0.00,5.8
"prince barber shop fremont",0,2,0.00,8.0
"prince cutz",0,5,0.00,12.6
"prince cutz barber shop",0,6,0.00,10.2
"princes beauty",0,1,0.00,11.0
"princes beauty salon",0,1,0.00,7.0
"princes salon",0,5,0.00,13.6
"princess beauty",0,25,0.00,15.9
"princess beauty & hair supply",0,1,0.00,8.0
"princess beauty lounge",0,1,0.00,10.0
"princess beauty salon",0,20,0.00,8.9
"princess beauty salon reviews",0,4,0.00,6.8
"princess beauty shop",0,3,0.00,20.3
"princess beauty spa",0,3,0.00,11.0
"princess beauty store",0,1,0.00,29.0
"princess beauty supply",0,206,0.00,7.9
"princess beauty supply & fashion",0,1,0.00,18.0
"princess beauty supply & salon",0,1,0.00,23.0
"princess beauty supply @princess_beautysupply",0,8,0.00,4.3
"princess beauty supply and salon",0,1,0.00,27.0
"princess beauty supply houston",0,38,0.00,9.6
"princess beauty supply near me",0,4,0.00,23.5
"princess beauty supply north hollywood",0,6,0.00,9.5
"princess beauty supply north hollywood wholesale beauty supply",0,3,0.00,5.3
"princess beauty supply oakland",0,6,0.00,3.5
"princess beauty supply on chambers",0,2,0.00,13.0
"princess beauty supply photos",0,4,0.00,6.8
"princess beauty supply store",0,1,0.00,1.0
"princess estetica",0,1,0.00,10.0
"princess hair salon",0,6,0.00,10.7
"princess hair store",0,4,0.00,18.0
"princess hair supply",0,7,0.00,9.9
"princess nail",0,1,0.00,11.0
"princess nail & lash spa mckinney",0,27,0.00,7.2
"princess nail and lash spa mckinney",0,8,0.00,7.6
"princess nail and lash spa mckinney photos",0,2,0.00,8.0
"princess nail and lash spa mckinney reviews",0,59,0.00,9.6
"princess nail spa",0,1,0.00,9.0
"princess nails",0,4,0.00,7.8
"princess nails & spa",0,1,0.00,6.0
"princess nails mckinney",0,4,0.00,8.8
"princess professional",0,33,0.00,9.0
"princess professional beauty supply",0,14,0.00,7.0
"princess professional salon",0,2,0.00,9.0
"princess professional salon and spa services",0,7,0.00,23.7
"princess salon",0,1,0.00,19.0
"princess salon service group",0,10,0.00,9.4
"princess shop",0,1,0.00,2.0
"princessa beauty salon",0,1,0.00,9.0
"print barbershop",0,2,0.00,24.5
"priority cuts",0,6,0.00,9.7
"priority cuts barbershop",0,3,0.00,10.7
"prism beauty",0,2,0.00,32.0
"prism hair salon",0,8,0.00,6.6
"prism haircut",0,1,0.00,8.0
"prism salon",0,98,0.00,6.4
"prism salon houston",0,5,0.00,7.4
"prism salon photos",0,3,0.00,6.0
"prism salon reviews",0,20,0.00,7.5
"prisma salon",0,1,0.00,6.0
"prismatic hair salon",0,1,0.00,9.0
"prismatic salon",0,2,0.00,10.5
"pristine beauty academy",0,1,0.00,61.0
"pristine green diamond hair",0,1,0.00,5.0
"priv near me",0,1,0.00,24.0
"private barber",0,1,0.00,1.0
"private institute",0,1,0.00,28.0
"private salon suites plano",0,2,0.00,56.5
"private school services carrollton tx",0,10,0.00,13.5
"privatestudio",0,1,0.00,58.0
"prive barber club",0,4,0.00,2.5
"prive beauty studio",0,2,0.00,38.0
"prive hair salon",0,2,0.00,7.5
"privilege barbershop",0,14,0.00,6.7
"privileged barbershop",0,13,0.00,9.5
"pro beauty",0,13,0.00,6.4
"pro beauty center",0,37,0.00,5.5
"pro beauty of ventura",0,2,0.00,8.0
"pro beauty salon",0,2,0.00,16.5
"pro beauty shop",0,1,0.00,1.0
"pro beauty studio",0,5,0.00,7.0
"pro beauty studio photos",0,1,0.00,7.0
"pro beauty studio reviews",0,2,0.00,4.0
"pro beauty supply",0,1,0.00,7.0
"pro beauty supply near me",0,1,0.00,8.0
"pro beauty ventura",0,19,0.00,8.4
"pro club salon",0,1,0.00,49.0
"pro cuts",0,21,0.00,6.3
"pro cuts hours",0,1,0.00,10.0
"pro cuts near me",0,2,0.00,7.5
"pro fade garland",0,21,0.00,10.0
"pro fades barber academy",0,2,0.00,6.5
"pro hair",0,2,0.00,4.5
"pro hair and beauty",0,1,0.00,30.0
"pro hair salon",0,26,0.00,10.6
"pro haircutters",0,1,0.00,44.0
"pro image salon",0,20,0.00,10.4
"pro lounge",0,2,0.00,3.5
"pro mart",0,1,0.00,11.0
"pro masters barbershop",0,13,0.00,7.0
"pro nail supply",0,15,0.00,6.1
"pro nail supply near me",0,1,0.00,8.0
"pro nail supply photos",0,2,0.00,6.0
"pro nail supply reviews",0,2,0.00,4.5
"pro nail supply san antonio",0,4,0.00,8.0
"pro nails supply",0,1,0.00,8.0
"pro salon",0,6,0.00,14.8
"pro style",0,3,0.00,47.7
"pro style barber shop",0,1,0.00,27.0
"pro styles",0,1,0.00,6.0
"pro styles barber",0,1,0.00,10.0
"pro styles barber shop",0,5,0.00,14.4
"pro styles barber shop & hair studio",0,1,0.00,9.0
"pro styles barber shop & hair studio san jose",0,1,0.00,7.0
"pro styles barber shop & hair studio san jose reviews",0,32,0.00,6.8
"pro styles barbershop",0,1,0.00,27.0
"pro stylist",0,24,0.00,11.1
"pro2 salon",0,1,0.00,66.0
"probeauty",0,3,0.00,5.7
"probeauty salon",0,1,0.00,31.0
"probeauty supply",0,1,0.00,1.0
"probeautyshops",0,1,0.00,5.0
"process institute of cosmetology",0,1,0.00,27.0
"procuts",0,26,0.00,7.7
"procuts hours",0,2,0.00,11.5
"procuts near me",0,3,0.00,8.0
"procuts photos",0,1,0.00,8.0
"prodigy cuts brownsville",0,1,0.00,8.0
"product hair",0,1,0.00,3.0
"productos para barberia cerca de mi",0,1,0.00,10.0
"products offered by kiwi beauty supply",0,1,0.00,23.0
"products offered by yes beauty supply",0,7,0.00,4.3
"prof houston",0,3,0.00,5.3
"prof salon",0,1,0.00,11.0
"profade",0,1,0.00,11.0
"profade garland",0,10,0.00,10.7
"professional academy",0,4,0.00,10.0
"professional barber academy",0,1,0.00,12.0
"professional barber supply",0,1,0.00,1.0
"professional beauty bar",0,1,0.00,36.0
"professional beauty center",0,1,0.00,92.0
"professional beauty supply",0,1,0.00,1.0
"professional clippers hair",0,1,0.00,9.0
"professional clippers near me",0,7,0.00,56.6
"professional cosmetology",0,2,0.00,7.0
"professional cuts barber shop",0,2,0.00,28.0
"professional cutz",0,3,0.00,26.0
"professional cutz barber shop",0,2,0.00,12.0
"professional hair color at home rice village",0,11,0.00,14.0
"professional hair salon",0,1,0.00,2.0
"professional hair salon barber shop حلاق عربي هيوستن تكساس",0,12,0.00,16.2
"professional hair salon westheimer",0,1,0.00,1.0
"professional hair shears near me",0,2,0.00,67.5
"professional hair studio llc",0,1,0.00,13.0
"professional hair studio llc.",0,7,0.00,11.1
"professional institute of beauty pib escuela de belleza",0,1,0.00,8.0
"professional nail clippers near me",0,1,0.00,10.0
"professional nail store",0,1,0.00,1.0
"professional photographer jacinto city",0,28,0.00,10.7
"professional products & more",0,1,0.00,5.0
"professional products and more",0,68,0.00,6.3
"professional shop",0,1,0.00,28.0
"professional skin care academy",0,22,0.00,13.5
"professional-blendz-barber-shop-llc-",0,1,0.00,19.0
"professionalblendzbarbershopllc",0,2,0.00,33.0
"professionals barber and beauty houston reviews",0,3,0.00,31.7
"professionals hair",0,1,0.00,87.0
"proform cut and shave",0,1,0.00,56.0
"progress beauty",0,1,0.00,8.0
"progress beauty college",0,40,0.00,7.0
"prohair salon",0,10,0.00,8.5
"prohaircutters",0,1,0.00,42.0
"prohibition",0,1,0.00,4.0
"prohibition barber shop",0,51,0.00,2.2
"prohibition barber shop hair cuts and beards from experienced barbers pasadena reviews",0,2,0.00,11.5
"prohibition barbershop",0,4,0.00,1.0
"prohibition haircut",0,2,0.00,1.0
"prolific barber",0,1,0.00,11.0
"prolific barber co",0,19,0.00,10.1
"prolific barber shop",0,13,0.00,9.5
"prolific barber shop san bernardino ca",0,12,0.00,10.8
"prolific barbershop",0,13,0.00,11.5
"prolific barbershop modesto",0,6,0.00,12.2
"pronail supply",0,4,0.00,1.5
"pronto cuts",0,11,0.00,10.7
"proper barber",0,5,0.00,14.4
"proper barber and co",0,1,0.00,9.0
"proper barber co",0,1,0.00,9.0
"proper barbershop",0,5,0.00,35.0
"properbarber",0,1,0.00,13.0
"properchop",0,10,0.00,11.1
"properchop barbershop",0,8,0.00,9.9
"proproductsandmore",0,1,0.00,1.0
"pros barber shop",0,5,0.00,8.4
"pros salon",0,1,0.00,26.0
"prose hair care",0,1,0.00,9.0
"proskin academy",0,1,0.00,49.0
"prospect barber institute",0,14,0.00,9.9
"prostyles",0,2,0.00,37.5
"prostyles barbershop",0,2,0.00,21.0
"prostyles barbershop reviews",0,1,0.00,9.0
"psi cosmetology practical exam texas",0,1,0.00,22.0
"psi exams texas",0,1,0.00,34.0
"psi manicurist practical exam texas",0,2,0.00,10.0
"psi tdlr login",0,1,0.00,11.0
"psi texas cosmetology practical exam",0,2,0.00,20.0
"psja ballew",0,1,0.00,8.0
"puerto rican barber near me",0,1,0.00,1.0
"puerto rican barber shop",0,1,0.00,7.0
"puerto rican hair salon near me",0,1,0.00,1.0
"puerto rican haircut",0,1,0.00,2.0
"puerto rican haircut men",0,1,0.00,7.0
"puerto rican haircuts",0,8,0.00,1.0
"puerto rico barber",0,1,0.00,11.0
"puerto rico barber kings",0,1,0.00,12.0
"puerto rico barber shop",0,2,0.00,9.0
"puerto rico barber shop near me",0,1,0.00,5.0
"pulga cutz",0,17,0.00,8.3
"pulse academy",0,49,0.00,4.8
"pulse academy pittsburg tx",0,16,0.00,6.1
"punta cana barber",0,8,0.00,9.1
"punta cana barber shop",0,8,0.00,8.0
"punta cana barbershop",0,3,0.00,9.7
"punta cana barbershop photos",0,8,0.00,6.9
"punta cana barbershop richardson reviews",0,2,0.00,11.0
"pura vida salon dallas",0,3,0.00,58.0
"pure beauty corpus christi",0,4,0.00,9.3
"pure beauty salon",0,15,0.00,8.7
"pure beauty salon corpus christi",0,5,0.00,6.6
"pure edge control",0,1,0.00,7.0
"pure posh",0,2,0.00,9.5
"pure posh salon",0,4,0.00,9.5
"pure posh salon at stone oak",0,1,0.00,6.0
"pure posh salon at stone oak photos",0,4,0.00,6.8
"pure posh salon photos",0,1,0.00,10.0
"pure posh salon reviews",0,18,0.00,10.4
"pure posh salon san antonio",0,1,0.00,17.0
"pure posh stone oak",0,2,0.00,8.0
"pure sana fort worth",0,3,0.00,12.3
"pure sana salon",0,4,0.00,12.0
"purebeauty salon",0,1,0.00,51.0
"purebeauty salon and spa",0,1,0.00,56.0
"puresana",0,7,0.00,6.4
"puresana fort worth",0,3,0.00,7.7
"puresana salon",0,11,0.00,7.3
"puresana salon fort worth",0,7,0.00,8.4
"puresana salon fort worth reviews",0,9,0.00,7.8
"puresana salon photos",0,7,0.00,8.1
"puresana salon reviews",0,7,0.00,9.0
"puresauna",0,1,0.00,7.0
"puro handsome barbershop",0,1,0.00,11.0
"purple chair salon",0,16,0.00,7.3
"purple chair salon and spa",0,1,0.00,1.0
"purple hair dye",0,1,0.00,5.0
"purple hair salon",0,3,0.00,5.0
"purple rose salon",0,1,0.00,17.0
"purple salon",0,2,0.00,16.5
"purrfect just for you",0,6,0.00,9.0
"purrrfect just for you",0,4,0.00,10.0
"purrrfect just for you wig boutique & beauty supply photos",0,3,0.00,8.0
"pv hair",0,1,0.00,11.0
"pv salon",0,27,0.00,5.2
"pyramid barber shop",0,4,0.00,6.5
"pyramid barbershop",0,5,0.00,6.2
"pyramid beauty supply",0,2,0.00,13.0
"pyramid hair",0,12,0.00,11.3
"pyramid hair salon",0,12,0.00,7.6
"pyramid hair studio",0,17,0.00,5.6
"pyramid salon",0,3,0.00,5.3
"pyramid saloon",0,1,0.00,9.0
"pyramid store",0,1,0.00,3.0
"pyramids barber shop",0,16,0.00,8.6
"pyramids barbershop",0,7,0.00,7.7
"pyramids hair salon",0,1,0.00,24.0
"q",0,1,0.00,4.0
"q 1",0,1,0.00,4.0
"q barber",0,1,0.00,9.0
"q beauty",0,22,0.00,8.3
"q beauty supply",0,61,0.00,7.6
"q beauty supply store",0,1,0.00,9.0
"q beuty",0,1,0.00,4.0
"q clothes",0,1,0.00,4.0
"q clothes store",0,1,0.00,2.0
"q clothing store",0,3,0.00,3.7
"q essentials",0,1,0.00,55.0
"q fashion",0,28,0.00,5.6
"q fashion beauty supply",0,50,0.00,8.7
"q fashion clothing",0,1,0.00,3.0
"q fashion locations",0,1,0.00,7.0
"q fashion near me",0,1,0.00,1.0
"q fashion store",0,5,0.00,4.2
"q fashions",0,1,0.00,9.0
"q galleria",0,1,0.00,2.0
"q hair",0,2,0.00,6.5
"q hair salon",0,10,0.00,6.9
"q harris salon",0,10,0.00,8.3
"q in the mall",0,1,0.00,1.0
"q luv",0,1,0.00,3.0
"q luv store",0,1,0.00,4.0
"q makeup store",0,1,0.00,4.0
"q mall",0,3,0.00,6.0
"q mall store",0,3,0.00,2.0
"q plus near me",0,1,0.00,44.0
"q salon",0,29,0.00,9.7
"q salon + barber",0,13,0.00,7.2
"q salon 1",0,102,0.00,2.0
"q salon 1 reviews",0,7,0.00,5.6
"q salon 2",0,10,0.00,13.3
"q salon 2 photos",0,1,0.00,10.0
"q salon 2 reviews",0,3,0.00,9.0
"q salon 3",0,19,0.00,6.3
"q salon 529",0,2,0.00,10.0
"q salon and barber",0,44,0.00,7.9
"q salon barber",0,5,0.00,10.2
"q salon barker cypress",0,14,0.00,6.5
"q shop",0,1,0.00,6.0
"q shopping",0,4,0.00,6.0
"q shopping store",0,1,0.00,7.0
"q store",0,13,0.00,5.5
"q store galleria",0,5,0.00,4.6
"q store houston",0,3,0.00,11.7
"q store in mall",0,2,0.00,4.5
"q store mall",0,2,0.00,6.0
"q store near me",0,5,0.00,4.6
"q store.",0,2,0.00,11.0
"q tienda de ropa",0,1,0.00,1.0
"q&h",0,4,0.00,52.0
"q's salon",0,2,0.00,11.0
"q's store",0,1,0.00,11.0
"q1 hair salon",0,1,0.00,5.0
"q1 salon",0,1,0.00,1.0
"q7 salon",0,1,0.00,12.0
"qc salon",0,1,0.00,12.0
"qfashion",0,3,0.00,3.7
"qi ao salon",0,12,0.00,8.6
"qi salon",0,1,0.00,5.0
"qkt",0,2,0.00,80.0
"qq barbershop north lamar",0,2,0.00,10.0
"qsalon",0,2,0.00,11.0
"qt beauty supply",0,6,0.00,3.5
"qt hair",0,2,0.00,5.0
"qthair",0,2,0.00,2.5
"qtt",0,62,0.00,1.0
"qtt beauty",0,12,0.00,7.4
"qtt beauty supply photos",0,6,0.00,3.7
"qtt beauty supply reviews",0,6,0.00,7.0
"qtt beauty supply webster tx",0,1,0.00,9.0
"qua houston",0,1,0.00,8.0
"qua salon",0,30,0.00,7.7
"qua salon houston",0,5,0.00,8.4
"quality barber college",0,24,0.00,7.7
"quality kutz",0,1,0.00,8.0
"quality reflection studio denton",0,6,0.00,6.5
"quality reflection studio denton reviews",0,57,0.00,6.6
"quarter to ten",0,83,0.00,7.9
"quarter to ten austin",0,12,0.00,8.5
"quarter to ten austin tx",0,1,0.00,6.0
"quarter to ten beauty supply",0,1,0.00,6.0
"quarter to ten store",0,1,0.00,39.0
"quarter to ten webster",0,7,0.00,3.6
"quarter to ten webster tx",0,12,0.00,4.1
"quarter to ten webster, tx",0,5,0.00,5.8
"quartz hill barbershop",0,1,0.00,13.0
"quater to ten",0,5,0.00,8.2
"que bella hair & nails",0,11,0.00,7.8
"que bella hair salon",0,1,0.00,8.0
"que bella salon",0,1,0.00,23.0
"que hair salon",0,1,0.00,9.0
"que salon",0,3,0.00,20.7
"queen african braiding",0,4,0.00,11.0
"queen beauty",0,2,0.00,9.5
"queen beauty htx",0,1,0.00,14.0
"queen beauty parlour",0,1,0.00,22.0
"queen beauty salon",0,5,0.00,9.2
"queen beauty salon and spa",0,20,0.00,7.1
"queen beauty shop",0,1,0.00,28.0
"queen beauty studio",0,1,0.00,10.0
"queen beauty supply",0,19,0.00,8.3
"queen beauty supply la",0,1,0.00,9.0
"queen beauty supply near me",0,1,0.00,8.0
"queen braiding",0,1,0.00,11.0
"queen c beauty supply",0,1,0.00,23.0
"queen hair and beauty",0,1,0.00,32.0
"queen hair and beauty supply",0,1,0.00,23.0
"queen hair supply",0,1,0.00,12.0
"queen nails eagle pass",0,4,0.00,8.0
"queen nails spa",0,1,0.00,6.0
"queen of beauty salon",0,1,0.00,20.0
"queen salon",0,5,0.00,14.0
"queen salon and spa",0,2,0.00,7.0
"queen salon near me",0,1,0.00,12.0
"queen wave beauty",0,1,0.00,2.0
"queen's beauty salon & spa",0,4,0.00,9.3
"queens beauty",0,1,0.00,4.0
"queens beauty salon",0,9,0.00,11.1
"queens beauty salon & spa",0,3,0.00,8.0
"queens beauty salon and spa",0,68,0.00,6.4
"queens beauty salon and spa reviews",0,8,0.00,10.5
"queens beauty supply",0,40,0.00,8.3
"queens beauty supply dallas",0,13,0.00,7.2
"queens beauty supply near me",0,2,0.00,11.5
"queens beauty supply store",0,1,0.00,9.0
"queens finest beauty supply",0,33,0.00,7.2
"queens hair",0,2,0.00,9.5
"queens hair store",0,1,0.00,6.0
"queens hair supply",0,2,0.00,13.0
"queens salon",0,7,0.00,9.9
"queens way beauty supply",0,14,0.00,12.1
"queenston salon studios",0,7,0.00,5.3
"quema cuts",0,56,0.00,7.4
"quema cuts with ely baber beauty supply austin",0,14,0.00,6.1
"qui",0,1,0.00,3.0
"quick clips",0,2,0.00,10.5
"quick clips hair salon",0,12,0.00,6.3
"quick clips houston",0,32,0.00,7.8
"quick cuts hair salon",0,1,0.00,8.0
"quick salon",0,1,0.00,5.0
"quick weave hairstylist near me",0,1,0.00,1.0
"quick weave houston tx",0,1,0.00,1.0
"quick weave near me",0,2,0.00,1.0
"quince hair and makeup near me",0,1,0.00,1.0
"quinns barber",0,1,0.00,47.0
"quintessential beauty",0,2,0.00,6.0
"quintessential san bernardino",0,2,0.00,15.0
"qv hair salon",0,1,0.00,47.0
"qz hair studio",0,21,0.00,5.3
"r and d barber shop",0,2,0.00,7.0
"r and d beauty salon",0,1,0.00,43.0
"r and d hair salon",0,1,0.00,28.0
"r barbers",0,2,0.00,9.5
"r d salon",0,2,0.00,17.0
"r j hair salon",0,1,0.00,29.0
"r r barber",0,1,0.00,13.0
"r star barber",0,1,0.00,7.0
"r star barber shop",0,1,0.00,8.0
"r valentino hair salon",0,17,0.00,9.1
"r valentino salon",0,45,0.00,6.7
"r&e cosmetology school",0,1,0.00,9.0
"r&j barber",0,1,0.00,19.0
"r&r school",0,1,0.00,6.0
"r+co hair products",0,2,0.00,6.0
"ra salon",0,9,0.00,9.1
"ra salon and spa",0,2,0.00,7.0
"radiant academy",0,4,0.00,7.0
"radiant academy school",0,1,0.00,12.0
"radiant beauty salon",0,6,0.00,7.3
"radiant beauty salon cypress tx",0,11,0.00,6.9
"radiant hair salon",0,2,0.00,8.5
"rafex beauty",0,6,0.00,10.0
"rafex beauty distribution",0,1,0.00,9.0
"rafex beauty salon",0,1,0.00,14.0
"rafex beauty shop",0,1,0.00,9.0
"rafex.ma",0,3,0.00,66.7
"ragaeh beauty salon",0,33,0.00,8.5
"ragaeh beauty salon el paso reviews",0,10,0.00,4.1
"ragamuffin hair",0,6,0.00,8.3
"rage hair",0,2,0.00,6.0
"rage hair salon",0,1,0.00,9.0
"rage salon",0,16,0.00,5.7
"rage salon tyler tx",0,3,0.00,9.0
"raggamuffinz",0,7,0.00,6.1
"raider cutz",0,2,0.00,10.5
"raider kutz",0,2,0.00,11.0
"rainbow beauty supply",0,1,0.00,1.0
"rainbow fox hair",0,1,0.00,25.0
"raines hair salon",0,1,0.00,59.0
"rainey's barbershop",0,1,0.00,46.0
"raman hair",0,1,0.00,48.0
"ramon salon",0,2,0.00,19.5
"ranch barber corona",0,2,0.00,10.0
"randall valentino gonzales",0,4,0.00,14.8
"randalls barber shop houston",0,2,0.00,9.5
"randle's barbershop",0,4,0.00,8.5
"randles barbershop",0,3,0.00,12.0
"ranger college cosmetology",0,9,0.00,10.7
"ranger college cosmetology stephenville tx",0,1,0.00,12.0
"ranger cosmetology",0,10,0.00,6.7
"ranger cosmetology school",0,27,0.00,7.0
"ranis beauty salon",0,1,0.00,1.0
"ranis eyebrow threading",0,1,0.00,1.0
"rapattoni barbershop",0,2,0.00,9.5
"rapid removal nails",0,1,0.00,4.0
"raquel barber shop",0,1,0.00,5.0
"raquel beauty salon",0,3,0.00,7.0
"raquel hair",0,1,0.00,10.0
"raquel hair salon",0,8,0.00,9.1
"raquel salon",0,5,0.00,6.8
"raquel salon de belleza",0,4,0.00,5.8
"raquel's hair salon",0,6,0.00,5.8
"raquels salon",0,1,0.00,6.0
"rare luxe sanctuary",0,13,0.00,8.0
"rastafri braiding hair",0,1,0.00,6.0
"rastafri hair",0,6,0.00,6.2
"rastafri pre stretched braiding hair",0,3,0.00,4.0
"rastas hair",0,1,0.00,4.0
"rattail comb",0,1,0.00,6.0
"rave outfits women",0,1,0.00,9.0
"raw hair and co",0,1,0.00,7.0
"raw hair dallas",0,4,0.00,23.5
"raymond barbershop",0,1,0.00,10.0
"raymonds barber shop",0,3,0.00,10.0
"raymonds barbershop",0,2,0.00,10.5
"razar barber",0,8,0.00,8.4
"razor and co",0,4,0.00,5.8
"razor art barbershop",0,2,0.00,8.0
"razor barbershop",0,1,0.00,6.0
"razor edge",0,1,0.00,1.0
"razor king barber",0,5,0.00,10.4
"razor king barber shop",0,2,0.00,10.0
"razor near me",0,1,0.00,43.0
"razor rob barber",0,3,0.00,6.3
"razor robs",0,2,0.00,7.0
"razor shop near me",0,1,0.00,100.0
"razor stores near me",0,1,0.00,35.0
"razor's edge barber shop",0,1,0.00,9.0
"razorbacks barber shop long beach",0,1,0.00,13.0
"razorbacks barbershop",0,4,0.00,9.3
"razorbacks barbershop reviews",0,54,0.00,7.4
"razorbacks long beach",0,5,0.00,11.6
"razorblades near me",0,1,0.00,36.0
"razors",0,1,0.00,9.0
"razors edge barber",0,1,0.00,8.0
"razors edge barber shop",0,1,0.00,1.0
"razors edge plano",0,7,0.00,7.9
"razors near me open now",0,1,0.00,54.0
"rcc cosmetology",0,1,0.00,68.0
"rcc cosmetology salon",0,1,0.00,69.0
"rcc cosmetology school",0,1,0.00,67.0
"rd artistry",0,2,0.00,50.0
"rd barbershop",0,1,0.00,10.0
"rd beaute studio | rhonyadidthat",0,2,0.00,2.5
"rd beauty salon",0,4,0.00,7.8
"rd hair",0,2,0.00,13.5
"rd salon",0,2,0.00,14.5
"rda",0,2,0.00,1.0
"rda arlington",0,1,0.00,25.0
"rda beaumont",0,4,0.00,11.3
"rda beaumont tx",0,3,0.00,12.3
"rda beauty",0,5,0.00,10.0
"rda beauty supplies",0,2,0.00,9.0
"rda beauty supply",0,14,0.00,7.9
"rda beauty supply near me",0,1,0.00,8.0
"rda corpus christi",0,1,0.00,15.0
"rda fort worth",0,32,0.00,7.1
"rda garland",0,3,0.00,7.3
"rda garland tx",0,1,0.00,1.0
"rda hair",0,6,0.00,17.8
"rda hair store",0,10,0.00,9.5
"rda hair supply",0,5,0.00,9.8
"rda hours",0,3,0.00,13.7
"rda houston",0,5,0.00,13.2
"rda mart",0,1,0.00,11.0
"rda near me",0,3,0.00,9.0
"rda pasadena tx",0,2,0.00,7.5
"rda pro mart",0,3,0.00,12.3
"rda pro mart near me",0,5,0.00,15.4
"rda pro-mart beauty supply",0,2,0.00,15.5
"rda promart",0,36,0.00,10.7
"rda promart amarillo",0,1,0.00,20.0
"rda promart fort worth",0,8,0.00,4.9
"rda promart near me",0,4,0.00,12.3
"rda promart photos",0,2,0.00,11.0
"rda store",0,2,0.00,8.0
"rda tyler",0,1,0.00,22.0
"rda webster tx",0,1,0.00,6.0
"rdn studio",0,1,0.00,38.0
"re vive salon",0,1,0.00,11.0
"real cutz",0,1,0.00,35.0
"real cutz barber shop",0,1,0.00,28.0
"real hair wigs",0,1,0.00,1.0
"rebel trimmers",0,1,0.00,7.0
"rebellion barbershop",0,14,0.00,8.9
"rebellion barbershop amarillo",0,2,0.00,11.0
"rebellion barbershop reviews",0,1,0.00,8.0
"rebellious barber",0,1,0.00,8.0
"rebellious barber studio",0,2,0.00,6.0
"reborn hair and scalp spa",0,1,0.00,7.0
"red dog barber",0,9,0.00,5.0
"red dog barber shop",0,32,0.00,5.9
"red fox barbershop",0,2,0.00,9.5
"red river salon",0,1,0.00,2.0
"red salon",0,1,0.00,11.0
"red stella",0,1,0.00,9.0
"red stella hair salon photos",0,1,0.00,20.0
"red stella hair salon reviews",0,36,0.00,10.9
"red stella salon",0,11,0.00,8.3
"red stella salon austin",0,1,0.00,9.0
"reddog barbershop",0,19,0.00,5.8
"redemption square",0,1,0.00,1.0
"redken hair salon",0,1,0.00,10.0
"redken international academy of style",0,1,0.00,59.0
"redken shafes eq",0,1,0.00,3.0
"redken toner",0,1,0.00,3.0
"redondo beach beauty college",0,3,0.00,20.3
"redondo beach beauty college reviews",0,3,0.00,11.0
"redwood beauty supply",0,8,0.00,6.3
"reema salon",0,1,0.00,9.0
"refa flat iron",0,1,0.00,3.0
"refa hair brush",0,3,0.00,5.7
"refa hair products",0,1,0.00,7.0
"refined barber",0,1,0.00,9.0
"refined by april",0,5,0.00,9.2
"refined razor barbershop",0,4,0.00,6.8
"reflech",0,9,0.00,8.1
"reflech beaute",0,21,0.00,7.7
"reflect hair studio",0,1,0.00,12.0
"reflections beauty salon",0,1,0.00,5.0
"reflexions",0,2,0.00,5.0
"reflexions hair salon",0,1,0.00,6.0
"reflexions waco",0,5,0.00,8.2
"regal barber",0,2,0.00,45.0
"regal barbershop",0,2,0.00,13.5
"regal cuts",0,1,0.00,38.0
"regale barber supply",0,19,0.00,5.2
"regency beauty institute",0,5,0.00,27.2
"regency beauty school",0,1,0.00,46.0
"regency cosmetology school",0,2,0.00,27.5
"regency hair salon",0,1,0.00,4.0
"regency hair school",0,1,0.00,45.0
"regency salon",0,1,0.00,1.0
"regional nail supply",0,5,0.00,1.2
"regro hair studio",0,2,0.00,30.0
"reina hair salon",0,1,0.00,7.0
"reinas salon de belleza",0,1,0.00,1.0
"reines hair braiding",0,1,0.00,66.0
"rejuvenate hair salon",0,35,0.00,8.2
"rejuvenate hair studio",0,36,0.00,7.4
"rejuvenate hair studio photos",0,5,0.00,8.0
"rejuvenate hair studio reviews",0,16,0.00,8.5
"rejuvenate houston",0,2,0.00,28.5
"rejuvenation hair salon",0,1,0.00,47.0
"relentless barber studio",0,1,0.00,9.0
"religion nail",0,2,0.00,8.0
"religion nail supply",0,238,0.00,3.9
"religion nail supply houston",0,5,0.00,1.0
"religion nail supply reviews",0,12,0.00,9.1
"rem salon",0,1,0.00,46.0
"remarkable fades",0,8,0.00,8.6
"remington beauty school",0,11,0.00,14.1
"remington college cosmetology",0,1,0.00,12.0
"remington college league city",0,2,0.00,10.0
"remington cosmetology school",0,8,0.00,10.6
"remington hair school",0,5,0.00,12.8
"remington school of cosmetology",0,5,0.00,11.6
"renees",0,1,0.00,6.0
"renew cosmetology",0,3,0.00,69.7
"renew cosmetology license",0,5,0.00,56.0
"renew cosmetology license in texas",0,2,0.00,66.0
"renew cosmetology license texas",0,4,0.00,53.5
"renew esthetician license",0,1,0.00,55.0
"renew esthetician license texas",0,11,0.00,41.8
"renew esthetics license",0,4,0.00,68.0
"renew manicurist license",0,7,0.00,56.1
"renew manicurist license texas",0,6,0.00,35.0
"renew nail license in texas",0,7,0.00,39.4
"renew nail license texas",0,10,0.00,38.7
"renew nail tech license",0,1,0.00,80.0
"renew salon license",0,1,0.00,67.0
"renew texas cosmetology licence",0,4,0.00,50.5
"renew texas cosmetology license",0,4,0.00,54.5
"renew texas cosmetology license online",0,2,0.00,67.0
"renew tx cosmetology",0,3,0.00,31.0
"renewal cosmetology license",0,1,0.00,64.0
"renewing a cosmetology license",0,6,0.00,66.8
"renewing esthetician license in texas",0,3,0.00,55.0
"renewing my cosmetology license",0,1,0.00,66.0
"replacement tape for hair extensions",0,1,0.00,1.0
"republic barbershop garland",0,4,0.00,10.0
"republic hair",0,1,0.00,8.0
"republic hair co",0,3,0.00,13.7
"republic hair co dallas",0,3,0.00,8.0
"republic hair co reviews",0,10,0.00,6.5
"republic hair company",0,1,0.00,6.0
"requirements for cosmetology license in texas",0,17,0.00,40.2
"rerouting strands",0,1,0.00,7.0
"reserve by kelsey",0,6,0.00,7.0
"reserved salon",0,17,0.00,8.4
"reserved salon league city",0,6,0.00,5.7
"reserved salon reviews",0,3,0.00,3.0
"residents barbershop",0,2,0.00,9.5
"restaurants near me",0,1,0.00,1.0
"retreat hair salon",0,1,0.00,42.0
"retwist dreads near me",0,1,0.00,3.0
"rev hair salon houston",0,3,0.00,40.3
"revamp salon",0,33,0.00,7.2
"revamp salon reviews",0,6,0.00,6.8
"revamp salon sf",0,3,0.00,7.7
"revere hair salon",0,1,0.00,7.0
"revitalize salon",0,2,0.00,54.5
"revival beauty studio",0,2,0.00,8.0
"revival salon",0,1,0.00,11.0
"revivance",0,1,0.00,10.0
"revive beauty",0,2,0.00,6.5
"revive beauty clinic",0,1,0.00,9.0
"revive bishop arts",0,1,0.00,8.0
"revive hair",0,2,0.00,9.5
"revive hair and skin",0,1,0.00,52.0
"revive hair salon",0,10,0.00,10.7
"revive hair salon near me",0,1,0.00,12.0
"revive hair studio",0,1,0.00,11.0
"revive head and body spa",0,2,0.00,55.0
"revive head spa",0,1,0.00,13.0
"revive houston",0,1,0.00,37.0
"revive salon",0,28,0.00,18.2
"revive salon & spa",0,1,0.00,33.0
"revive salon and spa",0,10,0.00,25.5
"revive salon and spa llc",0,1,0.00,44.0
"revive salon houston",0,2,0.00,11.0
"revive salon near me",0,4,0.00,56.3
"revive salon oak forest",0,23,0.00,4.8
"revive salon spa",0,11,0.00,23.5
"revive saloon",0,1,0.00,9.0
"revive scalp and beauty spa",0,1,0.00,63.0
"revive spa & salon",0,4,0.00,44.0
"revive spa and salon",0,2,0.00,25.0
"revive spa salon",0,2,0.00,56.0
"revivespa",0,1,0.00,10.0
"revolt barber shop",0,1,0.00,11.0
"revolt barbershop",0,1,0.00,8.0
"revolution barber",0,64,0.00,10.4
"revolution barber co",0,2,0.00,25.0
"revolution barber company",0,1,0.00,25.0
"revolution barber mckinney",0,3,0.00,23.0
"revolution barber shop",0,33,0.00,9.6
"revolution barber shop mckinney",0,11,0.00,10.7
"revolution barbershop",0,46,0.00,9.6
"revolution barbershop mckinney",0,8,0.00,31.1
"revolution barbershop mckinney tx",0,2,0.00,5.5
"revolution barbershop photos",0,7,0.00,10.1
"revolution barbershop reviews",0,59,0.00,7.3
"revolution mablethorpe",0,1,0.00,29.0
"revolutionary barber",0,1,0.00,11.0
"revolutionary hair",0,1,0.00,12.0
"rex barbershop",0,1,0.00,23.0
"rey and gus",0,5,0.00,9.2
"rey and gus barber shop",0,1,0.00,5.0
"reyna beauty salon",0,3,0.00,5.0
"reyna braiding",0,6,0.00,6.3
"reyna hair salon",0,2,0.00,10.0
"reyna salon",0,6,0.00,12.3
"reyna's beauty & hair salon",0,1,0.00,11.0
"reyna's beauty salon",0,1,0.00,4.0
"reyna's braiding",0,7,0.00,9.4
"reyna's hair and beauty",0,1,0.00,7.0
"reyna's hair salon",0,3,0.00,11.3
"reynas beauty salon",0,2,0.00,3.0
"reynas hair salon",0,6,0.00,7.5
"reynas salon",0,8,0.00,11.0
"reza barber",0,16,0.00,8.2
"rg barber",0,1,0.00,4.0
"rgv barber school",0,3,0.00,10.3
"rgv cosmetology school",0,2,0.00,9.5
"ria martin",0,2,0.00,1.0
"ria salon",0,1,0.00,6.0
"ricardo barbershop",0,1,0.00,12.0
"rice village hair salon",0,1,0.00,20.0
"rice village salon",0,1,0.00,57.0
"rich angel salon reviews",0,2,0.00,9.5
"rich barber",0,1,0.00,6.0
"rich barber shop",0,9,0.00,7.1
"rich gotti",0,3,0.00,11.0
"rich's barbershop conroe",0,2,0.00,10.0
"richard and company salon",0,1,0.00,60.0
"richardson barber",0,2,0.00,39.5
"richardson nail supply",0,4,0.00,2.8
"richerson's master barber academy fort worth",0,2,0.00,9.0
"richersons master barber academy",0,1,0.00,10.0
"richlands barber shop",0,1,0.00,53.0
"richs barber shop",0,25,0.00,7.9
"richs barbershop",0,3,0.00,8.0
"rich’s barbershop",0,1,0.00,9.0
"rick's barber shop fremont",0,1,0.00,10.0
"rick's old school barbershop",0,12,0.00,7.4
"rick's sundale barber shop",0,3,0.00,8.7
"rico barber shop",0,1,0.00,5.0
"rico the barber",0,2,0.00,32.5
"ridgewood hair salons",0,1,0.00,8.0
"ridgewood salon",0,11,0.00,9.8
"ridica",0,1,0.00,9.0
"ridica cosmetology",0,4,0.00,9.0
"righteous barbershop league city",0,1,0.00,12.0
"rima beauty salon",0,1,0.00,8.0
"rima hair salon",0,2,0.00,8.0
"rima salon",0,12,0.00,8.6
"rima salon reviews",0,3,0.00,6.3
"rimair salon",0,6,0.00,9.2
"rimas salon",0,1,0.00,7.0
"rina's beauty salon",0,1,0.00,4.0
"rio men",0,9,0.00,1.0
"riot barber shop",0,1,0.00,7.0
"riot beauty",0,1,0.00,26.0
"riot hair",0,2,0.00,22.5
"riot hair salon",0,17,0.00,6.6
"riot hair salon webster tx",0,7,0.00,7.9
"riot salon",0,99,0.00,8.8
"riot salon reviews",0,8,0.00,6.9
"riot salon webster",0,6,0.00,6.7
"riot salon webster tx",0,6,0.00,8.5
"rise aesthetic institute",0,2,0.00,51.5
"rise and shine salon",0,7,0.00,4.3
"risher hair salon@la vita bella salon tyler",0,6,0.00,3.8
"rising up barbershop",0,52,0.00,10.6
"rising up barbershop reviews",0,2,0.00,6.0
"ritual hair co reviews",0,12,0.00,6.0
"ritual hair company",0,2,0.00,33.5
"ritual hair salon",0,3,0.00,9.0
"ritual salon",0,18,0.00,6.9
"ritual salon austin",0,4,0.00,6.3
"ritual salon reviews",0,2,0.00,11.0
"ritual space",0,1,0.00,9.0
"ritual space salon",0,2,0.00,8.0
"rituals salon",0,1,0.00,76.0
"riva cosmetology",0,55,0.00,8.3
"riva cosmetology school",0,4,0.00,6.8
"riva institute",0,2,0.00,8.5
"riva institute of cosmetology",0,57,0.00,7.2
"riva institute of cosmetology reviews",0,18,0.00,10.3
"rivas cosmetology school",0,4,0.00,5.5
"river oaks hair salon",0,5,0.00,38.8
"river oaks hair salons houston",0,1,0.00,34.0
"river oaks salon",0,5,0.00,37.0
"river oaks salon houston",0,2,0.00,35.0
"riverside barber & beauty institute",0,2,0.00,10.5
"riverside barber and beauty institute",0,11,0.00,8.3
"riverside barber and beauty institute reviews",0,36,0.00,7.1
"riverside barber school",0,24,0.00,8.2
"riverside beauty school",0,4,0.00,12.3
"riverside city college cosmetology",0,2,0.00,11.5
"riverside city college cosmetology salon",0,50,0.00,10.1
"riverside city college cosmetology salon photos",0,20,0.00,9.1
"riverside shave",0,2,0.00,11.5
"riverside shave co",0,25,0.00,8.5
"riverside shave company",0,3,0.00,9.3
"riya salon",0,11,0.00,4.4
"riya salon near me",0,3,0.00,4.3
"riya's salon houston reviews",0,19,0.00,2.2
"riya's salon reviews",0,9,0.00,2.2
"riyas salon",0,6,0.00,4.2
"rj barber",0,2,0.00,10.5
"rj barber shop",0,7,0.00,8.4
"rj barbers",0,2,0.00,22.5
"rj barbershop",0,3,0.00,7.3
"rj faded studio",0,2,0.00,17.0
"rj hair salon",0,1,0.00,21.0
"rj haircut",0,1,0.00,19.0
"rj shave palace",0,3,0.00,6.3
"rj the barber",0,2,0.00,11.0
"rj's barber shop",0,2,0.00,6.5
"rj's barbershop",0,2,0.00,7.0
"rj's shave palace",0,3,0.00,12.3
"rjfaded studio",0,8,0.00,6.4
"rjs barber shop",0,9,0.00,8.3
"rjs barbershop",0,3,0.00,9.7
"rjs shave palace",0,7,0.00,7.1
"rj’s barbershop",0,1,0.00,8.0
"rm beauty supply",0,1,0.00,50.0
"rmbarber",0,1,0.00,2.0
"ro's barbershop",0,2,0.00,6.5
"ro's natural hair studio",0,18,0.00,7.3
"roach barber",0,2,0.00,65.5
"rob haircut",0,1,0.00,43.0
"rob the barber",0,3,0.00,9.3
"rob's chop shop",0,1,0.00,18.0
"robert daniel barber",0,13,0.00,9.4
"robs barber shop",0,1,0.00,11.0
"rock boyz barber shop",0,3,0.00,11.7
"rock hair",0,1,0.00,2.0
"rock n barbers",0,1,0.00,42.0
"rock n headz",0,20,0.00,4.3
"rock n lokz",0,1,0.00,26.0
"rock style hair",0,1,0.00,5.0
"rock-n-headz locs and more",0,6,0.00,1.8
"rockafellas barber shop",0,1,0.00,11.0
"rockafellas barbershop",0,5,0.00,9.8
"rockstar richie",0,1,0.00,1.0
"rodem hair",0,88,0.00,9.4
"rodem hair salon",0,6,0.00,7.5
"rodem hair studio san jose photos",0,9,0.00,7.3
"rodem hair studio san jose reviews",0,12,0.00,6.5
"rogue salon",0,1,0.00,3.0
"roland and johnny's barber shop",0,1,0.00,93.0
"rollins barber",0,1,0.00,66.0
"rollins barbershop",0,1,0.00,39.0
"rolo barbershop",0,1,0.00,6.0
"rom rod",0,1,0.00,7.0
"roma salon",0,4,0.00,7.3
"romans barber shop",0,1,0.00,11.0
"romas salon",0,1,0.00,6.0
"romero beauty academy llc",0,3,0.00,7.7
"romi hair salon",0,1,0.00,5.0
"romy's hair studio",0,2,0.00,4.0
"roniz beauty reviews",0,1,0.00,11.0
"roosters bellaire",0,1,0.00,9.0
"roosters houston",0,2,0.00,11.0
"root and sage",0,1,0.00,6.0
"root and sage salon",0,2,0.00,5.0
"root locks",0,1,0.00,1.0
"root locs salon",0,1,0.00,1.0
"rooted head spa",0,1,0.00,7.0
"rooted heritage",0,1,0.00,51.0
"rooted parlor",0,2,0.00,10.5
"rootlocs",0,4,0.00,1.0
"roots beauty bar",0,1,0.00,11.0
"ror nation",0,1,0.00,4.0
"ros barbershop 290",0,4,0.00,1.0
"ros barbershop cypress",0,4,0.00,1.0
"ros salon",0,1,0.00,8.0
"rosa beauty salon",0,1,0.00,1.0
"rosa hair",0,2,0.00,14.0
"rosa hair salon",0,5,0.00,7.0
"rosa hair salon near me",0,1,0.00,5.0
"rosa's hair salon",0,3,0.00,10.0
"rose and thorn barber supply",0,2,0.00,3.5
"rose barber shop",0,4,0.00,6.8
"rose barbershop",0,3,0.00,6.0
"rose beauty salon",0,6,0.00,6.2
"rose city barber",0,1,0.00,23.0
"rose city barber shop",0,1,0.00,22.0
"rose city barbershop",0,5,0.00,21.8
"rose city barbershop reviews",0,15,0.00,6.3
"rose city barbershop tyler tx",0,4,0.00,15.8
"rose hair",0,1,0.00,10.0
"rose hair salon",0,28,0.00,7.7
"rose hair salon photos",0,1,0.00,4.0
"rose salon",0,25,0.00,7.9
"rose salon houston",0,6,0.00,19.5
"rose salon studios",0,1,0.00,22.0
"rose unisex salon",0,30,0.00,7.5
"rose unisex salon and barbershop baytown",0,6,0.00,9.0
"rose unisex salon and barbershop baytown reviews",0,19,0.00,4.7
"rose's hair salon",0,4,0.00,18.0
"roses beauty salon",0,5,0.00,4.0
"roses hair",0,1,0.00,6.0
"roses hair salon",0,11,0.00,6.1
"roses salon",0,3,0.00,7.7
"rosetta hair",0,1,0.00,54.0
"rosewood barber shop",0,1,0.00,8.0
"rosewood barbershop",0,39,0.00,9.6
"rosi hair salon",0,2,0.00,9.0
"rosis salon",0,1,0.00,10.0
"rosston school of hair design",0,1,0.00,79.0
"rottie's barber studio tyler",0,6,0.00,4.8
"rotties barber shop",0,4,0.00,5.0
"rouge hair",0,4,0.00,4.0
"round rock beauty school",0,2,0.00,14.5
"round rock beauty supply",0,13,0.00,7.8
"round rock beauty supply store #1",0,1,0.00,10.0
"round rock beauty supply store #2",0,26,0.00,7.8
"round rock cosmetology school",0,1,0.00,14.0
"roy barber",0,1,0.00,1.0
"roy barbershop",0,1,0.00,9.0
"roy the barber",0,2,0.00,6.5
"roya hair",0,2,0.00,6.0
"roya hair salon",0,1,0.00,8.0
"royal aesthetics",0,1,0.00,9.0
"royal asthetics",0,1,0.00,7.0
"royal barbershop",0,7,0.00,9.6
"royal barbershop santa clarita",0,5,0.00,10.4
"royal beauty",0,20,0.00,9.8
"royal beauty hair salon",0,3,0.00,14.7
"royal beauty lounge",0,1,0.00,41.0
"royal beauty salon",0,8,0.00,14.4
"royal beauty salon near me",0,1,0.00,7.0
"royal beauty supplies",0,1,0.00,12.0
"royal beauty supply",0,90,0.00,7.5
"royal beauty supply near me",0,4,0.00,14.5
"royal beauty supply store",0,3,0.00,15.3
"royal beauty supply website",0,1,0.00,28.0
"royal crown hair dressing",0,1,0.00,4.0
"royal cut plano reviews",0,1,0.00,12.0
"royal hair",0,4,0.00,15.5
"royal hair & beauty",0,1,0.00,7.0
"royal hair center",0,6,0.00,29.0
"royal hair salon",0,34,0.00,6.4
"royal hair salon near me",0,2,0.00,9.0
"royal hair store",0,3,0.00,13.0
"royal hair studio",0,2,0.00,30.0
"royal heads",0,12,0.00,9.3
"royal heads barbershop",0,20,0.00,9.5
"royal kingz barbershop",0,1,0.00,5.0
"royal lash academy",0,1,0.00,1.0
"royal salon",0,2,0.00,11.0
"royal salon photos",0,1,0.00,10.0
"royal signature",0,2,0.00,7.5
"royal signature beauty bar",0,11,0.00,7.7
"royal touch salon",0,1,0.00,50.0
"royal velvet salon",0,2,0.00,10.0
"royal velvet salon & spa",0,3,0.00,9.0
"royal velvet salon & spa photos",0,2,0.00,7.5
"royal velvet salon and spa",0,1,0.00,26.0
"royal velvet salon reviews",0,6,0.00,6.5
"royalbeauty",0,1,0.00,11.0
"royals beauty supply",0,2,0.00,19.0
"royalty",0,1,0.00,2.0
"royalty academy",0,2,0.00,9.0
"royalty beauty",0,3,0.00,9.3
"royalty hair",0,1,0.00,9.0
"royalty hair salon",0,1,0.00,7.0
"royalty lash academy",0,41,0.00,6.6
"royalty salon",0,1,0.00,7.0
"royce barber",0,25,0.00,6.9
"royce barber shop",0,51,0.00,9.7
"royce barber shop reviews",0,8,0.00,8.3
"royce barbershop",0,18,0.00,8.8
"ro’s barbershop",0,2,0.00,12.0
"rr barber shop",0,4,0.00,7.3
"rr barbershop",0,3,0.00,7.7
"rstar barbershop",0,24,0.00,6.6
"rstar barbershop reviews",0,3,0.00,9.0
"rstar barbershop | men’s haircut austin",0,1,0.00,9.0
"rtb barbershop",0,6,0.00,10.7
"ruben barber",0,1,0.00,44.0
"ruben barber shop",0,2,0.00,8.0
"ruben the barber",0,1,0.00,50.0
"rubens barber",0,1,0.00,58.0
"rubens barber shop",0,1,0.00,10.0
"rubens barbershop",0,3,0.00,8.0
"rubens hair salon",0,1,0.00,39.0
"rubina beauty salon",0,3,0.00,11.7
"rubina salon",0,6,0.00,7.8
"ruby beauty salon",0,2,0.00,7.5
"ruby hair salon",0,4,0.00,6.5
"ruby salon and spa",0,8,0.00,11.3
"ruby salon de belleza",0,1,0.00,10.0
"ruby salon hillcroft",0,3,0.00,22.7
"ruby saloon",0,1,0.00,7.0
"ruby's salon",0,3,0.00,5.3
"ruby's salon & spa",0,1,0.00,1.0
"ruby's salon and spa",0,18,0.00,6.4
"ruby's wig salon",0,3,0.00,29.3
"ruby's wigs houston",0,1,0.00,32.0
"rubys salon",0,5,0.00,3.6
"rudy barbershop",0,2,0.00,6.0
"rudy's of glendale",0,4,0.00,9.5
"rudys glendale",0,4,0.00,11.5
"rudys of glendale",0,3,0.00,10.0
"ruins+salon",0,1,0.00,9.0
"rumi hair salon",0,1,0.00,48.0
"rumored salon",0,25,0.00,7.0
"rumored salon frisco",0,60,0.00,6.9
"rumors salon",0,2,0.00,5.0
"rumoured salon frisco",0,37,0.00,7.5
"rumoured salon photos",0,23,0.00,5.3
"rumoured salon reviews",0,91,0.00,2.7
"rusala",0,1,0.00,1.0
"rusala curtis",0,1,0.00,9.0
"rush hour fades",0,24,0.00,6.2
"russwood acres barbershop",0,1,0.00,88.0
"rusty blade barbershop",0,1,0.00,8.0
"rustys barbershop",0,1,0.00,11.0
"ruth beauty salon",0,3,0.00,8.3
"ruth hair salon",0,1,0.00,20.0
"ruth's hair salon",0,1,0.00,2.0
"ruths beauty salon",0,2,0.00,3.0
"ruths hair salon",0,1,0.00,3.0
"ruths salon",0,1,0.00,4.0
"ruwa braiding hair",0,2,0.00,11.0
"rx barber",0,1,0.00,12.0
"rys salon",0,1,0.00,8.0
"rzn barbershop",0,5,0.00,7.4
"s & h beauty supply",0,1,0.00,9.0
"s & m hair salon",0,1,0.00,10.0
"s and h hair salon",0,1,0.00,9.0
"s and h salon",0,1,0.00,12.0
"s beauty bar",0,1,0.00,5.0
"s beauty studio services",0,1,0.00,6.0
"s beauty supply",0,1,0.00,11.0
"s cutz",0,1,0.00,10.0
"s h hair salon",0,1,0.00,19.0
"s h salon",0,2,0.00,23.0
"s hair",0,5,0.00,8.8
"s hair studio",0,4,0.00,4.5
"s studio",0,2,0.00,6.5
"s&g beauty supply",0,3,0.00,15.7
"s&h beauty supply",0,1,0.00,20.0
"s&j barber beauty academy",0,12,0.00,7.9
"s&j beauty supply",0,1,0.00,22.0
"s&n beauty salon",0,1,0.00,4.0
"s&s barber shop",0,1,0.00,12.0
"s&s beauty",0,1,0.00,10.0
"s&s beauty salon",0,1,0.00,13.0
"s&s friseur",0,1,0.00,10.0
"saba beauty school",0,7,0.00,11.4
"saba beauty school reviews",0,6,0.00,10.0
"sabeenz",0,24,0.00,3.8
"sabeenz salon",0,18,0.00,2.6
"sabeenz salon reviews",0,5,0.00,9.4
"sabena salon",0,11,0.00,7.4
"sabina salon",0,1,0.00,7.0
"sabys beauty",0,1,0.00,7.0
"sabys hair",0,7,0.00,8.4
"sacramento barber supply",0,1,0.00,13.0
"sacramento barbering company 2",0,3,0.00,7.3
"sacramento cosmetology school",0,1,0.00,37.0
"sacramento nail supply",0,1,0.00,19.0
"saddleback beauty academy",0,4,0.00,43.3
"sadie cook academy of beauty and business",0,1,0.00,9.0
"sadie j beauty supply",0,1,0.00,13.0
"saha salon reviews",0,1,0.00,21.0
"saint barbershop",0,2,0.00,9.0
"saint nola beauty",0,13,0.00,4.7
"saint rose hair",0,113,0.00,7.0
"saint rose hair co",0,1,0.00,12.0
"saint rose hair salon",0,21,0.00,6.6
"saint rose houston",0,61,0.00,7.0
"saint rose salon",0,18,0.00,7.1
"saint rose salon houston",0,22,0.00,6.1
"saint the barber",0,1,0.00,4.0
"saints barber",0,8,0.00,7.3
"saints barber sf",0,13,0.00,8.8
"saints barber shop",0,6,0.00,8.5
"saints barbershop",0,37,0.00,8.3
"saints barbershop san francisco",0,9,0.00,8.1
"saints barbershop sf",0,19,0.00,7.6
"sal9n de belleza cerca de mi",0,1,0.00,1.0
"salem beauty supply",0,1,0.00,28.0
"salice",0,2,0.00,5.0
"salima african hair braiding",0,1,0.00,7.0
"salima african hair braiding & beauty cuts",0,2,0.00,5.0
"salima hair braiding",0,4,0.00,8.8
"salima's beauty supply",0,1,0.00,27.0
"salis tienda de belleza",0,1,0.00,9.0
"sallie beauty",0,1,0.00,9.0
"sally barber shop",0,1,0.00,29.0
"sally beaut",0,1,0.00,9.0
"sally beauty",0,228,0.00,7.2
"sally beauty anaheim",0,7,0.00,10.9
"sally beauty anaheim plaza",0,2,0.00,10.0
"sally beauty barber supplies",0,1,0.00,9.0
"sally beauty baytown",0,1,0.00,20.0
"sally beauty cerca de mi",0,1,0.00,6.0
"sally beauty fairmont",0,1,0.00,13.0
"sally beauty fremont",0,36,0.00,8.8
"sally beauty fremont ca",0,1,0.00,9.0
"sally beauty horario domingo",0,1,0.00,12.0
"sally beauty hours",0,9,0.00,11.8
"sally beauty hours near me",0,2,0.00,11.0
"sally beauty hours today",0,3,0.00,12.0
"sally beauty houston",0,4,0.00,8.8
"sally beauty houston tx",0,2,0.00,11.5
"sally beauty humble",0,5,0.00,9.0
"sally beauty humble tx",0,17,0.00,8.8
"sally beauty irvine",0,32,0.00,7.6
"sally beauty katy",0,5,0.00,19.2
"sally beauty katy tx",0,2,0.00,19.5
"sally beauty kemah",0,12,0.00,7.5
"sally beauty locations",0,1,0.00,11.0
"sally beauty melrose park",0,1,0.00,19.0
"sally beauty near me",0,8,0.00,10.3
"sally beauty near me houston tx",0,2,0.00,19.5
"sally beauty oxnard",0,17,0.00,9.0
"sally beauty oxnard ca",0,3,0.00,12.3
"sally beauty pasadena tx",0,15,0.00,11.9
"sally beauty san francisco",0,49,0.00,9.2
"sally beauty santa clarita",0,33,0.00,8.5
"sally beauty sf",0,9,0.00,12.8
"sally beauty shops",0,1,0.00,9.0
"sally beauty sunday hours",0,1,0.00,8.0
"sally beauty supply",0,17,0.00,7.5
"sally beauty supply fremont",0,1,0.00,9.0
"sally beauty supply hours",0,2,0.00,11.0
"sally beauty supply hours today",0,1,0.00,9.0
"sally beauty supply houston",0,2,0.00,10.0
"sally beauty supply houston tx",0,3,0.00,11.3
"sally beauty supply near me",0,1,0.00,12.0
"sally beauty supply near me now",0,1,0.00,11.0
"sally beauty supply new store",0,1,0.00,22.0
"sally beauty supply opening",0,2,0.00,26.5
"sally beauty supply pasadena",0,1,0.00,15.0
"sally beauty supply store",0,3,0.00,9.7
"sally beauty supply warehouse",0,1,0.00,25.0
"sally beauty times",0,1,0.00,18.0
"sally beauty tomball",0,6,0.00,12.3
"sally beauty webster",0,3,0.00,9.7
"sally beauty webster tx",0,7,0.00,9.0
"sally beauty westheimer",0,7,0.00,11.4
"sally beutu",0,1,0.00,9.0
"sally bwauty",0,1,0.00,7.0
"sally cerca de mi",0,3,0.00,7.7
"sally hair beauty",0,1,0.00,9.0
"sally hair store",0,1,0.00,12.0
"sally hair supply",0,1,0.00,8.0
"sally hair supply nearby",0,1,0.00,9.0
"sally hours near me",0,1,0.00,8.0
"sally hours today",0,1,0.00,11.0
"sally near me",0,1,0.00,11.0
"sally neauty",0,1,0.00,8.0
"sally supply near me",0,1,0.00,8.0
"sally's barber",0,1,0.00,7.0
"sally's barber shop",0,1,0.00,8.0
"sally's beauty hours",0,1,0.00,11.0
"sally's beauty near me",0,2,0.00,10.0
"sally's beauty near me within 5 mi",0,1,0.00,8.0
"sally's beauty pasadena",0,1,0.00,8.0
"sally's beauty supplies near me",0,1,0.00,12.0
"sally's beauty supply houston",0,3,0.00,11.0
"sally's beauty supply manteca",0,1,0.00,23.0
"sally's beauty supply near me",0,3,0.00,10.0
"sally's beauty supply store hours",0,3,0.00,8.7
"sally's hours",0,3,0.00,11.0
"sally's location",0,1,0.00,12.0
"sally's near me",0,12,0.00,11.3
"sally's store hours",0,1,0.00,12.0
"sallybeauty",0,3,0.00,6.0
"sallys anaheim",0,10,0.00,9.6
"sallys barber",0,1,0.00,13.0
"sallys barber shop",0,1,0.00,8.0
"sallys barber supplies",0,1,0.00,16.0
"sallys beauty hours",0,1,0.00,9.0
"sallys beauty store hours",0,2,0.00,12.0
"sallys beauty supply near me",0,1,0.00,11.0
"sallys close time",0,1,0.00,10.0
"sallys fairmont",0,7,0.00,9.1
"sallys fremont",0,23,0.00,9.2
"sallys hair nearby",0,1,0.00,11.0
"sallys hairstore",0,1,0.00,7.0
"sallys hours",0,10,0.00,10.6
"sallys hours today",0,1,0.00,8.0
"sallys humble",0,11,0.00,7.8
"sallys humble tx",0,11,0.00,8.5
"sallys irvine",0,8,0.00,11.6
"sallys katy",0,4,0.00,13.5
"sallys katy tx",0,1,0.00,16.0
"sallys kemah",0,22,0.00,7.7
"sallys location",0,1,0.00,11.0
"sallys near me",0,7,0.00,11.3
"sallys nearby",0,1,0.00,12.0
"sallys opening time",0,1,0.00,11.0
"sallys oxnard",0,42,0.00,9.7
"sallys pasadena tx",0,16,0.00,9.6
"sallys san francisco",0,9,0.00,11.2
"sallys santa clarita",0,10,0.00,9.5
"sallys sherman",0,1,0.00,16.0
"sallys store hours",0,2,0.00,8.0
"sallys sunday hours",0,1,0.00,7.0
"sallys tomball",0,3,0.00,11.7
"sallys webster",0,2,0.00,5.5
"sallys webster tx",0,17,0.00,7.1
"sallysbeauty supply",0,1,0.00,7.0
"salom centric",0,1,0.00,8.0
"salon",0,2,0.00,6.0
"salon #9",0,3,0.00,4.7
"salon 01 hours",0,2,0.00,38.5
"salon 1",0,8,0.00,5.6
"salon 1 hair & spa",0,9,0.00,2.9
"salon 1 hair & spa houston",0,12,0.00,4.3
"salon 1 hair & spa houston photos",0,36,0.00,6.9
"salon 1 hair & spa houston reviews",0,27,0.00,6.5
"salon 1 hair & spa photos",0,20,0.00,6.8
"salon 1 spa and nails",0,15,0.00,1.0
"salon 10",0,1,0.00,5.0
"salon 112",0,1,0.00,49.0
"salon 120",0,1,0.00,7.0
"salon 121",0,2,0.00,10.0
"salon 1212",0,1,0.00,44.0
"salon 123 photos",0,5,0.00,9.0
"salon 123 reviews",0,1,0.00,5.0
"salon 123 willowbrook",0,1,0.00,11.0
"salon 1409",0,1,0.00,52.0
"salon 144",0,25,0.00,8.1
"salon 1463",0,1,0.00,11.0
"salon 15",0,2,0.00,30.5
"salon 1604",0,1,0.00,26.0
"salon 180",0,30,0.00,6.4
"salon 180 houston",0,1,0.00,8.0
"salon 180 reviews",0,1,0.00,6.0
"salon 2000",0,2,0.00,6.5
"salon 202",0,3,0.00,5.7
"salon 209",0,1,0.00,7.0
"salon 209 mckinney",0,3,0.00,7.3
"salon 21",0,2,0.00,8.5
"salon 215",0,1,0.00,21.0
"salon 22",0,19,0.00,5.7
"salon 22 near me",0,1,0.00,10.0
"salon 22 reviews",0,1,0.00,4.0
"salon 316",0,2,0.00,7.5
"salon 3311",0,2,0.00,56.0
"salon 360",0,1,0.00,8.0
"salon 365",0,1,0.00,10.0
"salon 423",0,2,0.00,48.5
"salon 5014",0,1,0.00,52.0
"salon 555",0,15,0.00,5.7
"salon 555 reviews",0,4,0.00,5.5
"salon 555 san antonio",0,20,0.00,6.7
"salon 76712",0,1,0.00,35.0
"salon 803",0,1,0.00,65.0
"salon 9",0,101,0.00,5.2
"salon 9 photos",0,2,0.00,1.0
"salon 9 sugar land",0,8,0.00,1.0
"salon 9 sugar land tx",0,1,0.00,26.0
"salon 900",0,1,0.00,30.0
"salon 901",0,2,0.00,6.0
"salon 902",0,2,0.00,42.0
"salon 91",0,1,0.00,12.0
"salon a",0,1,0.00,11.0
"salon a studio",0,2,0.00,8.5
"salon academy georgetown",0,1,0.00,10.0
"salon academy lewisville",0,3,0.00,8.7
"salon academy whitehouse tx",0,2,0.00,8.0
"salon accente",0,34,0.00,8.1
"salon accente photos",0,3,0.00,5.7
"salon accente reviews",0,2,0.00,5.0
"salon adi",0,1,0.00,8.0
"salon adora",0,2,0.00,17.0
"salon adrian",0,1,0.00,23.0
"salon ae",0,1,0.00,14.0
"salon aguilar",0,12,0.00,3.1
"salon alchemy",0,2,0.00,7.5
"salon alpine",0,1,0.00,7.0
"salon ambiance",0,3,0.00,4.0
"salon ambience",0,15,0.00,7.1
"salon ambience webster tx",0,1,0.00,4.0
"salon and sanctuary",0,1,0.00,4.0
"salon and spa institute brownsville",0,3,0.00,15.3
"salon and spa southern careers",0,1,0.00,8.0
"salon and spa wholesaler",0,2,0.00,13.0
"salon and spa wholesaler photos",0,1,0.00,8.0
"salon and spa wholesaler reviews",0,7,0.00,9.1
"salon andrea",0,1,0.00,14.0
"salon anne rose",0,1,0.00,21.0
"salon antoine",0,1,0.00,15.0
"salon arabic",0,1,0.00,5.0
"salon arena",0,1,0.00,10.0
"salon art by ila",0,1,0.00,20.0
"salon asylum woodway",0,7,0.00,6.4
"salon at bella suites",0,1,0.00,7.0
"salon at campbell crossing",0,24,0.00,10.0
"salon at park square",0,1,0.00,42.0
"salon at ridgewood",0,34,0.00,8.3
"salon at ridgewood village",0,9,0.00,8.6
"salon at ridgewood waco",0,8,0.00,8.0
"salon at ridgewood waco tx",0,2,0.00,32.0
"salon at the post oak hotel",0,7,0.00,11.3
"salon atelier",0,5,0.00,13.8
"salon atlas",0,37,0.00,9.6
"salon atlas fort worth",0,25,0.00,7.5
"salon atlas reviews",0,17,0.00,6.1
"salon aurea",0,1,0.00,14.0
"salon ave",0,11,0.00,4.6
"salon avenue",0,39,0.00,5.4
"salon avenue league city",0,37,0.00,5.5
"salon avenue reviews",0,7,0.00,7.1
"salon bar",0,2,0.00,10.5
"salon beauty",0,1,0.00,10.0
"salon beauty bar",0,1,0.00,7.0
"salon beauty cerca de mi",0,2,0.00,4.5
"salon beauty lounge",0,2,0.00,9.0
"salon bei elle",0,1,0.00,21.0
"salon belaire",0,1,0.00,28.0
"salon belezza",0,1,0.00,13.0
"salon bella",0,2,0.00,7.5
"salon bella imagen",0,2,0.00,2.5
"salon bella near me",0,2,0.00,12.0
"salon bella rosa",0,1,0.00,11.0
"salon bella terra",0,3,0.00,4.3
"salon bellaire",0,1,0.00,1.0
"salon bellas artes",0,2,0.00,10.5
"salon belleza",0,2,0.00,3.0
"salon bellus",0,1,0.00,19.0
"salon black and white",0,3,0.00,48.3
"salon bliss",0,1,0.00,4.0
"salon bombshell",0,1,0.00,10.0
"salon boss",0,1,0.00,10.0
"salon botique",0,1,0.00,3.0
"salon boutique",0,24,0.00,5.9
"salon boutique academy addison tx",0,1,0.00,8.0
"salon boutique academy reviews",0,24,0.00,11.1
"salon boutique addison",0,1,0.00,18.0
"salon boutique houston",0,28,0.00,8.5
"salon boutique tyler",0,4,0.00,8.0
"salon boutique tyler texas",0,1,0.00,12.0
"salon boutique tyler tx",0,1,0.00,8.0
"salon boutique vintage park",0,26,0.00,10.2
"salon bugatti",0,83,0.00,7.0
"salon bugatti photos",0,10,0.00,9.4
"salon bugatti price list",0,1,0.00,14.0
"salon bugatti reviews",0,23,0.00,9.1
"salon bugatti the woodlands",0,4,0.00,9.5
"salon buggati",0,1,0.00,9.0
"salon by cindy",0,1,0.00,7.0
"salon by elle",0,1,0.00,12.0
"salon by jc",0,9,0.00,9.9
"salon by jc sugar land",0,3,0.00,9.7
"salon by jc waco",0,1,0.00,10.0
"salon by jc webster",0,1,0.00,11.0
"salon by laura",0,1,0.00,5.0
"salon c",0,1,0.00,2.0
"salon cache",0,20,0.00,18.1
"salon carbon",0,3,0.00,8.0
"salon carlos",0,1,0.00,78.0
"salon cenrric",0,1,0.00,8.0
"salon centeic",0,1,0.00,9.0
"salon centic",0,1,0.00,9.0
"salon centric",0,125,0.00,7.6
"salon centric beauty supply",0,2,0.00,8.5
"salon centric edmond",0,1,0.00,27.0
"salon centric edmond ok",0,1,0.00,28.0
"salon centric fremont",0,27,0.00,7.8
"salon centric hair supply",0,1,0.00,7.0
"salon centric hours",0,9,0.00,9.3
"salon centric hours saturday",0,2,0.00,10.0
"salon centric hours today",0,1,0.00,11.0
"salon centric houston",0,1,0.00,23.0
"salon centric huntington beach",0,55,0.00,9.4
"salon centric lubbock",0,1,0.00,26.0
"salon centric mckinney",0,1,0.00,24.0
"salon centric modesto",0,44,0.00,9.5
"salon centric modesto ca",0,3,0.00,11.0
"salon centric monterey",0,1,0.00,19.0
"salon centric near me",0,11,0.00,13.8
"salon centric pasadena",0,2,0.00,12.0
"salon centric pasadena ca",0,3,0.00,15.0
"salon centric pasadena tx",0,20,0.00,7.3
"salon centric san francisco",0,22,0.00,10.8
"salon centric santa ana",0,10,0.00,9.3
"salon centric times",0,1,0.00,12.0
"salon centric tustin",0,1,0.00,24.0
"salon centric vacaville",0,1,0.00,24.0
"salon centric webster",0,8,0.00,8.9
"salon centric webster tx",0,14,0.00,7.9
"salon centric's near me",0,1,0.00,11.0
"salon centrix",0,1,0.00,7.0
"salon centroc",0,1,0.00,5.0
"salon centruc hours",0,1,0.00,12.0
"salon christine",0,1,0.00,4.0
"salon ciry",0,1,0.00,2.0
"salon cisley",0,1,0.00,11.0
"salon city",0,9,0.00,16.4
"salon city dallas",0,12,0.00,1.0
"salon city garland",0,10,0.00,5.0
"salon clean",0,1,0.00,14.0
"salon cleopatra",0,13,0.00,6.5
"salon college station",0,1,0.00,50.0
"salon cypress",0,1,0.00,36.0
"salon d",0,57,0.00,12.6
"salon d dallas",0,16,0.00,8.8
"salon d dallas tx",0,5,0.00,21.2
"salon d photos",0,4,0.00,14.3
"salon d reviews",0,43,0.00,8.3
"salon d'art",0,1,0.00,3.0
"salon dallas",0,3,0.00,16.3
"salon dallon",0,5,0.00,6.8
"salon day",0,1,0.00,62.0
"salon de arte",0,1,0.00,58.0
"salon de arte reviews",0,1,0.00,30.0
"salon de bella",0,1,0.00,5.0
"salon de belleza",0,9,0.00,3.3
"salon de belleza bella",0,1,0.00,17.0
"salon de belleza carmen",0,1,0.00,9.0
"salon de belleza cerca de mi latino",0,1,0.00,10.0
"salon de belleza cerca de mi ubicación",0,1,0.00,1.0
"salon de belleza dulce",0,1,0.00,6.0
"salon de belleza esperanza",0,1,0.00,4.0
"salon de belleza garcia",0,2,0.00,2.0
"salon de belleza genesis",0,1,0.00,26.0
"salon de belleza gris",0,1,0.00,9.0
"salon de belleza hispano cerca de mí",0,1,0.00,1.0
"salon de belleza houston",0,3,0.00,7.3
"salon de belleza javier",0,1,0.00,8.0
"salon de belleza latina",0,2,0.00,8.5
"salon de belleza near me",0,2,0.00,4.5
"salon de belleza sol",0,2,0.00,3.0
"salon de cabello cerca de mi",0,1,0.00,1.0
"salon de cortar pelo cerca de mi",0,1,0.00,3.0
"salon de freya",0,42,0.00,8.8
"salon de freya reviews",0,22,0.00,5.0
"salon de gigi",0,1,0.00,7.0
"salon de j",0,1,0.00,51.0
"salon de la",0,1,0.00,9.0
"salon de la rosa",0,1,0.00,16.0
"salon de maison",0,1,0.00,24.0
"salon de pelo cerca de mi",0,1,0.00,1.0
"salon de pelo near me",0,1,0.00,5.0
"salon de r, spa and makeup photos",0,1,0.00,35.0
"salon de rose",0,1,0.00,16.0
"salon de uñas",0,1,0.00,1.0
"salon de uñas cerca de mi",0,1,0.00,5.0
"salon de uñas near me",0,1,0.00,1.0
"salon del",0,1,0.00,7.0
"salon delis",0,1,0.00,6.0
"salon delmar",0,1,0.00,11.0
"salon desi",0,1,0.00,5.0
"salon designers",0,7,0.00,20.6
"salon dexterity",0,55,0.00,6.1
"salon dexterity fort worth",0,4,0.00,6.8
"salon dexterity reviews",0,15,0.00,5.9
"salon dez",0,1,0.00,21.0
"salon di",0,2,0.00,38.0
"salon directory",0,1,0.00,20.0
"salon diva",0,2,0.00,11.5
"salon diva and spa",0,1,0.00,16.0
"salon divine",0,1,0.00,1.0
"salon dj",0,2,0.00,22.5
"salon dna hair",0,2,0.00,6.0
"salon dna san francisco",0,2,0.00,8.0
"salon doa",0,1,0.00,10.0
"salon eben",0,5,0.00,7.6
"salon eben & day spa",0,2,0.00,6.0
"salon eben reviews",0,2,0.00,10.0
"salon eccentric",0,1,0.00,9.0
"salon eden",0,5,0.00,36.2
"salon ego",0,1,0.00,7.0
"salon el lago",0,1,0.00,9.0
"salon el paraiso",0,3,0.00,7.7
"salon elev8",0,26,0.00,8.2
"salon elio",0,1,0.00,46.0
"salon elite",0,1,0.00,5.0
"salon elle",0,36,0.00,38.7
"salon elsa",0,2,0.00,8.5
"salon embassy",0,1,0.00,3.0
"salon emilia",0,1,0.00,7.0
"salon ena",0,1,0.00,52.0
"salon encanto",0,2,0.00,13.0
"salon envy",0,2,0.00,10.5
"salon envy reviews",0,1,0.00,19.0
"salon envy san antonio",0,4,0.00,9.5
"salon envy san antonio reviews",0,14,0.00,5.4
"salon envy® san antonio",0,1,0.00,10.0
"salon equipment dallas",0,2,0.00,22.0
"salon equipment near me",0,1,0.00,1.0
"salon equipment warehouse plano tx",0,1,0.00,9.0
"salon eros",0,47,0.00,10.0
"salon eros houston",0,11,0.00,7.5
"salon eros photos",0,3,0.00,7.3
"salon eros reviews",0,10,0.00,10.5
"salon escandalo",0,1,0.00,51.0
"salon establishment license",0,2,0.00,26.5
"salon ester",0,4,0.00,31.5
"salon esther",0,1,0.00,13.0
"salon estrella",0,1,0.00,4.0
"salon exp",0,1,0.00,75.0
"salon experience",0,2,0.00,47.0
"salon expert",0,4,0.00,13.8
"salon expres",0,1,0.00,3.0
"salon express",0,47,0.00,6.0
"salon express 1",0,8,0.00,4.6
"salon express and threading",0,6,0.00,4.2
"salon express carousel",0,1,0.00,19.0
"salon express hwy 6",0,5,0.00,5.2
"salon express near me",0,5,0.00,8.6
"salon express photos",0,1,0.00,5.0
"salon exquisite",0,2,0.00,36.5
"salon factory",0,4,0.00,6.8
"salon finder",0,2,0.00,83.5
"salon flawless",0,1,0.00,28.0
"salon flora",0,4,0.00,15.3
"salon for professionals academy",0,1,0.00,40.0
"salon for rent plano tx",0,4,0.00,50.8
"salon for salon",0,2,0.00,56.5
"salon freya",0,1,0.00,6.0
"salon fuzion",0,1,0.00,10.0
"salon g2",0,1,0.00,44.0
"salon galaxy",0,1,0.00,27.0
"salon gallery",0,1,0.00,8.0
"salon genesis",0,4,0.00,8.8
"salon germain",0,6,0.00,30.7
"salon germaine",0,1,0.00,7.0
"salon germains",0,3,0.00,6.7
"salon germains & spa",0,1,0.00,12.0
"salon gigi",0,1,0.00,7.0
"salon gio",0,1,0.00,5.0
"salon global",0,1,0.00,5.0
"salon group",0,3,0.00,7.3
"salon group service",0,1,0.00,25.0
"salon harlow",0,1,0.00,32.0
"salon hasan",0,1,0.00,3.0
"salon hawthorne",0,2,0.00,11.0
"salon hazel",0,1,0.00,30.0
"salon heights",0,1,0.00,37.0
"salon heights houston",0,1,0.00,45.0
"salon hermes",0,8,0.00,7.4
"salon hispano",0,4,0.00,7.3
"salon hispano near me",0,1,0.00,11.0
"salon hub",0,1,0.00,6.0
"salon hue",0,1,0.00,7.0
"salon i.",0,1,0.00,6.0
"salon illusions",0,1,0.00,5.0
"salon in",0,1,0.00,1.0
"salon in galleria",0,1,0.00,39.0
"salon in houston texas",0,1,0.00,105.0
"salon in irving tx",0,3,0.00,47.3
"salon in the heights",0,20,0.00,10.1
"salon in the heights houston",0,2,0.00,50.5
"salon in the park",0,2,0.00,13.0
"salon in the park meyerland",0,1,0.00,25.0
"salon in willowbrook mall",0,1,0.00,40.0
"salon india",0,2,0.00,1.0
"salon indigo",0,1,0.00,4.0
"salon inks",0,1,0.00,16.0
"salon inn",0,1,0.00,8.0
"salon irma",0,1,0.00,12.0
"salon jacqueline",0,6,0.00,26.8
"salon jacqueline & spa",0,1,0.00,15.0
"salon jam",0,2,0.00,20.0
"salon jc",0,1,0.00,10.0
"salon jonas",0,22,0.00,7.4
"salon jonas aveda",0,1,0.00,9.0
"salon jonas dallas",0,1,0.00,6.0
"salon junior club",0,1,0.00,8.0
"salon kalon",0,1,0.00,46.0
"salon karen",0,1,0.00,26.0
"salon karisma",0,2,0.00,43.0
"salon karizma",0,1,0.00,43.0
"salon kawi",0,71,0.00,5.2
"salon khroma",0,1,0.00,12.0
"salon kāwi",0,18,0.00,3.8
"salon kāwi photos",0,11,0.00,7.8
"salon kāwi reviews",0,20,0.00,5.1
"salon la bonita",0,2,0.00,14.0
"salon la reina",0,1,0.00,4.0
"salon latino",0,4,0.00,8.0
"salon latino #1",0,1,0.00,24.0
"salon latinos",0,1,0.00,8.0
"salon lavish houston",0,1,0.00,11.0
"salon lic",0,1,0.00,64.0
"salon licence",0,1,0.00,71.0
"salon license renewal",0,4,0.00,57.8
"salon lily",0,1,0.00,22.0
"salon lindsay",0,1,0.00,32.0
"salon listing",0,1,0.00,58.0
"salon lo",0,4,0.00,71.8
"salon loft",0,2,0.00,26.5
"salon lofts",0,6,0.00,19.3
"salon lofts durham",0,1,0.00,7.0
"salon lofts houston",0,31,0.00,10.6
"salon lofts irving",0,1,0.00,59.0
"salon lofts lower heights",0,1,0.00,27.0
"salon lofts montrose",0,4,0.00,17.0
"salon lofts shepherd",0,18,0.00,8.1
"salon lofts washington heights",0,1,0.00,22.0
"salon looks",0,8,0.00,27.9
"salon lounge",0,3,0.00,8.0
"salon lucia",0,1,0.00,20.0
"salon lux",0,6,0.00,8.0
"salon luxe",0,1,0.00,11.0
"salon luxor",0,1,0.00,17.0
"salon mai",0,5,0.00,4.6
"salon makeover",0,2,0.00,12.5
"salon manali",0,4,0.00,4.0
"salon manly",0,1,0.00,22.0
"salon marbella",0,1,0.00,11.0
"salon marigold",0,1,0.00,36.0
"salon markham",0,1,0.00,58.0
"salon mary",0,1,0.00,8.0
"salon mc",0,1,0.00,6.0
"salon mdk",0,5,0.00,6.0
"salon medusa",0,1,0.00,5.0
"salon melrose",0,1,0.00,51.0
"salon meyer",0,1,0.00,11.0
"salon meyerland",0,4,0.00,8.3
"salon meyerland - natural and relaxed black hair in houston",0,6,0.00,9.0
"salon meyerland - natural and relaxed black hair in houston photos",0,1,0.00,9.0
"salon meyerland houston tx",0,1,0.00,18.0
"salon meyerland natural and relaxed black hair in houston",0,1,0.00,8.0
"salon mia bella",0,4,0.00,8.8
"salon milagro",0,3,0.00,9.0
"salon minh",0,1,0.00,5.0
"salon mirage",0,4,0.00,8.3
"salon mirage and med spa photos",0,6,0.00,8.8
"salon mirage and med spa reviews",0,29,0.00,4.1
"salon mirage reviews",0,1,0.00,5.0
"salon modesty",0,2,0.00,7.0
"salon monique",0,1,0.00,7.0
"salon montrose",0,1,0.00,56.0
"salon montrose houston",0,2,0.00,40.5
"salon moon",0,9,0.00,12.1
"salon moon hair studio",0,1,0.00,8.0
"salon moroccan",0,1,0.00,14.0
"salon mt",0,1,0.00,7.0
"salon naty",0,1,0.00,9.0
"salon near me",0,12,0.00,5.6
"salon near me for ladies",0,1,0.00,1.0
"salon near me open today",0,1,0.00,1.0
"salon nearby",0,1,0.00,1.0
"salon nicole",0,2,0.00,29.5
"salon nine",0,3,0.00,4.0
"salon ninety",0,1,0.00,10.0
"salon oer se",0,1,0.00,10.0
"salon of essence",0,1,0.00,4.0
"salon of india irving",0,27,0.00,4.3
"salon of india reviews",0,43,0.00,4.4
"salon ofelia",0,1,0.00,8.0
"salon on kirby",0,14,0.00,6.3
"salon on kirby houston",0,2,0.00,22.5
"salon on middle",0,1,0.00,37.0
"salon on the park",0,1,0.00,10.0
"salon on westheimer",0,1,0.00,1.0
"salon one 21",0,6,0.00,6.3
"salon one 21 reviews",0,2,0.00,8.5
"salon one eleven",0,1,0.00,8.0
"salon one80",0,1,0.00,47.0
"salon orm services",0,2,0.00,35.0
"salon p",0,1,0.00,1.0
"salon papillon",0,1,0.00,7.0
"salon paris",0,3,0.00,9.0
"salon park",0,13,0.00,7.0
"salon park - dairy ashford",0,40,0.00,7.8
"salon park - katy",0,15,0.00,7.9
"salon park aldine",0,2,0.00,11.0
"salon park dairy ashford",0,32,0.00,7.0
"salon park houston",0,4,0.00,17.3
"salon park katy",0,50,0.00,7.4
"salon park meyerland",0,2,0.00,21.5
"salon park near me",0,1,0.00,25.0
"salon park westheimer",0,11,0.00,8.2
"salon per",0,1,0.00,11.0
"salon per se",0,121,0.00,9.4
"salon per se - heights",0,13,0.00,8.3
"salon per se - heights photos",0,10,0.00,9.8
"salon per se - heights reviews",0,10,0.00,11.1
"salon per se heights",0,72,0.00,7.9
"salon per se houston",0,3,0.00,8.0
"salon per se photos",0,17,0.00,10.4
"salon per se reviews",0,25,0.00,10.5
"salon picasso hair studio",0,1,0.00,5.0
"salon picasso studios",0,8,0.00,5.6
"salon planet",0,3,0.00,32.7
"salon plaza",0,2,0.00,4.5
"salon plume",0,1,0.00,8.0
"salon princess",0,2,0.00,12.0
"salon professional",0,2,0.00,55.0
"salon professional academy georgetown",0,1,0.00,9.0
"salon professional academy lewisville",0,1,0.00,9.0
"salon professional academy san antonio",0,13,0.00,14.9
"salon professional academy whitehouse",0,10,0.00,9.8
"salon queen",0,2,0.00,16.5
"salon rev richardson",0,1,0.00,37.0
"salon revive",0,1,0.00,7.0
"salon reyna",0,1,0.00,24.0
"salon rice village houston",0,1,0.00,59.0
"salon ridgewood",0,2,0.00,6.5
"salon rima",0,1,0.00,8.0
"salon rise",0,1,0.00,1.0
"salon rode",0,1,0.00,5.0
"salon rosa",0,1,0.00,3.0
"salon rose",0,313,0.00,6.0
"salon rose houston",0,207,0.00,7.4
"salon rose houston tx",0,9,0.00,6.6
"salon rose photos",0,4,0.00,7.8
"salon rose reviews",0,27,0.00,8.1
"salon ross",0,1,0.00,8.0
"salon san luis",0,1,0.00,15.0
"salon sculpt",0,1,0.00,49.0
"salon sentric",0,1,0.00,6.0
"salon serca de mi",0,1,0.00,1.0
"salon serve",0,1,0.00,25.0
"salon service",0,3,0.00,37.3
"salon service geoup",0,1,0.00,9.0
"salon service group",0,42,0.00,12.4
"salon service group austin",0,4,0.00,10.3
"salon service group dallas",0,1,0.00,49.0
"salon service group grapevine",0,1,0.00,31.0
"salon service group hours",0,1,0.00,21.0
"salon service group houston",0,7,0.00,10.0
"salon service group locations",0,4,0.00,9.3
"salon service group near me",0,4,0.00,32.0
"salon service group san antonio",0,1,0.00,24.0
"salon service group the woodlands",0,8,0.00,5.8
"salon service group webster",0,17,0.00,6.3
"salon services",0,4,0.00,24.5
"salon services beauty supply",0,1,0.00,40.0
"salon services group",0,5,0.00,15.8
"salon shade",0,1,0.00,35.0
"salon shag",0,1,0.00,31.0
"salon social",0,9,0.00,18.6
"salon social houston",0,10,0.00,8.9
"salon soco",0,1,0.00,8.0
"salon sol bellas artes",0,1,0.00,14.0
"salon sola",0,1,0.00,5.0
"salon solace",0,1,0.00,7.0
"salon solutions",0,7,0.00,25.4
"salon solway",0,2,0.00,94.0
"salon soraya",0,1,0.00,7.0
"salon sos",0,1,0.00,3.0
"salon source beauty supply",0,1,0.00,11.0
"salon sovay",0,5,0.00,6.8
"salon sovay reviews",0,1,0.00,5.0
"salon spa",0,3,0.00,75.3
"salon spa institute",0,1,0.00,17.0
"salon space for rent houston",0,1,0.00,34.0
"salon studio houston",0,3,0.00,36.3
"salon suite rental houston",0,11,0.00,37.6
"salon suite rentals",0,4,0.00,24.0
"salon suites for lease",0,1,0.00,2.0
"salon suites for rent houston",0,5,0.00,25.8
"salon suites for rent houston tx",0,1,0.00,34.0
"salon suites for rent plano",0,3,0.00,48.7
"salon suites houston tx",0,1,0.00,1.0
"salon suites in katy tx",0,3,0.00,51.3
"salon suites mckinney",0,1,0.00,38.0
"salon suites plano",0,4,0.00,52.0
"salon suites plano tx",0,1,0.00,51.0
"salon suites westheimer rd houston",0,1,0.00,25.0
"salon supreme",0,1,0.00,9.0
"salon trends",0,2,0.00,9.0
"salon trolley",0,5,0.00,8.2
"salon u",0,1,0.00,5.0
"salon unisex",0,1,0.00,7.0
"salon v",0,1,0.00,7.0
"salon v.i.",0,12,0.00,8.5
"salon v2",0,1,0.00,66.0
"salon vela",0,44,0.00,7.2
"salon vela austin",0,20,0.00,6.9
"salon vela photos",0,2,0.00,10.5
"salon vela reviews",0,45,0.00,7.5
"salon veronica",0,1,0.00,8.0
"salon versa",0,25,0.00,8.1
"salon versa amarillo tx",0,3,0.00,8.3
"salon vi",0,60,0.00,8.8
"salon vi fremont",0,2,0.00,7.0
"salon vibe",0,1,0.00,6.0
"salon vibe austin",0,1,0.00,9.0
"salon vibe photos",0,1,0.00,9.0
"salon vibe reviews",0,36,0.00,8.9
"salon vicente",0,1,0.00,9.0
"salon victoria",0,17,0.00,6.0
"salon victoria katy",0,6,0.00,2.7
"salon victoria makeup and hair lounge",0,2,0.00,7.5
"salon victoria makeup and hair lounge katy reviews",0,1,0.00,8.0
"salon vida",0,1,0.00,31.0
"salon village",0,70,0.00,4.8
"salon village dairy ashford",0,18,0.00,6.3
"salon village houston",0,1,0.00,8.0
"salon vintage",0,1,0.00,7.0
"salon vintage park",0,1,0.00,19.0
"salon viv",0,1,0.00,35.0
"salon vive",0,31,0.00,7.6
"salon vive houston",0,4,0.00,6.5
"salon vivid",0,99,0.00,7.9
"salon vivid reviews",0,6,0.00,5.8
"salon vivid webster",0,7,0.00,7.1
"salon w",0,8,0.00,10.4
"salon waco",0,1,0.00,51.0
"salon winkler",0,1,0.00,5.0
"salon wonderland",0,1,0.00,3.0
"salon wxpress",0,1,0.00,4.0
"salon x",0,2,0.00,7.0
"salon x change",0,8,0.00,6.5
"salon x change near the domain atx photos",0,2,0.00,10.0
"salon x change reviews",0,10,0.00,6.9
"salon xchange",0,3,0.00,8.0
"salon xquisite",0,1,0.00,47.0
"salon+bugatti",0,1,0.00,11.0
"salon+lakes",0,1,0.00,9.0
"salon+palace",0,1,0.00,8.0
"salon-s-o-s",0,11,0.00,19.1
"salon1",0,1,0.00,1.0
"salon144",0,1,0.00,7.0
"salon180",0,4,0.00,4.5
"salon22",0,1,0.00,8.0
"salon9",0,1,0.00,1.0
"saloncentri",0,1,0.00,10.0
"saloncentric",0,31,0.00,8.2
"saloncentric hours",0,6,0.00,11.0
"saloncentric houston",0,26,0.00,5.0
"saloncity",0,5,0.00,2.0
"salonco",0,1,0.00,8.0
"salondefreya",0,2,0.00,8.0
"salones de belleza",0,1,0.00,1.0
"salones de belleza cerca de mi",0,2,0.00,5.5
"salones de belleza cercanos",0,1,0.00,1.0
"salones eden",0,1,0.00,35.0
"salones houston uptown",0,34,0.00,23.5
"salonloft",0,4,0.00,19.5
"salonncentric",0,1,0.00,8.0
"salonpark",0,1,0.00,20.0
"salonrose",0,6,0.00,10.2
"salons",0,2,0.00,1.0
"salons at bella suites",0,1,0.00,8.0
"salons at the lake",0,2,0.00,10.0
"salons by jc",0,19,0.00,11.2
"salons by jc - west university",0,2,0.00,7.5
"salons by jc corpus christi",0,4,0.00,12.0
"salons by jc grand parkway",0,3,0.00,11.3
"salons by jc humble",0,2,0.00,11.0
"salons by jc katy",0,1,0.00,9.0
"salons by jc meyerland",0,77,0.00,8.0
"salons by jc meyerland reviews",0,85,0.00,7.5
"salons by jc park lakes",0,32,0.00,8.2
"salons by jc pearland parkway",0,1,0.00,14.0
"salons by jc sugar land",0,2,0.00,9.5
"salons by jc waco",0,2,0.00,9.0
"salons by jc webster",0,24,0.00,10.6
"salons by jc west university",0,8,0.00,8.3
"salons by jc westchase",0,4,0.00,10.5
"salons by jc willowbrook",0,9,0.00,9.1
"salons by jc- houston north-champions willowbrook",0,1,0.00,10.0
"salons d' allon suites",0,30,0.00,7.0
"salons directory",0,5,0.00,27.6
"salons in austin tx",0,2,0.00,1.0
"salons in houston tx",0,1,0.00,101.0
"salons in markham",0,1,0.00,38.0
"salons in the heights",0,1,0.00,19.0
"salons in the plaza",0,11,0.00,13.9
"salons near me",0,12,0.00,5.7
"salons near me open on sunday",0,1,0.00,1.0
"salons of india",0,4,0.00,2.5
"salons of volterra mckinney stonebridge",0,4,0.00,16.5
"salons on the lake",0,23,0.00,8.9
"salons on the lake pearland",0,8,0.00,8.9
"salons open on monday near me",0,1,0.00,1.0
"salons that do dreads",0,1,0.00,5.0
"salons websites",0,1,0.00,96.0
"salonservice",0,1,0.00,20.0
"salonservice group",0,1,0.00,6.0
"salonspa",0,1,0.00,60.0
"salonspa connection",0,1,0.00,65.0
"salontrose",0,43,0.00,8.2
"salontrose houston",0,7,0.00,8.6
"salontrose htx",0,5,0.00,16.8
"salontrose reviews",0,16,0.00,10.6
"salonvibe",0,1,0.00,8.0
"salonx",0,3,0.00,10.7
"saloon 9",0,2,0.00,1.0
"saloon express",0,2,0.00,4.0
"saloon manali",0,1,0.00,5.0
"saloon of india",0,29,0.00,4.2
"saloon village",0,1,0.00,7.0
"salt and wave salon",0,1,0.00,8.0
"salt and waves",0,2,0.00,8.0
"salt and waves salon",0,4,0.00,7.3
"salt and waves salon reviews",0,5,0.00,8.4
"salt and weaves salon",0,4,0.00,11.5
"salties barbering",0,1,0.00,43.0
"salty waves salon",0,1,0.00,11.0
"salón boutique",0,2,0.00,6.0
"salón de belleza",0,1,0.00,22.0
"salón de belleza cerca de mi",0,3,0.00,3.7
"salón de belleza cerca de mí",0,3,0.00,2.0
"salón san luis",0,1,0.00,12.0
"sam beauty supply",0,2,0.00,8.5
"sam beauty supply near me",0,2,0.00,3.5
"sam beauty supply store",0,1,0.00,10.0
"sam beauty warehouse",0,2,0.00,2.5
"sam hair store",0,2,0.00,7.5
"sam pierre hair studio",0,1,0.00,18.0
"sam's beauty",0,2,0.00,1.0
"sam's beauty near me",0,1,0.00,11.0
"sam's beauty outlet(spca14) elly san diego",0,5,0.00,1.8
"sam's beauty shop",0,1,0.00,22.0
"sam's beauty supply",0,9,0.00,3.6
"sam's beauty supply chula vista",0,18,0.00,8.1
"sam's beauty supply near me",0,10,0.00,9.2
"sam's beauty supply san diego",0,3,0.00,3.3
"sam's beauty warehouse",0,5,0.00,2.8
"sam's beauty warehouse locations",0,3,0.00,3.0
"sam's hair and beauty supply",0,1,0.00,16.0
"samabeauty",0,1,0.00,4.0
"samantha beauty",0,1,0.00,2.0
"samantha beauty supply",0,5,0.00,4.6
"samantha k beauty supply",0,9,0.00,2.9
"samantha kay beauty supply",0,9,0.00,7.0
"samantha kay's beauty supply",0,3,0.00,6.3
"samantha kays",0,18,0.00,3.4
"samantha kays beauty supply",0,18,0.00,7.5
"same as always",0,13,0.00,8.9
"same as always barbershop",0,37,0.00,8.1
"same beauty",0,1,0.00,3.0
"sameeta",0,27,0.00,1.7
"sameeta salon",0,20,0.00,1.9
"sameeta's spa & salon reviews",0,14,0.00,7.1
"sameetas",0,9,0.00,1.0
"sameetas salon",0,6,0.00,1.0
"samir barber dallas",0,1,0.00,69.0
"samitas",0,1,0.00,1.0
"sammy barber",0,2,0.00,7.0
"sammy's barber shop",0,1,0.00,11.0
"sammy's barbershop",0,4,0.00,8.0
"sammy’s barber shop",0,1,0.00,10.0
"sams beau",0,1,0.00,4.0
"sams beauty",0,143,0.00,1.3
"sams beauty bundles",0,1,0.00,8.0
"sams beauty club",0,1,0.00,1.0
"sams beauty dallas",0,14,0.00,1.0
"sams beauty half wig",0,1,0.00,3.0
"sams beauty hours",0,1,0.00,36.0
"sams beauty near me",0,5,0.00,14.2
"sams beauty outlet",0,24,0.00,2.5
"sams beauty shop",0,1,0.00,19.0
"sams beauty supply",0,63,0.00,1.5
"sams beauty supply chula vista",0,12,0.00,13.3
"sams beauty supply locations",0,1,0.00,33.0
"sams beauty supply near me",0,10,0.00,10.8
"sams beauty supply san diego",0,3,0.00,7.7
"sams beauty supply store",0,1,0.00,10.0
"sams beauty warehouse",0,131,0.00,2.7
"sams beauty warehouse locations",0,1,0.00,3.0
"sams beauty warehouse near me",0,2,0.00,31.5
"sams beauty warehouse online shopping",0,1,0.00,4.0
"sams beauty watehouse",0,1,0.00,2.0
"sams beauty wearhouse",0,1,0.00,2.0
"sams beauty wigs",0,7,0.00,3.0
"sams beuty",0,1,0.00,2.0
"sams cutz",0,6,0.00,8.2
"sams hair and beauty",0,1,0.00,9.0
"sams hair and beauty supply",0,1,0.00,19.0
"sams hair store",0,2,0.00,5.5
"sams wigs",0,1,0.00,2.0
"samsbeauty",0,44,0.00,2.3
"samsbeauty near me",0,16,0.00,1.7
"samsbeauty supply",0,1,0.00,3.0
"samsbeauty warehouse",0,3,0.00,2.7
"samuel barber shop",0,2,0.00,9.5
"samuel barbershop",0,1,0.00,8.0
"samuel's barber shop",0,1,0.00,42.0
"samz cut",0,2,0.00,9.0
"sam’s beauty supply",0,1,0.00,1.0
"san angelo cosmetology",0,1,0.00,26.0
"san antonio aveda institute",0,2,0.00,17.5
"san antonio barber",0,1,0.00,60.0
"san antonio barber college",0,1,0.00,36.0
"san antonio barber shop",0,4,0.00,59.3
"san antonio barber supply",0,3,0.00,10.0
"san antonio barbershop",0,28,0.00,48.3
"san antonio beauty school",0,4,0.00,40.5
"san antonio beauty schools",0,4,0.00,40.3
"san antonio beauty supply",0,1,0.00,1.0
"san antonio cosmetology",0,2,0.00,34.5
"san antonio cosmetology school",0,3,0.00,34.3
"san antonio cosmetology schools",0,1,0.00,24.0
"san antonio esthetician school",0,4,0.00,40.8
"san antonio hair school",0,3,0.00,32.0
"san antonio hair stylist school",0,1,0.00,30.0
"san antonio nail supply",0,2,0.00,15.0
"san antonio paul mitchell school",0,8,0.00,31.5
"san antonio vocational & technical school",0,3,0.00,21.3
"san bernardino barber shop",0,1,0.00,17.0
"san bernardino beauty college",0,1,0.00,33.0
"san bernardino beauty supply",0,1,0.00,12.0
"san diego barber supply",0,2,0.00,23.0
"san diego cosmetology school",0,2,0.00,48.5
"san diego paul mitchell school",0,1,0.00,39.0
"san francisco barbershop dallas",0,1,0.00,10.0
"san francisco barbershop of dallas",0,1,0.00,9.0
"san jacinto college north reviews",0,1,0.00,6.0
"san jacinto cosmetology",0,1,0.00,7.0
"san jose barber academy",0,1,0.00,31.0
"san jose beauty supply",0,1,0.00,1.0
"san jose makeup school",0,1,0.00,33.0
"san jose nail supply store",0,1,0.00,1.0
"san luis",0,1,0.00,1.0
"san luis beauty salon",0,2,0.00,4.0
"san luis hair salon",0,12,0.00,3.8
"san luis salon",0,4,0.00,11.0
"san marcos barber school",0,2,0.00,11.0
"sandmann barber",0,1,0.00,38.0
"sandmann barber shop",0,1,0.00,30.0
"sandoval barber shop",0,1,0.00,50.0
"sandra hair salon",0,1,0.00,5.0
"sandra lozano",0,2,0.00,7.0
"sandras beauty shop",0,1,0.00,7.0
"sandy barber shop",0,2,0.00,9.0
"sandy barbershop",0,1,0.00,8.0
"sandy beauty",0,1,0.00,6.0
"sandy hair",0,2,0.00,1.0
"sandy hair design",0,8,0.00,1.5
"sandy hair salon",0,2,0.00,4.5
"sandy salon",0,2,0.00,3.0
"sandy's beauty salon",0,2,0.00,19.0
"sandy's hair salon",0,3,0.00,4.3
"sandy's hair salon near me",0,1,0.00,9.0
"sandy's salon",0,1,0.00,9.0
"sandys barbershop",0,1,0.00,9.0
"sandys beauty salon",0,11,0.00,6.3
"sandys hair design",0,10,0.00,1.7
"sandys hair salon",0,8,0.00,5.6
"sandys hair studio",0,5,0.00,2.0
"sandys haircut",0,5,0.00,3.4
"sandys salon",0,2,0.00,6.0
"sandyy",0,1,0.00,3.0
"sans beauty",0,1,0.00,2.0
"santa ana beauty academy",0,3,0.00,26.7
"santa clara beauty college",0,11,0.00,8.2
"santa clara beauty school",0,3,0.00,8.0
"santana beauty salon",0,2,0.00,2.5
"santana hair salon",0,1,0.00,11.0
"santana row barber",0,1,0.00,15.0
"santana salon",0,1,0.00,13.0
"santinis barber studio",0,13,0.00,7.5
"saphire",0,1,0.00,1.0
"saphire fadez",0,44,0.00,6.2
"saphire fadez houston",0,25,0.00,7.4
"saphire fadez houston reviews",0,49,0.00,6.3
"sapphire fadez",0,3,0.00,6.0
"sapps llc",0,1,0.00,9.0
"saps and co",0,21,0.00,5.3
"sarath barber",0,16,0.00,8.7
"sarath barbershop",0,23,0.00,9.0
"sarath's barbershop",0,38,0.00,9.3
"sarath's barbershop houston",0,3,0.00,10.3
"sarath's barbershop houston reviews",0,8,0.00,10.8
"saraths",0,89,0.00,10.1
"saraths barber",0,52,0.00,9.0
"saraths barbershop",0,70,0.00,10.2
"sari salon",0,1,0.00,4.0
"sarita salon",0,3,0.00,14.7
"saritas beauty salon",0,3,0.00,8.3
"sarmientos barber shop",0,1,0.00,12.0
"sasha beauty",0,1,0.00,7.0
"sasha beauty supply",0,3,0.00,8.0
"sassy beauty supply",0,35,0.00,5.0
"sassy beauty supply beaumont tx",0,6,0.00,5.0
"sassy beauty supply the colony",0,2,0.00,4.5
"sassy beauty supply- the colony",0,5,0.00,1.0
"sassy layers",0,8,0.00,7.9
"sassy layers hair salon",0,6,0.00,7.7
"sassy platz beauty supply",0,2,0.00,7.5
"sassy session",0,1,0.00,3.0
"sassy's",0,2,0.00,1.0
"sassys beauty",0,1,0.00,1.0
"sassys beauty supply",0,1,0.00,8.0
"satori salon",0,158,0.00,7.4
"satori salon houston",0,6,0.00,10.2
"sauccy fades",0,1,0.00,11.0
"sauccy fades reviews",0,8,0.00,8.8
"sauced htx",0,2,0.00,13.0
"saul barbershop",0,1,0.00,7.0
"saul hair studio houston",0,9,0.00,4.8
"saul the barber",0,1,0.00,6.0
"sauvacito",0,1,0.00,2.0
"sauvecita",0,1,0.00,4.0
"sauvecito",0,4,0.00,2.5
"sauvicito",0,1,0.00,2.0
"savage cutz",0,1,0.00,4.0
"savecito",0,2,0.00,3.0
"saviland nail drill",0,1,0.00,6.0
"savit beauty supply",0,10,0.00,9.2
"savoir hair braiding",0,24,0.00,7.2
"savor head spa",0,21,0.00,8.2
"savor spa",0,2,0.00,8.0
"savoy salon",0,2,0.00,12.0
"sb barber",0,3,0.00,7.7
"sb barber supply",0,20,0.00,6.6
"sb beauty and barber supply",0,14,0.00,10.6
"sbk salon",0,2,0.00,6.5
"sc 91 barbershop",0,2,0.00,10.0
"sc91",0,6,0.00,9.2
"sc91 barber",0,2,0.00,10.5
"sc91 barbershop",0,2,0.00,10.0
"sc91 corona",0,1,0.00,16.0
"sc91 hair care",0,2,0.00,10.5
"sc91 hair care photos",0,4,0.00,9.8
"sc91 hair care reviews",0,20,0.00,5.3
"scalp detox near me",0,1,0.00,1.0
"scalp massage near me",0,1,0.00,1.0
"scalp spa houston",0,1,0.00,1.0
"scarlet beauty supply",0,2,0.00,13.0
"scarlet door",0,4,0.00,13.8
"scarlet door amarillo",0,4,0.00,12.5
"scarlet door amarillo texas",0,1,0.00,17.0
"scarlet door spa amarillo",0,1,0.00,19.0
"scarlett armstrong",0,1,0.00,28.0
"scarlett door",0,2,0.00,9.0
"schedule expert beauty appointment",0,2,0.00,69.0
"school braids",0,1,0.00,2.0
"school enstyle beauty academy",0,39,0.00,2.5
"school nails",0,1,0.00,2.0
"school of cosmetology",0,5,0.00,9.0
"school of pmu",0,1,0.00,8.0
"schoolstyle",0,1,0.00,3.0
"schwarzkopf beauty institute",0,5,0.00,77.2
"schwarzkopf hair color near me",0,1,0.00,92.0
"schwarzkopf salon",0,1,0.00,70.0
"scissor and scotch locations",0,2,0.00,12.5
"scissor hands barber",0,1,0.00,6.0
"scissor palace",0,1,0.00,6.0
"scissor shop",0,3,0.00,41.3
"scissor sound",0,11,0.00,5.8
"scissor sound austin",0,2,0.00,4.5
"scissor sound hair",0,1,0.00,10.0
"scissor sound hair salon",0,4,0.00,9.5
"scissor sound salon",0,1,0.00,8.0
"scissor sounds",0,1,0.00,1.0
"scissorhand salon",0,1,0.00,11.0
"scissorhands barber",0,9,0.00,3.9
"scissorhands barber shop",0,1,0.00,10.0
"scissorhands barbershop",0,6,0.00,6.7
"scissorhands league city",0,10,0.00,8.6
"scissors & scotch",0,2,0.00,10.0
"scissors & scotch austin",0,1,0.00,70.0
"scissors & scotch houston",0,12,0.00,11.2
"scissors and scotch",0,8,0.00,11.3
"scissors and scotch austin",0,2,0.00,66.5
"scissors and scotch hours",0,1,0.00,7.0
"scissors and scotch houston",0,146,0.00,10.3
"scissors and scotch houston reviews",0,19,0.00,8.9
"scissors and scotch locations",0,3,0.00,16.3
"scissors and scoth",0,1,0.00,11.0
"scissors beauty",0,1,0.00,48.0
"scissors near me",0,1,0.00,11.0
"scissors palace",0,40,0.00,8.3
"scissors palace el paso",0,2,0.00,8.5
"scissors sound",0,3,0.00,1.0
"scissors sound hair salon",0,6,0.00,11.0
"scissors sound hair salon reviews",0,1,0.00,5.0
"scores barber shop",0,2,0.00,12.5
"scores barbering",0,13,0.00,7.7
"scores modesto",0,15,0.00,6.5
"scotch & scissors",0,2,0.00,20.0
"scotch and scissors",0,7,0.00,10.7
"scotch and scissors austin",0,1,0.00,66.0
"scotch and scissors houston",0,10,0.00,10.8
"scott beauty supply",0,4,0.00,15.5
"scott j hair salon",0,2,0.00,39.0
"scott risk",0,1,0.00,9.0
"scott risk hair",0,2,0.00,9.0
"scott risk hair reviews",0,4,0.00,6.3
"scott risk hair salon",0,1,0.00,11.0
"scotty barber",0,1,0.00,38.0
"sculpt beauty",0,2,0.00,62.0
"sculpt salon",0,1,0.00,34.0
"sculpted beauty",0,1,0.00,74.0
"sculptors barbershop",0,2,0.00,9.0
"sd barber supply",0,1,0.00,35.0
"sd pro shop",0,9,0.00,5.8
"sdga",0,1,0.00,1.0
"sdga pro shop",0,41,0.00,7.0
"sdgs",0,2,0.00,3.5
"se7en stars",0,1,0.00,15.0
"seamless hair by india b",0,17,0.00,1.0
"seamless head spa",0,9,0.00,2.9
"sean anthony salon",0,17,0.00,9.4
"sean anthony salons",0,18,0.00,8.5
"secret barber shop",0,5,0.00,7.0
"secret barbershop san diego",0,1,0.00,11.0
"secret beauty",0,5,0.00,24.4
"secret beauty hair salon",0,1,0.00,8.0
"secret beauty parlour",0,1,0.00,35.0
"secret beauty supply",0,1,0.00,22.0
"secret salon",0,1,0.00,7.0
"secret salon 316",0,40,0.00,8.7
"secret salon 316 houston",0,1,0.00,8.0
"secret salon 316 prices",0,1,0.00,11.0
"secret salon 316 reviews",0,4,0.00,11.3
"secret salon bellaire",0,7,0.00,9.7
"secret salon houston",0,6,0.00,6.3
"secret salon houston tx",0,3,0.00,6.7
"sedora",0,1,0.00,7.0
"sedora salon",0,3,0.00,10.3
"sedora salons",0,38,0.00,6.8
"selah salon",0,1,0.00,11.0
"selah salon and spa",0,1,0.00,9.0
"select barbering studio",0,1,0.00,39.0
"select clip",0,1,0.00,8.0
"select salon dallas",0,1,0.00,6.0
"selective beauty salon tyler tx",0,1,0.00,11.0
"selfmade barbershop",0,17,0.00,11.2
"sellys hair and beauty",0,1,0.00,8.0
"semi permanent hair color",0,1,0.00,7.0
"sendy",0,1,0.00,9.0
"senior mens haircuts near me",0,1,0.00,1.0
"senior women haircuts near me",0,1,0.00,1.0
"sensation beauty salon",0,2,0.00,5.5
"sensation hair salon",0,2,0.00,7.0
"sensational hair",0,2,0.00,2.0
"sensational hair on thousand oaks",0,24,0.00,6.0
"sensational hair salon",0,15,0.00,10.5
"sensational hair san antonio",0,16,0.00,6.1
"sensational hair thousand oaks",0,37,0.00,4.8
"sensational salon",0,2,0.00,7.5
"sensationnel",0,5,0.00,4.0
"sensationnel hair",0,3,0.00,1.0
"sensationnel money maker half wig near me",0,1,0.00,3.0
"sensationnel store locator",0,1,0.00,6.0
"senter nail & beauty supply",0,19,0.00,3.9
"senter nail supply",0,35,0.00,3.5
"senter supply",0,11,0.00,2.5
"seoul barber",0,2,0.00,10.0
"seoul barber shop",0,10,0.00,8.0
"serendipity beauty salon",0,1,0.00,7.0
"serendipity hair",0,2,0.00,7.0
"serendipity hair studio",0,1,0.00,7.0
"serendipity salon",0,1,0.00,10.0
"serene hair",0,1,0.00,4.0
"serene med spa",0,1,0.00,10.0
"serene spa",0,2,0.00,9.0
"serene spa laredo",0,1,0.00,8.0
"serene spa lounge med spa laredo reviews",0,3,0.00,6.7
"serenity beauty shop",0,4,0.00,3.8
"serenity hair salon",0,3,0.00,5.3
"serenity salon",0,3,0.00,5.0
"serenity salon & spa",0,24,0.00,5.3
"serenity salon suites",0,23,0.00,10.2
"serenity spa",0,6,0.00,5.0
"serenity spa and salon",0,2,0.00,5.0
"serenity wig and salon",0,1,0.00,71.0
"sergio hair salon",0,1,0.00,4.0
"sergio's style",0,1,0.00,17.0
"sergios hair salon",0,2,0.00,6.0
"sergios salon",0,5,0.00,5.2
"serinity day spa",0,1,0.00,1.0
"servants barbershop houston reviews",0,2,0.00,5.5
"servi houston",0,1,0.00,12.0
"service & supply",0,1,0.00,58.0
"service and supply",0,7,0.00,42.3
"service salon group",0,2,0.00,17.5
"services hair salon",0,1,0.00,88.0
"services offered by 144 salon",0,9,0.00,8.0
"services offered by 22 hair salon",0,10,0.00,9.3
"services offered by 7 qi ao salon",0,1,0.00,10.0
"services offered by a-n-h salon",0,17,0.00,3.8
"services offered by aliana barbershop",0,4,0.00,10.8
"services offered by arianna hair boutique katy texas",0,2,0.00,10.0
"services offered by arukas hair plano",0,3,0.00,11.0
"services offered by aveda arts & sciences institute dallas",0,1,0.00,31.0
"services offered by aveda institute san antonio",0,1,0.00,45.0
"services offered by be you tiful creations beauty salon & spa",0,1,0.00,10.0
"services offered by beauty and the blade",0,2,0.00,10.0
"services offered by beauty express sugar land",0,2,0.00,6.0
"services offered by bich nga hair design",0,1,0.00,10.0
"services offered by bleach salon",0,1,0.00,10.0
"services offered by career academy of beauty",0,1,0.00,93.0
"services offered by chicks hair salon and barber",0,8,0.00,8.0
"services offered by cost cutters houston",0,2,0.00,8.0
"services offered by curl boss",0,1,0.00,9.0
"services offered by david alexander image studio",0,30,0.00,8.2
"services offered by dhw experience",0,1,0.00,9.0
"services offered by dovera beauty and head spa",0,1,0.00,10.0
"services offered by elevate barber studio | frisco barber shop",0,2,0.00,9.0
"services offered by elite nailz and spa",0,2,0.00,6.5
"services offered by hoss lee academy",0,1,0.00,46.0
"services offered by iconic nail bar & head spa houston",0,4,0.00,10.0
"services offered by jones road beauty austin",0,1,0.00,5.0
"services offered by just peachy nails",0,3,0.00,9.0
"services offered by kaya salons",0,7,0.00,5.7
"services offered by l & l beauty salon",0,1,0.00,8.0
"services offered by long's hair studio 1",0,1,0.00,50.0
"services offered by luxe nail bar missouri city",0,32,0.00,10.2
"services offered by lê artist hair salon",0,3,0.00,8.0
"services offered by m fadez",0,17,0.00,7.8
"services offered by maharanis beauty salon",0,5,0.00,6.0
"services offered by meena's salon",0,1,0.00,8.0
"services offered by milan institute san antonio",0,1,0.00,37.0
"services offered by milk and honey spa river oaks",0,2,0.00,4.5
"services offered by mofan salon",0,10,0.00,9.1
"services offered by natural hair of katy",0,29,0.00,8.2
"services offered by navarro cosmetology",0,2,0.00,13.0
"services offered by ns hair salon and spa",0,1,0.00,10.0
"services offered by ogle school - beauty and cosmetology (houston/stafford)",0,6,0.00,10.3
"services offered by ogle school san antonio",0,1,0.00,32.0
"services offered by organics salon",0,3,0.00,9.7
"services offered by palomar institute of cosmetology",0,2,0.00,70.5
"services offered by pasha barbershop",0,2,0.00,10.0
"services offered by patty olivera",0,4,0.00,8.8
"services offered by paul mitchell the school sacramento",0,1,0.00,50.0
"services offered by pfinesse salon and spa",0,2,0.00,11.0
"services offered by saddleback beauty academy",0,1,0.00,77.0
"services offered by salon 123",0,1,0.00,7.0
"services offered by salon eros",0,2,0.00,9.5
"services offered by salon kāwi",0,6,0.00,5.5
"services offered by secret salon 316",0,1,0.00,21.0
"services offered by sky salon",0,1,0.00,31.0
"services offered by sleek beauty studio",0,6,0.00,10.0
"services offered by sparkles nail lounge and head spa waco",0,3,0.00,5.3
"services offered by style city beauty bar",0,5,0.00,8.2
"services offered by the hair mayor beauty college",0,1,0.00,9.0
"services offered by the institute of beauty and wellness",0,1,0.00,98.0
"services offered by the orlando salon",0,8,0.00,13.3
"services offered by the silkout bar",0,2,0.00,10.0
"services offered by toni and guy hair salon houston",0,7,0.00,8.7
"services offered by tranquility salon and spa",0,1,0.00,48.0
"services offered by vella bella salon park & nail spa",0,4,0.00,9.0
"services offered by yobe salon",0,5,0.00,9.2
"services offered by zeeba salon",0,1,0.00,9.0
"seven barbershop",0,1,0.00,10.0
"seven fades",0,3,0.00,13.3
"seven fades hair studio",0,6,0.00,11.2
"seven twenty collective",0,3,0.00,7.0
"seventwenty",0,3,0.00,7.3
"seventwenty collective",0,5,0.00,7.8
"seventwenty collective photos",0,1,0.00,4.0
"seventwenty collective reviews",0,7,0.00,10.9
"sew in hair near me",0,1,0.00,1.0
"sew in near me",0,1,0.00,3.0
"sexy hair wax",0,1,0.00,9.0
"sexy swim suits",0,2,0.00,4.5
"sexy swimsuits",0,4,0.00,7.3
"sh beauty salon",0,1,0.00,13.0
"sh hair",0,3,0.00,12.0
"sh hair and makeup",0,2,0.00,49.5
"sh hair salon",0,2,0.00,10.5
"sh hair studio",0,1,0.00,5.0
"sh salon",0,1,0.00,20.0
"sh salon bunker hill",0,14,0.00,9.9
"sh salon clear lake",0,11,0.00,5.7
"sh salon clear lake location houston reviews",0,6,0.00,8.8
"sh salon houston",0,4,0.00,11.8
"sh salon spring green",0,1,0.00,28.0
"sh salons",0,1,0.00,8.0
"shabby to chic",0,3,0.00,4.7
"shade hair lounge",0,1,0.00,35.0
"shade haus",0,2,0.00,10.0
"shade house salon",0,1,0.00,9.0
"shade the salon",0,3,0.00,9.7
"shades cypress",0,1,0.00,29.0
"shades nail",0,1,0.00,10.0
"shades nail salon",0,2,0.00,11.0
"shades nail spa",0,2,0.00,7.0
"shag austin",0,5,0.00,10.6
"shag hair salon",0,14,0.00,14.6
"shag noir salon",0,1,0.00,36.0
"shag salon",0,119,0.00,6.1
"shag salon and spa",0,1,0.00,37.0
"shag salon austin",0,34,0.00,6.4
"shag salon photos",0,2,0.00,8.5
"shag shop",0,1,0.00,43.0
"shag studio",0,1,0.00,33.0
"shags salon",0,1,0.00,11.0
"shalom beauty",0,11,0.00,5.5
"shalom beauty supply",0,22,0.00,8.4
"shalom hair salon",0,2,0.00,1.0
"shalom manteca",0,3,0.00,1.0
"shampoo and blow dry near me",0,1,0.00,1.0
"shampoo license texas",0,14,0.00,28.3
"shamrock barber",0,13,0.00,10.8
"shamrock barber shop",0,6,0.00,10.7
"shamrock barbershop",0,2,0.00,10.5
"shan beauty",0,1,0.00,8.0
"shaped barbershop",0,7,0.00,5.9
"sharee's beauty supply",0,6,0.00,5.8
"shark barber shop",0,6,0.00,10.2
"shark barbershop",0,2,0.00,11.0
"shark cuts for kids",0,1,0.00,10.0
"sharkey",0,1,0.00,13.0
"sharkey cuts for kids",0,1,0.00,10.0
"sharkey kids",0,1,0.00,7.0
"sharkey's cuts",0,1,0.00,10.0
"sharkey's cuts for kids",0,4,0.00,8.3
"sharkey's cuts for kids - conroe, tx",0,1,0.00,8.0
"sharkey's cuts for kids sugar land",0,3,0.00,10.3
"sharkey's cuts for kids sugar land reviews",0,2,0.00,9.0
"sharkey's cuts for kids waco",0,3,0.00,18.7
"sharkey's cuts for kids waco reviews",0,38,0.00,7.6
"sharkey's hair",0,1,0.00,12.0
"sharkey's sugar land",0,1,0.00,9.0
"sharkeys",0,10,0.00,10.5
"sharkeys conroe",0,3,0.00,7.7
"sharkeys cuts",0,2,0.00,9.5
"sharkeys cuts for kids",0,12,0.00,10.5
"sharkeys cuts for kids sugar land sugar land tx",0,1,0.00,12.0
"sharkeys haircut",0,1,0.00,9.0
"sharkeys haircuts for kids",0,1,0.00,10.0
"sharkeys kids",0,1,0.00,8.0
"sharkeys near me",0,1,0.00,12.0
"sharkeys sugar land",0,3,0.00,9.3
"sharkeys waco",0,12,0.00,10.5
"sharkeys waco tx",0,1,0.00,11.0
"sharkies haircut",0,5,0.00,9.6
"sharkies haircuts",0,1,0.00,8.0
"sharks barber shop",0,1,0.00,23.0
"sharky's haircut",0,1,0.00,11.0
"sharkys conroe",0,1,0.00,9.0
"sharkys hair cut",0,1,0.00,11.0
"sharkys hair salon",0,2,0.00,9.0
"sharkys haircut",0,1,0.00,8.0
"sharkys haircuts",0,2,0.00,10.0
"sharkys waco",0,3,0.00,9.7
"sharp and dapper",0,4,0.00,14.8
"sharp and dapper barbering reviews",0,5,0.00,9.4
"shasa",0,1,0.00,2.0
"shave loft",0,1,0.00,47.0
"shave parlor barbershop",0,1,0.00,11.0
"shave supplies near me",0,1,0.00,61.0
"shaver shop near me",0,1,0.00,55.0
"shaver store",0,1,0.00,63.0
"shaver stores near me",0,1,0.00,41.0
"shavette near me",0,1,0.00,48.0
"shaving bar on lamar",0,35,0.00,9.1
"shaving clippers near me",0,1,0.00,32.0
"shaving grace",0,4,0.00,8.8
"shaving grace barber shop",0,9,0.00,10.7
"shaving grace carthage tx",0,4,0.00,10.5
"shaving grace pearland",0,13,0.00,9.9
"shaving kit near me",0,1,0.00,47.0
"shaving kits near me",0,1,0.00,44.0
"shaving nearby",0,1,0.00,56.0
"shaving products near me",0,1,0.00,61.0
"shaving stick near me",0,1,0.00,48.0
"shaving supplies store near me",0,1,0.00,78.0
"shaving supply store near me",0,4,0.00,67.3
"she hair",0,1,0.00,69.0
"she hair & beauty supply",0,2,0.00,17.5
"she hair salon",0,1,0.00,52.0
"she happy hair",0,6,0.00,15.0
"she happy hair houston",0,1,0.00,22.0
"she happy hair locations",0,10,0.00,12.2
"she happy hair near me",0,1,0.00,12.0
"she near me",0,1,0.00,33.0
"she salon",0,2,0.00,4.5
"she slays you beauty bar",0,1,0.00,1.0
"she turn heads",0,1,0.00,7.0
"she turns heads",0,19,0.00,6.9
"she turns heads conroe tx",0,1,0.00,6.0
"she turns heads salon",0,16,0.00,7.3
"she turns heads salon conroe tx",0,3,0.00,9.3
"she turns heads salon photos",0,1,0.00,10.0
"she turns heads salon reviews",0,4,0.00,5.0
"she's hair",0,4,0.00,17.3
"she's happy",0,5,0.00,12.4
"she's happy hair",0,21,0.00,13.0
"she's happy hair houston",0,4,0.00,12.8
"she's happy hair houston reviews",0,2,0.00,7.5
"she's happy hair locations",0,5,0.00,11.8
"she's happy hair near me",0,6,0.00,12.0
"shea beauty salon",0,1,0.00,9.0
"shea eliz hair salon",0,7,0.00,10.7
"shea eliz salon",0,29,0.00,10.2
"shear beauty salon",0,1,0.00,12.0
"shear cuts",0,1,0.00,4.0
"shear delight barbershop",0,3,0.00,6.0
"shear diva",0,1,0.00,4.0
"shear diva artistry",0,3,0.00,8.0
"shear diva artistry dallas",0,4,0.00,9.8
"shear fun hair salon",0,1,0.00,6.0
"shear genius",0,2,0.00,9.5
"shear genius barber school",0,16,0.00,3.4
"shear genius salon",0,1,0.00,8.0
"shear illusion",0,1,0.00,3.0
"shear illusion hair salon",0,1,0.00,5.0
"shear illusions",0,1,0.00,4.0
"shear illusions hair salon",0,1,0.00,11.0
"shear lounge salon",0,1,0.00,7.0
"shear magnolia",0,1,0.00,19.0
"shear magnolia hair salon",0,1,0.00,1.0
"shear magnolia salon",0,2,0.00,2.5
"shear performance salon",0,1,0.00,4.0
"shear pleasure",0,1,0.00,4.0
"shear pleasure hair salon",0,2,0.00,6.0
"shear pleasure salon",0,11,0.00,7.4
"shear pleasure salon & day spa",0,2,0.00,7.0
"shear pleasure salon & day spa photos",0,2,0.00,5.0
"shear pleasures",0,1,0.00,6.0
"shear salon",0,1,0.00,8.0
"shear salon reviews",0,2,0.00,4.0
"shears and blade",0,5,0.00,10.0
"shears and blade austin",0,1,0.00,9.0
"shears and blade executive barberia austin reviews",0,3,0.00,3.7
"shears and blades",0,1,0.00,11.0
"shears near me",0,1,0.00,14.0
"shears studio",0,9,0.00,6.7
"shed barber and supply bouldin",0,1,0.00,5.0
"shed barbershop austin",0,1,0.00,18.0
"sheek hair studio",0,13,0.00,7.7
"sheek hair studio by roya",0,1,0.00,7.0
"sheek salon",0,2,0.00,8.5
"sheek studio",0,1,0.00,24.0
"sheer beauty",0,3,0.00,6.7
"sheers college station",0,5,0.00,10.0
"sheers hair salon",0,16,0.00,7.3
"sheers hair salon reviews",0,2,0.00,8.0
"sheers salon",0,1,0.00,11.0
"sheeznifty",0,1,0.00,1.0
"shelby hair salon",0,4,0.00,7.0
"shepards barber shop",0,2,0.00,10.5
"sherman barber",0,1,0.00,9.0
"sherman barbershop",0,1,0.00,10.0
"sherman oaks barber",0,1,0.00,43.0
"sherman's barber shop",0,1,0.00,15.0
"shes hair",0,1,0.00,11.0
"shes happy",0,1,0.00,5.0
"shes happy hair",0,3,0.00,10.7
"sheshappyhair houston",0,3,0.00,9.0
"shikor beauty",0,1,0.00,4.0
"shima academy",0,2,0.00,6.5
"shimaa academy",0,10,0.00,7.3
"shine",0,1,0.00,1.0
"shine and beauty salon",0,1,0.00,6.0
"shine beauty",0,19,0.00,14.4
"shine beauty 2",0,1,0.00,4.0
"shine beauty salon",0,9,0.00,26.6
"shine beauty store",0,9,0.00,6.7
"shine beauty studio",0,1,0.00,45.0
"shine beauty supply near me",0,1,0.00,10.0
"shine beauty supply_marbach",0,6,0.00,3.2
"shine bright beauty",0,1,0.00,10.0
"shine hair",0,5,0.00,69.0
"shine hair and beauty",0,2,0.00,48.0
"shine hair salon",0,10,0.00,29.5
"shine hair salon and spa",0,2,0.00,45.5
"shine hair salon houston",0,11,0.00,7.5
"shine hairdressers",0,2,0.00,66.0
"shine heights",0,2,0.00,16.0
"shine in the heights",0,6,0.00,25.3
"shine in the heights east 11th street houston tx",0,2,0.00,14.5
"shine in the heights reviews",0,3,0.00,11.7
"shine in the heights salon",0,1,0.00,14.0
"shine looks",0,1,0.00,15.0
"shine on hair salon",0,2,0.00,12.0
"shine on heights reviews",0,14,0.00,10.9
"shine on heights salon",0,1,0.00,19.0
"shine on salon",0,11,0.00,50.8
"shine on the heights",0,3,0.00,23.7
"shine salon",0,28,0.00,8.6
"shine salon & spa",0,2,0.00,42.0
"shine salon and spa",0,1,0.00,43.0
"shine salon houston",0,26,0.00,8.9
"shine salon near me",0,1,0.00,46.0
"shine salon photos",0,1,0.00,20.0
"shine salon spa",0,2,0.00,12.0
"shineon salon",0,3,0.00,35.7
"shinny hair",0,1,0.00,6.0
"shipwreck barber shop",0,4,0.00,11.0
"shipwreck barbershop",0,7,0.00,11.6
"shipwreck barbershop corona",0,13,0.00,10.4
"shipwreck barbershop reviews",0,2,0.00,11.5
"shipwreck corona",0,5,0.00,11.4
"shirley beauty salon",0,4,0.00,2.8
"shirley cuts hair",0,1,0.00,3.0
"shirley hair salon",0,4,0.00,5.5
"shirley salon",0,3,0.00,17.7
"shirley's beauty salon",0,4,0.00,6.3
"shirley's hair salon",0,6,0.00,7.7
"shop 93",0,2,0.00,7.0
"shop city hair store",0,1,0.00,22.0
"shop hair quarters",0,1,0.00,27.0
"shop license",0,3,0.00,7.0
"shop license renewal",0,1,0.00,9.0
"shop q",0,1,0.00,6.0
"shop salon city",0,4,0.00,1.0
"shopfashionq",0,3,0.00,3.0
"shops near me",0,1,0.00,12.0
"shopsaloncity",0,2,0.00,2.5
"shopstarbeauty",0,1,0.00,38.0
"short wavy hair",0,1,0.00,10.0
"shorthair express",0,2,0.00,25.0
"shorties barber shop",0,1,0.00,6.0
"shoulder length haircuts",0,1,0.00,9.0
"show more options",0,1,0.00,5.0
"shs salon",0,1,0.00,13.0
"shsalon",0,1,0.00,8.0
"shubh beauty",0,2,0.00,6.0
"shubh beauty salon inside walmart",0,1,0.00,7.0
"shubh beauty walmart",0,5,0.00,8.4
"shubh salon walmart",0,4,0.00,10.5
"shumz",0,1,0.00,6.0
"si",0,1,0.00,4.0
"sidney barber shop",0,1,0.00,18.0
"sidney's professional barber studio",0,2,0.00,17.0
"signature barbering",0,5,0.00,14.4
"signature barbering palmdale",0,3,0.00,9.3
"signature barbering reviews",0,8,0.00,9.1
"signature barbershop",0,1,0.00,6.0
"signature beauty",0,1,0.00,5.0
"signature beauty school",0,7,0.00,5.0
"signature brow and spa",0,1,0.00,28.0
"signature brow studio",0,1,0.00,16.0
"signature brows",0,7,0.00,15.1
"signature brows & beauty studio",0,36,0.00,7.0
"signature brows & beauty studio houston reviews",0,19,0.00,6.8
"signature brows & microblading studio",0,1,0.00,24.0
"signature brows and beauty",0,1,0.00,6.0
"signature brows threading salon & spa",0,2,0.00,24.5
"signature cuts",0,35,0.00,10.2
"signature cuts photos",0,2,0.00,10.0
"signature cuts reviews",0,2,0.00,6.5
"signature cuts sacramento",0,1,0.00,9.0
"signature eyebrow",0,1,0.00,40.0
"signature eyebrow threading",0,1,0.00,9.0
"signature eyebrows",0,1,0.00,9.0
"signature hair salon",0,3,0.00,9.7
"signature hair salon vintage",0,13,0.00,4.8
"signature hair salon vintage park",0,36,0.00,6.1
"signature nail spa",0,1,0.00,10.0
"signature nails",0,13,0.00,7.5
"signature nails & spa",0,1,0.00,8.0
"signature nails & spa photos",0,3,0.00,10.7
"signature nails and spa",0,2,0.00,8.5
"signature salon",0,3,0.00,7.3
"signature studio",0,1,0.00,58.0
"signatures salon",0,3,0.00,8.7
"silk out bar",0,51,0.00,7.3
"silk press",0,1,0.00,2.0
"silk press hair salon near me",0,1,0.00,1.0
"silk press houston",0,1,0.00,29.0
"silk press houston tx",0,1,0.00,28.0
"silk press katy",0,2,0.00,11.0
"silk press lounge",0,8,0.00,7.8
"silkout bar",0,9,0.00,9.9
"silos barber",0,1,0.00,29.0
"silver lake beauty salon",0,4,0.00,5.0
"silver lake hair salon",0,1,0.00,6.0
"silverlake barbershop",0,1,0.00,9.0
"silverlake beauty salon",0,34,0.00,7.4
"silverlake dentistry pearland",0,4,0.00,53.8
"silverlake salon",0,1,0.00,5.0
"simple beauty",0,8,0.00,15.6
"simply beautiful hair",0,2,0.00,6.0
"simply beauty",0,5,0.00,9.8
"simply beauty hair salon",0,18,0.00,8.9
"simply beauty reviews",0,1,0.00,21.0
"simply beauty salon",0,3,0.00,9.0
"simply devine beauty",0,1,0.00,12.0
"simply divine",0,10,0.00,5.1
"simply divine academy",0,5,0.00,14.2
"simply divine academy north reviews",0,8,0.00,9.4
"simply divine altadena",0,2,0.00,10.0
"simply divine beauty supply altadena",0,2,0.00,10.0
"simply divine hair",0,6,0.00,3.5
"simply divine hair and nails",0,1,0.00,28.0
"simply divine hair salon",0,6,0.00,4.3
"simply divine salon",0,1,0.00,27.0
"simply divine studio",0,1,0.00,32.0
"simply hair",0,4,0.00,9.5
"simply hair salon",0,3,0.00,4.7
"simply irresistible hair salon",0,20,0.00,1.4
"simply irresistible hair salon reviews",0,1,0.00,10.0
"simply irresistible salon",0,34,0.00,2.7
"simplybea 93",0,1,0.00,10.0
"simplydivine",0,1,0.00,6.0
"sinan barber",0,1,0.00,8.0
"sindy beauty salon",0,2,0.00,28.0
"single barrel barber",0,2,0.00,20.5
"single barrel barber shop",0,1,0.00,22.0
"single barrel barbershop anaheim",0,1,0.00,11.0
"singlebarrel barbershop",0,1,0.00,16.0
"siri beauty parlour",0,3,0.00,6.7
"siri beauty salon",0,9,0.00,13.9
"siri beauty salon reviews",0,1,0.00,12.0
"siri hair salon",0,3,0.00,4.3
"siri salon",0,4,0.00,7.8
"siri salon frisco",0,1,0.00,8.0
"sirsam barber shop",0,15,0.00,5.7
"sirsam barbershop حلاق عربي",0,27,0.00,4.0
"sissors palace",0,3,0.00,6.3
"sista girlz",0,3,0.00,6.0
"sista girlz hair therapy",0,11,0.00,6.1
"sista sista beauty supply",0,1,0.00,10.0
"sistah beauty",0,2,0.00,11.0
"sistah beauty supply",0,1,0.00,10.0
"sistah sistah beauty supply",0,5,0.00,12.2
"sistar beauty supply",0,1,0.00,54.0
"sister sister hair store",0,1,0.00,9.0
"sisu salon and spa",0,7,0.00,8.6
"site:innergcomplete.com",0,14,0.00,73.6
"six shooter salon",0,1,0.00,56.0
"sixtynine barber",0,1,0.00,46.0
"sk beauty supply",0,1,0.00,3.0
"sk hair",0,2,0.00,65.5
"sk2 near me",0,1,0.00,55.0
"skarkeys",0,1,0.00,9.0
"skhair",0,2,0.00,62.5
"skin & makeup institute",0,1,0.00,45.0
"skin and beyond",0,1,0.00,55.0
"skin bliss",0,7,0.00,10.0
"skin bliss san antonio",0,13,0.00,9.5
"skin bliss the laser spa clinic & aesthetics institute reviews",0,8,0.00,11.9
"skin fade melshire estates",0,1,0.00,68.0
"skin fade north dallas",0,25,0.00,13.6
"skin fade northwood heights",0,1,0.00,26.0
"skin fade old preston hollow",0,7,0.00,23.6
"skinfade dllas",0,13,0.00,19.5
"skinfade north dallas",0,18,0.00,20.2
"skinfade old preston hollow",0,7,0.00,26.6
"skinnys barbershop 2",0,1,0.00,49.0
"skullpture barbershop",0,1,0.00,51.0
"sky beauty supply",0,5,0.00,6.4
"sky blue and yellow nails",0,1,0.00,8.0
"sky hair salon",0,15,0.00,6.8
"sky hair studio",0,4,0.00,15.8
"sky haircut",0,1,0.00,11.0
"sky lounge beauty salon",0,1,0.00,27.0
"sky nail supply",0,51,0.00,2.4
"sky nail supply in houston: acrylic, dipping, monomer, nail art accessories",0,35,0.00,2.9
"sky nails supply",0,12,0.00,4.0
"sky salon",0,10,0.00,9.2
"sky salon and spa",0,1,0.00,11.0
"sky supply",0,1,0.00,1.0
"skye hair salon",0,1,0.00,9.0
"skye salon",0,51,0.00,10.0
"skye salon & spa",0,3,0.00,11.3
"skye salon and spa",0,1,0.00,9.0
"skye salon beaumont tx",0,5,0.00,10.0
"skye salon spa",0,1,0.00,19.0
"skyhair salon",0,2,0.00,11.0
"skylark beauty supply",0,5,0.00,1.2
"skylark nail",0,3,0.00,1.0
"skylark nail supply",0,11,0.00,2.5
"skylark nails supply",0,1,0.00,2.0
"skylark supply",0,1,0.00,2.0
"skylight nails",0,1,0.00,2.0
"skyline beauty supply fountain valley",0,1,0.00,8.0
"skyline beauty supply fv",0,8,0.00,6.3
"skyline beauty supply garden grove",0,8,0.00,4.1
"skyline cosmetology",0,1,0.00,10.0
"skyline nail supply garden grove",0,1,0.00,1.0
"skyline supply",0,1,0.00,12.0
"skysalon",0,1,0.00,48.0
"slayed beauty lounge",0,6,0.00,8.8
"slayyed.coom",0,1,0.00,7.0
"slayyyed",0,1,0.00,27.0
"slayyyed beauty lounge",0,10,0.00,8.3
"sleek beauty",0,3,0.00,6.3
"sleek beauty dhara",0,1,0.00,12.0
"sleek beauty salon",0,8,0.00,7.3
"sleek beauty studio mckinney",0,20,0.00,7.4
"sleek beauty studio photos",0,7,0.00,6.9
"sleek beauty studio reviews",0,20,0.00,4.2
"sleek hair salon",0,1,0.00,8.0
"sleek hair shop",0,1,0.00,9.0
"sleek hair studio",0,1,0.00,8.0
"sleek laser solutions frisco",0,1,0.00,66.0
"sleek shop",0,5,0.00,37.0
"sleek shop phone number",0,1,0.00,12.0
"sleek shop tustin",0,38,0.00,9.8
"sleek shop tustin ca",0,2,0.00,8.0
"sleek showroom near me",0,1,0.00,6.0
"sleek society salon",0,1,0.00,24.0
"sleekshop",0,21,0.00,10.1
"sleekshop near me",0,2,0.00,6.5
"sleekshop photos",0,1,0.00,10.0
"sleekshop tustin",0,65,0.00,9.4
"sleeping beauty lash institute & salon llc",0,20,0.00,9.4
"sleeping beauty lash institute & salon llc reviews",0,4,0.00,10.0
"sleeping beauty lash institute salon llc",0,11,0.00,9.8
"sloan beauty",0,2,0.00,1.0
"sloan beauty academy",0,28,0.00,6.6
"sloan beauty school",0,84,0.00,8.0
"sloan servicing",0,1,0.00,5.0
"slt hair salon",0,7,0.00,8.3
"slt salon",0,1,0.00,1.0
"sly fox - gentleman's lounge & barbershop",0,1,0.00,7.0
"sly fox austin",0,1,0.00,10.0
"sly fox barber",0,1,0.00,12.0
"sly fox barbershop",0,12,0.00,8.6
"sly huncho barber shop",0,1,0.00,1.0
"sly the barber",0,2,0.00,15.0
"slyfox barbershop",0,4,0.00,9.3
"slyfox barbershop photos",0,2,0.00,7.5
"sm hair",0,1,0.00,2.0
"sm salon near me",0,1,0.00,5.0
"small braids knotless",0,1,0.00,3.0
"small business black owned beauty supply near me",0,2,0.00,11.0
"small fry show supply",0,1,0.00,2.0
"small knotless braids",0,2,0.00,5.5
"small knotless braids near me",0,1,0.00,1.0
"smart beauty supply",0,1,0.00,1.0
"smart cut hair salon",0,1,0.00,5.0
"smart cut salon",0,2,0.00,20.0
"smart cuts",0,19,0.00,9.6
"smart cuts hair salon",0,9,0.00,5.7
"smart cuts hairdressing",0,2,0.00,21.5
"smart cuts near me",0,1,0.00,5.0
"smart style.com",0,1,0.00,8.0
"smartcut hair",0,1,0.00,36.0
"smartcuts",0,12,0.00,17.1
"smarts barbers",0,1,0.00,36.0
"smartstyle",0,3,0.00,7.3
"smash beauty",0,9,0.00,6.1
"smash beauty supply",0,33,0.00,6.1
"smash the barber",0,1,0.00,14.0
"smash the city",0,1,0.00,46.0
"smashing the city",0,14,0.00,9.7
"smashing the city barbershop",0,1,0.00,19.0
"smashing the city barbershop photos",0,3,0.00,10.0
"smoke & beauty",0,3,0.00,1.0
"smoke and beauty",0,82,0.00,1.9
"smoke and beauty santa ana",0,12,0.00,2.1
"smoke and mirrors barbershop",0,1,0.00,10.0
"smoke beauty",0,1,0.00,6.0
"smokin mirrors",0,5,0.00,11.0
"smokin mirrors barbershop",0,4,0.00,10.3
"smoking beauty",0,1,0.00,1.0
"smoking mirrors barbershop",0,1,0.00,10.0
"smokin’ mirrors barbershop",0,2,0.00,9.5
"smokin’ mirrors barbershop reviews",0,21,0.00,9.0
"smooshine",0,9,0.00,8.4
"smooshine austin",0,1,0.00,8.0
"smooshine hair salon",0,3,0.00,17.7
"smooshine photos",0,9,0.00,10.1
"smooshine reviews",0,58,0.00,8.1
"smooth lines",0,21,0.00,10.2
"smooth lines salon",0,65,0.00,10.2
"smooth lines salon and spa",0,17,0.00,9.3
"smooth lines salon and spa san antonio",0,1,0.00,12.0
"smooth lines salon reviews",0,25,0.00,6.6
"smoothlines",0,2,0.00,9.5
"smoothlines salon",0,1,0.00,8.0
"smoothshine",0,1,0.00,7.0
"sn",0,8,0.00,3.1
"sn beauty",0,2,0.00,7.5
"sn beauty salon",0,34,0.00,2.7
"sn beauty salon photos",0,1,0.00,6.0
"sn beauty salon reviews",0,6,0.00,3.5
"snobz of houston",0,3,0.00,5.0
"snooty boutique",0,3,0.00,10.0
"snooty hair",0,1,0.00,14.0
"snooty hair boutique",0,1,0.00,6.0
"snooty hair boutique reviews",0,6,0.00,3.3
"so ink",0,1,0.00,2.0
"so30",0,1,0.00,68.0
"soap store",0,1,0.00,1.0
"socal barbershop",0,3,0.00,10.3
"socal nail supply",0,1,0.00,6.0
"socal nails",0,18,0.00,5.7
"socal nails supply",0,11,0.00,6.5
"social beauty salon flatiron",0,2,0.00,68.5
"social color",0,1,0.00,61.0
"society salon and spa",0,1,0.00,6.0
"sock salon",0,2,0.00,29.5
"soco blow dry bar",0,58,0.00,5.2
"soco blow dry bar college station",0,6,0.00,1.7
"soco blow dry bar reviews",0,36,0.00,7.8
"soco dry bar",0,3,0.00,9.7
"soco dry bar college station",0,2,0.00,13.5
"soco hair college station",0,3,0.00,3.3
"soco hair salon",0,4,0.00,13.5
"sofade barbershop",0,1,0.00,36.0
"sofi hair salon",0,1,0.00,10.0
"sofie hair salon",0,5,0.00,8.2
"sofie hair salon(소피헤어)",0,5,0.00,8.6
"sok hair salon",0,1,0.00,10.0
"sok salon",0,39,0.00,6.9
"sok salon houston",0,3,0.00,6.0
"sok salon on kirby",0,20,0.00,8.0
"sok salon on kirby photos",0,3,0.00,10.3
"sok salon on kirby reviews",0,15,0.00,7.8
"soko hair",0,1,0.00,11.0
"sol barber",0,5,0.00,9.0
"sol barber & styling academy",0,2,0.00,6.5
"sol barber academy",0,1,0.00,8.0
"sol barber and styling academy",0,21,0.00,8.5
"sol beauty salon",0,5,0.00,17.8
"sol hair",0,1,0.00,35.0
"sol salon",0,1,0.00,6.0
"sol the barber",0,11,0.00,10.2
"sol's beauty supplies",0,1,0.00,38.0
"sola beauty supplies",0,1,0.00,8.0
"sola beauty supply",0,3,0.00,6.0
"sola facial",0,2,0.00,9.0
"sola nails and spa",0,3,0.00,9.0
"sola salons houston",0,6,0.00,13.5
"solace salon",0,2,0.00,6.5
"solace salon and spa reviews",0,4,0.00,5.5
"solace salon conroe",0,1,0.00,8.0
"solace salon reviews",0,4,0.00,4.0
"solan centric",0,1,0.00,7.0
"solan salon",0,1,0.00,8.0
"solid gold",0,3,0.00,1.0
"solid gold beauty",0,64,0.00,5.5
"solid gold beauty supply",0,47,0.00,6.0
"solid gold beauty supply photos",0,2,0.00,10.0
"solid gold hair store",0,4,0.00,7.3
"solidified barber shop",0,1,0.00,12.0
"solidified barbershop 2",0,9,0.00,8.9
"solo express bulk human hair",0,1,0.00,5.0
"solution salon",0,2,0.00,8.0
"solutions hair",0,1,0.00,15.0
"somerset",0,1,0.00,36.0
"sonali hair salon",0,1,0.00,10.0
"songbird society",0,7,0.00,7.3
"songbird society dallas",0,1,0.00,11.0
"songbird society reviews",0,20,0.00,7.3
"songbird society salon dallas",0,1,0.00,12.0
"sonia hair salon",0,3,0.00,6.0
"sonia's beauty salon",0,17,0.00,6.6
"sonia's hair salon",0,4,0.00,12.5
"sonia's salon",0,3,0.00,6.0
"sonias beauty salon",0,17,0.00,7.4
"sonias hair salon",0,2,0.00,5.0
"sonny hair salon",0,1,0.00,34.0
"sonrisa",0,10,0.00,11.4
"sonrisa salon",0,1,0.00,14.0
"sonrisa salon and day spa",0,1,0.00,43.0
"sonrisa spa",0,1,0.00,4.0
"sonya eyebrow threading",0,1,0.00,12.0
"sonya renee hair studio",0,11,0.00,8.2
"sonya's hair salon",0,1,0.00,5.0
"sophia hair salon",0,1,0.00,12.0
"sophie salon",0,1,0.00,25.0
"sophie's",0,1,0.00,2.0
"sophie's beauty salon",0,1,0.00,10.0
"sophie's salon",0,2,0.00,2.0
"sophies beauty salon",0,1,0.00,8.0
"sophies hair salon texas",0,2,0.00,8.5
"sophisti cuts",0,1,0.00,9.0
"sophisticuts",0,6,0.00,5.0
"sophys beauty salon",0,1,0.00,5.0
"sora braiding",0,50,0.00,5.8
"sora hair",0,2,0.00,5.0
"soraya hair salon",0,1,0.00,7.0
"sorek",0,1,0.00,25.0
"sorek barbershop",0,1,0.00,22.0
"sorek reviews",0,3,0.00,6.3
"sorella bella hair",0,1,0.00,6.0
"sos beauty salon",0,2,0.00,13.5
"sos beauty supply",0,1,0.00,6.0
"sos hair",0,2,0.00,27.0
"sos hair salon",0,9,0.00,8.3
"sos salon",0,7,0.00,9.6
"sos salon unisex",0,8,0.00,16.0
"soul head spa",0,5,0.00,2.2
"soul head spa houston",0,5,0.00,1.0
"south district barber co",0,1,0.00,11.0
"south district barber co. reviews",0,1,0.00,10.0
"south main district salon",0,2,0.00,9.0
"south main salon",0,2,0.00,5.5
"south mason finest barbershop",0,13,0.00,9.4
"south plains college cosmetology",0,19,0.00,11.3
"south plains college cosmetology cost",0,6,0.00,10.7
"south plains cosmetology",0,9,0.00,9.6
"south plains cosmetology school",0,4,0.00,9.8
"south post oak barber college",0,2,0.00,8.5
"south side barber shop",0,7,0.00,6.9
"south tech laredo tx",0,2,0.00,7.0
"south tex",0,1,0.00,1.0
"south tex beauty supply",0,1,0.00,1.0
"south tex beauty supply inc",0,4,0.00,3.5
"south tex beauty supply laredo, tx",0,3,0.00,5.3
"south tex laredo tx",0,1,0.00,8.0
"south texas barber college",0,1,0.00,12.0
"south texas beauty supply",0,1,0.00,3.0
"south texas vo tech san antonio",0,4,0.00,14.0
"south texas vocational technical institute of san antonio tx",0,1,0.00,11.0
"southeast texas career institute",0,1,0.00,16.0
"southern beauty supply",0,1,0.00,4.0
"southern california college of barber and beauty reviews",0,15,0.00,9.5
"southern careers institute cosmetology",0,3,0.00,10.3
"southern careers institute salon",0,1,0.00,8.0
"southern comfort barber shop",0,21,0.00,10.3
"southern fades",0,7,0.00,11.6
"southern fades barbershop",0,2,0.00,12.0
"southern fades cypress",0,6,0.00,10.3
"southern fades reviews",0,64,0.00,5.5
"southern tangles reviews",0,4,0.00,6.0
"southside barber",0,1,0.00,8.0
"southside barber shop",0,23,0.00,9.3
"southside barbershop",0,5,0.00,8.6
"southside barbershop midland",0,24,0.00,9.5
"southtex",0,2,0.00,1.0
"southtex beauty supply",0,2,0.00,4.5
"southwest barber institute",0,20,0.00,9.3
"sp miss a stores",0,3,0.00,12.7
"spa",0,1,0.00,6.0
"spa beyond",0,1,0.00,66.0
"spa de cabello cerca de mi",0,1,0.00,8.0
"spa equipment near me",0,1,0.00,12.0
"spa eternal",0,1,0.00,11.0
"spa luxury styling mousse",0,1,0.00,5.0
"spa pasadena tx",0,1,0.00,1.0
"spa retail",0,1,0.00,80.0
"spa supply",0,1,0.00,5.0
"spa tech sesd",0,1,0.00,99.0
"spa wholesale near me",0,1,0.00,7.0
"space barber shop",0,2,0.00,46.0
"space city barbershop",0,3,0.00,47.7
"space city fades",0,1,0.00,11.0
"space city kids salon",0,5,0.00,6.2
"space fades",0,68,0.00,7.5
"space fades barbershop",0,17,0.00,7.0
"spacefades",0,13,0.00,8.3
"spanish barbershops near me",0,1,0.00,21.0
"sparadice",0,1,0.00,5.0
"sparadise",0,41,0.00,1.0
"sparadise nail supply",0,53,0.00,3.8
"sparadise nail supply photos",0,9,0.00,10.0
"sparadise nails",0,4,0.00,6.0
"spargo hair salon",0,9,0.00,5.9
"spargo hair salon photos",0,5,0.00,4.8
"sparidise",0,1,0.00,1.0
"spark spa",0,1,0.00,5.0
"sparkle nails waco",0,7,0.00,5.0
"sparkles nail lounge",0,1,0.00,5.0
"sparkles nail lounge & head spa",0,8,0.00,6.1
"sparkles nail lounge and head spa waco",0,4,0.00,6.0
"sparkles nails",0,2,0.00,5.5
"sparkles nails lounge",0,1,0.00,5.0
"sparkles nails waco",0,7,0.00,5.3
"sparkles waco",0,2,0.00,5.5
"sparkling city barber",0,12,0.00,11.0
"sparkling city barber club",0,7,0.00,17.3
"spc cosmetology",0,19,0.00,7.2
"speakeasy barbershop oxnard",0,4,0.00,12.8
"speakeasy barbershop stockton",0,4,0.00,10.0
"special effects store near me",0,2,0.00,57.0
"spectra salon suites",0,1,0.00,64.0
"spin parlour",0,2,0.00,58.5
"spirts clips",0,1,0.00,10.0
"splurge salon",0,1,0.00,28.0
"spoiled beauties",0,1,0.00,18.0
"spoiled beauty",0,2,0.00,15.0
"spoiled beauty salon",0,2,0.00,13.5
"spoiled hair lounge",0,22,0.00,8.8
"spoiled hair salon",0,7,0.00,10.3
"spoiled hair studio",0,1,0.00,23.0
"spoiled hairdressers",0,1,0.00,13.0
"spoiled opulence",0,1,0.00,1.0
"spoiled rotten beauty bar",0,1,0.00,6.0
"spoiled rotten salon",0,4,0.00,12.0
"spoke & weal reviews",0,3,0.00,11.0
"sport clips",0,47,0.00,8.2
"sport clips amarillo",0,17,0.00,11.2
"sport clips amarillo texas",0,2,0.00,13.0
"sport clips beaumont",0,3,0.00,12.7
"sport clips college station",0,2,0.00,15.5
"sport clips conroe",0,4,0.00,12.0
"sport clips conroe tx",0,17,0.00,11.6
"sport clips haircuts of sherman",0,1,0.00,18.0
"sport clips haircuts of sherman reviews",0,24,0.00,4.2
"sport clips mckinney",0,4,0.00,13.8
"sport clips pasadena",0,1,0.00,10.0
"sport clips pasadena tx",0,4,0.00,11.5
"sport clips sherman",0,28,0.00,9.2
"sport clips sherman tx",0,6,0.00,11.8
"sport clips stylists",0,1,0.00,12.0
"sport clups",0,1,0.00,8.0
"sport cuts",0,1,0.00,9.0
"sporta clips",0,1,0.00,9.0
"sportclips",0,6,0.00,9.2
"sportclips amarillo",0,1,0.00,12.0
"sportclops",0,1,0.00,9.0
"sportclups",0,1,0.00,8.0
"sports clip",0,1,0.00,8.0
"sports clips",0,208,0.00,8.6
"sports clips amarillo",0,28,0.00,11.1
"sports clips amarillo texas",0,2,0.00,14.0
"sports clips amarillo tx",0,7,0.00,15.7
"sports clips beaumont",0,19,0.00,10.9
"sports clips beaumont texas",0,1,0.00,13.0
"sports clips beaumont tx",0,3,0.00,15.0
"sports clips clear lake",0,10,0.00,9.7
"sports clips conroe",0,10,0.00,10.5
"sports clips conroe tx",0,10,0.00,11.2
"sports clips galleria",0,1,0.00,9.0
"sports clips jones crossing",0,2,0.00,9.5
"sports clips mckinney",0,3,0.00,10.0
"sports clips mckinney tx",0,2,0.00,11.0
"sports clips near me",0,1,0.00,9.0
"sports clips pasadena",0,1,0.00,13.0
"sports clips pasadena tx",0,27,0.00,11.3
"sports clips prices",0,1,0.00,6.0
"sports clips rayzor ranch",0,1,0.00,29.0
"sports clips sherman",0,9,0.00,10.0
"sports clips sherman tx",0,13,0.00,11.1
"sports clips soncy",0,1,0.00,12.0
"sports cut",0,3,0.00,5.7
"sports cuts",0,1,0.00,11.0
"sportsclios",0,1,0.00,8.0
"sportsclip",0,2,0.00,11.0
"sportsclips",0,11,0.00,9.8
"spot academy",0,1,0.00,10.0
"spring barber shop",0,1,0.00,1.0
"spring barber shop spring tx",0,7,0.00,7.6
"spring barbershop",0,10,0.00,12.5
"spring barbershop (the original since 1968)",0,6,0.00,7.3
"spring valley barber",0,50,0.00,11.1
"spring valley barber shop",0,9,0.00,11.1
"spring valley barbershop",0,14,0.00,11.2
"spring valley barbershop 2",0,1,0.00,12.0
"spring+barber",0,1,0.00,1.0
"sprout salon",0,2,0.00,8.5
"sprouts salon",0,1,0.00,10.0
"sq beauty",0,7,0.00,6.1
"sq beauty supply",0,8,0.00,7.6
"sq store",0,1,0.00,1.0
"ssg hours",0,1,0.00,27.0
"st rose hair salon",0,7,0.00,6.4
"st rose salon",0,3,0.00,10.0
"stache lounge",0,1,0.00,13.0
"stack barbershop",0,15,0.00,10.3
"stadler's barber shop",0,1,0.00,53.0
"stafford beauty supply",0,1,0.00,1.0
"stakeks",0,2,0.00,5.0
"staleka",0,1,0.00,4.0
"stalekes",0,1,0.00,4.0
"staleks",0,96,0.00,5.1
"staleks california",0,2,0.00,2.0
"staleks cuticle scissors",0,1,0.00,6.0
"staleks nail tools",0,1,0.00,10.0
"staleks pro",0,9,0.00,7.9
"staleks usa",0,9,0.00,3.4
"stalems",0,1,0.00,5.0
"stalrks",0,1,0.00,5.0
"stan's barber shop",0,2,0.00,4.5
"standard hair",0,1,0.00,10.0
"standard hair company",0,2,0.00,9.5
"stans barber",0,1,0.00,6.0
"stans barber shop",0,6,0.00,6.5
"stanton hair salon",0,1,0.00,6.0
"star barber shop",0,1,0.00,8.0
"star beaty",0,1,0.00,9.0
"star beauty",0,20,0.00,12.6
"star beauty collection",0,1,0.00,3.0
"star beauty hours",0,1,0.00,19.0
"star beauty locations",0,1,0.00,5.0
"star beauty mart",0,6,0.00,14.7
"star beauty near me",0,1,0.00,21.0
"star beauty pflugerville",0,1,0.00,9.0
"star beauty salon",0,3,0.00,7.7
"star beauty shop",0,1,0.00,11.0
"star beauty supplies",0,1,0.00,11.0
"star beauty supply near me",0,7,0.00,17.3
"star beauty supply pflugerville",0,2,0.00,8.5
"star beauty supply pflugerville reviews",0,1,0.00,5.0
"star beauty supply photos",0,4,0.00,8.0
"star beauty supply sacramento",0,21,0.00,4.4
"star beauty supply store",0,1,0.00,1.0
"star east hair salon",0,5,0.00,9.6
"star gazer salon",0,1,0.00,9.0
"star hair & beauty supply",0,1,0.00,20.0
"star hair and beauty supply",0,1,0.00,27.0
"star hair salon",0,16,0.00,4.9
"star hair salon sf",0,10,0.00,5.2
"star hair store",0,5,0.00,24.2
"star hair studio",0,1,0.00,6.0
"star lash & brow pearland",0,5,0.00,10.0
"star lash and brow pearland",0,8,0.00,9.1
"star lash and brow pearland reviews",0,2,0.00,10.0
"star nails corpus christi",0,1,0.00,38.0
"star professional",0,1,0.00,54.0
"star salon",0,9,0.00,5.2
"star salon hours",0,1,0.00,1.0
"star wars suavecito",0,3,0.00,2.0
"star wig and beauty supply",0,1,0.00,28.0
"star wigs and beauty supply",0,3,0.00,12.0
"starbarber",0,1,0.00,11.0
"starbeauty",0,2,0.00,15.0
"stargazer salon",0,41,0.00,10.8
"stargazer salon fort worth",0,2,0.00,9.0
"starlight beauty supply",0,1,0.00,32.0
"starline barber",0,1,0.00,39.0
"starline nail supply",0,4,0.00,7.8
"starline nails supply",0,3,0.00,8.3
"stars beauty salon",0,1,0.00,6.0
"stars beauty supply",0,2,0.00,3.5
"stars hair",0,1,0.00,5.0
"stars hair salon photos",0,4,0.00,5.5
"stars hair salon reviews",0,18,0.00,3.2
"stars hair salon san francisco",0,9,0.00,6.7
"stars hair salon sf",0,27,0.00,6.5
"stars salon",0,13,0.00,5.4
"start beauty supply",0,1,0.00,30.0
"starter locs",0,6,0.00,5.0
"starter locs near me",0,8,0.00,4.0
"starting 5 barber",0,5,0.00,12.2
"starting 5 barber shop",0,4,0.00,10.0
"starting 5 barbershop",0,1,0.00,9.0
"starting five barbershop",0,3,0.00,9.3
"starting lineup barbershop",0,4,0.00,10.5
"starz beauty salon",0,2,0.00,10.0
"state barber & cosmetology school",0,3,0.00,10.0
"state barber & cosmetology school irving",0,6,0.00,8.8
"state barber and cosmetology school",0,10,0.00,10.8
"state board of cosmetology texas",0,1,0.00,66.0
"station barber shop",0,1,0.00,6.0
"station one barbershop",0,1,0.00,12.0
"stay fresh barber academy",0,58,0.00,7.9
"stay gold barber fontana",0,1,0.00,11.0
"stay gold barber shop",0,3,0.00,10.0
"stay gold barber shop fontana ca",0,2,0.00,16.0
"stay gold fontana",0,2,0.00,10.5
"steel & lacquer",0,1,0.00,13.0
"steel & strand",0,7,0.00,8.0
"steel + lacquer",0,5,0.00,7.0
"steel and lacquer",0,7,0.00,13.0
"steel and lacquer sf",0,1,0.00,7.0
"steel and strand",0,10,0.00,9.2
"steel lacquer",0,16,0.00,8.4
"steel magnolias hair salon",0,1,0.00,7.0
"steele shears",0,1,0.00,11.0
"steeples barbershop",0,1,0.00,10.0
"steeples classic barbershop",0,4,0.00,10.3
"stella hair studio",0,1,0.00,5.0
"stellas hair salon",0,2,0.00,3.0
"steve barber shop",0,1,0.00,5.0
"steve barbershop",0,2,0.00,9.5
"steve's barber shop",0,7,0.00,8.7
"steve's barber shop hours",0,1,0.00,12.0
"steve's barbershop",0,1,0.00,11.0
"sticky tabs for nails",0,1,0.00,12.0
"stila cosmetics near me",0,1,0.00,42.0
"stilo barber",0,2,0.00,6.0
"stilo barber lounge",0,15,0.00,4.7
"stilo barber lounge riverside",0,8,0.00,5.6
"stilo barber lounge riverside reviews",0,12,0.00,5.4
"stilo barber shop",0,33,0.00,8.7
"stilo barbershop",0,12,0.00,8.2
"stilos salon",0,1,0.00,11.0
"stitch braid finger tool near me",0,1,0.00,1.0
"stmpd barber shop",0,17,0.00,7.2
"stmpd barber studio",0,12,0.00,7.1
"stock up show supply",0,1,0.00,5.0
"stockton barber supply",0,1,0.00,10.0
"stockton nail supply",0,3,0.00,11.3
"stoic barber shop",0,2,0.00,10.0
"stoic barbershop",0,5,0.00,10.8
"stoic barbershop reviews",0,20,0.00,7.2
"stone creek barber",0,2,0.00,12.5
"stone creek salon",0,3,0.00,7.3
"stone creek salon and suites",0,15,0.00,6.4
"stone water salon",0,1,0.00,9.0
"stonecreek barber",0,4,0.00,10.0
"stonecreek barber reviews",0,1,0.00,12.0
"stonecreek barber shop",0,4,0.00,12.5
"stonecreek plaza barber shop",0,3,0.00,9.7
"stonewater salon",0,6,0.00,7.3
"stonewater salon mckinney",0,31,0.00,6.5
"stores near me",0,2,0.00,11.0
"str8 faded barber shop",0,1,0.00,9.0
"str8 fades",0,3,0.00,6.3
"str8 up kuts fort worth",0,1,0.00,13.0
"strada day spa",0,1,0.00,14.0
"strada salon",0,6,0.00,11.0
"strada salon & day spa",0,7,0.00,8.9
"strada salon and day spa",0,1,0.00,13.0
"straight razor shave midtown",0,7,0.00,18.1
"straight razor store near me",0,1,0.00,80.0
"strand institute",0,1,0.00,7.0
"strand salon",0,1,0.00,1.0
"stranda",0,1,0.00,4.0
"strands hair salon",0,5,0.00,1.0
"strands salon",0,2,0.00,1.0
"strands salon sugar land",0,1,0.00,1.0
"strands today",0,4,0.00,7.0
"street cut",0,1,0.00,6.0
"street set university",0,8,0.00,6.5
"strictly beauty",0,1,0.00,2.0
"strictly braids",0,10,0.00,10.0
"strictly braids san jose",0,1,0.00,10.0
"strictly hair",0,1,0.00,16.0
"strokes barbershop",0,2,0.00,8.0
"strong fades",0,8,0.00,10.5
"strong fades barber shop",0,7,0.00,10.7
"strong fades reviews",0,10,0.00,8.1
"student hours tdlr",0,1,0.00,24.0
"student success rate cosmetology",0,1,0.00,36.0
"studio 10",0,7,0.00,35.4
"studio 10 hair",0,1,0.00,17.0
"studio 10 hair design",0,6,0.00,5.2
"studio 10 hair salon",0,4,0.00,7.8
"studio 10 hairdressers",0,1,0.00,20.0
"studio 10 pinnacle",0,2,0.00,76.0
"studio 10 salon",0,2,0.00,17.5
"studio 102",0,1,0.00,3.0
"studio 11 hair salon",0,1,0.00,5.0
"studio 1211 barbershop",0,2,0.00,52.0
"studio 15",0,1,0.00,10.0
"studio 15 beauty salon",0,1,0.00,13.0
"studio 180",0,1,0.00,2.0
"studio 2000",0,7,0.00,10.4
"studio 2000 hair salon",0,1,0.00,26.0
"studio 2000 salon",0,1,0.00,20.0
"studio 2000 salon & day spa",0,1,0.00,36.0
"studio 2000 salon and spa",0,1,0.00,37.0
"studio 2002",0,1,0.00,45.0
"studio 21",0,4,0.00,8.0
"studio 3 hair salon houston",0,3,0.00,20.7
"studio 3 houston tx",0,5,0.00,18.0
"studio 3 the salon",0,3,0.00,11.0
"studio 310 hair salon",0,2,0.00,12.0
"studio 4",0,1,0.00,6.0
"studio 4 brownsville",0,1,0.00,4.0
"studio 423",0,2,0.00,42.0
"studio 5 suites",0,1,0.00,44.0
"studio 501 salon",0,1,0.00,9.0
"studio 505 barbershop",0,1,0.00,13.0
"studio 51 hair salon",0,3,0.00,9.3
"studio 555 hair salon",0,1,0.00,7.0
"studio 6 barber shop",0,1,0.00,11.0
"studio 9",0,7,0.00,6.0
"studio 9 hair",0,1,0.00,6.0
"studio 9 hair salon",0,4,0.00,29.3
"studio 9 near me",0,1,0.00,29.0
"studio 90",0,1,0.00,30.0
"studio 91 natural hair salon",0,1,0.00,21.0
"studio 91 salon",0,1,0.00,11.0
"studio 913",0,1,0.00,50.0
"studio 92 hair salon",0,1,0.00,25.0
"studio 92 salon",0,1,0.00,29.0
"studio 93",0,1,0.00,3.0
"studio 970",0,2,0.00,58.0
"studio 999",0,1,0.00,28.0
"studio a",0,11,0.00,9.6
"studio a hair",0,1,0.00,11.0
"studio a hair salon",0,1,0.00,9.0
"studio a houston",0,1,0.00,15.0
"studio a salon",0,176,0.00,6.6
"studio a salon houston",0,12,0.00,11.1
"studio a salon photos",0,1,0.00,10.0
"studio a salon reviews",0,17,0.00,9.5
"studio beaut",0,2,0.00,7.5
"studio beaut beauty lash studio",0,5,0.00,7.6
"studio cutz",0,2,0.00,10.5
"studio di rosci",0,1,0.00,48.0
"studio ebony",0,1,0.00,2.0
"studio eleven",0,1,0.00,4.0
"studio em",0,1,0.00,7.0
"studio essence barbers",0,3,0.00,10.0
"studio estrada",0,2,0.00,8.0
"studio g",0,8,0.00,31.5
"studio g hair salon",0,1,0.00,43.0
"studio g salon",0,1,0.00,43.0
"studio groove salon",0,2,0.00,29.0
"studio hair extensions",0,8,0.00,8.9
"studio km",0,1,0.00,24.0
"studio lux hair and scalp treatment salon",0,9,0.00,8.1
"studio lux salon",0,9,0.00,6.4
"studio lux salon suites reviews",0,15,0.00,5.9
"studio muse",0,2,0.00,27.0
"studio muse hair salon",0,2,0.00,43.5
"studio n salon",0,1,0.00,47.0
"studio ndb",0,1,0.00,29.0
"studio prive",0,15,0.00,6.6
"studio s hair salon",0,1,0.00,8.0
"studio salon",0,4,0.00,10.0
"studio ten",0,1,0.00,3.0
"studio trends",0,10,0.00,9.7
"studio trends salon",0,22,0.00,12.3
"studio trends salon reviews",0,10,0.00,11.0
"studio trendz",0,1,0.00,10.0
"studio victoria",0,1,0.00,62.0
"studio x barbershop",0,2,0.00,42.5
"studio09",0,4,0.00,8.5
"studio09 barbershop",0,23,0.00,9.0
"studio111",0,4,0.00,5.8
"studioasalon",0,7,0.00,12.6
"studiolux salon",0,1,0.00,8.0
"studionine",0,1,0.00,3.0
"style & image",0,1,0.00,9.0
"style and studio",0,1,0.00,45.0
"style beauty bar",0,4,0.00,6.5
"style city",0,16,0.00,11.1
"style city bar",0,2,0.00,9.0
"style city beauty bar",0,132,0.00,5.3
"style city beauty bar houston",0,19,0.00,2.2
"style city beauty bar locations",0,9,0.00,9.6
"style city beauty bar photos",0,1,0.00,22.0
"style city beauty bar reviews",0,54,0.00,8.0
"style city beauty bar richmond tx",0,1,0.00,13.0
"style city houston",0,20,0.00,6.5
"style craft instincts clipper",0,1,0.00,8.0
"style cutz",0,11,0.00,7.6
"style legend",0,2,0.00,26.0
"style legends",0,1,0.00,30.0
"style lounge salon",0,1,0.00,9.0
"style n image",0,2,0.00,5.0
"style n shave",0,5,0.00,10.2
"style salon",0,20,0.00,6.5
"style salon photos",0,5,0.00,7.0
"style salon tyler",0,27,0.00,7.4
"style salon tyler tx",0,29,0.00,7.5
"style studio",0,4,0.00,32.0
"style studio in nectar",0,1,0.00,55.0
"style studios",0,1,0.00,3.0
"stylebar hair salon",0,1,0.00,51.0
"stylecity",0,10,0.00,7.6
"stylecity beauty bar",0,7,0.00,16.4
"stylecity houston",0,4,0.00,10.3
"stylecutz",0,1,0.00,25.0
"styled by kelly hair salon",0,1,0.00,7.0
"styles 4 u salon",0,1,0.00,1.0
"styles barber lounge reviews",0,5,0.00,9.4
"styles by ericka",0,1,0.00,15.0
"styles by jc",0,1,0.00,8.0
"styles by jc salon",0,1,0.00,11.0
"styles by kim",0,2,0.00,11.5
"styles by soraya",0,10,0.00,8.4
"styles by torres",0,33,0.00,6.3
"styles upon styles upon styles is what i have",0,1,0.00,65.0
"styleseat sew in",0,1,0.00,5.0
"stylin hair salon",0,1,0.00,3.0
"stylin studio",0,1,0.00,41.0
"stylin studios",0,1,0.00,28.0
"styling bar",0,2,0.00,28.0
"styling bar houston",0,3,0.00,23.0
"styling stations",0,1,0.00,12.0
"styling studio",0,1,0.00,54.0
"stylingbar",0,12,0.00,8.1
"stylo beauty salon",0,1,0.00,9.0
"stylo hair salon",0,1,0.00,20.0
"stylo salon de belleza",0,1,0.00,8.0
"stylos beauty salon",0,2,0.00,14.5
"stylos hair",0,1,0.00,8.0
"stylos hair salon",0,6,0.00,9.0
"stylus and co",0,2,0.00,6.5
"stylus beauty salon",0,2,0.00,26.0
"su's beauty and barber",0,1,0.00,9.0
"su's beauty and barber photos",0,2,0.00,10.0
"su's beauty and barber reviews",0,4,0.00,6.0
"suavacito",0,5,0.00,3.0
"suavcito",0,2,0.00,2.0
"suave elite",0,1,0.00,9.0
"suave elite barbershop",0,16,0.00,14.9
"suave elite barbershop reviews",0,8,0.00,13.5
"suavecita pomade",0,8,0.00,7.1
"suaveciti",0,3,0.00,3.0
"suavecito",0,362,0.00,2.5
"suavecito barbershop",0,1,0.00,1.0
"suavecito beard oil",0,1,0.00,9.0
"suavecito company",0,1,0.00,1.0
"suavecito firm",0,1,0.00,3.0
"suavecito haircut",0,1,0.00,1.0
"suavecito headquarters",0,4,0.00,1.0
"suavecito hq",0,4,0.00,1.0
"suavecito inc",0,1,0.00,2.0
"suavecito pomade",0,70,0.00,2.1
"suavecito pomade for women",0,2,0.00,7.0
"suavecito pomade near me",0,1,0.00,4.0
"suavecito pomade santa ana",0,15,0.00,4.1
"suavecito restaurant",0,1,0.00,1.0
"suavecito santa ana",0,36,0.00,9.1
"suavecito stickers",0,1,0.00,8.0
"suavecito store",0,88,0.00,5.4
"suavecito store santa ana",0,6,0.00,7.3
"suavecito warehouse",0,1,0.00,1.0
"suavecito whiskey bar",0,1,0.00,3.0
"suavectio",0,1,0.00,3.0
"suavesito",0,5,0.00,2.0
"suavicito",0,1,0.00,2.0
"sublime amarillo",0,3,0.00,9.0
"sublime collective",0,6,0.00,5.8
"sublime collective amarillo",0,2,0.00,9.5
"sublime collective reviews",0,8,0.00,7.3
"sublime hair salon amarillo",0,4,0.00,8.3
"success barber college",0,17,0.00,9.6
"suede razor",0,1,0.00,13.0
"sues hair salon",0,2,0.00,6.0
"suevecito",0,1,0.00,2.0
"sugar bar amarillo",0,1,0.00,10.0
"sugar hairdressing",0,2,0.00,39.0
"sugar land beauty school",0,21,0.00,12.0
"sugar land beauty schools",0,14,0.00,11.6
"sugar land cosmetology school",0,27,0.00,16.9
"sugar land cosmetology schools",0,19,0.00,16.3
"sugar land hair bar",0,3,0.00,10.3
"sugar land hair salon",0,1,0.00,1.0
"sugar land hair school",0,15,0.00,7.9
"sugar land texas cosmetology schools",0,23,0.00,12.5
"sugaring bar",0,2,0.00,9.5
"sugaring boutique",0,1,0.00,8.0
"sugaring nyc sugar land",0,5,0.00,11.4
"sugaring nyc sugar land reviews",0,9,0.00,5.2
"sugarland hair bar",0,1,0.00,11.0
"suite 09",0,1,0.00,49.0
"suite life salon",0,1,0.00,26.0
"suite life salon suites",0,15,0.00,11.2
"suites for rent",0,1,0.00,2.0
"suites for rent houston",0,2,0.00,38.5
"suites inwood",0,13,0.00,16.6
"suk's beauty",0,3,0.00,7.7
"sukis",0,1,0.00,1.0
"summit barber",0,4,0.00,9.8
"summit barber club",0,12,0.00,14.5
"summit barber shop",0,1,0.00,10.0
"summit salon",0,1,0.00,11.0
"summit salon tyler tx",0,1,0.00,9.0
"sunday skool fades",0,13,0.00,10.5
"sunnies beauty supply",0,5,0.00,4.2
"sunny beauty salon",0,5,0.00,7.6
"sunny beauty supply",0,4,0.00,4.3
"sunny beauty supply near me",0,1,0.00,7.0
"sunny day salon",0,1,0.00,4.0
"sunny hair store",0,3,0.00,11.7
"sunny salon",0,79,0.00,4.0
"sunny salon & spa",0,1,0.00,34.0
"sunny salon baytown",0,64,0.00,4.2
"sunny the barber",0,1,0.00,6.0
"sunny's beauty supply",0,1,0.00,7.0
"sunny's hair salon",0,3,0.00,5.0
"sunny's salon",0,1,0.00,20.0
"sunnys barber",0,1,0.00,5.0
"sunnys beauty supply",0,3,0.00,5.3
"sunnys beauty supply store",0,1,0.00,18.0
"sunnys hair salon",0,1,0.00,5.0
"sunnys hair store",0,2,0.00,13.0
"sunnys salon",0,2,0.00,5.0
"sunshine",0,1,0.00,1.0
"super beauty",0,2,0.00,4.0
"super beauty fort worth",0,5,0.00,2.0
"super beauty salon",0,1,0.00,6.0
"super beauty supply",0,16,0.00,6.6
"super beauty supply fort worth",0,9,0.00,4.8
"super best beauty supply",0,1,0.00,34.0
"super c",0,3,0.00,7.3
"super c salon",0,14,0.00,13.1
"super cut hours",0,1,0.00,12.0
"super cuts",0,14,0.00,8.8
"super cuts hours",0,3,0.00,12.0
"super cuts houston",0,2,0.00,12.5
"super exclusive barber shop",0,2,0.00,21.0
"super exclusive barber shop 2",0,3,0.00,7.7
"super hairpieces",0,1,0.00,2.0
"super style beauty salon",0,1,0.00,3.0
"super style salon",0,1,0.00,2.0
"super styles hair salon",0,2,0.00,6.0
"supercenter cosmoprof",0,1,0.00,5.0
"supercut hours",0,1,0.00,9.0
"supercut locations",0,1,0.00,9.0
"supercut nepali",0,1,0.00,10.0
"supercuta",0,1,0.00,9.0
"supercuts",0,34,0.00,8.6
"supercuts 43rd",0,5,0.00,6.0
"supercuts addison",0,3,0.00,25.0
"supercuts bagby",0,34,0.00,8.8
"supercuts bagby houston",0,9,0.00,8.6
"supercuts beaumont",0,1,0.00,38.0
"supercuts bissonnet",0,52,0.00,7.1
"supercuts book",0,1,0.00,40.0
"supercuts braeswood",0,19,0.00,8.8
"supercuts business hours",0,1,0.00,9.0
"supercuts closing time",0,2,0.00,27.0
"supercuts color",0,1,0.00,32.0
"supercuts colour",0,1,0.00,21.0
"supercuts cypress",0,2,0.00,21.5
"supercuts cypress tx",0,2,0.00,19.0
"supercuts cypresswood",0,4,0.00,23.0
"supercuts derby",0,1,0.00,31.0
"supercuts downtown houston",0,4,0.00,13.0
"supercuts el camino",0,36,0.00,6.5
"supercuts el camino real",0,7,0.00,7.6
"supercuts el dorado",0,55,0.00,9.7
"supercuts eldorado",0,3,0.00,8.7
"supercuts far west",0,4,0.00,21.5
"supercuts far west boulevard",0,1,0.00,18.0
"supercuts gulfgate",0,21,0.00,9.0
"supercuts hair salon",0,1,0.00,7.0
"supercuts hours",0,22,0.00,15.2
"supercuts hours on sunday",0,2,0.00,15.0
"supercuts hours sunday",0,2,0.00,5.5
"supercuts houston",0,1,0.00,13.0
"supercuts houston levee",0,1,0.00,20.0
"supercuts houston photos",0,1,0.00,8.0
"supercuts houston reviews",0,11,0.00,4.7
"supercuts houston texas",0,5,0.00,18.8
"supercuts houston tx",0,1,0.00,15.0
"supercuts humble",0,1,0.00,19.0
"supercuts humble texas",0,2,0.00,19.5
"supercuts in humble",0,1,0.00,18.0
"supercuts in san bernardino",0,1,0.00,9.0
"supercuts kirby houston",0,1,0.00,13.0
"supercuts louetta",0,68,0.00,9.1
"supercuts main street",0,2,0.00,9.0
"supercuts mason rd",0,1,0.00,22.0
"supercuts meyerland",0,1,0.00,9.0
"supercuts midtown",0,3,0.00,10.3
"supercuts midtown houston",0,13,0.00,15.3
"supercuts mission tx",0,2,0.00,18.0
"supercuts montgomery",0,1,0.00,24.0
"supercuts northwoods",0,1,0.00,16.0
"supercuts on bissonnet",0,87,0.00,6.7
"supercuts on kirby",0,1,0.00,20.0
"supercuts on shepherd",0,5,0.00,10.6
"supercuts on washington",0,7,0.00,10.1
"supercuts open",0,1,0.00,25.0
"supercuts open on sunday",0,5,0.00,16.8
"supercuts operating hours",0,1,0.00,19.0
"supercuts pearland",0,2,0.00,27.5
"supercuts pearland parkway",0,1,0.00,30.0
"supercuts ruben torres",0,1,0.00,13.0
"supercuts san bernardino",0,32,0.00,9.8
"supercuts services",0,1,0.00,28.0
"supercuts shepherd",0,12,0.00,9.4
"supercuts spring branch",0,1,0.00,28.0
"supercuts store hours",0,2,0.00,10.5
"supercuts summerwood",0,3,0.00,9.0
"supercuts sunday hours",0,1,0.00,32.0
"supercuts timings",0,1,0.00,19.0
"supercuts utc",0,3,0.00,14.0
"supercuts vintage",0,1,0.00,14.0
"supercuts vintage park",0,3,0.00,10.3
"supercuts ward",0,3,0.00,9.7
"supercuts washington",0,18,0.00,9.7
"supercuts washington ave",0,30,0.00,10.1
"supercuts washington square",0,1,0.00,23.0
"supercuts weslayan",0,18,0.00,9.9
"supercuts westheimer",0,2,0.00,21.0
"supercuts westheimer and chimney rock",0,2,0.00,8.0
"supercuts working hours",0,1,0.00,19.0
"supercuts.",0,1,0.00,1.0
"superior barber shop",0,1,0.00,8.0
"superior barber studio",0,1,0.00,10.0
"superior beauty supply",0,4,0.00,7.3
"superior blendz barbershop",0,6,0.00,10.8
"superior cuts",0,2,0.00,10.0
"superior cuts barbershop",0,3,0.00,11.0
"superior cuts brandywine",0,4,0.00,11.5
"superior cuts palomar",0,11,0.00,6.5
"superstar beauty supply",0,1,0.00,25.0
"superstar haircut",0,1,0.00,44.0
"supplies",0,1,0.00,1.0
"supplies nails near me",0,1,0.00,1.0
"supply nail near me",0,2,0.00,1.0
"supply nails",0,5,0.00,3.0
"supply nails cerca de mi",0,1,0.00,9.0
"supply nails cerca de mi ubicación",0,1,0.00,1.0
"supply near me",0,2,0.00,3.5
"supply razor near me",0,10,0.00,22.3
"supreme barbering",0,8,0.00,9.4
"supreme barbershop",0,3,0.00,8.7
"supreme baseline",0,1,0.00,21.0
"supreme beaty",0,3,0.00,7.7
"supreme beauty",0,183,0.00,8.2
"supreme beauty and hair",0,2,0.00,13.0
"supreme beauty arlington",0,9,0.00,8.9
"supreme beauty arlington tx",0,9,0.00,12.8
"supreme beauty dallas",0,9,0.00,9.0
"supreme beauty dfw",0,3,0.00,12.0
"supreme beauty hours",0,2,0.00,6.5
"supreme beauty mesquite",0,10,0.00,8.2
"supreme beauty near me",0,3,0.00,14.0
"supreme beauty pearland",0,13,0.00,10.7
"supreme beauty pearland tx",0,4,0.00,22.0
"supreme beauty salon",0,2,0.00,22.0
"supreme beauty store",0,6,0.00,10.3
"supreme beauty supply arlington",0,89,0.00,9.5
"supreme beauty supply arlington tx",0,18,0.00,9.7
"supreme beauty supply beaumont",0,1,0.00,22.0
"supreme beauty supply dallas",0,77,0.00,7.8
"supreme beauty supply hours",0,3,0.00,8.7
"supreme beauty supply houston",0,16,0.00,7.8
"supreme beauty supply houston tx",0,18,0.00,7.7
"supreme beauty supply lockwood",0,3,0.00,2.3
"supreme beauty supply mccart",0,1,0.00,14.0
"supreme beauty supply meadowbrook",0,1,0.00,20.0
"supreme beauty supply mesquite",0,1,0.00,8.0
"supreme beauty supply mesquite tx",0,8,0.00,9.1
"supreme beauty supply near me",0,30,0.00,9.9
"supreme beauty supply on wheatland",0,13,0.00,4.9
"supreme beauty supply pearland",0,14,0.00,10.2
"supreme beauty supply store",0,8,0.00,13.3
"supreme beauty supply wheatland",0,17,0.00,6.6
"supreme beuty",0,1,0.00,8.0
"supreme cuts",0,62,0.00,7.6
"supreme cuts barber",0,1,0.00,9.0
"supreme cuts barber shop",0,1,0.00,11.0
"supreme cuts barbershop",0,15,0.00,9.3
"supreme cutz",0,12,0.00,6.8
"supreme cutz barbershop",0,8,0.00,7.1
"supreme fades",0,21,0.00,11.7
"supreme fades barbershop",0,9,0.00,11.0
"supreme hair",0,14,0.00,11.5
"supreme hair & beauty",0,7,0.00,11.6
"supreme hair and beauty",0,272,0.00,8.7
"supreme hair and beauty arlington",0,48,0.00,9.6
"supreme hair and beauty arlington arlington",0,3,0.00,9.3
"supreme hair and beauty arlington photos",0,29,0.00,8.5
"supreme hair and beauty arlington reviews",0,8,0.00,4.3
"supreme hair and beauty arlington tx",0,58,0.00,9.5
"supreme hair and beauty baseline",0,1,0.00,12.0
"supreme hair and beauty dallas",0,289,0.00,8.9
"supreme hair and beauty dallas reviews",0,15,0.00,5.7
"supreme hair and beauty locations",0,2,0.00,8.5
"supreme hair and beauty mesquite",0,31,0.00,9.7
"supreme hair and beauty mesquite mesquite",0,1,0.00,12.0
"supreme hair and beauty mesquite photos",0,2,0.00,7.0
"supreme hair and beauty mesquite reviews",0,5,0.00,7.0
"supreme hair and beauty mesquite tx",0,9,0.00,9.6
"supreme hair and beauty near me",0,9,0.00,12.8
"supreme hair and beauty supply",0,7,0.00,13.9
"supreme hair and beauty wheatland",0,17,0.00,4.9
"supreme hair store",0,59,0.00,11.3
"supreme hair store near me",0,6,0.00,12.5
"supreme hair supply",0,2,0.00,9.0
"supreme houston",0,1,0.00,22.0
"supreme kutz barber shop",0,1,0.00,10.0
"supreme shave & barber emporium",0,2,0.00,9.5
"supreme store houston",0,1,0.00,26.0
"supreme styles",0,1,0.00,7.0
"supremebeauty",0,2,0.00,8.5
"surew",0,1,0.00,2.0
"surpreme beauty",0,1,0.00,8.0
"surpreme hair store",0,1,0.00,14.0
"susan beauty salon",0,1,0.00,12.0
"susan hair",0,3,0.00,6.3
"susan hair salon",0,8,0.00,6.1
"susan hair styling",0,1,0.00,16.0
"susan salon",0,3,0.00,6.7
"susan salon and spa",0,3,0.00,16.3
"susan spa",0,1,0.00,6.0
"susan's beauty salon",0,2,0.00,12.0
"susan's salon",0,4,0.00,14.5
"susans beauty",0,1,0.00,11.0
"susans beauty salon",0,2,0.00,30.0
"susans hair salon",0,3,0.00,7.3
"sushi hair salon",0,1,0.00,10.0
"susi hair salon",0,1,0.00,4.0
"susie hair salon",0,3,0.00,8.3
"susie's beauty salon",0,2,0.00,5.0
"susie's hair design",0,1,0.00,13.0
"susie's hair salon",0,8,0.00,7.1
"sustainable beauty in atx with mirro mirror salon",0,1,0.00,23.0
"susvecito",0,4,0.00,2.5
"susy beauty salon",0,5,0.00,11.6
"susy salon",0,2,0.00,5.0
"susy's beauty salon",0,6,0.00,6.0
"susy's hair salon",0,7,0.00,6.6
"susys beauty salon",0,3,0.00,7.0
"susys salon",0,11,0.00,7.6
"suzan beauty salon",0,2,0.00,11.0
"suzan hair salon",0,1,0.00,7.0
"suzis salon",0,1,0.00,25.0
"suzy beauty salon",0,2,0.00,5.0
"suzy's hair salon",0,1,0.00,5.0
"sv beauty and spa",0,18,0.00,11.0
"sv beauty salon",0,1,0.00,8.0
"sv beauty salon suites",0,4,0.00,6.5
"sv salon",0,1,0.00,17.0
"svana beauty lounge",0,1,0.00,20.0
"svbeauty",0,2,0.00,10.0
"svega tkd",0,1,0.00,8.0
"svetlana clark hair design",0,1,0.00,67.0
"swavacito",0,1,0.00,3.0
"swavecito",0,1,0.00,2.0
"sweet & sassy pearland reviews",0,16,0.00,11.1
"sweet by rosi",0,1,0.00,11.0
"sweetie nail supply",0,17,0.00,2.4
"sweis beauty",0,1,0.00,8.0
"sweis beauty supply",0,5,0.00,6.8
"sweis inc",0,1,0.00,7.0
"sweiss",0,2,0.00,11.0
"sweiss beauty",0,2,0.00,9.0
"sweiss beauty supply",0,7,0.00,5.4
"sweiss san diego",0,6,0.00,8.2
"swim caps for braids",0,1,0.00,9.0
"swish salon",0,8,0.00,7.8
"swish salon reviews",0,8,0.00,9.1
"swiss beauty supply",0,2,0.00,5.5
"switch hair",0,1,0.00,26.0
"switch hair studio",0,2,0.00,18.0
"swl institute",0,9,0.00,5.1
"swoon austin",0,5,0.00,9.4
"swoon hair salon",0,1,0.00,8.0
"swoon salon",0,53,0.00,6.9
"swoon salon austin",0,9,0.00,6.3
"swoon salon reviews",0,2,0.00,8.0
"t & h hair salon",0,1,0.00,9.0
"t & n hair salon",0,1,0.00,32.0
"t & t beauty supply",0,1,0.00,23.0
"t and h salon",0,2,0.00,9.0
"t and k salon",0,1,0.00,55.0
"t beauty supply",0,1,0.00,25.0
"t g hair salon",0,1,0.00,48.0
"t garden",0,1,0.00,6.0
"t garden hair salon",0,4,0.00,11.0
"t kutz",0,1,0.00,8.0
"t kutz barbershop",0,2,0.00,7.0
"t&c salon",0,3,0.00,7.0
"t&h spring hair salon",0,1,0.00,8.0
"t&j hair designs",0,1,0.00,11.0
"t&t hair salon",0,1,0.00,11.0
"t&y salon",0,1,0.00,26.0
"t's kutz",0,8,0.00,8.9
"t-gardens",0,3,0.00,13.3
"t-gardens houston",0,2,0.00,6.5
"t-gardens texas houston hair salon",0,5,0.00,8.4
"tabasco barber shop",0,11,0.00,7.1
"taboo beauty lounge",0,10,0.00,7.1
"tailored",0,1,0.00,3.0
"tailored grooming",0,1,0.00,12.0
"take care barber",0,11,0.00,11.2
"take care barber shop",0,1,0.00,9.0
"take care barbershop",0,4,0.00,15.8
"take care barbershop sacramento",0,1,0.00,10.0
"talent barber shop",0,1,0.00,18.0
"tamera mowry hair products",0,1,0.00,10.0
"tamika daniels",0,1,0.00,5.0
"tammy hair salon",0,1,0.00,10.0
"tammy's hair salon",0,1,0.00,11.0
"tangerine",0,4,0.00,8.8
"tangerine hair studio",0,1,0.00,1.0
"tangerine hair studio san jose",0,2,0.00,1.0
"tangerine salon",0,6,0.00,8.8
"tangerine salon frisco",0,5,0.00,19.8
"tangerine salon frisco reviews",0,54,0.00,9.1
"tangerine salon frisco texas",0,2,0.00,20.5
"tangerine salon san jose",0,1,0.00,1.0
"tangled hair salon",0,3,0.00,9.3
"tangles hair",0,2,0.00,10.0
"tangles hair design",0,28,0.00,7.9
"tangles hair design reviews",0,4,0.00,6.5
"tangles hair salon",0,7,0.00,9.9
"tanning lotion outlet",0,1,0.00,3.0
"tape in hair extensions",0,1,0.00,2.0
"tara beauty salon",0,2,0.00,23.5
"tara beauty salon & spa",0,1,0.00,7.0
"tara salon",0,2,0.00,29.5
"tara salon and spa",0,2,0.00,21.0
"tara's beauty",0,2,0.00,28.0
"tara's salon",0,1,0.00,14.0
"taras hair salon",0,2,0.00,4.5
"tattoo laser removal school near me",0,2,0.00,11.0
"tattoos neat me",0,1,0.00,1.0
"tay hair stylist",0,1,0.00,9.0
"taylor made cutz",0,2,0.00,4.5
"taylor makeup",0,1,0.00,4.0
"taz barber",0,2,0.00,9.5
"taz cutz",0,13,0.00,5.5
"taz the barber",0,4,0.00,6.8
"tcb perm",0,1,0.00,4.0
"td hair salon",0,1,0.00,10.0
"tda barber supply",0,19,0.00,7.2
"tdi nail supply",0,2,0.00,2.0
"tdk barbershop",0,2,0.00,7.5
"tdk social barber",0,10,0.00,8.5
"tdk south",0,1,0.00,11.0
"tdlr barber license",0,1,0.00,29.0
"tdlr barber license renewal",0,2,0.00,52.0
"tdlr book",0,1,0.00,17.0
"tdlr business license",0,1,0.00,5.0
"tdlr continuing education cosmetology",0,8,0.00,47.6
"tdlr cosmetology",0,20,0.00,32.6
"tdlr cosmetology continuing education",0,2,0.00,51.0
"tdlr cosmetology license",0,25,0.00,33.0
"tdlr cosmetology license renewal",0,4,0.00,45.5
"tdlr cosmetology license renewal online",0,5,0.00,54.2
"tdlr cosmetology practical exam kit",0,1,0.00,19.0
"tdlr cosmetology renewal",0,2,0.00,57.0
"tdlr cosmetology test",0,1,0.00,21.0
"tdlr cosmetology written exam practice",0,1,0.00,15.0
"tdlr dbproduction2 cosmetology establishment csv",0,1,0.00,7.0
"tdlr establishment license",0,8,0.00,9.4
"tdlr exam results",0,6,0.00,24.2
"tdlr hours student",0,1,0.00,19.0
"tdlr laser hair removal license renewal",0,1,0.00,37.0
"tdlr license renew",0,2,0.00,59.0
"tdlr license renewal",0,16,0.00,42.0
"tdlr license renewal cosmetology",0,2,0.00,59.0
"tdlr license renewal online",0,4,0.00,51.8
"tdlr license renewal status",0,6,0.00,23.3
"tdlr manicurist license",0,4,0.00,34.3
"tdlr mini establishment license",0,3,0.00,15.7
"tdlr mini salon license",0,2,0.00,17.5
"tdlr nail license renewal",0,1,0.00,19.0
"tdlr nail salon requirements",0,34,0.00,24.6
"tdlr psi",0,1,0.00,38.0
"tdlr renewal",0,10,0.00,42.3
"tdlr requirements",0,2,0.00,9.5
"tdlr student hours",0,1,0.00,29.0
"tdlr student hours search",0,1,0.00,22.0
"tdlr test results",0,2,0.00,23.0
"tdlr texas cosmetology",0,4,0.00,21.0
"tdlr texas cosmetology license",0,2,0.00,24.5
"tdlr texas cosmetology license renewal",0,2,0.00,54.0
"tdlr texas license renewal",0,6,0.00,36.2
"tdlr written exam",0,2,0.00,17.5
"tdlr.texas.gov renewal",0,1,0.00,20.0
"teal organique hair",0,1,0.00,5.0
"team 7 barbershop",0,12,0.00,8.2
"team fairies hair studio",0,4,0.00,8.0
"team7 barbershop",0,30,0.00,9.0
"tease me hair",0,3,0.00,10.0
"tease me hair salon",0,22,0.00,10.1
"tease me hair salon pearland",0,1,0.00,9.0
"teased hair salon",0,1,0.00,9.0
"teazed hair salon",0,2,0.00,6.5
"technic hair",0,3,0.00,9.7
"technic hair salon",0,20,0.00,8.4
"technic league city",0,13,0.00,8.3
"technic league city reviews",0,7,0.00,4.0
"technic salon",0,70,0.00,7.3
"technic salon league city",0,16,0.00,7.6
"teds barber shop",0,13,0.00,10.2
"tees beauty bar",0,1,0.00,20.0
"tel's barber shop",0,1,0.00,39.0
"telegraph beauty supply",0,2,0.00,10.0
"tellers barber",0,1,0.00,8.0
"tellers barbershop",0,21,0.00,9.0
"tellers barbershop reviews",0,8,0.00,8.1
"temescal alley barber",0,3,0.00,15.3
"temescal alley barber shop reviews",0,2,0.00,10.0
"temescal alley barbershop",0,1,0.00,21.0
"temescal barber",0,1,0.00,23.0
"temescal barbershop",0,1,0.00,14.0
"tempation",0,1,0.00,2.0
"temple beauty college",0,2,0.00,10.0
"temple hair school",0,1,0.00,12.0
"ten in one barbershop",0,1,0.00,54.0
"teo nail",0,2,0.00,1.0
"teo nail supplies photos",0,7,0.00,1.0
"teo nails",0,4,0.00,1.0
"teo supply",0,19,0.00,3.3
"terrinika's beauty supply",0,2,0.00,10.5
"terrinika's beauty supply photos",0,1,0.00,7.0
"tesoro salon",0,22,0.00,10.3
"tesoro salon reviews",0,1,0.00,6.0
"texan barber",0,1,0.00,40.0
"texans barber shop",0,2,0.00,7.5
"texarkana cosmetology",0,1,0.00,11.0
"texarkana cosmetology academy",0,2,0.00,30.0
"texas aesthetician license",0,1,0.00,58.0
"texas aesthetics academy",0,2,0.00,8.5
"texas barber and beauty academy",0,1,0.00,100.0
"texas barber and cosmetology license",0,1,0.00,29.0
"texas barber college near me",0,1,0.00,1.0
"texas barber continuing education",0,2,0.00,39.5
"texas barber license",0,5,0.00,34.2
"texas barber license renewal",0,2,0.00,43.5
"texas barber license requirements",0,2,0.00,27.5
"texas barber lounge",0,8,0.00,16.9
"texas barber lounge reviews",0,9,0.00,8.3
"texas barber practical exam",0,2,0.00,7.5
"texas barber practical exam barber kit list",0,12,0.00,21.3
"texas barber practical exam kit",0,6,0.00,9.5
"texas barber service",0,165,0.00,10.5
"texas barber service austin",0,11,0.00,13.1
"texas barber service austin tx",0,3,0.00,25.3
"texas barber service reviews",0,14,0.00,5.7
"texas barber services",0,5,0.00,10.4
"texas barber university",0,8,0.00,9.1
"texas barber vs cosmetology rules",0,2,0.00,46.5
"texas barbering and cosmetology",0,1,0.00,8.0
"texas barbering and cosmetology license",0,1,0.00,28.0
"texas barbers",0,3,0.00,21.7
"texas beauty",0,6,0.00,8.3
"texas beauty college",0,7,0.00,1.0
"texas beauty school",0,2,0.00,1.0
"texas beauty supply",0,20,0.00,7.6
"texas bladez",0,46,0.00,7.5
"texas bladez barbershop",0,12,0.00,9.1
"texas board of barbering and cosmetology",0,1,0.00,7.0
"texas board of cosmetology",0,2,0.00,29.5
"texas college of cosmetology",0,10,0.00,9.7
"texas college of cosmetology abilene",0,1,0.00,9.0
"texas college of cosmetology abilene tx",0,1,0.00,10.0
"texas college of cosmetology reviews",0,15,0.00,10.8
"texas college of cosmetology san angelo",0,1,0.00,9.0
"texas continuing education cosmetology",0,4,0.00,60.0
"texas cosmetology board",0,1,0.00,33.0
"texas cosmetology ce",0,2,0.00,44.5
"texas cosmetology commission",0,6,0.00,41.7
"texas cosmetology continuing education",0,15,0.00,51.5
"texas cosmetology continuing education online",0,1,0.00,66.0
"texas cosmetology hours",0,12,0.00,40.3
"texas cosmetology licence renewal",0,4,0.00,49.0
"texas cosmetology license",0,34,0.00,34.3
"texas cosmetology license renewal",0,9,0.00,49.7
"texas cosmetology license renewal fee",0,10,0.00,35.3
"texas cosmetology license renewal online",0,12,0.00,46.8
"texas cosmetology license requirements",0,21,0.00,42.0
"texas cosmetology practical exam kit list",0,11,0.00,30.5
"texas cosmetology renewal",0,16,0.00,43.5
"texas cosmetology requirements",0,1,0.00,39.0
"texas cosmetology salon license",0,1,0.00,23.0
"texas cosmetology salon license renewal",0,6,0.00,34.7
"texas cosmetology san angelo",0,1,0.00,15.0
"texas cosmetology san angelo texas",0,1,0.00,15.0
"texas cosmetology school",0,1,0.00,50.0
"texas cosmo",0,1,0.00,40.0
"texas cutz",0,5,0.00,10.6
"texas department of licensing and regulation license renewal",0,1,0.00,24.0
"texas department of licensing cosmetology",0,1,0.00,68.0
"texas elite barber",0,1,0.00,7.0
"texas esthetician continuing education",0,10,0.00,66.1
"texas esthetician license",0,1,0.00,52.0
"texas esthetician license renewal",0,2,0.00,50.5
"texas esthetician license required hours 750",0,2,0.00,71.5
"texas esthetician license requirements",0,1,0.00,56.0
"texas esthetician practical exam",0,2,0.00,31.5
"texas fade",0,2,0.00,40.0
"texas fades",0,13,0.00,9.2
"texas fadez",0,38,0.00,9.0
"texas fadez 2",0,26,0.00,8.8
"texas fadez 2 reviews",0,3,0.00,7.0
"texas fadez barber college",0,27,0.00,8.9
"texas fadez barber college oak cliff",0,24,0.00,10.9
"texas fadez barber school",0,15,0.00,8.7
"texas fadez barbershop",0,3,0.00,9.0
"texas fadez killeen",0,14,0.00,10.7
"texas fadez reviews",0,4,0.00,6.5
"texas hair cut",0,1,0.00,2.0
"texas hair team vintage park",0,1,0.00,21.0
"texas institute of nails and esthetics",0,3,0.00,6.3
"texas license cosmetology",0,2,0.00,24.5
"texas manicurist license",0,23,0.00,30.7
"texas mini salon license",0,1,0.00,29.0
"texas nail license",0,14,0.00,43.8
"texas nail supply",0,20,0.00,1.0
"texas nail supply - garland tx",0,7,0.00,4.1
"texas nail supply garland",0,8,0.00,3.5
"texas nail supply garland tx",0,2,0.00,1.0
"texas nail tech license",0,3,0.00,36.3
"texas nail tech license requirements",0,1,0.00,46.0
"texas nail technician license",0,16,0.00,44.3
"texas nail technician license requirements",0,2,0.00,37.5
"texas nails supply",0,1,0.00,11.0
"texas razed",0,1,0.00,54.0
"texas renew cosmetology license",0,2,0.00,34.0
"texas requirements for cosmetology license",0,12,0.00,38.0
"texas salons",0,2,0.00,62.0
"texas school of cosmetology",0,2,0.00,9.0
"texas school of cosmetology san angelo",0,1,0.00,9.0
"texas state board cosmetology",0,1,0.00,37.0
"texas tangles",0,5,0.00,9.0
"texas tdlr cosmetology",0,3,0.00,25.0
"texas tdlr license renewal",0,5,0.00,46.8
"texas tdlr renewal",0,1,0.00,34.0
"texas teased",0,4,0.00,10.3
"texas teased hair salon",0,2,0.00,5.5
"texas teazed",0,8,0.00,8.1
"texas teazed hair salon",0,12,0.00,6.7
"texas teazed hair salon photos",0,1,0.00,8.0
"texas teazed hair salon reviews",0,7,0.00,5.0
"text fringe haircut",0,1,0.00,2.0
"texture and tones salon",0,18,0.00,9.4
"textures & tones salon",0,13,0.00,8.8
"textures & tones salon photos",0,1,0.00,9.0
"textures and tones salon",0,45,0.00,9.2
"texturizing shears near me",0,1,0.00,26.0
"tfo",0,1,0.00,3.0
"tfo salon",0,49,0.00,8.3
"tg beauty supply",0,25,0.00,9.1
"tgarden salon",0,1,0.00,12.0
"tgi beauty",0,3,0.00,9.3
"tgi beauty supply",0,27,0.00,8.4
"thai le hair",0,2,0.00,10.0
"that one barber",0,1,0.00,28.0
"that one barber lounge",0,7,0.00,14.9
"that one barber lounge modesto",0,1,0.00,10.0
"that starts with m",0,1,0.00,10.0
"the 101 barbershop",0,2,0.00,32.0
"the 11 studio",0,1,0.00,5.0
"the 6 barbershop",0,5,0.00,6.8
"the 806 halo beauty salon",0,2,0.00,9.0
"the a salon and spa",0,1,0.00,50.0
"the additude shop",0,15,0.00,6.0
"the additude shop nail supply",0,11,0.00,6.3
"the additude shop nail supply photos",0,15,0.00,6.9
"the advanced academy reviews",0,1,0.00,19.0
"the alchemist barber",0,4,0.00,8.8
"the alchemist barbershop",0,48,0.00,7.8
"the alchemist barbershop reviews",0,5,0.00,5.8
"the alchemy salon",0,1,0.00,59.0
"the argyle league",0,18,0.00,9.8
"the argyle league reviews",0,8,0.00,6.1
"the art artistry beauty suites",0,1,0.00,8.0
"the art of face beauty",0,1,0.00,8.0
"the art of face beauty lounge",0,7,0.00,8.4
"the art of men's grooming",0,3,0.00,9.0
"the art of shaving",0,1,0.00,2.0
"the artistry salon",0,3,0.00,15.7
"the atrium salon",0,1,0.00,46.0
"the atrium studio",0,1,0.00,11.0
"the attitude nail shop",0,1,0.00,6.0
"the attitude shop",0,12,0.00,7.5
"the attitude shop nail supply",0,1,0.00,7.0
"the augusta",0,1,0.00,2.0
"the aveda institute",0,2,0.00,23.0
"the avenue academy",0,1,0.00,66.0
"the avenue salon",0,1,0.00,8.0
"the bar hair salon",0,1,0.00,8.0
"the bar nail salon",0,1,0.00,9.0
"the barber and beauty spot",0,11,0.00,8.0
"the barber collection",0,20,0.00,2.9
"the barber collection houston",0,2,0.00,6.5
"the barber collection katy",0,4,0.00,4.5
"the barber doll",0,9,0.00,8.8
"the barber education academy",0,2,0.00,8.0
"the barber education academy inc",0,4,0.00,5.8
"the barber experience",0,1,0.00,10.0
"the barber factory barbershop killeen reviews",0,33,0.00,8.0
"the barber lab",0,3,0.00,8.3
"the barber lab barbershop",0,2,0.00,8.0
"the barber lounge san antonio reviews",0,5,0.00,4.0
"the barber pad",0,2,0.00,6.0
"the barber plug supply co",0,10,0.00,7.9
"the barber plug supply co reviews",0,30,0.00,10.9
"the barber plug supply co.",0,3,0.00,9.0
"the barber station",0,3,0.00,12.0
"the barber suite",0,4,0.00,9.8
"the barber supply",0,1,0.00,63.0
"the barber tool box",0,2,0.00,3.0
"the barberhood reviews",0,1,0.00,10.0
"the barberlab",0,1,0.00,9.0
"the barbers club reviews",0,3,0.00,5.0
"the barbers garage",0,1,0.00,38.0
"the barbers inc",0,1,0.00,18.0
"the barbers inc barbershop",0,1,0.00,19.0
"the barbers throne",0,1,0.00,19.0
"the barbershop reviews",0,1,0.00,5.0
"the base barber",0,2,0.00,9.0
"the base barber shop",0,1,0.00,12.0
"the base barber studio",0,6,0.00,8.8
"the base barbershop",0,17,0.00,7.9
"the base cypress reviews",0,36,0.00,4.6
"the base haircut",0,1,0.00,7.0
"the bearded buck",0,1,0.00,10.0
"the bearded buck amarillo",0,2,0.00,11.0
"the bearded buck barbershop",0,3,0.00,9.7
"the beaty spot",0,1,0.00,6.0
"the beautiful group",0,1,0.00,62.0
"the beautiful hair salon",0,1,0.00,34.0
"the beauty ave houston",0,4,0.00,3.3
"the beauty avenue",0,7,0.00,3.7
"the beauty bar",0,14,0.00,8.1
"the beauty bar by amy and joe",0,7,0.00,8.6
"the beauty bar houston",0,15,0.00,5.9
"the beauty bar laredo reviews",0,3,0.00,3.0
"the beauty bar salon",0,1,0.00,6.0
"the beauty cave",0,20,0.00,5.0
"the beauty cave boutique",0,7,0.00,5.9
"the beauty cave boutique reviews",0,10,0.00,6.1
"the beauty color salon",0,1,0.00,21.0
"the beauty day spa",0,1,0.00,10.0
"the beauty depot",0,1,0.00,10.0
"the beauty designer",0,1,0.00,1.0
"the beauty edit salon",0,1,0.00,24.0
"the beauty haus",0,2,0.00,11.0
"the beauty loft",0,2,0.00,4.0
"the beauty loft photos",0,1,0.00,4.0
"the beauty loft salon",0,2,0.00,5.5
"the beauty lounge",0,11,0.00,7.3
"the beauty lounge htx",0,2,0.00,11.5
"the beauty lounge the woodlands",0,5,0.00,8.0
"the beauty lounge the woodlands reviews",0,2,0.00,8.5
"the beauty nail bar",0,1,0.00,7.0
"the beauty outlet near me",0,1,0.00,11.0
"the beauty palace",0,2,0.00,23.5
"the beauty point academy",0,25,0.00,8.3
"the beauty pro university",0,14,0.00,10.8
"the beauty salon",0,5,0.00,14.2
"the beauty shop bellaire",0,2,0.00,11.0
"the beauty spot",0,4,0.00,4.3
"the beauty studio",0,5,0.00,4.8
"the beauty studio corpus christi",0,2,0.00,8.0
"the beauty supply",0,6,0.00,11.3
"the beauty supply plus",0,43,0.00,7.7
"the beauty supply store",0,5,0.00,12.2
"the beauty touch",0,7,0.00,4.9
"the beauty touch salon reviews",0,6,0.00,3.3
"the beauty vault",0,5,0.00,3.6
"the beauty vault beauty supply",0,19,0.00,5.7
"the beauty vault houston",0,16,0.00,8.4
"the bee's knees hair studio reviews",0,5,0.00,7.8
"the bees knees fort worth",0,1,0.00,11.0
"the bees knees hair salon",0,3,0.00,10.7
"the bees knees hair studio",0,1,0.00,8.0
"the besuty bar",0,1,0.00,9.0
"the beuaty bar",0,1,0.00,8.0
"the big joy",0,1,0.00,2.0
"the big wig",0,1,0.00,4.0
"the big wigs",0,2,0.00,49.0
"the blend barbershop",0,3,0.00,12.0
"the blonde loft",0,3,0.00,7.7
"the bloom space",0,2,0.00,15.0
"the blow out",0,1,0.00,11.0
"the blowout",0,2,0.00,41.5
"the blowout salon",0,5,0.00,4.6
"the boardroom galleria",0,3,0.00,11.3
"the boardroom katy",0,20,0.00,9.4
"the boardroom rice village",0,2,0.00,12.0
"the boardroom salon houston",0,3,0.00,27.7
"the boardroom the woodlands",0,1,0.00,14.0
"the boardroom the woodlands reviews",0,6,0.00,9.0
"the boardroom vintage",0,2,0.00,11.0
"the boardroom vintage park",0,3,0.00,10.3
"the boardroom woodlands",0,1,0.00,13.0
"the boardwalk barber",0,3,0.00,21.3
"the boardwalk barber shop",0,1,0.00,13.0
"the bombshell hair salon",0,2,0.00,5.0
"the boss haircut",0,1,0.00,10.0
"the boss haircut reviews",0,1,0.00,10.0
"the boulevard barbershop oxnard",0,7,0.00,6.9
"the boulevard barbershop oxnard reviews",0,2,0.00,5.5
"the boutique hair salon",0,1,0.00,10.0
"the boys club barber",0,15,0.00,8.6
"the boys club barber shop",0,5,0.00,7.6
"the boys club barber shop pearland reviews",0,6,0.00,8.7
"the boys club barbershop",0,12,0.00,8.6
"the boys club pearland",0,8,0.00,10.1
"the boyz barber studio",0,12,0.00,8.5
"the brethren barber parlour",0,5,0.00,9.2
"the cavern barber",0,1,0.00,65.0
"the cavern barbershop",0,9,0.00,8.2
"the cavern mens barber lounge",0,1,0.00,68.0
"the chair htx",0,1,0.00,40.0
"the chair salon",0,1,0.00,7.0
"the clique salon",0,1,0.00,10.0
"the co-op salon",0,1,0.00,7.0
"the collective hair salon",0,3,0.00,9.0
"the collective hair studio",0,2,0.00,8.5
"the collective salon",0,1,0.00,5.0
"the color bar",0,10,0.00,6.0
"the color bar river oaks",0,7,0.00,6.1
"the color bat",0,1,0.00,8.0
"the color box",0,1,0.00,4.0
"the color collective",0,3,0.00,19.0
"the color collective salon",0,1,0.00,7.0
"the color nail bar",0,1,0.00,11.0
"the color society",0,1,0.00,67.0
"the color society salon",0,2,0.00,62.0
"the color studio",0,14,0.00,9.9
"the color studio & salon",0,1,0.00,36.0
"the color studio photos",0,4,0.00,7.0
"the colorbox salon",0,1,0.00,23.0
"the colour bar",0,1,0.00,8.0
"the comma corpus christi photos",0,4,0.00,8.3
"the comma corpus christi reviews",0,18,0.00,4.9
"the comma photos",0,4,0.00,9.3
"the company barber",0,1,0.00,28.0
"the company barber - fremont",0,1,0.00,9.0
"the company barber fremont",0,7,0.00,9.3
"the company barber reviews",0,32,0.00,10.0
"the coop fort worth",0,6,0.00,9.0
"the coop hair salon",0,1,0.00,7.0
"the cost cutters",0,1,0.00,29.0
"the craft collective hair salon",0,1,0.00,12.0
"the craft salon",0,3,0.00,9.0
"the crew barber shop",0,2,0.00,11.0
"the crew barber supply hq",0,1,0.00,29.0
"the crimson barbershop",0,1,0.00,24.0
"the cuban barber",0,1,0.00,14.0
"the cut barbershop",0,3,0.00,2.0
"the cut barbershop booking",0,1,0.00,3.0
"the cut co",0,1,0.00,3.0
"the cut haircut",0,2,0.00,2.0
"the cut lounge",0,1,0.00,4.0
"the cut lounge barbershop baytown",0,4,0.00,6.3
"the cuts",0,1,0.00,1.0
"the cutting edge salon",0,32,0.00,8.8
"the cutting edge salon & spa reviews",0,4,0.00,6.8
"the cutting edge salon and spa",0,1,0.00,10.0
"the cutting edge salon waco",0,14,0.00,9.9
"the cutting edge waco",0,3,0.00,12.0
"the cutz",0,1,0.00,5.0
"the dame barber",0,1,0.00,22.0
"the dapper devil denton",0,1,0.00,11.0
"the denton dapper devil",0,1,0.00,11.0
"the district hair co",0,18,0.00,7.4
"the district hair co frisco",0,2,0.00,5.5
"the district hair co frisco reviews",0,3,0.00,9.0
"the district hair salon",0,1,0.00,36.0
"the dollhouse hair salon",0,3,0.00,7.7
"the duchess braids",0,2,0.00,9.0
"the duchess braids and beauty salon",0,39,0.00,9.1
"the duchess braids and beauty salon houston",0,42,0.00,7.6
"the duchess braids and beauty salon houston reviews",0,54,0.00,7.1
"the duchess braids houston",0,42,0.00,9.8
"the dwayne image houston",0,8,0.00,8.9
"the editorial houston",0,1,0.00,7.0
"the elegant barber shop",0,1,0.00,1.0
"the empire barber studio",0,1,0.00,27.0
"the escape salon",0,1,0.00,6.0
"the essence of it beauty supply",0,1,0.00,8.0
"the essential barber club",0,20,0.00,8.0
"the establishment barbershop",0,1,0.00,39.0
"the exclusive",0,1,0.00,10.0
"the exclusive studio",0,1,0.00,28.0
"the experience barber",0,7,0.00,74.3
"the experience barber and shave company",0,5,0.00,66.4
"the experience barber shop",0,4,0.00,74.3
"the experience salon",0,1,0.00,8.0
"the facial and wellness society",0,2,0.00,15.5
"the factory hair",0,2,0.00,28.5
"the factory hair salon",0,2,0.00,7.5
"the factory hair salon ✂",0,2,0.00,8.0
"the factory salon",0,160,0.00,7.7
"the factory salon blackhorse",0,2,0.00,11.0
"the factory salon blackhorse reviews",0,1,0.00,6.0
"the factory salon fairfield",0,3,0.00,7.0
"the factory salon fairfield reviews",0,4,0.00,3.5
"the factory salon heights",0,30,0.00,6.5
"the factory salon, fry road, cypress, tx, usa",0,1,0.00,10.0
"the factory salon-the heights",0,5,0.00,6.8
"the fade barber shack",0,2,0.00,12.0
"the fade district houston",0,11,0.00,5.7
"the fade district houston reviews",0,1,0.00,10.0
"the fade factory",0,10,0.00,7.8
"the fade factory barber co",0,1,0.00,10.0
"the fade factory barbershop",0,2,0.00,9.0
"the fade inn barber shop",0,4,0.00,39.8
"the fade lab",0,3,0.00,8.3
"the fade lab barbershop",0,10,0.00,7.3
"the fade lab barbershop costa mesa reviews",0,91,0.00,4.8
"the fade plug",0,2,0.00,10.5
"the fade room",0,16,0.00,8.3
"the fade room barbers club lancaster",0,2,0.00,6.0
"the fade room barbers club lancaster reviews",0,3,0.00,4.7
"the fade room barbershop",0,1,0.00,8.0
"the fade room dallas",0,28,0.00,10.2
"the fade shop plano",0,1,0.00,10.0
"the faded lounge",0,1,0.00,10.0
"the fellas barber",0,1,0.00,38.0
"the french door",0,9,0.00,23.8
"the friends barber shop",0,8,0.00,11.0
"the friends barbershop",0,1,0.00,12.0
"the fringe hair salon",0,1,0.00,9.0
"the fringe salon",0,1,0.00,6.0
"the front room hair salon",0,5,0.00,11.8
"the galleria hair salon",0,7,0.00,35.7
"the galleria salon",0,1,0.00,23.0
"the gallery wigs hair enhancement studio",0,1,0.00,69.0
"the garage barber shop",0,7,0.00,6.4
"the garage barbershop",0,4,0.00,5.5
"the gee spot barbershop",0,1,0.00,12.0
"the gentleman's quarters barbershop",0,1,0.00,10.0
"the gentlemen's barber photos",0,2,0.00,9.0
"the gentlemen's barbershop",0,1,0.00,9.0
"the gentlemen's quarters",0,1,0.00,9.0
"the gentlemens barbershop",0,4,0.00,10.3
"the gentry heights",0,7,0.00,13.7
"the gentry houston",0,2,0.00,46.0
"the gentry memorial",0,4,0.00,5.5
"the gentry river oaks",0,15,0.00,6.4
"the gents place barbershop washington heights houston",0,13,0.00,10.2
"the gents place frisco reviews",0,3,0.00,10.0
"the gents place houston",0,1,0.00,10.0
"the gents place men's hair salon austin reviews",0,2,0.00,4.5
"the gift barbershop",0,2,0.00,10.0
"the gifted event barber location",0,1,0.00,55.0
"the glam room llc",0,1,0.00,6.0
"the glow up salon",0,3,0.00,28.0
"the goat 92 barbershop",0,5,0.00,11.4
"the goat barber",0,1,0.00,6.0
"the goat barbershop",0,7,0.00,9.3
"the goat92 barbershop",0,6,0.00,11.5
"the goat92 barbershop san antonio",0,2,0.00,12.0
"the golden shear",0,1,0.00,11.0
"the good life barber",0,1,0.00,8.0
"the groom room",0,5,0.00,9.0
"the groom room barbershop",0,6,0.00,6.5
"the groom room barbershop reviews",0,3,0.00,8.7
"the grooming agency",0,1,0.00,10.0
"the grooming lounge",0,1,0.00,12.0
"the grove salon",0,3,0.00,8.0
"the guest house salon",0,2,0.00,20.5
"the guest house salon studios",0,3,0.00,6.7
"the hair academy",0,15,0.00,4.3
"the hair academy photos",0,7,0.00,5.6
"the hair alchemist",0,3,0.00,10.0
"the hair and brow bar",0,4,0.00,10.5
"the hair and brow bar reviews",0,4,0.00,4.3
"the hair and meegz",0,1,0.00,37.0
"the hair bar",0,2,0.00,9.5
"the hair bar salon",0,1,0.00,7.0
"the hair beautique",0,8,0.00,2.9
"the hair beautique photos",0,1,0.00,6.0
"the hair beautique reviews",0,2,0.00,3.0
"the hair collective",0,1,0.00,11.0
"the hair depot",0,2,0.00,3.0
"the hair expert",0,1,0.00,38.0
"the hair fix",0,15,0.00,2.1
"the hair fix el paso",0,2,0.00,4.0
"the hair fix reviews",0,5,0.00,2.0
"the hair galleria",0,8,0.00,13.8
"the hair gallery",0,8,0.00,6.0
"the hair gallery salon",0,3,0.00,5.3
"the hair garden",0,2,0.00,9.5
"the hair garden salon",0,1,0.00,11.0
"the hair goddess",0,3,0.00,12.7
"the hair lab",0,29,0.00,7.3
"the hair lab houston",0,12,0.00,7.3
"the hair lab salon",0,4,0.00,24.3
"the hair loft",0,5,0.00,10.0
"the hair lounge",0,5,0.00,10.4
"the hair lounge barbershop",0,2,0.00,9.5
"the hair lounge salon",0,1,0.00,8.0
"the hair mayor",0,1,0.00,11.0
"the hair mayor beauty college",0,3,0.00,19.3
"the hair parlor on 8th",0,3,0.00,11.0
"the hair parlour",0,7,0.00,7.3
"the hair parlour plano",0,4,0.00,7.8
"the hair resort",0,13,0.00,9.8
"the hair retreat",0,5,0.00,7.8
"the hair smith",0,5,0.00,9.8
"the hair spot",0,1,0.00,8.0
"the hair store",0,2,0.00,11.0
"the hair store near me",0,1,0.00,1.0
"the hair studio",0,5,0.00,4.6
"the hair studio frisco",0,4,0.00,9.3
"the hair studio frisco reviews",0,8,0.00,6.0
"the hair studio photos",0,2,0.00,6.0
"the hair studio salon and spa",0,3,0.00,37.7
"the hair therapist",0,1,0.00,39.0
"the hair zone",0,2,0.00,5.5
"the hair zone beauty supply",0,3,0.00,8.0
"the haircut factory",0,1,0.00,52.0
"the haircut lounge",0,9,0.00,8.3
"the hairitage salon",0,1,0.00,7.0
"the hairitage salon waco",0,2,0.00,6.5
"the hairitage salon-waco",0,20,0.00,7.0
"the hairlab",0,2,0.00,8.0
"the halo spa",0,10,0.00,6.9
"the handsome house",0,1,0.00,4.0
"the hart studios",0,10,0.00,7.2
"the heritage salon",0,5,0.00,6.4
"the hideout salon",0,1,0.00,37.0
"the hive beauty salon",0,1,0.00,5.0
"the hive beauty supply",0,1,0.00,21.0
"the hive beauty supply reviews",0,4,0.00,5.3
"the hive hair salon",0,3,0.00,7.0
"the hive styling bar and salon",0,1,0.00,8.0
"the hot towel tx",0,2,0.00,10.0
"the house of beauty",0,1,0.00,8.0
"the house of beauty salon",0,2,0.00,7.5
"the house of hair los angeles",0,1,0.00,1.0
"the house salon",0,1,0.00,10.0
"the hows of color",0,26,0.00,15.8
"the hub mckinney tx",0,1,0.00,5.0
"the hue hair",0,1,0.00,9.0
"the hue salon",0,1,0.00,11.0
"the hue solution",0,1,0.00,50.0
"the indigo hair studio",0,2,0.00,5.0
"the indigo hair studio reviews",0,15,0.00,8.4
"the indigo salon",0,2,0.00,42.0
"the institute of beauty konnections",0,2,0.00,39.0
"the international beauty academy",0,2,0.00,6.0
"the iris salon",0,1,0.00,28.0
"the ivy institute of esthetics",0,1,0.00,75.0
"the jagged edge salon",0,3,0.00,22.7
"the jungle barbershop",0,2,0.00,11.5
"the king barber shop",0,1,0.00,5.0
"the king hair salon",0,1,0.00,18.0
"the kut",0,2,0.00,26.5
"the kut factory",0,3,0.00,10.0
"the lane hair salon",0,1,0.00,9.0
"the lane salon",0,56,0.00,5.5
"the lane salon photos",0,4,0.00,11.0
"the lane salon reviews",0,34,0.00,7.4
"the lane salon sf",0,14,0.00,7.6
"the lane sf",0,1,0.00,6.0
"the lash room academy",0,10,0.00,7.2
"the lash supply store",0,2,0.00,7.5
"the latter",0,1,0.00,2.0
"the lbl beauty academy",0,6,0.00,7.8
"the lbl beauty academy reviews",0,2,0.00,9.5
"the league haircuts",0,1,0.00,35.0
"the league xs apprentice academy of cosmetology and barbering",0,1,0.00,20.0
"the league xs apprenticeship academy",0,1,0.00,7.0
"the legend barber",0,3,0.00,47.3
"the legend barber shop",0,1,0.00,41.0
"the legend official barber location",0,2,0.00,63.0
"the legendary barber",0,1,0.00,58.0
"the legends barber",0,1,0.00,43.0
"the legends barber shop",0,1,0.00,47.0
"the lennox salon",0,1,0.00,8.0
"the lindsay salon",0,10,0.00,7.7
"the lindsey salon",0,102,0.00,8.2
"the lindsey salon photos",0,3,0.00,9.7
"the lindsey salon reviews",0,12,0.00,10.5
"the lion barber shop",0,3,0.00,5.7
"the lion king barbershop",0,24,0.00,6.9
"the lions den barber",0,1,0.00,9.0
"the lip bar near me",0,1,0.00,53.0
"the loc genie",0,1,0.00,6.0
"the local barber lounge",0,1,0.00,40.0
"the locker room barbershop",0,2,0.00,15.0
"the locker room barbershop chula vista ca",0,6,0.00,4.7
"the lodge barber",0,6,0.00,11.5
"the lodge barber co",0,2,0.00,10.0
"the lodge barber co long beach",0,1,0.00,9.0
"the lodge barber co reviews",0,6,0.00,9.7
"the lodge barber co.",0,1,0.00,17.0
"the lodge barbershop",0,1,0.00,11.0
"the loft beaumont",0,7,0.00,8.6
"the loft hair salon",0,1,0.00,8.0
"the loft hair studio",0,10,0.00,7.1
"the loft salon",0,2,0.00,6.5
"the look hair salon",0,1,0.00,10.0
"the look salon",0,3,0.00,11.0
"the look salon houston",0,15,0.00,12.1
"the look salon houston houston tx",0,12,0.00,14.3
"the look salon houston reviews",0,62,0.00,10.2
"the look saloon",0,1,0.00,8.0
"the looks salon",0,1,0.00,23.0
"the lot barbershop",0,5,0.00,6.2
"the lotus salon",0,1,0.00,10.0
"the lux salon",0,1,0.00,54.0
"the luxe experience htx",0,8,0.00,9.5
"the makeup house",0,1,0.00,35.0
"the man's chair",0,6,0.00,10.7
"the mane allure",0,15,0.00,9.1
"the mane event",0,1,0.00,10.0
"the mane event waco",0,3,0.00,6.7
"the manifest barbershop",0,2,0.00,44.5
"the manly salon",0,2,0.00,8.0
"the mans chair",0,16,0.00,10.8
"the matrix hair salon",0,1,0.00,26.0
"the men barber school",0,28,0.00,6.1
"the men barber school round rock",0,1,0.00,4.0
"the men barber shop",0,2,0.00,9.0
"the men barber shop-salon",0,3,0.00,10.0
"the men's club barbershop",0,7,0.00,9.0
"the mens club barbershop",0,13,0.00,8.1
"the mike robledo",0,1,0.00,27.0
"the milano houston",0,1,0.00,33.0
"the mint salon",0,1,0.00,6.0
"the mobile barber",0,1,0.00,1.0
"the model look",0,1,0.00,7.0
"the modern stylist",0,23,0.00,7.6
"the modern stylists",0,4,0.00,8.3
"the most honorable barber",0,1,0.00,8.0
"the muse hair salon",0,1,0.00,6.0
"the nail bar",0,43,0.00,7.1
"the nail bar corpus christi",0,22,0.00,7.4
"the nail bar photos",0,1,0.00,11.0
"the nail bar salon",0,1,0.00,6.0
"the nail bar.",0,2,0.00,8.0
"the nail.bar",0,1,0.00,7.0
"the nails and spa",0,1,0.00,8.0
"the nails and spa baytown reviews",0,1,0.00,4.0
"the nails lounge corpus christi photos",0,2,0.00,41.5
"the nearest hair store",0,1,0.00,8.0
"the neighborhood barber",0,3,0.00,7.3
"the neighborhood barbershop",0,1,0.00,6.0
"the new hair",0,1,0.00,4.0
"the new look beauty salon",0,1,0.00,6.0
"the nine salon",0,1,0.00,26.0
"the nines austin tx",0,1,0.00,52.0
"the nines men's grooming",0,1,0.00,51.0
"the oasis studio by min",0,1,0.00,78.0
"the oasis studio by min photos",0,1,0.00,42.0
"the office barbershops",0,1,0.00,46.0
"the official blend",0,4,0.00,55.0
"the official blend barbershop",0,2,0.00,47.0
"the one 8 barbershop corpus christi",0,3,0.00,9.0
"the one beauty hair salon",0,4,0.00,15.8
"the one beauty salon",0,10,0.00,8.6
"the one salon",0,1,0.00,8.0
"the original fanatics",0,5,0.00,7.6
"the orlando hair salon",0,4,0.00,6.0
"the orlando salon houston",0,21,0.00,7.7
"the orlando salon reviews",0,18,0.00,10.4
"the palace beauty salon",0,4,0.00,11.8
"the parlor",0,1,0.00,2.0
"the parlor houston",0,1,0.00,8.0
"the parlour at 713",0,2,0.00,26.5
"the parlour hair salon",0,3,0.00,41.3
"the parlour houston",0,5,0.00,8.4
"the parlour salon",0,34,0.00,8.8
"the parlour salon mansfield tx",0,3,0.00,75.7
"the patio barber shop",0,1,0.00,8.0
"the perfect canvas hair salon",0,3,0.00,5.7
"the perfect cut 2",0,2,0.00,30.5
"the perfect cut salon",0,1,0.00,11.0
"the players club barbershop",0,3,0.00,46.0
"the players club dallas",0,1,0.00,18.0
"the plug barber shop",0,1,0.00,25.0
"the porch barber",0,1,0.00,9.0
"the porch barber shop",0,7,0.00,11.4
"the porch barbershop",0,9,0.00,8.8
"the premium barber academy",0,26,0.00,7.3
"the premium fade lounge",0,1,0.00,45.0
"the pretti parlor",0,9,0.00,8.0
"the pretty parlor salon",0,1,0.00,8.0
"the pro salon",0,2,0.00,25.0
"the professional academy",0,2,0.00,24.5
"the professional cosmetology academy",0,2,0.00,18.0
"the proper barbershop los angeles",0,1,0.00,98.0
"the pulse academy",0,46,0.00,4.5
"the pulse academy pittsburg tx",0,9,0.00,5.7
"the purple chair salon",0,1,0.00,8.0
"the purple chair salon & spa",0,1,0.00,10.0
"the purple chair salon & spa reviews",0,3,0.00,8.3
"the purple hair salon",0,1,0.00,10.0
"the q salon",0,9,0.00,6.2
"the q store",0,1,0.00,3.0
"the rage hair salon",0,2,0.00,8.5
"the rage salon",0,16,0.00,6.6
"the rage salon photos",0,1,0.00,10.0
"the rage salon reviews",0,5,0.00,4.8
"the rage salon tyler tx",0,4,0.00,8.8
"the ranch barber",0,1,0.00,12.0
"the ranch barber co",0,3,0.00,12.0
"the ranch barber company",0,5,0.00,8.6
"the ranch barber company corona reviews",0,36,0.00,8.7
"the ranch barber corona",0,32,0.00,10.3
"the ranch barber shop",0,3,0.00,11.0
"the ranch barber shop corona",0,5,0.00,11.6
"the reserve barbershop",0,2,0.00,4.5
"the reserve by kelsey",0,20,0.00,6.8
"the room hair studio",0,1,0.00,35.0
"the rooted parlor",0,8,0.00,15.0
"the rooted parlor photos",0,4,0.00,9.8
"the rose salon",0,6,0.00,6.8
"the rosewood barbershop",0,4,0.00,11.8
"the royal beauty salon",0,3,0.00,16.0
"the royal hair salon",0,2,0.00,7.5
"the salon at 900",0,1,0.00,37.0
"the salon at fondren",0,1,0.00,18.0
"the salon at ridgewood village",0,15,0.00,9.1
"the salon bar",0,41,0.00,8.5
"the salon club",0,1,0.00,10.0
"the salon elev8",0,5,0.00,6.0
"the salon experience",0,1,0.00,8.0
"the salon professional academy georgetown reviews",0,22,0.00,10.9
"the salon professional academy lewisville loan",0,2,0.00,19.5
"the salon professional academy lewisville loans",0,1,0.00,24.0
"the salon professional academy lewisville tx",0,2,0.00,8.5
"the salon professional academy whitehouse",0,15,0.00,8.5
"the salon professional academy whitehouse reviews",0,57,0.00,10.9
"the salon social",0,1,0.00,9.0
"the salons at bella suites",0,2,0.00,7.5
"the scarlet door",0,1,0.00,16.0
"the scarlet door salon day spa & boutique reviews",0,9,0.00,9.4
"the secret barber shop",0,2,0.00,12.5
"the secret barbershop",0,2,0.00,13.0
"the secret barbershop reviews",0,16,0.00,9.4
"the shade haus",0,2,0.00,7.5
"the shade haus houston",0,14,0.00,9.5
"the shade nail salon",0,1,0.00,10.0
"the shag hair salon",0,1,0.00,47.0
"the shag salon",0,2,0.00,11.0
"the shave parlor",0,1,0.00,10.0
"the shimaa academy",0,17,0.00,8.4
"the shop atx",0,16,0.00,8.4
"the silk out bar",0,2,0.00,25.5
"the silk press lounge",0,5,0.00,6.2
"the silkout bar",0,8,0.00,7.6
"the silkout bar photos",0,6,0.00,8.3
"the silkout bar reviews",0,12,0.00,8.5
"the six barbershop",0,1,0.00,12.0
"the skincare academy",0,1,0.00,68.0
"the snooty",0,1,0.00,10.0
"the snooty boutique reviews",0,1,0.00,12.0
"the social salon",0,1,0.00,51.0
"the social salon & co",0,1,0.00,54.0
"the society salon and spa",0,3,0.00,8.7
"the songbird society",0,6,0.00,6.0
"the southern gent",0,5,0.00,6.0
"the spot academy",0,1,0.00,12.0
"the spot apprentice academy",0,25,0.00,10.6
"the spot barber academy",0,1,0.00,50.0
"the spot barbershop mcallen",0,1,0.00,9.0
"the stage barbershop",0,3,0.00,6.0
"the standard hair company",0,9,0.00,8.8
"the standard hair company reviews",0,86,0.00,6.3
"the standard hair salon",0,3,0.00,10.3
"the stargazer salon",0,55,0.00,10.5
"the station barber",0,4,0.00,9.3
"the station barber shop",0,7,0.00,11.6
"the station barbershop",0,3,0.00,18.7
"the station men's hair studio",0,16,0.00,10.4
"the station men’s hair studio",0,9,0.00,9.6
"the stoic barbershop",0,7,0.00,10.1
"the strand institute",0,40,0.00,7.0
"the strand institute of beauty & esthetics",0,9,0.00,8.9
"the studio barber shop",0,2,0.00,7.5
"the studio beauty salon",0,1,0.00,10.0
"the studio salon",0,2,0.00,12.0
"the styling",0,1,0.00,1.0
"the sugaring",0,1,0.00,62.0
"the sugaring bar",0,7,0.00,6.6
"the sugaring bar and boutique reviews",0,1,0.00,6.0
"the suite life salon",0,1,0.00,10.0
"the suites by j-co",0,1,0.00,11.0
"the texas lash institute",0,1,0.00,6.0
"the touch beauty salon",0,2,0.00,11.5
"the truth barbershop",0,4,0.00,8.8
"the tune up salon",0,3,0.00,22.0
"the ultimate hair salon",0,1,0.00,1.0
"the ultimate house of style salon",0,3,0.00,2.7
"the ultimate salon and spa",0,1,0.00,6.0
"the underground barbershop",0,3,0.00,8.0
"the upper hand memorial",0,10,0.00,8.3
"the upper hand river oaks",0,13,0.00,9.6
"the upper hand salon",0,4,0.00,20.3
"the upper hand salon houston",0,2,0.00,11.5
"the upper hand salon memorial",0,4,0.00,7.3
"the upper hand salon river oaks",0,22,0.00,8.9
"the upper hand salon river oaks reviews",0,7,0.00,8.4
"the upper hand salon: memorial",0,2,0.00,10.0
"the upper hand salon: river oaks",0,14,0.00,8.4
"the valley barber",0,1,0.00,7.0
"the valley barber shop",0,14,0.00,7.4
"the valley barbershop",0,1,0.00,5.0
"the valley barbershop reviews",0,9,0.00,5.2
"the vault beauty photos",0,11,0.00,7.1
"the vault beauty reviews",0,6,0.00,6.8
"the vault beauty san antonio",0,20,0.00,6.2
"the vault beauty supply",0,19,0.00,4.3
"the vault hair store",0,10,0.00,4.8
"the vibe barber",0,2,0.00,11.5
"the vibe barber studio",0,43,0.00,9.2
"the vibe barbershop",0,1,0.00,10.0
"the vibe haircut",0,1,0.00,6.0
"the vintage hair salon",0,1,0.00,7.0
"the vip barber",0,1,0.00,40.0
"the vip barber shop",0,3,0.00,9.7
"the vip lounge barbershop",0,1,0.00,1.0
"the voss salon",0,1,0.00,9.0
"the way of life holistic hair haven",0,14,0.00,5.8
"the way of life salon",0,11,0.00,7.8
"the whiskey barber",0,2,0.00,43.0
"the white cactus salon mckinney",0,8,0.00,7.8
"the wild hair",0,8,0.00,5.4
"the wild hair photos",0,3,0.00,5.7
"the wild hair reviews",0,4,0.00,5.3
"the wild hair salon",0,2,0.00,6.0
"the wolfe lounge",0,6,0.00,7.7
"the wolves den barbershop",0,10,0.00,7.9
"the woodlands barber shop",0,3,0.00,51.7
"the woodlands hair elite",0,4,0.00,8.8
"the woodlands hair elite reviews",0,33,0.00,7.5
"the xperience barber lounge",0,39,0.00,8.4
"the xperience cut",0,2,0.00,17.5
"the-bearded-buck reviews",0,2,0.00,10.0
"the.nail bar",0,1,0.00,7.0
"thebarberlab",0,1,0.00,8.0
"thecolorbar",0,1,0.00,5.0
"thefaderoom",0,1,0.00,7.0
"theo haircut",0,1,0.00,11.0
"theodora hair salon los angeles",0,1,0.00,17.0
"theodora hair studio olympic",0,1,0.00,7.0
"theodora hair studio reviews",0,4,0.00,8.3
"theodora hair studio vermont",0,3,0.00,7.3
"theodora olympic",0,1,0.00,9.0
"theodora vermont",0,3,0.00,8.0
"thepremierbarberlounge.com email and owner",0,1,0.00,9.0
"therapy beauty",0,1,0.00,30.0
"therapy hair",0,17,0.00,23.6
"therapy hair salon",0,14,0.00,14.9
"therapy hair salon and spa",0,1,0.00,33.0
"therapy hair salon houston",0,6,0.00,7.8
"therapy hair studio",0,31,0.00,14.8
"therapy hair studio houston",0,8,0.00,6.8
"therapy hair studio houston tx",0,28,0.00,8.2
"therapy hair studio reviews",0,1,0.00,11.0
"therapy salon",0,2,0.00,8.0
"therapy salon houston",0,9,0.00,7.3
"therapy+beauty",0,1,0.00,10.0
"there there studio",0,1,0.00,67.0
"therian haircuts",0,1,0.00,7.0
"thesnootyboutique",0,1,0.00,10.0
"thick hair short haircuts for women",0,1,0.00,7.0
"think beauty",0,1,0.00,56.0
"third place salon",0,1,0.00,53.0
"third space salon",0,9,0.00,7.0
"this is it salon",0,1,0.00,43.0
"thomas r salon",0,1,0.00,10.0
"thomas r salons",0,6,0.00,17.3
"thomas r salons pearland",0,2,0.00,6.0
"thomas salon near me",0,1,0.00,7.0
"thread near me eyebrow",0,1,0.00,5.0
"threading by mehar",0,1,0.00,37.0
"threading eyebrows",0,1,0.00,1.0
"threading eyebrows near me",0,1,0.00,1.0
"threading near me indian",0,1,0.00,3.0
"threading near me within 5 mi",0,1,0.00,6.0
"threading salon near me",0,1,0.00,1.0
"three of a kind barber",0,16,0.00,6.1
"three of a kind barbershop",0,6,0.00,5.8
"thuy hair salon",0,3,0.00,6.0
"thuy hair salon katy",0,9,0.00,5.1
"thuy hair salon katy reviews",0,1,0.00,6.0
"thuy salon",0,1,0.00,5.0
"tienda de barberia",0,1,0.00,1.0
"tienda de productos de peluquería cerca de mí",0,1,0.00,8.0
"tienda miss a cerca de mi ubicación",0,1,0.00,14.0
"tienda miss a cerca de mí",0,1,0.00,9.0
"tienda organic nails cerca de mí",0,1,0.00,1.0
"tienda para comprar cosas de uñas",0,1,0.00,1.0
"tienda supreme cerca de mí",0,1,0.00,11.0
"tiendas de belleza cerca de mi",0,1,0.00,1.0
"tier 1 barbers san gabriel",0,1,0.00,39.0
"tier one barber",0,2,0.00,53.5
"tiger cuts",0,8,0.00,16.1
"tiger cuts barber shop",0,1,0.00,12.0
"tiger cuts cypress tx",0,2,0.00,10.5
"tiger hair",0,1,0.00,1.0
"tigi beauty",0,28,0.00,9.6
"tigi beauty supply",0,10,0.00,12.3
"tigi beauty supply in rialto",0,1,0.00,13.0
"tigi beauty supply photos",0,14,0.00,6.7
"tigi beauty supply reviews",0,7,0.00,5.3
"tigi beauty supply rialto",0,2,0.00,15.5
"tigi beauty supply rialto ca",0,4,0.00,14.3
"tigi beauty supply rialto california",0,1,0.00,11.0
"tigi hair store",0,3,0.00,9.3
"tigis",0,70,0.00,7.6
"tigis beauty supply",0,4,0.00,13.8
"tim barber shop",0,5,0.00,7.6
"tim jon",0,2,0.00,6.5
"tim jon salon",0,48,0.00,8.5
"timeless beauty salon",0,6,0.00,11.3
"timeless design salon",0,1,0.00,7.0
"timeless hair salon",0,1,0.00,7.0
"timeless hair studio",0,17,0.00,7.2
"tims barber",0,1,0.00,7.0
"tims barber shop",0,57,0.00,8.3
"tims barbershop",0,9,0.00,4.8
"tina beauty salon",0,1,0.00,7.0
"tina hair salon",0,2,0.00,7.5
"tina haircut",0,1,0.00,8.0
"tina hairdresser",0,1,0.00,14.0
"tino barber shop",0,1,0.00,25.0
"tino's barber shop",0,1,0.00,17.0
"tinsel beads near me",0,1,0.00,1.0
"tint beauty school plano",0,6,0.00,8.0
"tint cosmetology school plano",0,4,0.00,7.0
"tint hair school",0,1,0.00,11.0
"tint hair school plano",0,2,0.00,8.0
"tint plano school",0,8,0.00,7.6
"tint school of makeup & cosmetology",0,4,0.00,8.3
"tint school of makeup & cosmetology photos",0,1,0.00,10.0
"tint school of makeup & cosmetology plano tx",0,1,0.00,6.0
"tint school plano",0,7,0.00,7.9
"tintes igora cerca de mi",0,2,0.00,3.5
"tinys eltham",0,1,0.00,55.0
"tisha braids",0,1,0.00,10.0
"tisha's braids",0,1,0.00,13.0
"tisha's hair and beauty salon",0,2,0.00,14.5
"titan barber shop",0,7,0.00,5.4
"titan barbershop",0,108,0.00,7.9
"titan barbershop & suites conroe",0,16,0.00,7.1
"titan barbershop & suites conroe photos",0,6,0.00,8.5
"titan barbershop & suites conroe reviews",0,27,0.00,3.3
"titan barbershop appointment",0,1,0.00,12.0
"titan barbershop conroe",0,7,0.00,6.9
"titan nail bar photos",0,1,0.00,41.0
"titans barbershop",0,1,0.00,6.0
"tkblendz",0,1,0.00,10.0
"tlc barber",0,1,0.00,2.0
"tlc beauty supply",0,1,0.00,23.0
"tnt beauty",0,16,0.00,12.4
"tnt beauty supply",0,11,0.00,6.7
"tnt beauty supply photos",0,3,0.00,6.0
"tnt beauty supply store",0,3,0.00,9.3
"tnt hair salon",0,2,0.00,6.0
"tnt hair salons",0,1,0.00,15.0
"tnt hair salons reviews",0,4,0.00,10.8
"tnt pasadena",0,2,0.00,10.5
"to be eligible for an establishment license, an applicant must:",0,5,0.00,10.6
"to renew and maintain continuous licensure, you must:",0,1,0.00,33.0
"today's salon",0,1,0.00,17.0
"today's styles hair salon",0,2,0.00,13.0
"todays hair design",0,3,0.00,8.0
"toddler braids near me",0,1,0.00,1.0
"tojus",0,2,0.00,21.0
"tone the barber",0,8,0.00,8.1
"toni & guy",0,3,0.00,20.3
"toni & guy fort worth",0,1,0.00,50.0
"toni & guy galleria",0,3,0.00,45.7
"toni & guy hair salon",0,1,0.00,21.0
"toni & guy hairdressing",0,1,0.00,23.0
"toni & guy hairdressing salon",0,1,0.00,19.0
"toni & guy plano",0,1,0.00,16.0
"toni and guy",0,4,0.00,10.0
"toni and guy academy",0,5,0.00,42.0
"toni and guy academy dallas",0,2,0.00,39.5
"toni and guy academy plano",0,1,0.00,28.0
"toni and guy appointment",0,1,0.00,33.0
"toni and guy galleria",0,1,0.00,34.0
"toni and guy galleria houston",0,3,0.00,56.0
"toni and guy hair",0,2,0.00,26.0
"toni and guy hair salon houston photos",0,6,0.00,9.7
"toni and guy hair salon houston reviews",0,11,0.00,5.1
"toni and guy hairdressing",0,2,0.00,30.5
"toni and guy hairdressing academy",0,1,0.00,11.0
"toni and guy houston",0,12,0.00,9.5
"toni and guy salon",0,1,0.00,13.0
"toni and guy salon near me",0,1,0.00,61.0
"toni and guy spectrum",0,1,0.00,23.0
"toni beauty salon",0,2,0.00,14.5
"toni g salon",0,1,0.00,35.0
"toni guy galleria",0,3,0.00,45.3
"toni guys",0,1,0.00,29.0
"toni hair salon",0,1,0.00,1.0
"toni salon",0,14,0.00,12.6
"toni&guy",0,6,0.00,17.3
"toni&guy hair salon",0,2,0.00,12.5
"toni&guy hair salon houston",0,5,0.00,8.6
"toni&guy hairdressing",0,1,0.00,20.0
"toni's beauty salon rezensionen",0,1,0.00,16.0
"toni's hair salon",0,2,0.00,19.0
"toni's salon",0,1,0.00,20.0
"toniandguy salon",0,1,0.00,32.0
"tonis barber",0,1,0.00,8.0
"tonis salon",0,2,0.00,6.5
"tonsore master academy",0,1,0.00,12.0
"tonsorial arts",0,1,0.00,8.0
"tony and friends",0,19,0.00,1.0
"tony and friends hair salon",0,2,0.00,5.0
"tony and friends salon",0,2,0.00,1.0
"tony and giy",0,1,0.00,13.0
"tony and guy",0,2,0.00,10.0
"tony baber shop",0,1,0.00,11.0
"tony barber shop",0,1,0.00,11.0
"tony barbershop",0,3,0.00,9.0
"tony beauty salon",0,1,0.00,8.0
"tony hair salon",0,2,0.00,8.0
"tony haircut",0,2,0.00,1.0
"tony n friends salon",0,9,0.00,2.3
"tony salon",0,4,0.00,7.0
"tony&gay",0,2,0.00,15.0
"tony's barber shop",0,16,0.00,10.3
"tony's barber shop near me",0,1,0.00,12.0
"tony's barber shop tyler tx",0,1,0.00,9.0
"tony's beauty salon",0,1,0.00,37.0
"tony's hair salon",0,7,0.00,5.4
"tony's haircut",0,1,0.00,1.0
"tony's salon",0,27,0.00,6.3
"tony's salon photos",0,7,0.00,10.9
"tonyguy",0,1,0.00,64.0
"tonys barber shop",0,1,0.00,12.0
"tonys barbershop",0,2,0.00,9.0
"tonys beauty salon",0,4,0.00,7.8
"tonys hair and nails",0,1,0.00,10.0
"tonys hair salon",0,8,0.00,6.0
"tonys hair salon katy",0,1,0.00,1.0
"tonys salon",0,44,0.00,5.3
"tony’s barbershop",0,1,0.00,10.0
"top barber academy",0,19,0.00,8.2
"top barber shops near me",0,1,0.00,9.0
"top beauty schools sacramento ca",0,1,0.00,70.0
"top beauty supply",0,1,0.00,1.0
"top cut barber",0,28,0.00,8.4
"top cut barber salon",0,14,0.00,10.1
"top cut barber shop",0,6,0.00,7.5
"top cuts oakland",0,5,0.00,8.2
"top cutz",0,2,0.00,7.0
"top esthetician schools in sugar land",0,2,0.00,51.0
"top flight barber shop",0,7,0.00,6.4
"top g barber",0,1,0.00,8.0
"top hair plus",0,15,0.00,2.5
"top hair plus beauty supply",0,16,0.00,2.9
"top hatter",0,2,0.00,6.5
"top hatter barber",0,1,0.00,7.0
"top hatters barber shop",0,6,0.00,8.5
"top in modesto ca academy",0,1,0.00,56.0
"top knotch hair salon",0,1,0.00,9.0
"top level fades",0,16,0.00,9.4
"top line barber shop",0,1,0.00,1.0
"top modesto ca academy",0,1,0.00,30.0
"top notch",0,1,0.00,1.0
"top notch beauty",0,1,0.00,3.0
"top notch cutz",0,4,0.00,6.0
"top notch nail",0,2,0.00,2.5
"top notch nail & beauty supply",0,8,0.00,4.6
"top notch nail and beauty supply",0,51,0.00,6.0
"top notch nail and beauty supply reviews",0,6,0.00,4.0
"top notch nail supply",0,17,0.00,9.4
"top notch salon",0,1,0.00,9.0
"top of the line barber",0,2,0.00,8.5
"top of the line barber school",0,7,0.00,7.7
"top rank barber",0,2,0.00,10.0
"top rank barbershop",0,15,0.00,9.9
"top rank barbershop reviews",0,3,0.00,6.0
"top rated beauty parlour near me",0,1,0.00,15.0
"top rated beauty supply store near me",0,1,0.00,2.0
"top rated esthetician school",0,1,0.00,4.0
"top rated hair salons near me",0,1,0.00,56.0
"top secret beauty spa & academy",0,14,0.00,7.6
"top shelf barber",0,7,0.00,19.4
"top shelf barber studio",0,5,0.00,7.8
"top styles barber shop",0,5,0.00,10.4
"top tier barber",0,2,0.00,10.5
"top tier barber shop",0,1,0.00,11.0
"top tier barber studio",0,3,0.00,9.7
"top tier cuts barbershop",0,2,0.00,12.0
"top-tier cuts barbershop mcallen",0,11,0.00,7.2
"tophatter",0,3,0.00,6.3
"tophatters barbershop",0,24,0.00,8.2
"topline beauty college",0,9,0.00,11.6
"toppers",0,1,0.00,3.0
"toprank barbershop",0,1,0.00,8.0
"topshelf barbershop",0,2,0.00,10.5
"toptier barber",0,1,0.00,10.0
"torito and liza beauty academy",0,26,0.00,5.6
"torito y liza beauty academy",0,6,0.00,7.5
"total beauty salon",0,1,0.00,7.0
"total bloss",0,1,0.00,1.0
"total care salon",0,1,0.00,1.0
"total hair",0,3,0.00,24.0
"total hair and nails",0,1,0.00,25.0
"total hair care",0,5,0.00,8.8
"total hair care photos",0,2,0.00,8.0
"total hair elite",0,2,0.00,34.5
"total hair experience salon",0,1,0.00,35.0
"total hair salon",0,1,0.00,45.0
"total makeover",0,3,0.00,39.7
"total nails & hair academy",0,1,0.00,80.0
"total nails and hair academy",0,2,0.00,80.0
"total salon studios",0,1,0.00,52.0
"totally toni beauty and esthetics",0,1,0.00,37.0
"toto beauty supply",0,1,0.00,56.0
"touch beauty bar",0,3,0.00,4.0
"touch of beauty salon",0,2,0.00,3.0
"touch of beauty spa",0,1,0.00,8.0
"touch of class manicure school",0,3,0.00,6.3
"touch of essence",0,3,0.00,9.0
"touch of essence beauty supply",0,82,0.00,7.2
"touch of essence beauty supply photos",0,7,0.00,7.7
"touch of haven",0,1,0.00,10.0
"touch of heaven beauty spa",0,37,0.00,5.7
"touch of heaven beauty spa photos",0,4,0.00,6.3
"touch of heaven hair artistry",0,49,0.00,9.1
"touch of heaven salon",0,17,0.00,10.4
"touch of heaven spa",0,2,0.00,14.0
"touch of jazz barbershop",0,4,0.00,4.0
"tough luck barber",0,39,0.00,9.2
"tough luck barber houston",0,7,0.00,10.6
"tough luck barber reviews",0,5,0.00,7.6
"toughluck barber",0,3,0.00,9.7
"tovar's hair salon",0,13,0.00,4.4
"tovi barber",0,12,0.00,10.3
"tovi barber shop",0,17,0.00,9.4
"tovi barbershop",0,78,0.00,7.8
"tovi barbershop prices",0,2,0.00,10.0
"tovi barbershop reviews",0,28,0.00,6.3
"tovis barber",0,2,0.00,11.0
"tovis barbershop",0,1,0.00,9.0
"tower 59 barbershop",0,3,0.00,7.3
"town and country beauty salon",0,1,0.00,9.0
"town and country salon",0,1,0.00,8.0
"town beauty supply",0,3,0.00,37.3
"town square barber shop",0,1,0.00,25.0
"town square hair & barber studio amarillo reviews",0,10,0.00,10.5
"towngate beauty supply",0,1,0.00,19.0
"tpob clay",0,1,0.00,5.0
"tpob clippers near me",0,1,0.00,14.0
"tpob play clipper set",0,1,0.00,4.0
"tps nail supply",0,7,0.00,5.3
"tr salon",0,1,0.00,10.0
"tr3s salon",0,14,0.00,10.3
"trabajos en salon de belleza cerca de mi",0,1,0.00,1.0
"tracy cuts",0,1,0.00,7.0
"tracy g salon",0,1,0.00,8.0
"trade mark salon",0,2,0.00,7.0
"trademark hair salon",0,4,0.00,8.8
"trademark salon",0,155,0.00,7.4
"trademark salon and spa",0,1,0.00,22.0
"trademark salon houston",0,6,0.00,6.5
"trademark salon louetta",0,1,0.00,5.0
"trademark salon photos",0,3,0.00,13.7
"trademark salon reviews",0,8,0.00,11.5
"trademark salon | hair extension salon",0,9,0.00,8.1
"trademark salon | hair extension salon houston",0,22,0.00,5.5
"tradesmen barber heights",0,10,0.00,9.9
"traffic barber shop",0,2,0.00,15.5
"traffic barbershop",0,3,0.00,7.3
"traffic+barber",0,3,0.00,7.0
"trale beauty",0,1,0.00,10.0
"tranquil salon",0,1,0.00,36.0
"tranquil spa and salon",0,3,0.00,37.7
"tranquility day spa & salon",0,1,0.00,9.0
"tranquility hair",0,1,0.00,32.0
"tranquility hair salon",0,2,0.00,6.5
"tranquility head spa",0,4,0.00,59.0
"tranquility lounge",0,2,0.00,30.0
"tranquility salon",0,8,0.00,11.4
"tranquility salon & day spa",0,2,0.00,8.5
"tranquility salon and day spa",0,39,0.00,10.4
"tranquility salon and spa",0,1,0.00,50.0
"tranquility spa & salon",0,1,0.00,45.0
"tranquility spa and salon",0,1,0.00,46.0
"tranquility spa houston",0,2,0.00,11.5
"tranquillity salon",0,2,0.00,40.5
"trap cutz",0,1,0.00,8.0
"trap hair salon",0,1,0.00,17.0
"trap salon",0,2,0.00,21.0
"travis street salon",0,1,0.00,11.0
"tre's barber institute",0,5,0.00,9.0
"treadwell houston",0,3,0.00,80.0
"treatment beauty",0,2,0.00,85.0
"treatment+beauty",0,1,0.00,76.0
"trend barber",0,1,0.00,34.0
"trend barber college houston",0,1,0.00,37.0
"trend barber college west bellfort",0,2,0.00,27.0
"trend beauty salon",0,1,0.00,7.0
"trend setter barbershop",0,2,0.00,11.0
"trend setters",0,2,0.00,8.5
"trends beauty",0,4,0.00,34.0
"trends hair and beauty",0,1,0.00,3.0
"trends hair salon near me",0,1,0.00,11.0
"trends salon",0,1,0.00,7.0
"trends salon near me",0,2,0.00,9.0
"trendsetter barber shop",0,1,0.00,9.0
"trendsetter barbershop",0,2,0.00,9.0
"trendsetter beauty school",0,1,0.00,11.0
"trendsetters",0,12,0.00,9.2
"trendsetters barber and beauty salon",0,11,0.00,8.7
"trendsetters barbering company",0,1,0.00,29.0
"trendsetters barbershop",0,2,0.00,7.5
"trendsetters garland",0,17,0.00,9.8
"trendsetters international",0,1,0.00,21.0
"trendsetters salon",0,1,0.00,9.0
"trendy hair gallery & beauty supply",0,3,0.00,62.0
"trendy hair salon houston",0,1,0.00,9.0
"trendy hair studio",0,20,0.00,9.2
"trendy salon",0,1,0.00,5.0
"trendz academy",0,7,0.00,18.9
"trendz barber",0,4,0.00,6.8
"trendz barber academy",0,26,0.00,12.9
"trendz by tammy",0,3,0.00,10.3
"trendz by tammy hair salon",0,2,0.00,12.0
"trendz hair studio",0,1,0.00,8.0
"trendz haircut",0,1,0.00,1.0
"trendz rivera",0,2,0.00,34.5
"trendz salon",0,4,0.00,6.5
"trent dale barber",0,3,0.00,10.0
"tres barber institute",0,33,0.00,10.7
"tres barber institute reviews",0,2,0.00,12.0
"tres hermanas beauty salon",0,2,0.00,6.5
"tres salon",0,2,0.00,60.0
"tressa hair salon",0,1,0.00,1.0
"trevino barber shop",0,5,0.00,9.4
"trevino's barber shop",0,2,0.00,7.0
"trevino's barbershop",0,12,0.00,8.2
"trevinos",0,6,0.00,9.5
"trevinos barber",0,1,0.00,9.0
"trevinos barbershop",0,1,0.00,10.0
"tri state cosmetology",0,2,0.00,16.0
"tri state cosmetology institute",0,5,0.00,7.6
"tri state cosmetology institute reviews",0,1,0.00,12.0
"tri state cosmetology services",0,3,0.00,29.0
"tri state el paso",0,2,0.00,19.0
"tri state school",0,8,0.00,6.3
"tri-state cosmetology institute",0,1,0.00,18.0
"trill cutz",0,2,0.00,5.0
"trill cutz barbershop",0,2,0.00,19.0
"trim and proper",0,2,0.00,45.5
"trim black hair",0,1,0.00,1.0
"trim district",0,2,0.00,13.0
"trim setters",0,1,0.00,1.0
"trimmer hair",0,1,0.00,10.0
"trims barbershop",0,1,0.00,11.0
"trimsetters",0,3,0.00,16.3
"triple crown hair",0,1,0.00,11.0
"triple crown hair salon",0,5,0.00,7.8
"triple crown hair salon frisco",0,3,0.00,8.0
"triple crown hair salon reviews",0,27,0.00,8.8
"triple crown salon",0,6,0.00,9.5
"tristan's traditional barbering",0,5,0.00,6.6
"tristate cosmetology school",0,1,0.00,9.0
"trnd",0,68,0.00,10.0
"trnd hair salon",0,4,0.00,10.5
"trnd salon",0,72,0.00,9.3
"trnd salon photos",0,12,0.00,8.7
"trnd salon reviews",0,89,0.00,7.4
"trnd salon san jose",0,2,0.00,9.0
"trnd san jose",0,18,0.00,8.3
"trolley for salon",0,1,0.00,12.0
"trooth",0,11,0.00,10.9
"trooth katy",0,13,0.00,4.8
"trooth men's grooming lounge",0,1,0.00,9.0
"trophy barber shop baytown",0,1,0.00,23.0
"tru beauty salon",0,1,0.00,8.0
"tru blendz barbershop",0,2,0.00,3.0
"tru hair salon",0,3,0.00,8.3
"tru luxe hair",0,1,0.00,8.0
"tru salon",0,67,0.00,6.2
"tru salon dallas",0,51,0.00,7.2
"trucco beauty",0,1,0.00,10.0
"trucco beauty institute",0,6,0.00,9.3
"trucco beauty institute reviews",0,2,0.00,8.5
"true barber",0,4,0.00,4.8
"true barbers",0,8,0.00,5.4
"true blade barber",0,1,0.00,8.0
"true blades barber shop",0,1,0.00,12.0
"true cuts barbershop",0,1,0.00,11.0
"true cutz",0,16,0.00,8.5
"true cutz llc houston",0,1,0.00,12.0
"true edge hair stick",0,1,0.00,14.0
"true goddess beauty supply",0,1,0.00,9.0
"true goddess beauty supply photos",0,4,0.00,7.3
"true lux barber",0,15,0.00,2.5
"true lux barber co",0,2,0.00,8.0
"true lux barber co.",0,1,0.00,13.0
"true perfection",0,6,0.00,1.0
"true perfection hair studio",0,3,0.00,11.0
"true perfection salon",0,20,0.00,7.9
"true salon",0,5,0.00,7.4
"true school barbershop",0,28,0.00,9.1
"true star beauty supply",0,1,0.00,40.0
"truebarbers",0,1,0.00,5.0
"truecutz",0,3,0.00,11.3
"truelux",0,2,0.00,1.0
"truth barber",0,1,0.00,4.0
"truth barbershop",0,1,0.00,10.0
"try on wigs near me",0,1,0.00,10.0
"trygos",0,6,0.00,6.5
"tspa whitehouse",0,6,0.00,12.0
"tst cuts",0,48,0.00,6.6
"tst hair salon",0,3,0.00,5.0
"tst salon",0,1,0.00,8.0
"tu estilo hair salon",0,18,0.00,7.9
"tu y yo salon",0,8,0.00,6.3
"tune up baytown",0,109,0.00,8.2
"tune up baytown tx",0,9,0.00,10.7
"tune up college station",0,2,0.00,10.5
"tune up college station tx",0,2,0.00,11.0
"tune up cypress",0,1,0.00,22.0
"tune up cypress tx",0,1,0.00,24.0
"tune up cypresswood",0,1,0.00,18.0
"tune up fairfield",0,2,0.00,11.0
"tune up hair",0,1,0.00,21.0
"tune up hair salon",0,1,0.00,20.0
"tune up hair salon near me",0,1,0.00,21.0
"tune up houston",0,1,0.00,46.0
"tune up jersey village",0,1,0.00,9.0
"tune up manly",0,2,0.00,18.5
"tune up manly salon",0,43,0.00,10.2
"tune up manly salon near me",0,2,0.00,10.0
"tune up richmond",0,15,0.00,22.5
"tune up rosenberg",0,1,0.00,19.0
"tune up salon",0,26,0.00,8.7
"tune up salon baytown",0,12,0.00,8.9
"tune up sawdust",0,9,0.00,9.6
"tune up sawdust reviews",0,13,0.00,5.5
"tune up the manly salon",0,52,0.00,11.2
"tune up the manly salon college station reviews",0,3,0.00,4.7
"tune up the manly salon near me",0,1,0.00,21.0
"tune up the manly salon waco reviews",0,7,0.00,5.4
"tune up the woodlands",0,8,0.00,29.3
"tune up waco",0,8,0.00,10.5
"tune up waco tx",0,2,0.00,9.5
"tune up wolflin",0,2,0.00,10.5
"tune up woodforest",0,2,0.00,23.0
"tune ups salon",0,2,0.00,10.5
"tune ups waco",0,2,0.00,8.5
"tune-up manly salon",0,1,0.00,11.0
"tune-up richmond",0,18,0.00,25.3
"tuned up salon",0,1,0.00,22.0
"tuneup manly salon",0,12,0.00,10.8
"tuneup salon",0,1,0.00,11.0
"tuneup the manly salon",0,1,0.00,11.0
"tuscany salons",0,4,0.00,47.5
"tuscany village salon",0,7,0.00,13.1
"tuscany village salons",0,16,0.00,7.4
"tuscany village salons at missouri city",0,9,0.00,10.0
"tweezers near me open now",0,1,0.00,32.0
"twenty 20 barber",0,1,0.00,27.0
"twenty 89 hair design",0,10,0.00,7.6
"twenty20 barbershop",0,9,0.00,9.2
"twin beauty",0,1,0.00,6.0
"twin beauty salon",0,1,0.00,6.0
"twin beauty supply greenhouse",0,5,0.00,2.2
"twin salon",0,2,0.00,5.0
"twin supply",0,1,0.00,1.0
"twins beauty",0,1,0.00,6.0
"twins beauty salon",0,13,0.00,5.5
"twins beauty supply",0,50,0.00,9.4
"twins beauty supply 529",0,35,0.00,6.2
"twins beauty supply houston",0,2,0.00,6.5
"twins hair salon",0,3,0.00,3.3
"twins salon",0,3,0.00,9.3
"twist it up comb nearby",0,2,0.00,5.0
"two blades barbershop and beauty lounge",0,4,0.00,9.0
"two blondes hair salon",0,1,0.00,6.0
"two strand twist",0,1,0.00,6.0
"tx cosmetology ce",0,2,0.00,52.5
"tx cosmetology continuing education",0,1,0.00,62.0
"tx cosmetology license",0,5,0.00,34.2
"tx cosmetology license renewal",0,5,0.00,43.0
"tx cypress services pet grooming",0,2,0.00,97.0
"tx operator practical english",0,1,0.00,11.0
"tx renew cosmetology license",0,4,0.00,42.8
"tx tdlr cosmetology",0,6,0.00,36.5
"ty beauty salon",0,1,0.00,10.0
"ty hair salon",0,7,0.00,7.4
"ty salon",0,82,0.00,7.2
"ty salon photos",0,9,0.00,7.7
"ty salon reviews",0,14,0.00,8.5
"ty the barber",0,2,0.00,1.0
"ty the barber guy",0,5,0.00,2.8
"ty's barber lounge",0,3,0.00,4.3
"tyler barber shops",0,1,0.00,28.0
"tylerz barbershop",0,1,0.00,20.0
"tys barber lounge",0,1,0.00,2.0
"u hair",0,1,0.00,21.0
"u hair studio",0,1,0.00,4.0
"u n i beauty supply",0,5,0.00,19.4
"u next barber",0,1,0.00,12.0
"u next barber shop",0,4,0.00,8.5
"u salon",0,1,0.00,4.0
"u salon and spa",0,1,0.00,23.0
"ucas brownsville",0,50,0.00,8.1
"ucas brownsville tx",0,1,0.00,7.0
"ucas cosmetology mcallen tx",0,1,0.00,17.0
"ucas harlingen",0,2,0.00,14.5
"ucas harlingen texas",0,2,0.00,17.5
"ucas harlingen tx",0,1,0.00,15.0
"ucas la joya",0,2,0.00,15.5
"ucas mcallen",0,1,0.00,23.0
"ucas near me",0,3,0.00,9.0
"ucas services",0,1,0.00,38.0
"uclips",0,1,0.00,5.0
"ud barber",0,18,0.00,8.2
"ud barber shop",0,13,0.00,13.0
"ud barbershop",0,2,0.00,6.5
"ulta",0,2,0.00,50.5
"ulta 77024",0,2,0.00,9.5
"ulta bay area",0,6,0.00,9.0
"ulta baytown",0,269,0.00,8.4
"ulta baytown hours",0,8,0.00,8.6
"ulta baytown texas",0,1,0.00,11.0
"ulta baytown tx",0,5,0.00,10.4
"ulta beauty baytown",0,31,0.00,8.6
"ulta beauty baytown reviews",0,28,0.00,4.1
"ulta beauty baytown tx",0,3,0.00,11.7
"ulta beauty el dorado",0,2,0.00,7.0
"ulta beauty fry road",0,2,0.00,9.5
"ulta beauty hours",0,1,0.00,9.0
"ulta beauty houston",0,4,0.00,17.0
"ulta beauty houston reviews",0,90,0.00,9.1
"ulta beauty houston tx",0,1,0.00,17.0
"ulta beauty katy",0,20,0.00,10.7
"ulta beauty katy reviews",0,23,0.00,9.3
"ulta beauty katy tx",0,2,0.00,22.0
"ulta beauty kirby",0,9,0.00,10.3
"ulta beauty kirby drive houston tx",0,1,0.00,11.0
"ulta beauty league city",0,3,0.00,8.3
"ulta beauty league city reviews",0,16,0.00,8.3
"ulta beauty memorial",0,1,0.00,12.0
"ulta beauty richmond ave",0,19,0.00,8.4
"ulta beauty richmond avenue houston tx",0,1,0.00,8.0
"ulta beauty supply hours",0,1,0.00,10.0
"ulta beauty webster",0,13,0.00,9.8
"ulta beauty webster reviews",0,21,0.00,9.7
"ulta beauty webster tx",0,1,0.00,15.0
"ulta beauty westheimer",0,1,0.00,25.0
"ulta city center",0,1,0.00,19.0
"ulta clear lake el dorado",0,3,0.00,9.3
"ulta cosmetics houston",0,2,0.00,16.5
"ulta el dorado",0,10,0.00,11.2
"ulta el dorado blvd",0,10,0.00,7.6
"ulta eldorado",0,6,0.00,9.5
"ulta fry rd",0,24,0.00,8.7
"ulta fry road",0,6,0.00,9.2
"ulta galleria houston",0,1,0.00,22.0
"ulta garth",0,3,0.00,9.3
"ulta hair salon",0,7,0.00,10.7
"ulta houra",0,1,0.00,10.0
"ulta hours",0,23,0.00,10.6
"ulta hours houston",0,2,0.00,12.0
"ulta hours sunday",0,5,0.00,10.8
"ulta houston",0,2,0.00,15.0
"ulta houston galleria",0,1,0.00,20.0
"ulta houston locations",0,2,0.00,17.0
"ulta houston tx",0,1,0.00,20.0
"ulta in baytown",0,12,0.00,9.0
"ulta in katy",0,4,0.00,10.3
"ulta katy",0,105,0.00,11.4
"ulta katy freeway",0,6,0.00,9.5
"ulta katy texas",0,4,0.00,11.3
"ulta katy tx",0,5,0.00,14.6
"ulta kirby",0,12,0.00,9.8
"ulta kirby drive",0,1,0.00,10.0
"ulta kirby houston",0,3,0.00,11.3
"ulta league city",0,79,0.00,8.2
"ulta league city tx",0,3,0.00,10.3
"ulta memorial city",0,1,0.00,18.0
"ulta memorial city mall",0,1,0.00,14.0
"ulta near me",0,2,0.00,11.5
"ulta near me within 5 mi",0,2,0.00,10.0
"ulta on memorial",0,1,0.00,9.0
"ulta on richmond",0,16,0.00,8.4
"ulta open hours",0,1,0.00,11.0
"ulta richmond ave",0,4,0.00,11.5
"ulta richmond plaza",0,8,0.00,9.0
"ulta salon",0,4,0.00,9.8
"ulta salon hours",0,1,0.00,10.0
"ulta salon services",0,1,0.00,12.0
"ulta stone hill",0,1,0.00,34.0
"ulta store hours",0,3,0.00,11.7
"ulta sunday hours",0,2,0.00,11.5
"ulta times",0,1,0.00,12.0
"ulta timings",0,1,0.00,12.0
"ulta webster",0,21,0.00,10.2
"ulta webster hours",0,1,0.00,24.0
"ulta webster tx",0,3,0.00,10.7
"ulta west valley",0,1,0.00,9.0
"ulta's hours",0,1,0.00,10.0
"ultimate barber shop",0,11,0.00,7.3
"ultimate barbershop",0,1,0.00,10.0
"ultimate grooming lounge",0,1,0.00,63.0
"ultimate house of style",0,1,0.00,1.0
"ultimate house of style salon",0,2,0.00,9.0
"ultimate salon",0,1,0.00,10.0
"ultimate touch",0,1,0.00,26.0
"ultimate touch beauty salon",0,1,0.00,9.0
"ultra barber",0,2,0.00,4.0
"ultra beauty hours",0,1,0.00,5.0
"ultra beauty supply",0,30,0.00,10.5
"ultra beauty supply cullen",0,10,0.00,4.2
"ultra beauty supply houston",0,11,0.00,7.4
"ultra beauty supply store",0,1,0.00,12.0
"ultra beauty supply westheimer",0,2,0.00,4.0
"ultra hair supply",0,1,0.00,10.0
"ultra wigs",0,1,0.00,5.0
"um hair salon",0,1,0.00,11.0
"umar salon",0,2,0.00,24.5
"un salón de belleza cerca de mí",0,1,0.00,1.0
"unas",0,1,0.00,7.0
"undercover barber",0,13,0.00,9.5
"undercover barbershop",0,9,0.00,8.7
"underdog barbershop",0,1,0.00,48.0
"underground barber",0,3,0.00,8.0
"underground barbershop",0,5,0.00,7.4
"underground barbershop modesto",0,4,0.00,9.8
"undeux",0,1,0.00,37.0
"undisputed barbershop",0,3,0.00,15.7
"unext barber shop",0,6,0.00,11.3
"unfiltered beauty",0,3,0.00,5.0
"unfiltered salon",0,1,0.00,22.0
"uni beauty supply",0,67,0.00,7.2
"uni beauty supply long beach",0,28,0.00,5.8
"uni beauty supply moreno valley",0,60,0.00,5.2
"uni beauty supply photos",0,8,0.00,6.3
"uni hair",0,7,0.00,13.7
"uni hair store",0,1,0.00,36.0
"uni hair studio",0,3,0.00,5.7
"uni hairdresser",0,3,0.00,10.7
"uni salon",0,2,0.00,19.0
"uni-hair salon",0,1,0.00,15.0
"unicorn hair dallas",0,1,0.00,16.0
"unicorn hair extensions",0,1,0.00,14.0
"unicorn hair queen",0,1,0.00,26.0
"unicorn hair queen extensions dallas reviews",0,11,0.00,10.6
"unicorn hair salon",0,1,0.00,8.0
"union barber shop",0,1,0.00,1.0
"union barbershop",0,3,0.00,7.7
"unique beauty lounge sherman",0,33,0.00,8.0
"unique beauty salon",0,1,0.00,1.0
"unique blendz barbershop",0,7,0.00,10.4
"unique brows threading salon",0,1,0.00,6.0
"unique cuts barbershop barberia dominicana",0,5,0.00,10.0
"unique cuts cypress",0,5,0.00,10.4
"unique gentlemen’s barbershop",0,2,0.00,10.0
"unique hair artistry",0,1,0.00,1.0
"unique hair studio",0,1,0.00,4.0
"unique kutz",0,2,0.00,9.5
"unique salon",0,2,0.00,6.0
"uniquecuts",0,1,0.00,11.0
"uniques beauty",0,1,0.00,1.0
"united beauty college",0,36,0.00,9.2
"united beauty college carrollton tx",0,15,0.00,9.4
"united beauty college photos",0,3,0.00,8.3
"united beauty college reviews",0,3,0.00,11.7
"united beauty school",0,13,0.00,9.0
"united beauty supply",0,1,0.00,1.0
"universal barber college",0,3,0.00,9.3
"universal college of beauty",0,33,0.00,7.2
"universal college of beauty photos",0,8,0.00,10.8
"universal college of beauty reviews",0,19,0.00,8.9
"university beauty college",0,1,0.00,64.0
"university beauty supply",0,1,0.00,30.0
"university of cosmetology",0,9,0.00,42.0
"university of cosmetology arts & sciences",0,3,0.00,12.0
"university of cosmetology arts and sciences",0,2,0.00,22.5
"university of houston hair salon",0,3,0.00,10.3
"uniwigs location",0,1,0.00,67.0
"unlimited beauty supply",0,2,0.00,17.0
"unlimited cutz barber shop",0,1,0.00,17.0
"unlimited cutz reviews",0,4,0.00,12.0
"up and up barbershop - mckinney حلاق عربي",0,1,0.00,10.0
"up and up barbershop plano",0,29,0.00,10.2
"up close beauty max",0,59,0.00,3.8
"up close beauty max llc",0,9,0.00,5.1
"up close beauty max reviews",0,7,0.00,6.6
"uplift hair",0,2,0.00,9.5
"uplift hair nail lash spa",0,4,0.00,10.5
"uplift hair salon",0,2,0.00,13.5
"uplift salon",0,10,0.00,7.4
"uplift salon spa studios reviews",0,7,0.00,7.6
"uplifted barber studio",0,6,0.00,8.3
"upper hand hair salon",0,1,0.00,28.0
"upper hand memorial",0,12,0.00,10.9
"upper hand river oaks",0,26,0.00,10.2
"upper hand salon",0,4,0.00,19.8
"upper hand salon memorial",0,2,0.00,8.0
"upper hand salon river oaks",0,7,0.00,10.9
"upper kirby hair salon",0,2,0.00,30.5
"upper kirby salon",0,3,0.00,45.7
"upper kutz barber shop",0,1,0.00,9.0
"uppercuts barbershop",0,3,0.00,11.7
"uppercuts grand prairie",0,3,0.00,11.0
"uppercutz barbershop",0,1,0.00,8.0
"upperhand memorial",0,8,0.00,9.1
"upperroom barbershop",0,1,0.00,8.0
"upscale barbershop deep ellum",0,7,0.00,55.4
"uptown",0,1,0.00,1.0
"uptown beauty",0,36,0.00,12.2
"uptown beauty 12",0,1,0.00,23.0
"uptown beauty and beyond houston",0,10,0.00,5.1
"uptown beauty co",0,2,0.00,13.5
"uptown beauty near me",0,1,0.00,11.0
"uptown beauty salon",0,1,0.00,1.0
"uptown beauty supply",0,63,0.00,20.4
"uptown beauty supply #1 houston",0,25,0.00,7.0
"uptown beauty supply #11",0,7,0.00,4.9
"uptown beauty supply #15",0,36,0.00,6.1
"uptown beauty supply #2",0,16,0.00,7.8
"uptown beauty supply #6",0,23,0.00,7.3
"uptown beauty supply #7",0,14,0.00,11.2
"uptown beauty supply #99",0,17,0.00,33.1
"uptown beauty supply 11",0,4,0.00,9.5
"uptown beauty supply 249",0,18,0.00,6.2
"uptown beauty supply arlington",0,1,0.00,23.0
"uptown beauty supply arlington tx",0,1,0.00,18.0
"uptown beauty supply bellaire",0,19,0.00,24.1
"uptown beauty supply houston",0,3,0.00,10.3
"uptown beauty supply hwy 6",0,13,0.00,7.4
"uptown beauty supply jones rd",0,13,0.00,6.5
"uptown beauty supply katy",0,40,0.00,6.6
"uptown beauty supply near me",0,7,0.00,13.9
"uptown beauty supply store",0,5,0.00,16.0
"uptown beauty supply veterans memorial",0,4,0.00,5.3
"uptown beauty supply westheimer",0,21,0.00,8.9
"uptown beauty westheimer",0,5,0.00,8.6
"uptown blow dry bar",0,4,0.00,13.8
"uptown blow dry bar vintage",0,14,0.00,7.3
"uptown grooming lounge",0,2,0.00,9.5
"uptown hair salon",0,6,0.00,8.7
"uptown hair salon & blow dry bar vintage park",0,2,0.00,9.5
"uptown hair salon vintage park",0,13,0.00,7.5
"uptown hair store",0,7,0.00,10.3
"uptown salon and blow dry bar reviews",0,6,0.00,10.3
"uptown salon and blowout bar",0,1,0.00,11.0
"uptown salon and dry bar",0,4,0.00,13.8
"uptown shears",0,19,0.00,8.0
"uptown shears hair salon",0,2,0.00,4.5
"ur beauty & barber academy",0,3,0.00,7.3
"urban barber college modesto",0,20,0.00,9.1
"urban barber college san jose",0,4,0.00,9.8
"urban beauty",0,11,0.00,5.3
"urban beauty austin",0,10,0.00,7.1
"urban beauty photos",0,1,0.00,8.0
"urban beauty salon",0,3,0.00,5.3
"urban beauty supply",0,21,0.00,4.8
"urban beauty supply store",0,1,0.00,27.0
"urban betty soco",0,7,0.00,5.1
"urban betty soco reviews",0,4,0.00,4.5
"urban betty south congress",0,2,0.00,9.5
"urban beuty",0,1,0.00,9.0
"urban city barbershop • the beard experts",0,1,0.00,9.0
"urban edge grooming",0,2,0.00,9.0
"urban flow barber shop beaumont",0,12,0.00,5.2
"urban flow barber shop beaumont reviews",0,11,0.00,3.8
"urban gent barber shop",0,5,0.00,9.2
"urban hair",0,2,0.00,9.5
"urban hair salon",0,2,0.00,6.0
"urban hair store",0,2,0.00,4.5
"urban kutz",0,1,0.00,17.0
"urban opulence",0,3,0.00,10.0
"urbana barber shop",0,5,0.00,6.8
"urbana barbershop",0,1,0.00,5.0
"urbana beauty",0,8,0.00,6.9
"urbana beauty & barbershop",0,2,0.00,6.0
"urbana salon",0,2,0.00,6.5
"uri seguin",0,1,0.00,24.0
"us beauty mart",0,1,0.00,1.0
"us beauty supply",0,4,0.00,8.5
"us beauty supply san jose",0,1,0.00,12.0
"us hair and nail accessories market",0,9,0.00,51.4
"us nail supply",0,6,0.00,6.0
"us nails supply",0,14,0.00,7.5
"us salon",0,1,0.00,9.0
"us supply nail",0,1,0.00,6.0
"us.supreme.com",0,1,0.00,5.0
"usa beauty",0,17,0.00,9.9
"usa beauty & barber academy",0,1,0.00,67.0
"usa beauty center",0,1,0.00,8.0
"usa beauty fort worth",0,5,0.00,8.0
"usa beauty hours",0,1,0.00,10.0
"usa beauty mesquite tx",0,1,0.00,9.0
"usa beauty outlet",0,19,0.00,7.8
"usa beauty outlet ii",0,39,0.00,2.8
"usa beauty outlet ii photos",0,6,0.00,5.5
"usa beauty outlet ii reviews",0,1,0.00,3.0
"usa beauty photos",0,1,0.00,7.0
"usa beauty superstore",0,1,0.00,9.0
"usa beauty supplies",0,1,0.00,9.0
"usa beauty supply",0,104,0.00,9.3
"usa beauty supply fort worth",0,2,0.00,10.0
"usa beauty supply mesquite",0,12,0.00,9.4
"usa beauty supply mesquite tx",0,5,0.00,8.8
"usa beauty supply near me",0,5,0.00,8.8
"usa beauty supply photos",0,1,0.00,10.0
"usa beauty supply san antonio",0,5,0.00,5.2
"usa beauty supply store",0,5,0.00,6.2
"usa beauty supply walzem",0,1,0.00,9.0
"usa beuty",0,1,0.00,10.0
"usa hair store",0,1,0.00,11.0
"usa hair supply",0,1,0.00,8.0
"usa wig store",0,1,0.00,1.0
"usa wigs",0,2,0.00,1.0
"usa wigs san antonio",0,1,0.00,5.0
"usaa beauty supply",0,1,0.00,10.0
"uv gel nail polish",0,1,0.00,4.0
"uvs",0,1,0.00,7.0
"uzma salon",0,2,0.00,10.0
"uzma's salon",0,2,0.00,29.5
"v and co hair products",0,1,0.00,8.0
"v barbershop foothill ranch",0,8,0.00,9.6
"v beauty pure acrylic brush",0,1,0.00,9.0
"v beauty pure builder gel",0,1,0.00,7.0
"v hair",0,2,0.00,9.5
"v hair salon",0,11,0.00,8.4
"v hair studio",0,1,0.00,12.0
"v hairstyling",0,1,0.00,37.0
"v salon and spa",0,3,0.00,24.3
"v salon breen rd",0,16,0.00,6.1
"v salon haircut",0,2,0.00,5.5
"v salon houston",0,12,0.00,8.0
"v salon near me",0,1,0.00,9.0
"v salon photos",0,3,0.00,8.0
"v salon spa",0,75,0.00,4.1
"v salon spa reviews",0,11,0.00,6.0
"v saloon",0,1,0.00,9.0
"v tran beauty academy",0,1,0.00,48.0
"v v hair salon",0,1,0.00,11.0
"v v salon",0,17,0.00,8.5
"v&g salon",0,2,0.00,27.5
"v&m hair salon",0,1,0.00,36.0
"v&v hair salon",0,1,0.00,12.0
"v's barber foothill ranch",0,2,0.00,10.0
"v's barbershop - foothill ranch",0,13,0.00,10.0
"v's barbershop - houston energy corridor",0,1,0.00,23.0
"v's barbershop eldridge",0,7,0.00,10.4
"v's barbershop energy corridor",0,1,0.00,8.0
"v's barbershop foothill",0,2,0.00,7.5
"v's barbershop foothill ranch",0,15,0.00,8.9
"v's barbershop houston river oaks",0,1,0.00,12.0
"v's barbershop katy reserve",0,16,0.00,8.8
"v's barbershop river oaks",0,1,0.00,12.0
"v's hair studio",0,1,0.00,3.0
"v.i hair",0,1,0.00,32.0
"v.i. studios",0,1,0.00,23.0
"v.i.p barbershop",0,3,0.00,3.0
"v5 beauty salon",0,1,0.00,8.0
"v8 hair",0,1,0.00,7.0
"v8 hair salon",0,6,0.00,5.8
"v8 hair salon reviews",0,4,0.00,15.0
"v8 salon",0,1,0.00,4.0
"va academy",0,1,0.00,10.0
"valentine barber",0,1,0.00,5.0
"valentine barber shop",0,1,0.00,8.0
"valentine's cuts",0,1,0.00,6.0
"valentines cuts",0,3,0.00,5.3
"valentino barber",0,10,0.00,11.2
"valentino hair",0,1,0.00,33.0
"valentino haircut",0,1,0.00,5.0
"valentino salon",0,1,0.00,8.0
"valentino's barber",0,1,0.00,7.0
"valentino's barber shop",0,1,0.00,11.0
"valentino's barbershop",0,2,0.00,7.0
"valentino's hair salon",0,1,0.00,10.0
"valentinos barber",0,17,0.00,10.4
"valentinos barber shop",0,3,0.00,10.7
"valere salon",0,1,0.00,37.0
"valeria beauty co",0,2,0.00,9.0
"valeria beauty salon",0,2,0.00,15.5
"valeria hair salon",0,3,0.00,8.3
"valeria salon",0,2,0.00,10.5
"valeria's beauty",0,2,0.00,6.5
"valeria's beauty and barber salon",0,3,0.00,16.7
"valeria's beauty salon",0,1,0.00,18.0
"valeria's hair salon",0,1,0.00,6.0
"valeria's salon",0,2,0.00,11.0
"valerias beauty",0,1,0.00,9.0
"valerias beauty salon",0,2,0.00,6.5
"valerias salon",0,1,0.00,11.0
"valerie beauty salon",0,2,0.00,39.0
"valerie hair",0,1,0.00,9.0
"valerie hair salon",0,2,0.00,56.0
"valerie hair stylist",0,1,0.00,8.0
"valerie salon",0,2,0.00,24.5
"valerie's hair",0,1,0.00,54.0
"valerie's salon",0,1,0.00,45.0
"valeries hair salon",0,1,0.00,9.0
"valery salon",0,1,0.00,17.0
"valley barber shop",0,3,0.00,4.0
"valley barbershop",0,4,0.00,5.8
"valley beauty supply",0,1,0.00,9.0
"valley blends barbershop",0,1,0.00,12.0
"valley blendz",0,1,0.00,23.0
"valley blendz barbershop",0,28,0.00,10.0
"valley blendz moreno valley",0,1,0.00,14.0
"valor barber",0,2,0.00,5.5
"van anthony",0,1,0.00,8.0
"vanders cosmetology college",0,3,0.00,4.7
"vanessa's & wendy's beauty salon",0,3,0.00,19.0
"vanguard salon",0,1,0.00,47.0
"vanity essentials",0,1,0.00,1.0
"vanity makeup",0,1,0.00,11.0
"vanity salon houston reviews",0,1,0.00,12.0
"vannas hair salon",0,1,0.00,12.0
"vanny's",0,1,0.00,9.0
"varga barber shop",0,1,0.00,9.0
"varsity cuts",0,3,0.00,10.0
"varsity kutz",0,1,0.00,11.0
"vault beauty",0,50,0.00,5.5
"vault beauty salon",0,1,0.00,11.0
"vault beauty san antonio",0,4,0.00,6.8
"vault beauty supply",0,12,0.00,4.8
"vb nail supply",0,2,0.00,6.5
"vd beauty center",0,1,0.00,6.0
"vd hair salon",0,2,0.00,7.0
"vd salon",0,6,0.00,4.3
"veda beauty salon",0,2,0.00,11.0
"vee hair salon",0,1,0.00,9.0
"vees chop shop",0,1,0.00,23.0
"vega academy",0,1,0.00,12.0
"vegas beauty salon",0,3,0.00,2.3
"vegas salon",0,1,0.00,6.0
"vela hair",0,1,0.00,11.0
"vela hair salon",0,1,0.00,10.0
"vela salon",0,2,0.00,8.0
"velas salon",0,1,0.00,13.0
"vell cuts",0,16,0.00,6.6
"vell.cuts",0,3,0.00,7.7
"vella bella",0,25,0.00,9.6
"vella bella salon",0,1,0.00,12.0
"vella bella salon park & nail spa",0,60,0.00,10.3
"vella bella salon park & nail spa photos",0,11,0.00,7.7
"vella bella salon park & nail spa reviews",0,29,0.00,9.0
"vella belle",0,1,0.00,125.0
"vella hair salon",0,1,0.00,4.0
"vella park",0,1,0.00,7.0
"vella salon",0,4,0.00,37.0
"vellisimo",0,15,0.00,1.2
"vellisimo hair studio",0,7,0.00,2.1
"vellisimo hair studio and spa",0,5,0.00,4.0
"vellisimo salon",0,3,0.00,17.3
"vellisimo salon and spa",0,2,0.00,1.0
"vellisimo salon and spa reviews",0,6,0.00,9.8
"vellisimo salon houston",0,5,0.00,8.2
"vellisimo spa",0,3,0.00,13.0
"velvet and valor family salon",0,1,0.00,9.0
"velvet chair salon",0,1,0.00,8.0
"venados barber shop",0,18,0.00,9.7
"ventas de tintes para cabello cerca de mi",0,1,0.00,1.0
"venture salon",0,1,0.00,4.0
"venue+beauty",0,1,0.00,7.0
"venus beauty salon",0,4,0.00,7.8
"venus beauty supply",0,6,0.00,11.5
"venus beauty supply near me",0,1,0.00,16.0
"venus hair salon hopper rd",0,3,0.00,6.3
"venus hair store",0,1,0.00,7.0
"venus mei",0,14,0.00,3.8
"venus salon houston",0,2,0.00,11.0
"venus shop",0,1,0.00,9.0
"venus wigs",0,2,0.00,8.0
"venus wigs & beauty supply",0,12,0.00,10.5
"venus wigs & beauty supply photos",0,2,0.00,6.0
"venus wigs and beauty supply",0,1,0.00,5.0
"venusmei",0,1,0.00,1.0
"venusmei salon suites el paso",0,11,0.00,6.9
"vernon college cosmetology",0,7,0.00,8.1
"vernon cosmetology school",0,8,0.00,8.5
"vero barber shop",0,1,0.00,7.0
"vero beauty salon",0,4,0.00,5.3
"vero hair",0,1,0.00,9.0
"vero hair salon",0,9,0.00,11.2
"vero hair studio",0,2,0.00,5.5
"vero salon",0,5,0.00,4.6
"vero zarco hair salon",0,17,0.00,7.1
"vero's hair salon",0,1,0.00,32.0
"veronica & co hair salon",0,1,0.00,22.0
"veronica and co",0,1,0.00,5.0
"veronica beauty salon",0,2,0.00,10.5
"veronica hair salon",0,8,0.00,5.3
"veronica hair studio",0,2,0.00,24.0
"veronica hair stylist",0,1,0.00,6.0
"veronica salon",0,17,0.00,8.2
"veronica salon de belleza",0,1,0.00,7.0
"veronica salon near me",0,2,0.00,4.0
"veronica zarco",0,1,0.00,9.0
"veronica's beauty salon",0,4,0.00,9.3
"veronica's hair salon",0,6,0.00,8.5
"veronica's salon",0,1,0.00,5.0
"veronicas beauty salon",0,3,0.00,9.7
"veronicas hair",0,3,0.00,5.0
"veronicas hair salon",0,17,0.00,6.8
"veronicas salon",0,3,0.00,5.7
"veros hair salon",0,3,0.00,30.7
"veros hair studio",0,13,0.00,10.2
"veros salon de belleza",0,1,0.00,6.0
"versa salon",0,4,0.00,8.8
"versatile academy",0,4,0.00,6.5
"versatile barber & beauty academy",0,18,0.00,8.5
"versatile barber and beauty academy",0,30,0.00,8.6
"veyes beauty",0,2,0.00,5.5
"vh academy",0,2,0.00,48.0
"vi beauty salon",0,1,0.00,14.0
"vi hair salon",0,2,0.00,7.5
"vi salon",0,9,0.00,6.9
"vi salon houston",0,2,0.00,6.0
"vi studio",0,1,0.00,49.0
"vi studios",0,1,0.00,27.0
"viana stores",0,1,0.00,88.0
"vibe barber",0,1,0.00,6.0
"vibe barber shop",0,3,0.00,9.0
"vibe salon",0,2,0.00,26.0
"vibes barber shop",0,1,0.00,11.0
"vibez hair salon",0,1,0.00,10.0
"vibrant beauty",0,1,0.00,4.0
"vibrant beauty salon",0,1,0.00,4.0
"vibrant color & cuts",0,3,0.00,3.7
"vibrant color and cuts",0,9,0.00,2.8
"vibrant color and cuts reviews",0,1,0.00,10.0
"vibrant hair salon",0,2,0.00,4.0
"vibrant hair salon near me",0,1,0.00,1.0
"vibrantbeauty",0,1,0.00,1.0
"vic the barber",0,1,0.00,8.0
"vicente hair salon",0,2,0.00,8.0
"vicente peluqueria",0,2,0.00,7.0
"vicente salon",0,8,0.00,11.3
"vics volume",0,6,0.00,5.2
"vics volume houston",0,10,0.00,4.4
"victoria academy",0,2,0.00,9.5
"victoria and company",0,1,0.00,29.0
"victoria beauty lounge",0,1,0.00,26.0
"victoria beauty salon",0,1,0.00,10.0
"victoria beauty shop",0,1,0.00,19.0
"victoria center",0,1,0.00,1.0
"victoria cosmetology & barber academy",0,3,0.00,9.3
"victoria cosmetology academy",0,1,0.00,11.0
"victoria cosmetology school",0,32,0.00,6.7
"victoria hair salon",0,1,0.00,7.0
"victoria hair salon near me",0,1,0.00,10.0
"victoria j hair salon",0,1,0.00,29.0
"victoria j salon",0,1,0.00,30.0
"victoria salon",0,6,0.00,12.5
"victoria salon & spa",0,1,0.00,39.0
"victoria threading beauty salon & spa",0,1,0.00,69.0
"victoria's academy of cosmetology",0,1,0.00,8.0
"victoria's beauty salon",0,1,0.00,23.0
"victoria's hair salon",0,1,0.00,5.0
"victorian beauty lounge",0,1,0.00,25.0
"victorias beauty school",0,1,0.00,2.0
"victorias hair salon",0,1,0.00,6.0
"victorious barber",0,1,0.00,43.0
"victorious barber shop",0,5,0.00,12.8
"victorious barber studio",0,1,0.00,12.0
"victorious barbershop",0,2,0.00,7.0
"victory barber lounge",0,34,0.00,10.3
"victory barber shop",0,2,0.00,8.0
"victory barbers",0,1,0.00,10.0
"victory career college",0,4,0.00,9.0
"victory career college reviews",0,5,0.00,10.4
"vida beauty",0,9,0.00,15.1
"vida beauty & wellness",0,1,0.00,55.0
"vida beauty brow",0,3,0.00,31.3
"vida beauty design",0,1,0.00,19.0
"vida beauty salon",0,5,0.00,18.8
"vida beauty studio",0,12,0.00,6.4
"vida hair and skin",0,1,0.00,39.0
"vida hair salon",0,3,0.00,7.7
"vida hair studio",0,1,0.00,34.0
"vida lux salon and suites",0,1,0.00,25.0
"vida salon",0,2,0.00,6.5
"vida salon and spa",0,1,0.00,52.0
"vida salon red hook",0,1,0.00,35.0
"vida studios",0,1,0.00,32.0
"vidal barber shop",0,3,0.00,20.7
"vidal barbershop",0,1,0.00,8.0
"vidal hair",0,3,0.00,24.3
"vidal hair salon",0,24,0.00,8.6
"vidal salon",0,5,0.00,8.2
"vidals",0,1,0.00,59.0
"vidals hair salon",0,2,0.00,6.0
"vidals salon",0,2,0.00,6.5
"vidible changes",0,2,0.00,7.5
"viet beauty supply",0,2,0.00,5.0
"viet nail supply",0,36,0.00,4.0
"viet nail supply san diego",0,9,0.00,3.6
"viet nails",0,30,0.00,2.6
"viet nails supply",0,35,0.00,4.2
"viet nails supply photos",0,5,0.00,6.8
"viet supply",0,9,0.00,6.1
"vietnail",0,2,0.00,1.0
"vietnails",0,1,0.00,1.0
"vietnamese barber near me",0,1,0.00,1.0
"vietnamese hair cut",0,2,0.00,14.0
"vietnamese hair salon",0,1,0.00,1.0
"vietnamese hair salon near me",0,2,0.00,13.0
"vietnamese haircut",0,1,0.00,1.0
"vietnamese haircut near me",0,1,0.00,2.0
"views barbershop",0,1,0.00,5.0
"vigil barbershop",0,2,0.00,7.0
"vigils barbershop",0,8,0.00,7.0
"vigil’s barbershop llc barbería",0,1,0.00,9.0
"viky salon",0,1,0.00,12.0
"villa bella salon",0,1,0.00,39.0
"village cuts",0,27,0.00,7.4
"village cuts hair salon",0,5,0.00,8.8
"village cuts the woodlands",0,10,0.00,7.1
"village haircut",0,3,0.00,6.7
"village salon",0,2,0.00,6.0
"village salon and spa",0,1,0.00,2.0
"vilma salon",0,1,0.00,5.0
"vilmas beauty salon",0,1,0.00,10.0
"vin hair studio",0,1,0.00,70.0
"vina beauty supply",0,4,0.00,5.3
"vince hair salon",0,4,0.00,3.0
"vince salon",0,5,0.00,6.2
"vince salon garland",0,12,0.00,5.4
"vince's hair salon",0,1,0.00,4.0
"vince's salon",0,12,0.00,8.7
"vince's salon reviews",0,2,0.00,5.0
"vincent & vincent",0,2,0.00,32.0
"vincent and vincent",0,1,0.00,29.0
"vincent and vincent hair salon",0,2,0.00,27.5
"vincent and vincent salon",0,2,0.00,31.5
"vincent hair",0,1,0.00,4.0
"vincents hair salon",0,2,0.00,8.5
"vincents salon",0,1,0.00,6.0
"vinces hair salon",0,1,0.00,1.0
"vinces salon",0,21,0.00,5.6
"vineyard barbers",0,10,0.00,12.4
"vineyard barbershop",0,2,0.00,12.0
"vinnies barber shop",0,2,0.00,10.0
"vinny's barber shop",0,1,0.00,13.0
"vinny's barber shop spring tx",0,1,0.00,11.0
"vinny's barbershop reviews",0,1,0.00,8.0
"vinny's barbershop the woodlands",0,1,0.00,9.0
"vinny's barbershop the woodlands shenandoah reviews",0,1,0.00,11.0
"vinny's barbershop woodlands",0,1,0.00,16.0
"vinnys barbershop",0,1,0.00,8.0
"vinnys barbershop spring",0,9,0.00,10.2
"vintage barbershop llc",0,1,0.00,46.0
"vintage beauty salon",0,1,0.00,9.0
"vintage blow dry bar",0,4,0.00,6.8
"vintage cuts",0,3,0.00,11.3
"vintage cuts bakersfield",0,10,0.00,11.4
"vintage cutz",0,11,0.00,10.5
"vintage cutz bakersfield",0,5,0.00,11.6
"vintage cutz barber shop",0,4,0.00,8.0
"vintage hair studio",0,1,0.00,7.0
"vintage park hair salon",0,8,0.00,10.4
"vintage park salon",0,30,0.00,8.0
"vintage park salon reviews",0,7,0.00,9.0
"vintage park salons",0,1,0.00,14.0
"vintage salon",0,5,0.00,7.2
"vip barber",0,2,0.00,6.5
"vip barber lounge",0,2,0.00,25.5
"vip barber lounge reviews",0,5,0.00,11.6
"vip barber school",0,1,0.00,13.0
"vip barber shop",0,20,0.00,17.1
"vip barber shop near me",0,1,0.00,1.0
"vip barber shop photos",0,1,0.00,8.0
"vip barber studio",0,6,0.00,17.0
"vip barber suite",0,1,0.00,30.0
"vip barbers",0,1,0.00,11.0
"vip barbershop",0,7,0.00,22.9
"vip beauty",0,6,0.00,9.7
"vip beauty supply",0,4,0.00,12.8
"vip beauty supply store",0,3,0.00,10.0
"vip cut",0,1,0.00,4.0
"vip cuts barber shop",0,1,0.00,42.0
"vip elegant beauty supply",0,1,0.00,21.0
"vip hair cuts",0,1,0.00,55.0
"vip hair salon",0,1,0.00,8.0
"vip hair store",0,2,0.00,25.5
"vip haircut",0,1,0.00,7.0
"vip haircuts",0,1,0.00,11.0
"vip kings barber college",0,5,0.00,12.4
"vip kings barbershop",0,1,0.00,41.0
"vip lounge barber",0,17,0.00,5.3
"vip luxury barbershop",0,1,0.00,40.0
"vip nail bar",0,2,0.00,7.5
"vip nail bar sherman",0,6,0.00,8.7
"vip nail bar sherman reviews",0,1,0.00,5.0
"vip nails",0,1,0.00,6.0
"vip nails sherman tx",0,12,0.00,7.8
"vip salon",0,1,0.00,7.0
"vip salon conroe",0,3,0.00,9.0
"vip studio",0,3,0.00,3.0
"vip studio barbershop",0,3,0.00,3.7
"vip styles",0,1,0.00,38.0
"vip wigs",0,31,0.00,6.1
"vip wigs and beauty",0,2,0.00,4.0
"viper beauty studio",0,2,0.00,18.0
"virtue hair salon",0,1,0.00,5.0
"virtuous hair",0,3,0.00,7.0
"virtuous hair salon",0,14,0.00,6.9
"virtuous hair salon pearland",0,1,0.00,7.0
"virtuous hair salon reviews",0,1,0.00,4.0
"virtus barber",0,1,0.00,6.0
"virtus barber shop",0,1,0.00,12.0
"visa+salon",0,1,0.00,6.0
"visable changes",0,9,0.00,9.8
"visage beauty salon",0,1,0.00,12.0
"visage hair salon",0,1,0.00,6.0
"visage salon",0,17,0.00,7.8
"visage salon & day spa",0,2,0.00,9.5
"visage salon and day spa",0,1,0.00,9.0
"visiable changes",0,1,0.00,9.0
"visibke changes",0,1,0.00,6.0
"visible change salon",0,1,0.00,30.0
"visible changed",0,1,0.00,23.0
"visible changes",0,339,0.00,8.6
"visible changes (inside galleria 1)",0,3,0.00,7.3
"visible changes (inside memorial city)",0,1,0.00,10.0
"visible changes baybrook",0,1,0.00,32.0
"visible changes corporate office",0,1,0.00,42.0
"visible changes cost",0,1,0.00,33.0
"visible changes first colony",0,2,0.00,23.0
"visible changes first colony mall",0,3,0.00,19.7
"visible changes first colony reviews",0,9,0.00,11.2
"visible changes galleria",0,4,0.00,15.3
"visible changes galleria houston",0,1,0.00,8.0
"visible changes galleria mall",0,2,0.00,24.0
"visible changes galleria reviews",0,1,0.00,12.0
"visible changes hours",0,1,0.00,21.0
"visible changes houston",0,2,0.00,10.5
"visible changes houston tx",0,1,0.00,15.0
"visible changes humble texas",0,1,0.00,27.0
"visible changes humble tx",0,2,0.00,28.0
"visible changes in the galleria",0,1,0.00,11.0
"visible changes in the woodlands mall",0,3,0.00,11.3
"visible changes inc",0,1,0.00,27.0
"visible changes inside deerbrook mall",0,1,0.00,25.0
"visible changes lakeline mall",0,4,0.00,13.8
"visible changes memorial",0,3,0.00,13.7
"visible changes memorial city",0,5,0.00,10.0
"visible changes memorial city reviews",0,2,0.00,12.5
"visible changes memorial mall",0,2,0.00,14.5
"visible changes price list",0,1,0.00,30.0
"visible changes school",0,1,0.00,41.0
"visible changes sugar land",0,3,0.00,19.3
"visible changes the woodlands",0,4,0.00,19.3
"visible changes the woodlands mall",0,4,0.00,11.3
"visible changes the woodlands photos",0,5,0.00,2.4
"visible changes the woodlands reviews",0,30,0.00,9.1
"visible changes the woodlands tx",0,1,0.00,11.0
"visible changes willowbrook",0,4,0.00,16.8
"visible changes willowbrook mall",0,1,0.00,11.0
"visible changes willowbrook mall houston",0,1,0.00,15.0
"visible changes willowbrook reviews",0,31,0.00,9.0
"visible changes woodlands",0,12,0.00,12.6
"visible changes woodlands mall",0,1,0.00,8.0
"visible changes.",0,1,0.00,9.0
"visible chnages",0,4,0.00,8.8
"visible impressions",0,3,0.00,8.3
"visible.changes",0,6,0.00,8.8
"vision to reality beauty academy",0,14,0.00,11.3
"visionary fades",0,1,0.00,3.0
"visions barber shop",0,1,0.00,12.0
"visual changes hair salon",0,1,0.00,6.0
"vital cutz 105",0,1,0.00,40.0
"viva beauty parlour",0,1,0.00,27.0
"viva beauty salon",0,1,0.00,32.0
"viva de beauty",0,7,0.00,9.0
"viva de beauty professional academy",0,7,0.00,11.1
"viva hair",0,3,0.00,8.7
"viva hair salon",0,2,0.00,42.0
"viva hair studio",0,3,0.00,37.7
"viva salon",0,3,0.00,5.7
"viva salon near me",0,1,0.00,9.0
"viva salon studios",0,1,0.00,55.0
"viva styles",0,4,0.00,2.3
"vivace hair salon",0,1,0.00,46.0
"vivas salon",0,3,0.00,71.0
"vive beauty salon",0,10,0.00,12.5
"vive hair salon",0,9,0.00,10.9
"vive organic hair salon",0,1,0.00,44.0
"vive salon",0,4,0.00,14.3
"vive salon and spa",0,2,0.00,21.0
"vive studio",0,1,0.00,57.0
"vives salon",0,1,0.00,27.0
"vivid hair",0,1,0.00,13.0
"vivid hair color",0,1,0.00,2.0
"vivid hair salon",0,3,0.00,6.7
"vivid houston",0,1,0.00,16.0
"vivid salon",0,10,0.00,7.2
"vivid underground",0,2,0.00,27.5
"vividhair",0,1,0.00,12.0
"vivids hair salon",0,1,0.00,9.0
"vivis nails",0,1,0.00,1.0
"vivy nails",0,3,0.00,49.0
"vixen and beard riverside",0,1,0.00,9.0
"vm beauty",0,2,0.00,9.0
"vn beauty salon",0,12,0.00,13.8
"vn hair salon",0,3,0.00,6.3
"vn salon",0,12,0.00,8.4
"vo hair salon",0,1,0.00,9.0
"vocational cosmetology school",0,1,0.00,12.0
"vocational schools in san antonio",0,1,0.00,30.0
"vogue beauty academy",0,3,0.00,14.0
"vogue beauty college",0,4,0.00,8.0
"vogue beauty school",0,6,0.00,9.7
"vogue college",0,13,0.00,6.0
"vogue college lubbock",0,1,0.00,12.0
"vogue college mcallen financial aid",0,2,0.00,44.5
"vogue college of cosmetology locations",0,8,0.00,11.8
"vogue college of cosmetology lubbock",0,1,0.00,12.0
"vogue college of cosmetology prices",0,3,0.00,7.7
"vogue college of cosmetology san antonio",0,2,0.00,25.0
"vogue college of fashion",0,1,0.00,2.0
"vogue college san antonio",0,1,0.00,8.0
"vogue cosmetology",0,13,0.00,9.1
"vogue cosmetology school",0,9,0.00,10.7
"vogue hair and beauty salon",0,1,0.00,3.0
"vogue international academy",0,2,0.00,7.5
"vogue lubbock",0,2,0.00,10.5
"vogue mcallen",0,4,0.00,16.8
"vogue mcallen tx",0,1,0.00,14.0
"vogue san antonio",0,1,0.00,12.0
"vogue school",0,4,0.00,7.8
"vogue school of cosmetology",0,1,0.00,12.0
"volt barber",0,8,0.00,10.3
"volt barbers",0,4,0.00,10.5
"volt barbershop",0,1,0.00,10.0
"volume hair salon",0,3,0.00,1.0
"volume salon",0,30,0.00,3.9
"volume salon clear lake",0,1,0.00,7.0
"volume salon houston",0,14,0.00,5.1
"von",0,6,0.00,7.7
"von anthony",0,7,0.00,9.3
"von anthony frisco",0,1,0.00,5.0
"von anthony salon",0,118,0.00,6.1
"von anthony salon frisco",0,15,0.00,5.1
"von anthony salon photos",0,9,0.00,10.0
"von anthony salon reviews",0,41,0.00,9.5
"vos shop",0,1,0.00,49.0
"voss beauty",0,4,0.00,4.0
"voss beauty systems",0,9,0.00,4.2
"voss dallas",0,1,0.00,21.0
"voss hair",0,2,0.00,10.0
"voss hair salon",0,3,0.00,10.0
"voss salon",0,36,0.00,7.2
"voss salon dallas tx",0,1,0.00,18.0
"voss salon near me",0,1,0.00,11.0
"voss salon reviews",0,6,0.00,9.7
"votech school",0,1,0.00,13.0
"vox hair salon",0,1,0.00,7.0
"vq",0,1,0.00,7.0
"vs barber shop foothill ranch",0,20,0.00,9.7
"vs barber shop katy",0,1,0.00,12.0
"vs barbershop foothill ranch",0,4,0.00,9.8
"vs barbershop katy reserve",0,16,0.00,9.5
"vs barbershop tanglewood",0,2,0.00,10.0
"vs beauty studio",0,2,0.00,31.0
"vs hair salon",0,2,0.00,9.0
"vs hair studio",0,2,0.00,4.0
"vs salon",0,2,0.00,5.0
"vs vogue beauty academy",0,33,0.00,8.2
"vsalon",0,1,0.00,3.0
"vtk barbershop",0,1,0.00,80.0
"vtran beauty academy",0,1,0.00,48.0
"vu ja de amarillo",0,1,0.00,8.0
"vuja de creative hair concepts",0,4,0.00,7.5
"vv hair",0,4,0.00,16.3
"vv hair salon",0,4,0.00,13.5
"vv hair studio",0,1,0.00,12.0
"vv salon",0,19,0.00,8.7
"vvegaz",0,2,0.00,41.5
"vvskutz",0,3,0.00,11.3
"vxo beauty",0,3,0.00,11.7
"vxo beauty academy",0,2,0.00,8.0
"vxo beauty academy reviews",0,29,0.00,10.2
"vy vy",0,1,0.00,1.0
"vy vy hair salon",0,1,0.00,3.0
"vy vy nails",0,4,0.00,10.8
"vyaus",0,1,0.00,2.0
"vyvy",0,7,0.00,1.4
"vyvy hair",0,1,0.00,4.0
"vyvy nail supply",0,7,0.00,3.1
"vyvy nails",0,29,0.00,3.2
"vyvy salon",0,1,0.00,1.0
"vyvys",0,10,0.00,1.4
"vyvys nails",0,1,0.00,3.0
"w",0,1,0.00,1.0
"w beauty salon",0,1,0.00,10.0
"w factory",0,1,0.00,8.0
"w hair and color",0,1,0.00,6.0
"w hair salon",0,2,0.00,9.0
"w salon",0,16,0.00,6.9
"w salon san jose",0,9,0.00,9.7
"w salon santana row",0,6,0.00,10.2
"w's",0,1,0.00,7.0
"w's barber shop",0,7,0.00,7.0
"w's salon",0,16,0.00,7.5
"w's salon reviews",0,11,0.00,4.6
"wacksworks barber & salon suites",0,2,0.00,20.5
"waco barber",0,2,0.00,39.0
"waco barber shop",0,1,0.00,26.0
"waco beauty school",0,1,0.00,13.0
"waco color studio",0,3,0.00,7.0
"waco hair salons",0,1,0.00,49.0
"wade gordon",0,3,0.00,9.0
"wade gordon academy",0,6,0.00,9.8
"wade gordon amarillo",0,1,0.00,9.0
"wade gordon amarillo tx",0,2,0.00,37.5
"wade gordon hair academy",0,1,0.00,16.0
"wade gordon hairdressing academy",0,6,0.00,9.0
"wade gordon lubbock",0,2,0.00,15.5
"wahl clippers",0,1,0.00,4.0
"waldo cuts",0,8,0.00,7.0
"waldo cuts barbershop",0,2,0.00,6.5
"waldos barber shop",0,2,0.00,11.5
"walgreens on wayside",0,1,0.00,23.0
"walgreens wayside",0,1,0.00,17.0
"walgreens wayside harrisburg",0,1,0.00,19.0
"walgreens wayside houston",0,1,0.00,20.0
"walk in barber shops near me",0,2,0.00,1.0
"walk in barbershop near me",0,1,0.00,1.0
"walk in black hair salon near me",0,3,0.00,1.0
"walk in braids near me",0,1,0.00,1.0
"walk in hair salons houston near me",0,2,0.00,1.0
"walk in hair salons near me",0,2,0.00,4.0
"walk ins welcome hair salon near me",0,1,0.00,24.0
"walk of fame salon",0,21,0.00,5.6
"walker barber",0,1,0.00,5.0
"walker barber shop",0,29,0.00,8.9
"walker barbershop",0,2,0.00,9.0
"walker's barber shop",0,2,0.00,7.0
"walker's barbershop",0,2,0.00,5.5
"walkers barber shop",0,58,0.00,8.1
"walkers barber shop tyler tx",0,16,0.00,7.4
"walkers barbershop",0,2,0.00,10.0
"walkers barbershop tyler",0,5,0.00,8.4
"walkers barbershop tyler tx",0,56,0.00,9.1
"wall to wall beauty",0,32,0.00,6.3
"wall to wall beauty supply",0,97,0.00,9.0
"wall to wall beauty supply photos",0,2,0.00,8.0
"wall to wall beauty supply reviews",0,12,0.00,5.4
"waller beauty supply",0,2,0.00,7.5
"walmart beauty parlour",0,1,0.00,14.0
"walmart em lash studio",0,2,0.00,14.0
"walmart eyelash studio",0,3,0.00,19.3
"wands for hair",0,1,0.00,10.0
"war esthetics institute",0,5,0.00,9.4
"warehouse hair store",0,1,0.00,11.0
"wasan beauty",0,3,0.00,7.0
"wasan beauty houston reviews",0,5,0.00,9.0
"wasan salon",0,2,0.00,8.0
"wash and retwist locs near me",0,1,0.00,1.0
"wash and set hair",0,1,0.00,2.0
"water wave hair",0,1,0.00,9.0
"wave nouveau near me",0,1,0.00,4.0
"wax",0,1,0.00,1.0
"wax beads",0,1,0.00,1.0
"wax kit",0,3,0.00,5.3
"wax near me",0,1,0.00,1.0
"waxing baytown",0,2,0.00,29.0
"waxing near me",0,2,0.00,2.5
"waxing school near me",0,1,0.00,1.0
"wayne's beauty college reviews",0,12,0.00,9.7
"wayne's college of beauty",0,3,0.00,9.3
"waynes college of beauty",0,2,0.00,10.0
"wb kutz",0,7,0.00,10.9
"wbi reseda",0,2,0.00,23.0
"wcjc cosmetology",0,2,0.00,15.5
"we different barber shop",0,20,0.00,8.4
"weatherford college cosmetology",0,1,0.00,11.0
"weatherford cosmetology",0,1,0.00,9.0
"weatherford cosmetology school",0,4,0.00,11.0
"weave take down service near me",0,2,0.00,1.0
"webster bath and body works",0,1,0.00,8.0
"webster ulta",0,1,0.00,27.0
"wedge haircut",0,1,0.00,5.0
"weeds hair",0,1,0.00,12.0
"weeds hair salon",0,4,0.00,10.8
"weeds salon",0,16,0.00,7.7
"weeds salon oakland",0,14,0.00,9.4
"wella ultimate repair",0,1,0.00,6.0
"wellness spa katy",0,5,0.00,10.4
"wellness spa katy reviews",0,22,0.00,7.6
"wellness treatment katy tx",0,26,0.00,52.0
"wellness+barber",0,1,0.00,2.0
"wend hair",0,1,0.00,28.0
"wendy beauty salon",0,2,0.00,3.5
"wendy hair salon",0,12,0.00,7.2
"wendy martin salon",0,16,0.00,9.1
"wendy salon",0,5,0.00,8.8
"wendy salon de belleza",0,1,0.00,9.0
"wendy's barber shop",0,2,0.00,7.5
"wendy's beauty salon",0,3,0.00,20.3
"wendy's hair",0,2,0.00,18.5
"wendy's hair salon",0,5,0.00,9.0
"wendy's salon",0,2,0.00,6.5
"wendys beauty",0,1,0.00,4.0
"wendys beauty salon",0,3,0.00,14.7
"wendys hair",0,1,0.00,7.0
"wendys hair salon",0,9,0.00,6.4
"wendys salon",0,3,0.00,6.0
"wenhaircare",0,1,0.00,6.0
"west coast barber college",0,2,0.00,13.0
"west coast barber supplies",0,2,0.00,10.0
"west coast barber supply",0,71,0.00,10.2
"west coast barber supply reviews",0,39,0.00,4.2
"west coast barber supply riverside reviews",0,40,0.00,3.4
"west coast blends barbershop",0,4,0.00,10.3
"west coast blends barbershop reviews",0,15,0.00,6.5
"west end hair company",0,1,0.00,12.0
"west end hair salon",0,1,0.00,8.0
"west end hair salon el paso",0,1,0.00,9.0
"west memorial barber shop",0,4,0.00,12.0
"west texas barber",0,7,0.00,7.1
"west texas barber academy",0,45,0.00,7.5
"westcoast barber supply",0,19,0.00,8.5
"westcoastbarbersupply",0,2,0.00,10.0
"westend el paso",0,1,0.00,6.0
"westend hair",0,2,0.00,9.0
"westend hair company",0,22,0.00,7.6
"westend hair company el paso",0,1,0.00,5.0
"westend hair company reviews",0,5,0.00,6.4
"westend hair el paso",0,1,0.00,14.0
"westend hair salon",0,1,0.00,8.0
"western barber institute",0,17,0.00,8.7
"western barber institute reviews",0,9,0.00,8.6
"western beauty supply",0,3,0.00,28.7
"whale hair salon",0,1,0.00,5.0
"whale nail supply",0,9,0.00,1.0
"whale spa garden grove",0,2,0.00,1.0
"whale spa supply in garden grove",0,2,0.00,11.0
"whale supply",0,4,0.00,4.8
"what about a barber",0,1,0.00,3.0
"what does the exam look like?",0,1,0.00,4.0
"what does ulta close",0,1,0.00,11.0
"what hair store is open near me",0,1,0.00,1.0
"what is an establishment license",0,2,0.00,12.5
"what is cost cutters",0,1,0.00,31.0
"what is establishment license",0,1,0.00,11.0
"what is the application fee for a mini salon license",0,15,0.00,57.5
"what is the application fee for a mini salon license?",0,14,0.00,58.1
"what is the application fee for a mobile shop",0,2,0.00,56.5
"what is the renewal fee for a specialty salon?",0,8,0.00,53.9
"what is the renewal fee for an mini salon?",0,5,0.00,40.6
"what it look like",0,1,0.00,2.0
"what license do you need to open a barber shop",0,2,0.00,7.0
"what stores sell henna",0,1,0.00,1.0
"what time beauty supply close",0,4,0.00,40.8
"what time beauty supply open",0,1,0.00,10.0
"what time beauty supply store close",0,4,0.00,57.3
"what time do beauty supplies close",0,1,0.00,13.0
"what time do beauty supply close",0,2,0.00,41.5
"what time do hair depot close",0,1,0.00,4.0
"what time do hair stores open",0,2,0.00,9.5
"what time do sally beauty supply open",0,1,0.00,12.0
"what time do supreme hair store close",0,2,0.00,7.0
"what time do the beauty supply close",0,7,0.00,12.3
"what time do the beauty supply open",0,2,0.00,19.5
"what time do the beauty supply store close",0,11,0.00,12.9
"what time do the beauty supply store open",0,3,0.00,8.7
"what time do the hair store close",0,5,0.00,18.8
"what time do the hair store close today",0,1,0.00,11.0
"what time do the hairstore close",0,1,0.00,11.0
"what time do they close sally's",0,1,0.00,11.0
"what time do ulta close",0,1,0.00,12.0
"what time does armstrong mccall close",0,4,0.00,12.3
"what time does bath & body works close",0,2,0.00,11.5
"what time does bath and body works open",0,1,0.00,12.0
"what time does beauty and beyond close",0,1,0.00,7.0
"what time does beauty empire close",0,20,0.00,8.3
"what time does beauty empire open",0,11,0.00,9.8
"what time does beauty queens close",0,1,0.00,9.0
"what time does beauty supply close",0,4,0.00,14.5
"what time does beauty zone close today",0,1,0.00,5.0
"what time does coco bella close",0,19,0.00,6.0
"what time does cost cutters close",0,1,0.00,27.0
"what time does drybar open",0,1,0.00,26.0
"what time does ebony beauty supply close",0,15,0.00,9.2
"what time does ebony beauty supply open",0,6,0.00,9.3
"what time does elegant beauty supply close",0,1,0.00,23.0
"what time does empire hair store close",0,1,0.00,7.0
"what time does fox beauty close",0,3,0.00,5.0
"what time does hair depot close",0,4,0.00,10.0
"what time does hair galleria close",0,6,0.00,8.2
"what time does hair galleria open",0,5,0.00,16.0
"what time does hair world close",0,1,0.00,9.0
"what time does infinite beauty close",0,1,0.00,6.0
"what time does infinite beauty open",0,1,0.00,8.0
"what time does jenny's beauty supply close",0,6,0.00,18.8
"what time does jenny's beauty supply open",0,2,0.00,14.5
"what time does k beauty close",0,1,0.00,22.0
"what time does kc beauty close",0,1,0.00,53.0
"what time does kim's beauty supply close",0,2,0.00,7.5
"what time does kiwi beauty supply close",0,4,0.00,13.5
"what time does lux beauty supply close",0,3,0.00,7.0
"what time does mega close",0,1,0.00,11.0
"what time does miss a close",0,1,0.00,10.0
"what time does miss a open",0,1,0.00,9.0
"what time does pop shelf close",0,1,0.00,8.0
"what time does q beauty close",0,1,0.00,5.0
"what time does quarter to ten close",0,1,0.00,9.0
"what time does sally beauty close",0,48,0.00,11.0
"what time does sally beauty close near me",0,1,0.00,9.0
"what time does sally beauty open",0,2,0.00,11.5
"what time does sally beauty supply close",0,2,0.00,11.5
"what time does sally beauty supply open",0,6,0.00,9.8
"what time does sally close",0,10,0.00,10.0
"what time does sally close today",0,1,0.00,7.0
"what time does sally's beauty close",0,3,0.00,11.0
"what time does sally's beauty open today",0,1,0.00,11.0
"what time does sally's beauty supplies close",0,1,0.00,12.0
"what time does sally's beauty supply close",0,6,0.00,8.7
"what time does sally's beauty supply close today",0,2,0.00,9.5
"what time does sally's beauty supply open",0,3,0.00,12.7
"what time does sally's close",0,17,0.00,10.1
"what time does sally's close at",0,1,0.00,11.0
"what time does sally's close today",0,1,0.00,9.0
"what time does sally's open",0,1,0.00,10.0
"what time does sally's open today",0,1,0.00,10.0
"what time does sallys close",0,11,0.00,9.8
"what time does sallys close today",0,2,0.00,12.0
"what time does salon centric close",0,1,0.00,10.0
"what time does salon centric close today",0,1,0.00,11.0
"what time does salon centric open tomorrow",0,1,0.00,12.0
"what time does saloncentric close",0,1,0.00,8.0
"what time does saloncentric close today",0,1,0.00,7.0
"what time does saloncentric open",0,2,0.00,11.5
"what time does sam's beauty close",0,1,0.00,50.0
"what time does sam's beauty supply close",0,2,0.00,9.0
"what time does smart cuts open",0,1,0.00,24.0
"what time does solid gold close",0,1,0.00,12.0
"what time does star beauty close",0,1,0.00,18.0
"what time does supercuts close today",0,1,0.00,27.0
"what time does supercuts open",0,1,0.00,21.0
"what time does supreme beauty close",0,2,0.00,9.0
"what time does supreme beauty supply close",0,9,0.00,10.0
"what time does supreme beauty supply open",0,1,0.00,8.0
"what time does supreme close",0,3,0.00,19.0
"what time does the beauty store close",0,1,0.00,19.0
"what time does the beauty supply",0,1,0.00,8.0
"what time does the beauty supply close",0,22,0.00,10.7
"what time does the beauty supply close today",0,1,0.00,15.0
"what time does the beauty supply open",0,8,0.00,9.8
"what time does the beauty supply open near me",0,2,0.00,15.0
"what time does the beauty supply store close",0,19,0.00,23.2
"what time does the beauty supply store open",0,2,0.00,7.0
"what time does the hair galleria close",0,2,0.00,6.0
"what time does the hair store close",0,1,0.00,11.0
"what time does the hair store close near me",0,1,0.00,10.0
"what time does the hair store open",0,1,0.00,11.0
"what time does ulta close",0,9,0.00,10.9
"what time does ulta close at",0,1,0.00,12.0
"what time does ulta close on monday",0,2,0.00,10.5
"what time does ulta close on saturday",0,1,0.00,10.0
"what time does ulta close on sunday",0,2,0.00,11.0
"what time does ulta close today",0,1,0.00,11.0
"what time does ulta open",0,6,0.00,11.0
"what time does ulta open and close",0,1,0.00,12.0
"what time does ulta open on saturdays",0,1,0.00,10.0
"what time does ulta open on sunday",0,2,0.00,6.5
"what time does uptown beauty supply close",0,4,0.00,7.5
"what time does usa beauty supply close",0,1,0.00,20.0
"what time hair galleria close",0,3,0.00,10.7
"what time hair world close",0,2,0.00,10.0
"what time is sally's open till",0,1,0.00,10.0
"what time is supercuts open",0,1,0.00,11.0
"what time open",0,1,0.00,3.0
"what time sally beauty close",0,1,0.00,8.0
"what time sally close",0,1,0.00,11.0
"what time sally's close",0,1,0.00,12.0
"what time sally's open",0,2,0.00,10.5
"what time star beauty close",0,1,0.00,7.0
"what time the beauty supply close",0,9,0.00,7.7
"what time the beauty supply open",0,1,0.00,12.0
"what time the beauty supply store close",0,3,0.00,10.0
"what time the hairstore open",0,1,0.00,7.0
"what time they close ulta",0,2,0.00,11.0
"what time ulta opens",0,1,0.00,11.0
"what times does sally's close",0,1,0.00,11.0
"what times does the hair store open",0,1,0.00,1.0
"what’s the address",0,1,0.00,4.0
"when do the beauty supply close",0,2,0.00,9.0
"when do the hair store close",0,2,0.00,47.0
"when does beauty supply close",0,2,0.00,11.0
"when does sally beauty close",0,6,0.00,9.7
"when does sally beauty open",0,1,0.00,12.0
"when does sally close",0,2,0.00,8.5
"when does sally's beauty close",0,2,0.00,10.5
"when does sally's close",0,3,0.00,8.7
"when does sally's close today",0,2,0.00,8.5
"when does sally's open",0,2,0.00,11.5
"when does sallys close",0,2,0.00,8.0
"when does sallys open",0,1,0.00,12.0
"when does supercuts open",0,1,0.00,29.0
"when does the beauty supply close",0,1,0.00,8.0
"when does the beauty supply open",0,1,0.00,34.0
"when does the beauty supply store close",0,2,0.00,11.5
"when does the beauty supply store open",0,3,0.00,23.0
"when does the hair store open",0,1,0.00,34.0
"when does ulta close",0,17,0.00,10.2
"when does ulta close today",0,1,0.00,11.0
"when does ulta open",0,3,0.00,11.7
"where can i buy barber supplies near me",0,1,0.00,75.0
"where can i buy clip in hair extensions in store",0,1,0.00,2.0
"where can i buy fake hair near me",0,1,0.00,1.0
"where can i buy hair cutting scissors near me",0,1,0.00,9.0
"where can i buy k tip extensions",0,1,0.00,1.0
"where can i buy milbon products",0,1,0.00,3.0
"where can i buy this",0,1,0.00,16.0
"where can i buy wigs near me",0,1,0.00,1.0
"where can i get a diffuser",0,1,0.00,1.0
"where can i get a women's haircut near me",0,1,0.00,21.0
"where can i get hair gel near me",0,1,0.00,1.0
"where can i get nail supplies near me",0,1,0.00,1.0
"where can you get a henna tattoo near me",0,1,0.00,1.0
"where in an establishment must the tdlr laws & rules book be kept?",0,1,0.00,12.0
"where is an alo store near me",0,1,0.00,10.0
"where is aveda institute",0,1,0.00,49.0
"where is hair depot",0,1,0.00,7.0
"where is miss a located",0,1,0.00,27.0
"where is ogle school located",0,1,0.00,10.0
"where is the nearest hair store",0,1,0.00,12.0
"where to buy acrylic nail supplies near me",0,1,0.00,11.0
"where to buy barber supplies near me",0,1,0.00,19.0
"where to buy brazilian blowout products near me",0,1,0.00,59.0
"where to buy clippers near me",0,2,0.00,68.0
"where to buy dnd polish in store",0,1,0.00,2.0
"where to buy fake hair",0,1,0.00,1.0
"where to buy hair extension tape near me",0,1,0.00,1.0
"where to buy hair extensions near me",0,1,0.00,1.0
"where to buy hicolor hair dye",0,1,0.00,1.0
"where to buy luxe foundation near me",0,1,0.00,31.0
"where to buy manic panic hair dye",0,1,0.00,1.0
"where to buy twelve12 hair products",0,1,0.00,6.0
"where to buy wella color charm",0,1,0.00,1.0
"where to buy women's wigs near me",0,1,0.00,1.0
"where to get haircut",0,1,0.00,1.0
"which one is more prestigious?",0,1,0.00,4.0
"whiskey barber",0,1,0.00,38.0
"whiskey barber shop",0,1,0.00,7.0
"whiskey barbershop",0,1,0.00,8.0
"whiskey beards studio",0,1,0.00,7.0
"whisky barbershop",0,1,0.00,6.0
"whistle and sway",0,32,0.00,6.5
"whistle and sway reviews",0,25,0.00,5.8
"whistle and sway salon",0,12,0.00,10.2
"whistle and sway salon fort worth",0,1,0.00,8.0
"whit hair",0,1,0.00,4.0
"white a salon",0,45,0.00,4.1
"white a salon photos",0,2,0.00,10.5
"white a salon reviews",0,7,0.00,10.9
"white and black salon",0,1,0.00,17.0
"white cactus salon",0,2,0.00,8.5
"white elm day spa",0,5,0.00,9.6
"white elm day spa reviews",0,2,0.00,6.5
"white elm institute",0,2,0.00,8.5
"white elm spa",0,1,0.00,7.0
"white elm spa college station",0,2,0.00,31.0
"white elm wellness institute",0,39,0.00,8.5
"white elm wellness institute reviews",0,6,0.00,8.5
"white fox address",0,1,0.00,9.0
"white fox beauty supply",0,19,0.00,6.5
"white fox salon",0,1,0.00,10.0
"white fox salon amarillo",0,4,0.00,8.5
"white fox styling",0,3,0.00,14.7
"white hair",0,8,0.00,5.4
"white hair salon",0,4,0.00,8.0
"white horse salon",0,1,0.00,10.0
"white house cosmetology room",0,11,0.00,7.4
"white salon",0,3,0.00,8.3
"white salon and spa",0,1,0.00,56.0
"white salon houston",0,11,0.00,10.1
"white salons",0,1,0.00,44.0
"white unicorn chrome nails",0,1,0.00,4.0
"whitefox amarillo",0,1,0.00,8.0
"whitefox salon",0,1,0.00,9.0
"whitefox styling",0,13,0.00,7.4
"whitefox styling amarillo",0,5,0.00,7.0
"whitefox styling reviews",0,9,0.00,8.6
"whitefox-styling.com",0,2,0.00,30.0
"whitehouse beauty school",0,15,0.00,8.2
"whitehouse cosmetology school",0,28,0.00,8.3
"whitehouse hair school",0,8,0.00,7.3
"whitehouse salon academy",0,5,0.00,10.8
"whitehouse salon professional academy",0,3,0.00,9.3
"whitneys barber shop",0,1,0.00,7.0
"whitneys college station",0,1,0.00,12.0
"whitneys haircuts",0,3,0.00,11.0
"whiye hair",0,1,0.00,4.0
"wholesale barber clippers",0,1,0.00,5.0
"wholesale barber supply distributors",0,1,0.00,1.0
"wholesale barber supply near me",0,2,0.00,71.0
"wholesale beauty supply distributors directory",0,1,0.00,74.0
"wholesale beauty supply distributors houston",0,1,0.00,1.0
"wholesale beauty supply distributors usa",0,1,0.00,1.0
"wholesale nail supply",0,1,0.00,1.0
"wholesale nail supply houston",0,1,0.00,1.0
"wholesale suavecito",0,1,0.00,2.0
"wichita falls barber academy",0,17,0.00,10.5
"wicked barber",0,1,0.00,8.0
"wicked cutz barber",0,3,0.00,7.7
"wicked pixie",0,1,0.00,7.0
"wicked pixie salon & hair studio",0,2,0.00,8.5
"wig",0,1,0.00,1.0
"wig & beauty discount store photos",0,2,0.00,8.0
"wig and beauty",0,1,0.00,12.0
"wig and pen",0,1,0.00,3.0
"wig cap",0,1,0.00,1.0
"wig cap near me",0,1,0.00,3.0
"wig caps",0,1,0.00,3.0
"wig galleria",0,2,0.00,11.0
"wig glue",0,1,0.00,5.0
"wig queen hair",0,1,0.00,3.0
"wig shop",0,1,0.00,1.0
"wig shops",0,1,0.00,2.0
"wig shops in san antonio tx",0,1,0.00,31.0
"wig shops near me",0,5,0.00,9.8
"wig shops near me now",0,1,0.00,1.0
"wig store",0,2,0.00,10.0
"wig store bakersfield",0,2,0.00,1.0
"wig store near me",0,10,0.00,4.1
"wig stores near me",0,3,0.00,1.3
"wig tape",0,1,0.00,7.0
"wig world",0,52,0.00,7.2
"wig world beauty supply",0,73,0.00,5.9
"wig world houston",0,11,0.00,10.6
"wig world houston tx",0,3,0.00,9.7
"wig world near me",0,4,0.00,6.3
"wig world reviews",0,1,0.00,1.0
"wigs",0,1,0.00,1.0
"wigs & beauty",0,1,0.00,9.0
"wigs and beauty",0,11,0.00,5.3
"wigs and beauty pflugerville",0,4,0.00,6.0
"wigs and beauty supply",0,1,0.00,1.0
"wigs bakersfield",0,1,0.00,16.0
"wigs bakersfield ca",0,1,0.00,26.0
"wigs beaumont tx",0,2,0.00,14.5
"wigs beauty & barber supply",0,1,0.00,91.0
"wigs beauty supply",0,1,0.00,6.0
"wigs for chemo patients near me",0,1,0.00,1.0
"wigs for kids",0,4,0.00,4.3
"wigs for white women near me",0,1,0.00,1.0
"wigs for women",0,1,0.00,1.0
"wigs near me within 5 mi",0,1,0.00,1.0
"wigs on hand near me",0,1,0.00,1.0
"wigs sacramento",0,1,0.00,1.0
"wigs sacramento ca",0,1,0.00,7.0
"wigs store near me",0,1,0.00,1.0
"wigworld",0,2,0.00,19.5
"wild boar barber",0,2,0.00,11.0
"wild boar barbershop",0,53,0.00,11.0
"wild boars barbershop",0,17,0.00,9.9
"wild boars barbershop reviews",0,15,0.00,10.4
"wild flower hair",0,1,0.00,5.0
"wild growth hair oil near me",0,1,0.00,1.0
"wild hair",0,4,0.00,7.8
"wild hair salon",0,12,0.00,7.0
"wild hair salon college station",0,1,0.00,7.0
"wildflower hair company",0,1,0.00,10.0
"wildflower hair studio",0,1,0.00,8.0
"wildflower salon",0,3,0.00,7.7
"wildflower salon photos",0,1,0.00,7.0
"will barber shop",0,1,0.00,9.0
"will cuts",0,1,0.00,9.0
"william barber college",0,22,0.00,9.0
"william edge institute",0,50,0.00,8.3
"william edge institute new braunfels",0,4,0.00,9.0
"william edge institute reviews",0,2,0.00,12.0
"william edge new braunfels tx",0,1,0.00,20.0
"william edge school",0,12,0.00,8.3
"williams barber college",0,94,0.00,9.4
"williams barber college fort worth",0,40,0.00,9.8
"williams barber college photos",0,5,0.00,11.2
"williams barber college reviews",0,5,0.00,10.8
"williams barber school",0,4,0.00,6.0
"williams edge school",0,10,0.00,6.8
"willie & coote salon",0,1,0.00,9.0
"willie and coote",0,4,0.00,8.5
"willie and coote salon",0,7,0.00,8.0
"willow hair salon",0,1,0.00,10.0
"willow sage hair salon",0,1,0.00,15.0
"willow sage salon",0,4,0.00,13.3
"willow sage salon fort worth",0,1,0.00,6.0
"willow sage salon grapevine reviews",0,1,0.00,17.0
"willow sage salon reviews",0,1,0.00,7.0
"willowbrook mall hair salon",0,3,0.00,21.3
"willowbrook mall hair salons",0,1,0.00,24.0
"willowbrook mall salon",0,1,0.00,1.0
"willowbrook visible changes",0,2,0.00,10.5
"willowsalon",0,1,0.00,11.0
"windy hair salon",0,1,0.00,14.0
"windy hair salon austin",0,2,0.00,10.0
"windy hair salon original",0,4,0.00,10.5
"windy hair salon photos",0,5,0.00,10.0
"windy hair salon reviews",0,21,0.00,8.7
"windy salon",0,1,0.00,17.0
"windy salon llc",0,1,0.00,15.0
"wink studios lash academy",0,1,0.00,5.0
"winners circle barbershop",0,2,0.00,8.5
"winners circle barbershop austin",0,2,0.00,10.0
"winners circle barbershop reviews",0,1,0.00,11.0
"wmark ng 8635 kit",0,2,0.00,7.0
"wolf's den barbershop",0,1,0.00,9.0
"wolfe lounge",0,20,0.00,8.4
"wolfs barbershop",0,2,0.00,2.5
"wolfs den barbershop",0,1,0.00,13.0
"wolves den",0,1,0.00,7.0
"wolves den barbershop",0,11,0.00,8.7
"wolvesden barbershop",0,1,0.00,7.0
"woman haircut near me",0,1,0.00,9.0
"women hair salon near me",0,1,0.00,1.0
"women haircut near me",0,2,0.00,17.5
"women hairstylist near me",0,1,0.00,1.0
"women short haircuts",0,1,0.00,9.0
"women's haircut near me open sunday",0,1,0.00,1.0
"women's haircuts near me",0,1,0.00,1.0
"womens haircut near me",0,3,0.00,5.3
"wonderland beauty salon",0,1,0.00,15.0
"woodland mall hair salon",0,1,0.00,24.0
"woodlands barber",0,2,0.00,18.5
"woodlands barber shop",0,3,0.00,61.7
"woodlands barbers",0,2,0.00,11.0
"woodlands barbershop",0,2,0.00,24.5
"woodlands hair elite",0,4,0.00,10.0
"woodlands visible changes",0,1,0.00,8.0
"work of art hair salon",0,5,0.00,9.2
"work of art salon",0,1,0.00,8.0
"works of art hair salon",0,13,0.00,7.4
"workshop barber studio houston",0,5,0.00,7.6
"world beauty supply",0,3,0.00,7.0
"world hair stylist",0,1,0.00,11.0
"wow barbershop",0,1,0.00,10.0
"wow hair products",0,1,0.00,6.0
"wow lash and brow academy",0,1,0.00,7.0
"wow look barber shop",0,2,0.00,7.5
"wp salon",0,1,0.00,6.0
"ws barber",0,1,0.00,11.0
"ws barber shop",0,1,0.00,9.0
"ws salon",0,2,0.00,8.5
"ws salon santana row",0,1,0.00,15.0
"wsalon",0,1,0.00,10.0
"www beauty",0,3,0.00,5.3
"www.beauty",0,4,0.00,6.0
"www.ecutz.com",0,1,0.00,21.0
"www.revew costcutters houston",0,4,0.00,9.5
"wyatt barbershop",0,7,0.00,10.0
"wyatt's barber shop",0,1,0.00,10.0
"wyatt's barbershop",0,8,0.00,11.5
"wyatts barbershop",0,19,0.00,11.3
"wyn beauty",0,1,0.00,2.0
"x barber studio",0,2,0.00,7.0
"x beauty salon",0,1,0.00,8.0
"x men barbershop",0,1,0.00,77.0
"x pression braiding hair",0,3,0.00,5.0
"x salon",0,1,0.00,12.0
"x-pression braiding hair",0,2,0.00,9.5
"x9 barber",0,2,0.00,11.0
"x9 barber shop",0,2,0.00,19.5
"x9 barbershop",0,15,0.00,14.9
"x9 barbershop reviews",0,45,0.00,9.4
"xalexbarber",0,1,0.00,6.0
"xalting hair studio",0,1,0.00,49.0
"xavier hair",0,1,0.00,42.0
"xavier salon",0,1,0.00,40.0
"xclusiv beauty academy",0,6,0.00,7.3
"xclusiv makeup beauty academy",0,1,0.00,3.0
"xclusive barber studio",0,4,0.00,17.5
"xclusive barber supply",0,1,0.00,18.0
"xclusive barbershop",0,3,0.00,8.7
"xclusive club",0,2,0.00,41.5
"xclusive grooming lounge",0,1,0.00,51.0
"xclusive hair studio",0,1,0.00,59.0
"xclusively",0,1,0.00,35.0
"xclusives",0,3,0.00,24.0
"xclusives barber shop",0,1,0.00,37.0
"xclusives grooming lounge",0,2,0.00,43.5
"xi caf 4565 highway 6 sugar land tx 77478",0,5,0.00,5.8
"xiu barbershop",0,8,0.00,7.5
"xo beauty",0,4,0.00,8.8
"xo beauty supply",0,68,0.00,8.9
"xo beauty supply photos",0,9,0.00,5.1
"xo salon near me",0,1,0.00,6.0
"xolo barber shop",0,2,0.00,8.5
"xolos barbershop",0,39,0.00,8.2
"xotic barber academy",0,48,0.00,8.5
"xoxo beauty supply",0,7,0.00,13.7
"xoxo hair",0,1,0.00,9.0
"xperience barber",0,6,0.00,32.2
"xperience barbershop",0,16,0.00,7.7
"xperience salon & spa",0,1,0.00,36.0
"xpert hair care katy tx",0,1,0.00,30.0
"xpert hair salon",0,1,0.00,8.0
"xpose beauty",0,2,0.00,48.0
"xpress hair salon",0,6,0.00,47.2
"xpression braiding hair",0,2,0.00,5.5
"xpression salon",0,1,0.00,9.0
"xsalonce hair salon",0,1,0.00,36.0
"xstatic hair salon",0,1,0.00,38.0
"xtra beauty",0,1,0.00,50.0
"xtream beauty",0,1,0.00,4.0
"xtream beauty supply",0,5,0.00,7.6
"xtreme beauty",0,6,0.00,7.3
"xtreme beauty academy",0,41,0.00,5.7
"xtreme beauty supply",0,5,0.00,7.0
"xtreme cuts",0,1,0.00,9.0
"xtreme hair salon",0,2,0.00,4.5
"xtremes salon",0,2,0.00,8.0
"xy grooming lounge",0,2,0.00,61.0
"y hair",0,1,0.00,4.0
"y2 beauty",0,17,0.00,3.5
"y2 beauty mart",0,8,0.00,2.6
"y2 beauty supply",0,6,0.00,3.0
"y2 hair",0,1,0.00,3.0
"y2 mart",0,4,0.00,10.0
"y2k clothing",0,1,0.00,3.0
"yadi salon",0,1,0.00,10.0
"yadira hair salon",0,5,0.00,10.6
"yadiras beauty salon",0,2,0.00,8.5
"yadiras hair salon",0,1,0.00,2.0
"yadis hair salon",0,6,0.00,7.3
"yamal haircut",0,1,0.00,4.0
"yamil barbershop",0,1,0.00,2.0
"yani beauty salon",0,2,0.00,6.0
"yani hair",0,2,0.00,19.0
"yani hair salon",0,1,0.00,9.0
"yani salon",0,1,0.00,12.0
"yanira hair salon",0,1,0.00,9.0
"yanis hair salon",0,2,0.00,5.5
"yanni salon",0,1,0.00,4.0
"yantis hair and nails",0,1,0.00,45.0
"yari salon",0,1,0.00,10.0
"yaris hair salon",0,3,0.00,3.7
"yaris salon",0,2,0.00,8.5
"yash beauty tools",0,8,0.00,3.3
"yasmeen salon",0,2,0.00,19.5
"yasmeen salon near me",0,1,0.00,31.0
"yasmin barber shop",0,1,0.00,5.0
"yasmin beauty lounge",0,1,0.00,46.0
"yasmin beauty salon",0,1,0.00,10.0
"yasmin hair salon",0,7,0.00,12.4
"yasmin salon",0,1,0.00,9.0
"yasmin's beauty",0,1,0.00,37.0
"yasmin's beauty salon",0,1,0.00,11.0
"yasmin's hair salon",0,8,0.00,6.5
"yasmine",0,1,0.00,1.0
"yasmine hair salon",0,2,0.00,24.5
"yasmine salon",0,2,0.00,48.5
"yasmine's hair salon",0,1,0.00,42.0
"yasmins hair salon",0,2,0.00,10.0
"yaya beauty salon",0,1,0.00,2.0
"yayas beauty salon",0,1,0.00,12.0
"yazmin salon",0,17,0.00,6.5
"yazmin's hair salon",0,8,0.00,5.9
"yazmins",0,1,0.00,7.0
"ybblendz",0,4,0.00,11.0
"yepo hours",0,2,0.00,47.0
"yes",0,6,0.00,1.7
"yes and pricing",0,1,0.00,3.0
"yes barbershop",0,1,0.00,25.0
"yes beauty",0,18,0.00,1.7
"yes beauty salon",0,2,0.00,1.0
"yes beauty supply near me",0,1,0.00,2.0
"yes beauty supply reviews",0,4,0.00,3.8
"yes beauty supply store",0,1,0.00,2.0
"yes please",0,1,0.00,4.0
"yes to both",0,1,0.00,7.0
"yesenia hair salon",0,2,0.00,14.0
"yesenia salon",0,1,0.00,11.0
"yesenia's beauty salon",0,1,0.00,9.0
"yesenias salon",0,3,0.00,5.0
"yesibbx",0,1,0.00,1.0
"yessica salon",0,2,0.00,6.5
"yessica's beauty salon",0,1,0.00,6.0
"ygwigs boho hair",0,1,0.00,13.0
"yho store nail supply",0,8,0.00,5.3
"yn hair studio",0,1,0.00,9.0
"yo beauty",0,1,0.00,11.0
"yo beauty supply",0,22,0.00,7.0
"yobe",0,1,0.00,1.0
"yobe hair salon",0,13,0.00,9.5
"yobe salon",0,98,0.00,7.8
"yobe salon houston",0,4,0.00,8.8
"yobe salon photos",0,2,0.00,12.0
"yobe salon reviews",0,106,0.00,8.3
"yobesalon",0,2,0.00,8.0
"yohan barber shop",0,1,0.00,1.0
"yoli's beauty salon",0,3,0.00,5.0
"yolis barber shop",0,2,0.00,9.0
"yolis barbershop",0,2,0.00,9.0
"yolis beauty salon",0,1,0.00,8.0
"yongs beauty supply",0,1,0.00,5.0
"yoon hair salon",0,1,0.00,1.0
"yorktown barber",0,4,0.00,6.3
"yorktown barber shop",0,1,0.00,28.0
"you me beauty salon",0,4,0.00,3.5
"you me beauty school",0,32,0.00,7.9
"you me beauty school reviews",0,2,0.00,10.5
"you me hair salon",0,1,0.00,1.0
"young team hair braiding",0,1,0.00,45.0
"youngs beauty supply",0,1,0.00,5.0
"your hair salon",0,6,0.00,3.0
"your style beauty supply",0,1,0.00,41.0
"yourhairsalon",0,1,0.00,6.0
"ys academy",0,24,0.00,5.7
"ys academy cosmetology",0,30,0.00,7.5
"ys barbershop",0,7,0.00,5.4
"ys cosmetology academy",0,23,0.00,8.3
"ys cosmetology academy reviews",0,24,0.00,8.1
"ys hair salon",0,1,0.00,40.0
"ys school",0,2,0.00,6.0
"yudis beauty salon",0,6,0.00,5.0
"yulonda beauty & barber supply",0,1,0.00,17.0
"yun hair",0,3,0.00,3.0
"yun hair salon",0,4,0.00,2.8
"yun nam hair care",0,1,0.00,3.0
"yun's hair",0,33,0.00,2.9
"yuni hair studio",0,2,0.00,24.0
"yunis salon",0,2,0.00,4.0
"yuns hair",0,20,0.00,2.5
"yuri barber",0,1,0.00,7.0
"yuri barbershop",0,2,0.00,6.0
"yves hair salon",0,11,0.00,9.3
"yves hair studio",0,15,0.00,7.1
"yves salon",0,4,0.00,8.5
"zaneyynails supply store",0,1,0.00,2.0
"zaycasso",0,8,0.00,8.3
"zeba hair salon",0,3,0.00,3.0
"zeba salon",0,25,0.00,3.6
"zebra salon",0,5,0.00,3.4
"zee beauty supply",0,3,0.00,7.0
"zee hair",0,1,0.00,9.0
"zee hair braiding & beauty supply",0,14,0.00,9.6
"zee hair braiding photos",0,1,0.00,7.0
"zeeb",0,2,0.00,1.0
"zeeba salon photos",0,3,0.00,3.7
"zeeba salon reviews",0,37,0.00,6.8
"zeeba salon suites",0,7,0.00,6.3
"zephyr barber shop",0,1,0.00,13.0
"zephyr barbershop",0,11,0.00,12.8
"zero 81 hair studio",0,1,0.00,33.0
"zero caos",0,1,0.00,3.0
"zetina barbershop",0,1,0.00,16.0
"zetinas",0,8,0.00,11.3
"zetinas barbershop",0,4,0.00,9.5
"zetinas barbershop reviews",0,16,0.00,7.5
"zfadez21",0,1,0.00,10.0
"zhanna morton barber houston",0,6,0.00,8.2
"ziba",0,1,0.00,1.0
"ziba beauty salon",0,3,0.00,20.0
"ziba salon and spa",0,1,0.00,40.0
"zibai",0,4,0.00,6.8
"zibazz hair salon",0,1,0.00,39.0
"zibá salón de peluquería y barbería",0,1,0.00,6.0
"zion barber",0,3,0.00,7.0
"zion barber shop",0,6,0.00,5.5
"zion beauty supply",0,1,0.00,3.0
"ziva hair",0,1,0.00,8.0
"ziva hair salon",0,1,0.00,8.0
"ziva salon",0,1,0.00,9.0
"zk beauty salon",0,2,0.00,10.0
"zms academy",0,2,0.00,12.5
"zms the academy",0,10,0.00,9.5
"zms the academy reviews",0,9,0.00,9.4
"zoe beauty salon",0,1,0.00,39.0
"zoe salon",0,1,0.00,57.0
"zooligans",0,5,0.00,16.6
"zooligans barber shop",0,2,0.00,28.0
"zorba hair salon",0,1,0.00,5.0
"zrj",0,1,0.00,77.0
"zulema's beauty salon",0,7,0.00,4.1
"zulma hair salon",0,2,0.00,37.5
"zuno nail supply",0,1,0.00,2.0
"élan beauté & supplies",0,2,0.00,1.0
"élan beauté & supplies fountain valley",0,7,0.00,7.6
"élan beauté & supplies fountain valley reviews",0,47,0.00,3.6
"حلاق عربي",0,11,0.00,9.8
"حلاق عربي قريب مني",0,2,0.00,1.0
"حلاق عربي هيوستن",0,5,0.00,12.0
"حلاقه عربيه",0,1,0.00,1.0
"صالون اليجانس",0,1,0.00,1.0
"صالون ياسمين",0,1,0.00,5.0
"เดอะเบสบาร์เบอร์ thebesxcutz",0,1,0.00,7.0
"明利",0,4,0.00,1.0
"漂亮人生",0,22,0.00,1.0
"가위 휴스턴",0,28,0.00,4.7
"로뎀헤어",0,1,0.00,9.0
"미용실",0,1,0.00,1.0
"유미뷰티스쿨",0,1,0.00,11.0
"일리헤어",0,2,0.00,1.0
"주노헤어",0,1,0.00,2.0
"지오헤어",0,7,0.00,7.0
"한국 미용실 near me",0,1,0.00,16.0
"휴스턴 한인 미용실",0,2,0.00,1.0
"👩‍🎓diamond beauty academy 🩷💎👩‍🎓 reviews",0,2,0.00,9.5